DATE_TIME,OPEN,LOW,HIGH,CLOSE
2012-09-28 04:00:00,1.293,1.29294,1.29363,1.29332
2012-09-28 05:00:00,1.29334,1.29253,1.29352,1.2929
2012-09-28 06:00:00,1.29292,1.29238,1.29407,1.29249
2012-09-28 07:00:00,1.29246,1.29214,1.29444,1.29312
2012-09-28 08:00:00,1.2931,1.29254,1.29468,1.2945
2012-09-28 09:00:00,1.29453,1.29359,1.29592,1.29405
2012-09-28 10:00:00,1.29402,1.29216,1.29479,1.29218
2012-09-28 11:00:00,1.29216,1.29156,1.29328,1.2931
2012-09-28 12:00:00,1.29312,1.291,1.29392,1.29283
2012-09-28 13:00:00,1.29281,1.28911,1.29369,1.28945
2012-09-28 14:00:00,1.28942,1.28468,1.29,1.28636
2012-09-28 15:00:00,1.28638,1.28382,1.28688,1.28553
2012-09-28 16:00:00,1.28555,1.28548,1.28903,1.28746
2012-09-28 17:00:00,1.28749,1.28521,1.28777,1.2862
2012-09-28 18:00:00,1.28617,1.28497,1.28661,1.28512
2012-09-28 19:00:00,1.28514,1.28417,1.28553,1.28516
2012-09-28 20:00:00,1.28514,1.28405,1.28563,1.28554
2012-09-30 21:00:00,1.28456,1.28416,1.28478,1.28475
2012-09-30 22:00:00,1.28484,1.28313,1.28493,1.28334
2012-09-30 23:00:00,1.28332,1.28034,1.28382,1.28068
2012-10-01 00:00:00,1.28071,1.28049,1.28209,1.28187
2012-10-01 01:00:00,1.28185,1.2811,1.28228,1.28144
2012-10-01 02:00:00,1.28142,1.28047,1.28189,1.28128
2012-10-01 03:00:00,1.28131,1.2809,1.28241,1.282
2012-10-01 04:00:00,1.28202,1.28159,1.28257,1.28215
2012-10-01 05:00:00,1.28213,1.28171,1.28301,1.28286
2012-10-01 06:00:00,1.28288,1.2825,1.28516,1.28436
2012-10-01 07:00:00,1.28433,1.28383,1.28769,1.28669
2012-10-01 08:00:00,1.28667,1.28637,1.28975,1.28935
2012-10-01 09:00:00,1.28933,1.28921,1.29103,1.2899
2012-10-01 10:00:00,1.28988,1.28914,1.29001,1.28978
2012-10-01 11:00:00,1.28975,1.28818,1.2899,1.28819
2012-10-01 12:00:00,1.28821,1.28756,1.29241,1.29232
2012-10-01 13:00:00,1.29234,1.28994,1.29263,1.29061
2012-10-01 14:00:00,1.29065,1.28952,1.29384,1.29054
2012-10-01 15:00:00,1.29056,1.28988,1.29218,1.28988
2012-10-01 16:00:00,1.28987,1.28831,1.29063,1.2896
2012-10-01 17:00:00,1.28958,1.28846,1.28997,1.2896
2012-10-01 18:00:00,1.28962,1.28814,1.28962,1.28856
2012-10-01 19:00:00,1.28853,1.28766,1.28957,1.28876
2012-10-01 20:00:00,1.28878,1.2885,1.28921,1.28875
2012-10-01 21:00:00,1.28873,1.28837,1.28882,1.28863
2012-10-01 22:00:00,1.2886,1.28833,1.28901,1.28898
2012-10-01 23:00:00,1.289,1.28842,1.2893,1.28876
2012-10-02 00:00:00,1.28878,1.28866,1.28958,1.28919
2012-10-02 01:00:00,1.28921,1.28898,1.29021,1.28997
2012-10-02 02:00:00,1.28995,1.28986,1.29048,1.29
2012-10-02 03:00:00,1.28998,1.28936,1.29018,1.28936
2012-10-02 04:00:00,1.28933,1.28825,1.29056,1.29007
2012-10-02 05:00:00,1.29005,1.28978,1.29172,1.29117
2012-10-02 06:00:00,1.29115,1.28897,1.29138,1.28897
2012-10-02 07:00:00,1.28894,1.28798,1.29087,1.28961
2012-10-02 08:00:00,1.28958,1.28931,1.29194,1.29105
2012-10-02 09:00:00,1.29107,1.29021,1.2923,1.29109
2012-10-02 10:00:00,1.29107,1.29076,1.29287,1.29169
2012-10-02 11:00:00,1.29171,1.29097,1.29294,1.29252
2012-10-02 12:00:00,1.29254,1.292,1.29329,1.29214
2012-10-02 13:00:00,1.29212,1.29184,1.29483,1.29353
2012-10-02 14:00:00,1.29351,1.29218,1.29389,1.29345
2012-10-02 15:00:00,1.29342,1.29298,1.29674,1.29495
2012-10-02 16:00:00,1.29493,1.29359,1.29521,1.29407
2012-10-02 17:00:00,1.29409,1.29269,1.29468,1.29286
2012-10-02 18:00:00,1.29288,1.29139,1.29317,1.29143
2012-10-02 19:00:00,1.29141,1.29132,1.29265,1.29179
2012-10-02 20:00:00,1.29176,1.29161,1.29228,1.29187
2012-10-02 21:00:00,1.29185,1.29134,1.29189,1.29163
2012-10-02 22:00:00,1.29165,1.29156,1.29185,1.29177
2012-10-02 23:00:00,1.29179,1.2905,1.29179,1.29107
2012-10-03 00:00:00,1.29109,1.29079,1.29143,1.29088
2012-10-03 01:00:00,1.2909,1.29005,1.29102,1.291
2012-10-03 02:00:00,1.29097,1.29039,1.2914,1.29063
2012-10-03 03:00:00,1.29061,1.2893,1.29061,1.29024
2012-10-03 04:00:00,1.29027,1.28925,1.29029,1.29015
2012-10-03 05:00:00,1.29013,1.28955,1.29039,1.28978
2012-10-03 06:00:00,1.28975,1.28844,1.28987,1.28926
2012-10-03 07:00:00,1.28928,1.2877,1.2913,1.29116
2012-10-03 08:00:00,1.29114,1.29104,1.29295,1.29161
2012-10-03 09:00:00,1.29158,1.29154,1.29366,1.29264
2012-10-03 10:00:00,1.29266,1.2902,1.293,1.2905
2012-10-03 11:00:00,1.29053,1.28982,1.29191,1.29034
2012-10-03 12:00:00,1.29036,1.28871,1.29159,1.28977
2012-10-03 13:00:00,1.2898,1.28912,1.29074,1.2898
2012-10-03 14:00:00,1.28982,1.28877,1.29238,1.29014
2012-10-03 15:00:00,1.29012,1.28998,1.29173,1.29082
2012-10-03 16:00:00,1.29081,1.29021,1.29114,1.29074
2012-10-03 17:00:00,1.29071,1.28986,1.2909,1.29029
2012-10-03 18:00:00,1.29032,1.28961,1.29089,1.28973
2012-10-03 19:00:00,1.28971,1.28964,1.29048,1.29024
2012-10-03 20:00:00,1.29021,1.28971,1.2905,1.29044
2012-10-03 21:00:00,1.29046,1.29009,1.29094,1.29089
2012-10-03 22:00:00,1.29087,1.29075,1.29199,1.29192
2012-10-03 23:00:00,1.2919,1.29163,1.29238,1.29226
2012-10-04 00:00:00,1.29224,1.29127,1.29226,1.29138
2012-10-04 01:00:00,1.29141,1.29098,1.29217,1.29112
2012-10-04 02:00:00,1.29114,1.29111,1.29277,1.29261
2012-10-04 03:00:00,1.29263,1.29212,1.293,1.29252
2012-10-04 04:00:00,1.2925,1.29199,1.29311,1.29311
2012-10-04 05:00:00,1.29309,1.29219,1.2932,1.29219
2012-10-04 06:00:00,1.29221,1.29189,1.29487,1.29463
2012-10-04 07:00:00,1.2946,1.29372,1.29541,1.29466
2012-10-04 08:00:00,1.29464,1.29252,1.29573,1.29325
2012-10-04 09:00:00,1.29327,1.2931,1.29457,1.2944
2012-10-04 10:00:00,1.29437,1.29421,1.29542,1.29497
2012-10-04 11:00:00,1.29495,1.29371,1.29665,1.29501
2012-10-04 12:00:00,1.29503,1.29459,1.29915,1.29813
2012-10-04 13:00:00,1.2981,1.29703,1.29951,1.29741
2012-10-04 14:00:00,1.29739,1.29719,1.30061,1.30046
2012-10-04 15:00:00,1.30044,1.29888,1.30116,1.30003
2012-10-04 16:00:00,1.3,1.29978,1.30202,1.30172
2012-10-04 17:00:00,1.30174,1.30164,1.30309,1.3025
2012-10-04 18:00:00,1.30254,1.3007,1.30263,1.30183
2012-10-04 19:00:00,1.3018,1.30096,1.30195,1.30185
2012-10-04 20:00:00,1.30182,1.30142,1.30216,1.30172
2012-10-04 21:00:00,1.3017,1.30159,1.3021,1.30164
2012-10-04 22:00:00,1.30161,1.30137,1.30209,1.30204
2012-10-04 23:00:00,1.30202,1.30122,1.30209,1.30122
2012-10-05 00:00:00,1.30124,1.30117,1.30188,1.30155
2012-10-05 01:00:00,1.30157,1.30148,1.30202,1.30185
2012-10-05 02:00:00,1.30183,1.30118,1.30219,1.30158
2012-10-05 03:00:00,1.30156,1.30099,1.30207,1.30127
2012-10-05 04:00:00,1.30129,1.30123,1.30181,1.30152
2012-10-05 05:00:00,1.30154,1.30059,1.30171,1.30064
2012-10-05 06:00:00,1.30061,1.30014,1.3015,1.3002
2012-10-05 07:00:00,1.30023,1.29935,1.30094,1.30047
2012-10-05 08:00:00,1.30045,1.29964,1.30129,1.30009
2012-10-05 09:00:00,1.30006,1.29998,1.3015,1.30061
2012-10-05 10:00:00,1.30059,1.30057,1.30132,1.30085
2012-10-05 11:00:00,1.30087,1.3003,1.30155,1.30062
2012-10-05 12:00:00,1.30065,1.29967,1.30306,1.30202
2012-10-05 13:00:00,1.30205,1.30198,1.30629,1.30561
2012-10-05 14:00:00,1.30564,1.30488,1.30709,1.30593
2012-10-05 15:00:00,1.30591,1.3045,1.30595,1.30575
2012-10-05 16:00:00,1.30577,1.30454,1.30577,1.30514
2012-10-05 17:00:00,1.30517,1.30257,1.30563,1.30305
2012-10-05 18:00:00,1.30303,1.30276,1.30364,1.30317
2012-10-05 19:00:00,1.30315,1.30138,1.30315,1.30276
2012-10-05 20:00:00,1.30257,1.30213,1.30364,1.30364
2012-10-07 21:00:00,1.30242,1.30192,1.30245,1.30219
2012-10-07 22:00:00,1.30222,1.30118,1.30251,1.30188
2012-10-07 23:00:00,1.30185,1.3011,1.30185,1.30148
2012-10-08 00:00:00,1.30146,1.30055,1.30146,1.30116
2012-10-08 01:00:00,1.30114,1.30057,1.30158,1.30117
2012-10-08 02:00:00,1.30114,1.29934,1.30121,1.29973
2012-10-08 03:00:00,1.29976,1.29833,1.29983,1.29898
2012-10-08 04:00:00,1.29901,1.29837,1.29933,1.29873
2012-10-08 05:00:00,1.29875,1.29782,1.29918,1.29825
2012-10-08 06:00:00,1.29827,1.2973,1.29923,1.29882
2012-10-08 07:00:00,1.2988,1.29624,1.2988,1.29741
2012-10-08 08:00:00,1.29739,1.29564,1.2976,1.29724
2012-10-08 09:00:00,1.29726,1.29609,1.2974,1.29616
2012-10-08 10:00:00,1.29618,1.29371,1.29668,1.29493
2012-10-08 11:00:00,1.29495,1.29449,1.29642,1.29608
2012-10-08 12:00:00,1.29605,1.29569,1.29692,1.29676
2012-10-08 13:00:00,1.29673,1.29653,1.29777,1.29732
2012-10-08 14:00:00,1.29734,1.29586,1.29777,1.29643
2012-10-08 15:00:00,1.29646,1.29642,1.29761,1.29754
2012-10-08 16:00:00,1.29751,1.29689,1.29759,1.29741
2012-10-08 17:00:00,1.29739,1.29661,1.29748,1.29711
2012-10-08 18:00:00,1.29713,1.29649,1.29733,1.29649
2012-10-08 19:00:00,1.29651,1.29649,1.29743,1.297
2012-10-08 20:00:00,1.29703,1.29658,1.29717,1.2967
2012-10-08 21:00:00,1.29673,1.29641,1.29689,1.29665
2012-10-08 22:00:00,1.29667,1.29653,1.29687,1.29667
2012-10-08 23:00:00,1.29665,1.29649,1.29751,1.29746
2012-10-09 00:00:00,1.29748,1.29732,1.2986,1.29816
2012-10-09 01:00:00,1.29814,1.29752,1.29846,1.29769
2012-10-09 02:00:00,1.29772,1.29754,1.29843,1.29795
2012-10-09 03:00:00,1.29793,1.29759,1.29858,1.29858
2012-10-09 04:00:00,1.29861,1.29813,1.2987,1.29818
2012-10-09 05:00:00,1.2982,1.29795,1.29902,1.29868
2012-10-09 06:00:00,1.29866,1.29727,1.29902,1.29748
2012-10-09 07:00:00,1.29751,1.29061,1.29794,1.29242
2012-10-09 08:00:00,1.29244,1.29197,1.29343,1.29254
2012-10-09 09:00:00,1.29257,1.29246,1.29443,1.29353
2012-10-09 10:00:00,1.29351,1.2919,1.29404,1.2925
2012-10-09 11:00:00,1.29248,1.29248,1.29563,1.29505
2012-10-09 12:00:00,1.29508,1.29332,1.29606,1.29334
2012-10-09 13:00:00,1.29332,1.29014,1.29369,1.29197
2012-10-09 14:00:00,1.29195,1.28899,1.29264,1.28949
2012-10-09 15:00:00,1.28951,1.28615,1.28969,1.28737
2012-10-09 16:00:00,1.28739,1.28736,1.2884,1.28736
2012-10-09 17:00:00,1.28738,1.28582,1.28738,1.28636
2012-10-09 18:00:00,1.28638,1.28619,1.2884,1.28831
2012-10-09 19:00:00,1.28829,1.28676,1.28831,1.28686
2012-10-09 20:00:00,1.28688,1.28688,1.2884,1.28839
2012-10-09 21:00:00,1.28836,1.28761,1.28844,1.28833
2012-10-09 22:00:00,1.28836,1.28709,1.28836,1.28736
2012-10-09 23:00:00,1.28738,1.28491,1.28741,1.28587
2012-10-10 00:00:00,1.28585,1.28524,1.28668,1.28646
2012-10-10 01:00:00,1.28648,1.28627,1.28756,1.28682
2012-10-10 02:00:00,1.2868,1.28349,1.28687,1.28433
2012-10-10 03:00:00,1.28431,1.28431,1.28621,1.28564
2012-10-10 04:00:00,1.28566,1.28546,1.28617,1.28593
2012-10-10 05:00:00,1.2859,1.28478,1.28636,1.28589
2012-10-10 06:00:00,1.28592,1.28453,1.28699,1.28659
2012-10-10 07:00:00,1.28661,1.28603,1.28786,1.28685
2012-10-10 08:00:00,1.28688,1.28599,1.28763,1.287
2012-10-10 09:00:00,1.28698,1.28513,1.28698,1.28546
2012-10-10 10:00:00,1.28548,1.28527,1.28699,1.28635
2012-10-10 11:00:00,1.28637,1.28571,1.28881,1.2885
2012-10-10 12:00:00,1.28852,1.28782,1.28979,1.28868
2012-10-10 13:00:00,1.28871,1.28715,1.28886,1.28818
2012-10-10 14:00:00,1.28816,1.28788,1.2913,1.29009
2012-10-10 15:00:00,1.29007,1.28807,1.29049,1.28867
2012-10-10 16:00:00,1.28866,1.28863,1.29007,1.2889
2012-10-10 17:00:00,1.28887,1.28831,1.28957,1.28955
2012-10-10 18:00:00,1.28958,1.28925,1.29111,1.28965
2012-10-10 19:00:00,1.28962,1.28922,1.29036,1.28993
2012-10-10 20:00:00,1.28991,1.2871,1.29016,1.28732
2012-10-10 21:00:00,1.28729,1.28458,1.28772,1.2851
2012-10-10 22:00:00,1.28515,1.28405,1.28577,1.2853
2012-10-10 23:00:00,1.28532,1.28485,1.28587,1.28587
2012-10-11 00:00:00,1.28585,1.2837,1.28602,1.28412
2012-10-11 01:00:00,1.28415,1.28248,1.2844,1.28361
2012-10-11 02:00:00,1.28363,1.28334,1.28567,1.2856
2012-10-11 03:00:00,1.28558,1.28537,1.28738,1.28656
2012-10-11 04:00:00,1.28654,1.2863,1.287,1.28632
2012-10-11 05:00:00,1.28634,1.28571,1.28767,1.28575
2012-10-11 06:00:00,1.28573,1.28461,1.28675,1.28512
2012-10-11 07:00:00,1.28514,1.28438,1.28756,1.28655
2012-10-11 08:00:00,1.28653,1.28638,1.28916,1.28816
2012-10-11 09:00:00,1.28813,1.28778,1.28923,1.28841
2012-10-11 10:00:00,1.28844,1.28809,1.29192,1.29129
2012-10-11 11:00:00,1.29131,1.29087,1.2935,1.29236
2012-10-11 12:00:00,1.29238,1.29164,1.29336,1.29259
2012-10-11 13:00:00,1.29261,1.29207,1.29442,1.2939
2012-10-11 14:00:00,1.29392,1.29351,1.29514,1.2943
2012-10-11 15:00:00,1.29433,1.29257,1.29437,1.29333
2012-10-11 16:00:00,1.29332,1.29298,1.29409,1.29397
2012-10-11 17:00:00,1.294,1.29301,1.29409,1.29309
2012-10-11 18:00:00,1.29306,1.29288,1.29346,1.2929
2012-10-11 19:00:00,1.29292,1.29249,1.29321,1.29273
2012-10-11 20:00:00,1.29276,1.29216,1.29294,1.29267
2012-10-11 21:00:00,1.29265,1.29248,1.29314,1.29298
2012-10-11 22:00:00,1.29295,1.29256,1.29295,1.2929
2012-10-11 23:00:00,1.29287,1.29261,1.29327,1.2931
2012-10-12 00:00:00,1.29312,1.29308,1.29428,1.29341
2012-10-12 01:00:00,1.29339,1.2932,1.29458,1.29387
2012-10-12 02:00:00,1.29389,1.29307,1.29446,1.29308
2012-10-12 03:00:00,1.2931,1.2922,1.29332,1.29273
2012-10-12 04:00:00,1.29271,1.29237,1.29312,1.2928
2012-10-12 05:00:00,1.29278,1.29269,1.29363,1.29308
2012-10-12 06:00:00,1.29305,1.2928,1.29468,1.29421
2012-10-12 07:00:00,1.29419,1.29319,1.29852,1.29848
2012-10-12 08:00:00,1.29846,1.29637,1.29846,1.29679
2012-10-12 09:00:00,1.29677,1.29582,1.29738,1.29698
2012-10-12 10:00:00,1.297,1.2963,1.29803,1.29689
2012-10-12 11:00:00,1.29687,1.29605,1.29803,1.29733
2012-10-12 12:00:00,1.29731,1.29662,1.29915,1.29876
2012-10-12 13:00:00,1.29878,1.29693,1.29896,1.298
2012-10-12 14:00:00,1.29802,1.29579,1.29845,1.29671
2012-10-12 15:00:00,1.29668,1.29381,1.29671,1.29447
2012-10-12 16:00:00,1.29449,1.29409,1.29506,1.29496
2012-10-12 17:00:00,1.29494,1.29477,1.29542,1.29524
2012-10-12 18:00:00,1.29522,1.295,1.2961,1.29563
2012-10-12 19:00:00,1.29561,1.29518,1.29614,1.29549
2012-10-12 20:00:00,1.29551,1.29492,1.29583,1.29504
2012-10-14 21:00:00,1.29511,1.29501,1.29593,1.29541
2012-10-14 22:00:00,1.29544,1.29431,1.29555,1.29485
2012-10-14 23:00:00,1.29483,1.29303,1.29492,1.29337
2012-10-15 00:00:00,1.29334,1.28965,1.29334,1.29
2012-10-15 01:00:00,1.28998,1.28907,1.29143,1.29127
2012-10-15 02:00:00,1.29125,1.28945,1.29127,1.29078
2012-10-15 03:00:00,1.29076,1.28957,1.29114,1.29036
2012-10-15 04:00:00,1.29034,1.29002,1.29138,1.29048
2012-10-15 05:00:00,1.29045,1.29043,1.29154,1.29154
2012-10-15 06:00:00,1.29152,1.28959,1.29202,1.29196
2012-10-15 07:00:00,1.29199,1.29171,1.29553,1.29474
2012-10-15 08:00:00,1.29476,1.29425,1.29693,1.29619
2012-10-15 09:00:00,1.29621,1.29543,1.29677,1.29588
2012-10-15 10:00:00,1.2959,1.29548,1.29648,1.29618
2012-10-15 11:00:00,1.29616,1.29616,1.29784,1.29678
2012-10-15 12:00:00,1.2968,1.29477,1.29715,1.29531
2012-10-15 13:00:00,1.29533,1.29408,1.29627,1.2945
2012-10-15 14:00:00,1.29452,1.29291,1.29481,1.2935
2012-10-15 15:00:00,1.29352,1.29347,1.29579,1.29487
2012-10-15 16:00:00,1.29484,1.29354,1.2952,1.29354
2012-10-15 17:00:00,1.29357,1.29341,1.29468,1.29452
2012-10-15 18:00:00,1.29454,1.29361,1.29477,1.29419
2012-10-15 19:00:00,1.29416,1.29376,1.29558,1.29531
2012-10-15 20:00:00,1.29533,1.29478,1.29558,1.2948
2012-10-15 21:00:00,1.29478,1.29443,1.29496,1.29468
2012-10-15 22:00:00,1.2947,1.29422,1.29513,1.29513
2012-10-15 23:00:00,1.29515,1.29515,1.2975,1.29671
2012-10-16 00:00:00,1.29669,1.2961,1.29723,1.29617
2012-10-16 01:00:00,1.29619,1.29529,1.29649,1.29577
2012-10-16 02:00:00,1.2958,1.29558,1.29628,1.29617
2012-10-16 03:00:00,1.29619,1.2961,1.29692,1.29615
2012-10-16 04:00:00,1.29612,1.29578,1.2968,1.29604
2012-10-16 05:00:00,1.29606,1.29606,1.29775,1.29709
2012-10-16 06:00:00,1.29706,1.29688,1.29949,1.29891
2012-10-16 07:00:00,1.29894,1.29882,1.30123,1.30008
2012-10-16 08:00:00,1.30005,1.29968,1.30067,1.30016
2012-10-16 09:00:00,1.30012,1.29837,1.30112,1.30069
2012-10-16 10:00:00,1.30071,1.30004,1.30184,1.30161
2012-10-16 11:00:00,1.30159,1.30078,1.30512,1.30505
2012-10-16 12:00:00,1.30507,1.30436,1.306,1.30491
2012-10-16 13:00:00,1.30488,1.30399,1.30603,1.30592
2012-10-16 14:00:00,1.30594,1.30149,1.306,1.30216
2012-10-16 15:00:00,1.30214,1.30196,1.30414,1.30341
2012-10-16 16:00:00,1.30338,1.30305,1.30497,1.30449
2012-10-16 17:00:00,1.30451,1.30417,1.30512,1.30471
2012-10-16 18:00:00,1.30469,1.30408,1.3048,1.30429
2012-10-16 19:00:00,1.30426,1.30417,1.30531,1.30498
2012-10-16 20:00:00,1.305,1.30496,1.30568,1.30527
2012-10-16 21:00:00,1.30529,1.30522,1.30983,1.30975
2012-10-16 22:00:00,1.30971,1.30829,1.30988,1.30971
2012-10-16 23:00:00,1.30969,1.30917,1.31237,1.31052
2012-10-17 00:00:00,1.31054,1.3092,1.31054,1.30941
2012-10-17 01:00:00,1.30944,1.30944,1.31083,1.30963
2012-10-17 02:00:00,1.30965,1.309,1.31038,1.30902
2012-10-17 03:00:00,1.30904,1.309,1.30999,1.30929
2012-10-17 04:00:00,1.30927,1.30856,1.30931,1.30884
2012-10-17 05:00:00,1.30887,1.30865,1.31004,1.30893
2012-10-17 06:00:00,1.3089,1.30849,1.31129,1.31067
2012-10-17 07:00:00,1.31069,1.30931,1.31184,1.30983
2012-10-17 08:00:00,1.30981,1.30952,1.31164,1.3097
2012-10-17 09:00:00,1.30973,1.30936,1.31177,1.3112
2012-10-17 10:00:00,1.31117,1.31075,1.31289,1.31155
2012-10-17 11:00:00,1.31157,1.31141,1.31302,1.31172
2012-10-17 12:00:00,1.31175,1.31175,1.31362,1.31278
2012-10-17 13:00:00,1.3128,1.31032,1.31287,1.31259
2012-10-17 14:00:00,1.31257,1.31176,1.31346,1.31206
2012-10-17 15:00:00,1.31204,1.31133,1.31389,1.31319
2012-10-17 16:00:00,1.31318,1.31174,1.31348,1.31181
2012-10-17 17:00:00,1.31183,1.31179,1.31292,1.31219
2012-10-17 18:00:00,1.31221,1.31201,1.31268,1.31251
2012-10-17 19:00:00,1.31253,1.31208,1.313,1.31217
2012-10-17 20:00:00,1.31215,1.3117,1.31246,1.3118
2012-10-17 21:00:00,1.31183,1.31138,1.31207,1.31152
2012-10-17 22:00:00,1.31155,1.31083,1.3117,1.31122
2012-10-17 23:00:00,1.31124,1.31079,1.31124,1.31117
2012-10-18 00:00:00,1.31115,1.31013,1.31156,1.31047
2012-10-18 01:00:00,1.31049,1.31002,1.31108,1.3106
2012-10-18 02:00:00,1.31063,1.31037,1.31151,1.31102
2012-10-18 03:00:00,1.31104,1.30882,1.31104,1.30883
2012-10-18 04:00:00,1.30885,1.30876,1.3098,1.30973
2012-10-18 05:00:00,1.30971,1.30892,1.31136,1.31063
2012-10-18 06:00:00,1.31066,1.31034,1.31191,1.31059
2012-10-18 07:00:00,1.31061,1.30822,1.31101,1.30904
2012-10-18 08:00:00,1.30906,1.30849,1.31104,1.31018
2012-10-18 09:00:00,1.3102,1.31003,1.31281,1.3109
2012-10-18 10:00:00,1.31088,1.3105,1.31158,1.31089
2012-10-18 11:00:00,1.31087,1.3093,1.31098,1.31055
2012-10-18 12:00:00,1.31057,1.30952,1.31171,1.30987
2012-10-18 13:00:00,1.30985,1.30909,1.31075,1.31037
2012-10-18 14:00:00,1.31035,1.30788,1.31116,1.30908
2012-10-18 15:00:00,1.3091,1.30903,1.31118,1.3108
2012-10-18 16:00:00,1.31079,1.31008,1.31156,1.3102
2012-10-18 17:00:00,1.31018,1.30817,1.31048,1.30844
2012-10-18 18:00:00,1.30842,1.30551,1.30919,1.30648
2012-10-18 19:00:00,1.30651,1.30564,1.30727,1.30719
2012-10-18 20:00:00,1.30722,1.3064,1.30729,1.30657
2012-10-18 21:00:00,1.30659,1.30639,1.30698,1.30683
2012-10-18 22:00:00,1.30681,1.30679,1.30765,1.30738
2012-10-18 23:00:00,1.30736,1.30646,1.30764,1.3068
2012-10-19 00:00:00,1.30677,1.3063,1.30709,1.30659
2012-10-19 01:00:00,1.30656,1.30579,1.30727,1.307
2012-10-19 02:00:00,1.30702,1.3069,1.30765,1.3069
2012-10-19 03:00:00,1.30688,1.30613,1.30706,1.30692
2012-10-19 04:00:00,1.30689,1.30674,1.30742,1.30679
2012-10-19 05:00:00,1.30681,1.30673,1.3076,1.30758
2012-10-19 06:00:00,1.30756,1.30455,1.30757,1.3054
2012-10-19 07:00:00,1.30542,1.30542,1.30742,1.30697
2012-10-19 08:00:00,1.30694,1.3048,1.30694,1.30514
2012-10-19 09:00:00,1.30512,1.30398,1.30596,1.30429
2012-10-19 10:00:00,1.30426,1.30376,1.30548,1.30508
2012-10-19 11:00:00,1.30511,1.30363,1.30517,1.30426
2012-10-19 12:00:00,1.30424,1.30338,1.3059,1.30574
2012-10-19 13:00:00,1.30576,1.30409,1.30651,1.3044
2012-10-19 14:00:00,1.30437,1.302,1.30462,1.30303
2012-10-19 15:00:00,1.30305,1.30128,1.30314,1.30214
2012-10-19 16:00:00,1.30216,1.30183,1.30331,1.30246
2012-10-19 17:00:00,1.30243,1.30178,1.30307,1.30205
2012-10-19 18:00:00,1.30202,1.30166,1.3029,1.30222
2012-10-19 19:00:00,1.30225,1.30189,1.30266,1.30202
2012-10-19 20:00:00,1.302,1.30147,1.30266,1.30219
2012-10-21 21:00:00,1.30205,1.30181,1.30265,1.30234
2012-10-21 22:00:00,1.30235,1.30153,1.3029,1.30273
2012-10-21 23:00:00,1.30271,1.30154,1.30276,1.30212
2012-10-22 00:00:00,1.30214,1.30198,1.30377,1.30365
2012-10-22 01:00:00,1.30368,1.30349,1.30442,1.30374
2012-10-22 02:00:00,1.30371,1.30371,1.3048,1.3045
2012-10-22 03:00:00,1.30448,1.30363,1.30497,1.3037
2012-10-22 04:00:00,1.30368,1.30361,1.30483,1.30469
2012-10-22 05:00:00,1.30471,1.30447,1.30657,1.30565
2012-10-22 06:00:00,1.30562,1.30504,1.30625,1.30568
2012-10-22 07:00:00,1.30571,1.30337,1.3058,1.30418
2012-10-22 08:00:00,1.30416,1.30239,1.30461,1.30444
2012-10-22 09:00:00,1.30442,1.30413,1.30612,1.30556
2012-10-22 10:00:00,1.30559,1.30522,1.30762,1.30707
2012-10-22 11:00:00,1.30704,1.30622,1.30745,1.30661
2012-10-22 12:00:00,1.30663,1.30537,1.30694,1.30566
2012-10-22 13:00:00,1.30568,1.30457,1.30574,1.3056
2012-10-22 14:00:00,1.30562,1.30548,1.30829,1.30696
2012-10-22 15:00:00,1.30694,1.30562,1.30731,1.30622
2012-10-22 16:00:00,1.30621,1.30555,1.30673,1.30586
2012-10-22 17:00:00,1.30588,1.30413,1.30614,1.30451
2012-10-22 18:00:00,1.30453,1.30442,1.30541,1.30453
2012-10-22 19:00:00,1.30451,1.30419,1.30586,1.30564
2012-10-22 20:00:00,1.30561,1.30486,1.30629,1.30589
2012-10-22 21:00:00,1.30586,1.30573,1.30677,1.30654
2012-10-22 22:00:00,1.30652,1.30632,1.30675,1.30656
2012-10-22 23:00:00,1.30659,1.30647,1.30751,1.307
2012-10-23 00:00:00,1.30697,1.30602,1.30697,1.30634
2012-10-23 01:00:00,1.30636,1.30537,1.30685,1.30557
2012-10-23 02:00:00,1.30559,1.30501,1.30607,1.30548
2012-10-23 03:00:00,1.30546,1.3051,1.30586,1.30529
2012-10-23 04:00:00,1.30526,1.30507,1.3059,1.30563
2012-10-23 05:00:00,1.30566,1.30496,1.3058,1.30511
2012-10-23 06:00:00,1.30509,1.30347,1.30509,1.30365
2012-10-23 07:00:00,1.30363,1.30203,1.3038,1.30271
2012-10-23 08:00:00,1.30268,1.30221,1.30352,1.30301
2012-10-23 09:00:00,1.30299,1.30254,1.30408,1.3031
2012-10-23 10:00:00,1.30312,1.29981,1.30352,1.3006
2012-10-23 11:00:00,1.30057,1.29993,1.30136,1.3006
2012-10-23 12:00:00,1.30062,1.29623,1.30082,1.29656
2012-10-23 13:00:00,1.29654,1.29556,1.29729,1.29684
2012-10-23 14:00:00,1.29686,1.29529,1.29741,1.29631
2012-10-23 15:00:00,1.29633,1.29517,1.29702,1.297
2012-10-23 16:00:00,1.29702,1.29669,1.29818,1.2975
2012-10-23 17:00:00,1.29748,1.29676,1.29794,1.29717
2012-10-23 18:00:00,1.29719,1.29649,1.29763,1.29731
2012-10-23 19:00:00,1.29728,1.29714,1.29824,1.29798
2012-10-23 20:00:00,1.29795,1.29768,1.29863,1.29857
2012-10-23 21:00:00,1.29854,1.29818,1.29855,1.29841
2012-10-23 22:00:00,1.29843,1.29803,1.29861,1.29818
2012-10-23 23:00:00,1.29815,1.29722,1.29836,1.29729
2012-10-24 00:00:00,1.29732,1.29732,1.29821,1.29807
2012-10-24 01:00:00,1.29805,1.29778,1.29909,1.29875
2012-10-24 02:00:00,1.29877,1.298,1.29919,1.29807
2012-10-24 03:00:00,1.29809,1.29798,1.29875,1.29875
2012-10-24 04:00:00,1.29877,1.29827,1.2991,1.29861
2012-10-24 05:00:00,1.29859,1.29768,1.2987,1.29789
2012-10-24 06:00:00,1.29792,1.29739,1.29961,1.29918
2012-10-24 07:00:00,1.29915,1.29567,1.29962,1.29605
2012-10-24 08:00:00,1.29602,1.29216,1.29602,1.2932
2012-10-24 09:00:00,1.29322,1.29253,1.29402,1.29348
2012-10-24 10:00:00,1.29346,1.29197,1.29489,1.29354
2012-10-24 11:00:00,1.29352,1.2929,1.29475,1.29444
2012-10-24 12:00:00,1.29442,1.29386,1.29601,1.29542
2012-10-24 13:00:00,1.2954,1.29536,1.29824,1.29684
2012-10-24 14:00:00,1.29689,1.29547,1.29777,1.29672
2012-10-24 15:00:00,1.29674,1.29435,1.29694,1.29449
2012-10-24 16:00:00,1.29448,1.29402,1.29552,1.29534
2012-10-24 17:00:00,1.29536,1.29466,1.29605,1.29569
2012-10-24 18:00:00,1.29571,1.29433,1.29777,1.29727
2012-10-24 19:00:00,1.29725,1.29542,1.29755,1.29602
2012-10-24 20:00:00,1.29599,1.2959,1.29755,1.29729
2012-10-24 21:00:00,1.29727,1.29664,1.29737,1.29702
2012-10-24 22:00:00,1.297,1.29613,1.29705,1.29644
2012-10-24 23:00:00,1.29646,1.29617,1.29728,1.2964
2012-10-25 00:00:00,1.29643,1.29635,1.29762,1.29714
2012-10-25 01:00:00,1.29717,1.297,1.29803,1.29742
2012-10-25 02:00:00,1.2974,1.29733,1.29873,1.29817
2012-10-25 03:00:00,1.29815,1.29701,1.29829,1.29703
2012-10-25 04:00:00,1.29705,1.29667,1.2984,1.29777
2012-10-25 05:00:00,1.29779,1.29772,1.30008,1.30004
2012-10-25 06:00:00,1.30002,1.29936,1.30138,1.29978
2012-10-25 07:00:00,1.29975,1.29883,1.30134,1.30112
2012-10-25 08:00:00,1.30114,1.30037,1.3023,1.30066
2012-10-25 09:00:00,1.30064,1.29984,1.30203,1.30112
2012-10-25 10:00:00,1.30114,1.29938,1.30138,1.29952
2012-10-25 11:00:00,1.29955,1.29858,1.30045,1.2992
2012-10-25 12:00:00,1.29922,1.29714,1.29948,1.29831
2012-10-25 13:00:00,1.29829,1.29653,1.29899,1.29718
2012-10-25 14:00:00,1.29715,1.29518,1.29784,1.2959
2012-10-25 15:00:00,1.29588,1.29428,1.29607,1.29568
2012-10-25 16:00:00,1.29567,1.2952,1.29633,1.29629
2012-10-25 17:00:00,1.29626,1.29452,1.29626,1.29519
2012-10-25 18:00:00,1.29522,1.29445,1.29531,1.29484
2012-10-25 19:00:00,1.29487,1.29409,1.29497,1.29446
2012-10-25 20:00:00,1.29444,1.29269,1.29477,1.2933
2012-10-25 21:00:00,1.29332,1.29302,1.29445,1.29419
2012-10-25 22:00:00,1.29416,1.29346,1.2944,1.29385
2012-10-25 23:00:00,1.29383,1.29314,1.29414,1.29384
2012-10-26 00:00:00,1.29381,1.29319,1.29458,1.29447
2012-10-26 01:00:00,1.29445,1.2942,1.29541,1.29538
2012-10-26 02:00:00,1.2954,1.29471,1.29556,1.29497
2012-10-26 03:00:00,1.29495,1.29327,1.29511,1.29378
2012-10-26 04:00:00,1.2938,1.29327,1.29439,1.29344
2012-10-26 05:00:00,1.29341,1.29287,1.29422,1.29331
2012-10-26 06:00:00,1.29333,1.29154,1.29351,1.29283
2012-10-26 07:00:00,1.29281,1.29196,1.29386,1.29284
2012-10-26 08:00:00,1.29281,1.29229,1.29437,1.29354
2012-10-26 09:00:00,1.29356,1.29295,1.29505,1.29295
2012-10-26 10:00:00,1.29297,1.28821,1.29321,1.28932
2012-10-26 11:00:00,1.28934,1.28897,1.29003,1.28946
2012-10-26 12:00:00,1.28944,1.28898,1.29211,1.29091
2012-10-26 13:00:00,1.29089,1.29053,1.29342,1.29233
2012-10-26 14:00:00,1.29235,1.29144,1.29551,1.29319
2012-10-26 15:00:00,1.29317,1.29288,1.29409,1.29364
2012-10-26 16:00:00,1.29361,1.29222,1.29363,1.29295
2012-10-26 17:00:00,1.29292,1.29249,1.2936,1.29312
2012-10-26 18:00:00,1.29314,1.29278,1.29367,1.2931
2012-10-26 19:00:00,1.29312,1.29307,1.29402,1.29346
2012-10-26 20:00:00,1.29348,1.29303,1.29427,1.29346
2012-10-28 21:00:00,1.29403,1.29397,1.29452,1.29419
2012-10-28 22:00:00,1.29423,1.29237,1.2943,1.29247
2012-10-28 23:00:00,1.29244,1.29183,1.29299,1.29213
2012-10-29 00:00:00,1.29215,1.29142,1.29283,1.29185
2012-10-29 01:00:00,1.29188,1.29179,1.29292,1.29289
2012-10-29 02:00:00,1.29292,1.29266,1.29357,1.29342
2012-10-29 03:00:00,1.2934,1.29255,1.29342,1.29318
2012-10-29 04:00:00,1.29316,1.29262,1.29324,1.29285
2012-10-29 05:00:00,1.29283,1.29235,1.29342,1.29263
2012-10-29 06:00:00,1.29261,1.29145,1.29284,1.29247
2012-10-29 07:00:00,1.29249,1.29024,1.29249,1.29041
2012-10-29 08:00:00,1.29038,1.28858,1.2905,1.28969
2012-10-29 09:00:00,1.28972,1.28961,1.29152,1.2906
2012-10-29 10:00:00,1.29057,1.29006,1.29129,1.29098
2012-10-29 11:00:00,1.29101,1.28917,1.29101,1.28949
2012-10-29 12:00:00,1.28952,1.28884,1.29087,1.28967
2012-10-29 13:00:00,1.28969,1.28933,1.29057,1.29021
2012-10-29 14:00:00,1.29019,1.28952,1.29125,1.29042
2012-10-29 15:00:00,1.2904,1.29037,1.2923,1.29047
2012-10-29 16:00:00,1.29049,1.28846,1.29051,1.28949
2012-10-29 17:00:00,1.28946,1.28912,1.28999,1.28989
2012-10-29 18:00:00,1.28992,1.28983,1.29063,1.29025
2012-10-29 19:00:00,1.29027,1.28961,1.29055,1.29012
2012-10-29 20:00:00,1.29009,1.28996,1.29041,1.2903
2012-10-29 21:00:00,1.29032,1.29005,1.29038,1.29025
2012-10-29 22:00:00,1.29027,1.29007,1.29041,1.29036
2012-10-29 23:00:00,1.29034,1.29007,1.29077,1.29064
2012-10-30 00:00:00,1.29062,1.29049,1.29163,1.29131
2012-10-30 01:00:00,1.29128,1.29086,1.29183,1.29105
2012-10-30 02:00:00,1.29103,1.29083,1.29156,1.29132
2012-10-30 03:00:00,1.2913,1.29038,1.29145,1.29078
2012-10-30 04:00:00,1.2908,1.28989,1.29108,1.29037
2012-10-30 05:00:00,1.29034,1.28869,1.2916,1.28917
2012-10-30 06:00:00,1.28915,1.28853,1.2926,1.29189
2012-10-30 07:00:00,1.29187,1.29185,1.29405,1.29327
2012-10-30 08:00:00,1.29329,1.29314,1.29489,1.29353
2012-10-30 09:00:00,1.29356,1.29307,1.29397,1.29386
2012-10-30 10:00:00,1.29388,1.2937,1.29594,1.29524
2012-10-30 11:00:00,1.29526,1.29434,1.29579,1.29441
2012-10-30 12:00:00,1.29439,1.29428,1.29628,1.29628
2012-10-30 13:00:00,1.29631,1.29547,1.29739,1.29704
2012-10-30 14:00:00,1.29706,1.29571,1.29711,1.29609
2012-10-30 15:00:00,1.29606,1.29604,1.2983,1.2978
2012-10-30 16:00:00,1.29778,1.29683,1.29787,1.29697
2012-10-30 17:00:00,1.29699,1.29603,1.29733,1.29644
2012-10-30 18:00:00,1.29642,1.29592,1.29653,1.29617
2012-10-30 19:00:00,1.29619,1.29583,1.29638,1.2959
2012-10-30 20:00:00,1.29588,1.29551,1.29619,1.29585
2012-10-30 21:00:00,1.29587,1.29555,1.29633,1.29621
2012-10-30 22:00:00,1.29619,1.29568,1.2967,1.29663
2012-10-30 23:00:00,1.29665,1.29605,1.2969,1.29607
2012-10-31 00:00:00,1.29609,1.29542,1.29646,1.29637
2012-10-31 01:00:00,1.29639,1.29573,1.29664,1.29579
2012-10-31 02:00:00,1.29581,1.29576,1.29661,1.29644
2012-10-31 03:00:00,1.29642,1.29563,1.29642,1.29594
2012-10-31 04:00:00,1.29592,1.29564,1.29622,1.29594
2012-10-31 05:00:00,1.29592,1.29562,1.296,1.29598
2012-10-31 06:00:00,1.29595,1.29549,1.2964,1.29575
2012-10-31 07:00:00,1.29578,1.29461,1.29751,1.29748
2012-10-31 08:00:00,1.29745,1.29736,1.30057,1.29983
2012-10-31 09:00:00,1.29985,1.29955,1.30134,1.29975
2012-10-31 10:00:00,1.29972,1.29928,1.30134,1.30044
2012-10-31 11:00:00,1.30046,1.30006,1.302,1.30042
2012-10-31 12:00:00,1.30044,1.29958,1.30099,1.30025
2012-10-31 13:00:00,1.30023,1.29833,1.30025,1.29896
2012-10-31 14:00:00,1.29894,1.2967,1.29945,1.29706
2012-10-31 15:00:00,1.29704,1.29567,1.29787,1.29572
2012-10-31 16:00:00,1.2957,1.29561,1.29712,1.29709
2012-10-31 17:00:00,1.29712,1.29637,1.29716,1.29692
2012-10-31 18:00:00,1.2969,1.29608,1.29712,1.29626
2012-10-31 19:00:00,1.29629,1.29583,1.29678,1.2961
2012-10-31 20:00:00,1.29608,1.29549,1.29611,1.29592
2012-10-31 21:00:00,1.29589,1.29554,1.29594,1.29563
2012-10-31 22:00:00,1.29561,1.29522,1.29585,1.29583
2012-10-31 23:00:00,1.29581,1.29565,1.29649,1.29638
2012-11-01 00:00:00,1.29641,1.29579,1.2968,1.2962
2012-11-01 01:00:00,1.29617,1.29507,1.2966,1.29639
2012-11-01 02:00:00,1.29637,1.296,1.29692,1.2966
2012-11-01 03:00:00,1.29658,1.29622,1.29699,1.29637
2012-11-01 04:00:00,1.29635,1.29595,1.29668,1.29649
2012-11-01 05:00:00,1.29651,1.29553,1.29656,1.29576
2012-11-01 06:00:00,1.29579,1.29567,1.29657,1.29567
2012-11-01 07:00:00,1.29565,1.29262,1.29575,1.29396
2012-11-01 08:00:00,1.29393,1.29332,1.29509,1.29437
2012-11-01 09:00:00,1.2944,1.29242,1.29454,1.29338
2012-11-01 10:00:00,1.29335,1.29304,1.29532,1.29444
2012-11-01 11:00:00,1.29447,1.29447,1.29653,1.29605
2012-11-01 12:00:00,1.29607,1.29533,1.29822,1.2974
2012-11-01 13:00:00,1.29742,1.29646,1.2978,1.29694
2012-11-01 14:00:00,1.29698,1.29598,1.29819,1.29623
2012-11-01 15:00:00,1.29625,1.29346,1.29645,1.29364
2012-11-01 16:00:00,1.29366,1.29349,1.2946,1.29358
2012-11-01 17:00:00,1.29355,1.29317,1.29382,1.29326
2012-11-01 18:00:00,1.29328,1.29283,1.29389,1.29365
2012-11-01 19:00:00,1.29367,1.29327,1.29412,1.294
2012-11-01 20:00:00,1.29398,1.29393,1.29429,1.29422
2012-11-01 21:00:00,1.29419,1.29371,1.29453,1.29431
2012-11-01 22:00:00,1.29428,1.29393,1.29502,1.29463
2012-11-01 23:00:00,1.29466,1.29427,1.2948,1.29462
2012-11-02 00:00:00,1.2946,1.29274,1.29462,1.2929
2012-11-02 01:00:00,1.29288,1.2926,1.29322,1.29291
2012-11-02 02:00:00,1.29289,1.29266,1.29348,1.29308
2012-11-02 03:00:00,1.2931,1.29298,1.29345,1.29303
2012-11-02 04:00:00,1.293,1.293,1.29382,1.2933
2012-11-02 05:00:00,1.29328,1.28954,1.29348,1.29009
2012-11-02 06:00:00,1.29007,1.28909,1.29122,1.2908
2012-11-02 07:00:00,1.29082,1.28866,1.29084,1.29032
2012-11-02 08:00:00,1.29034,1.28744,1.29072,1.2877
2012-11-02 09:00:00,1.28772,1.28649,1.28802,1.28782
2012-11-02 10:00:00,1.28779,1.28748,1.28932,1.2881
2012-11-02 11:00:00,1.28807,1.28749,1.28869,1.28836
2012-11-02 12:00:00,1.28838,1.28471,1.2892,1.28663
2012-11-02 13:00:00,1.28666,1.28418,1.28738,1.28489
2012-11-02 14:00:00,1.28491,1.2836,1.28539,1.28447
2012-11-02 15:00:00,1.28449,1.28359,1.28498,1.28453
2012-11-02 16:00:00,1.28451,1.28381,1.28453,1.2844
2012-11-02 17:00:00,1.28438,1.28262,1.28463,1.28267
2012-11-02 18:00:00,1.28269,1.28207,1.28399,1.28259
2012-11-02 19:00:00,1.28261,1.28251,1.2834,1.283
2012-11-02 20:00:00,1.28302,1.28273,1.28376,1.28352
2012-11-04 22:00:00,1.28151,1.28144,1.28238,1.28178
2012-11-04 23:00:00,1.28172,1.28172,1.28339,1.28223
2012-11-05 00:00:00,1.28221,1.28209,1.2834,1.28333
2012-11-05 01:00:00,1.28336,1.28243,1.28389,1.28335
2012-11-05 02:00:00,1.28333,1.28162,1.28353,1.28164
2012-11-05 03:00:00,1.28161,1.28154,1.28228,1.28218
2012-11-05 04:00:00,1.2822,1.28203,1.28259,1.28244
2012-11-05 05:00:00,1.28242,1.28232,1.28317,1.28302
2012-11-05 06:00:00,1.283,1.28256,1.28411,1.28385
2012-11-05 07:00:00,1.28382,1.27866,1.28417,1.27913
2012-11-05 08:00:00,1.27911,1.27772,1.28007,1.27935
2012-11-05 09:00:00,1.27937,1.27923,1.28062,1.27949
2012-11-05 10:00:00,1.27947,1.27814,1.27984,1.2798
2012-11-05 11:00:00,1.27978,1.27827,1.28028,1.27892
2012-11-05 12:00:00,1.27895,1.27669,1.27895,1.27812
2012-11-05 13:00:00,1.27814,1.27732,1.27937,1.27892
2012-11-05 14:00:00,1.27894,1.2774,1.27894,1.2774
2012-11-05 15:00:00,1.27744,1.27734,1.27906,1.2782
2012-11-05 16:00:00,1.27822,1.27813,1.27926,1.27895
2012-11-05 17:00:00,1.27897,1.27767,1.27916,1.27784
2012-11-05 18:00:00,1.27787,1.27785,1.27868,1.27864
2012-11-05 19:00:00,1.27866,1.27851,1.27916,1.27889
2012-11-05 20:00:00,1.27892,1.27859,1.27938,1.27889
2012-11-05 21:00:00,1.27887,1.27875,1.27954,1.27948
2012-11-05 22:00:00,1.27946,1.2792,1.27994,1.27966
2012-11-05 23:00:00,1.27964,1.27941,1.28028,1.27992
2012-11-06 00:00:00,1.2799,1.27891,1.28024,1.27924
2012-11-06 01:00:00,1.27921,1.2784,1.27921,1.2788
2012-11-06 02:00:00,1.27878,1.27814,1.2788,1.27857
2012-11-06 03:00:00,1.2786,1.27822,1.27975,1.27955
2012-11-06 04:00:00,1.27958,1.27836,1.27985,1.2785
2012-11-06 05:00:00,1.27848,1.27823,1.27927,1.27863
2012-11-06 06:00:00,1.27865,1.27863,1.28009,1.27954
2012-11-06 07:00:00,1.27952,1.27694,1.27956,1.27838
2012-11-06 08:00:00,1.27836,1.27631,1.27856,1.27718
2012-11-06 09:00:00,1.2772,1.27687,1.27977,1.27883
2012-11-06 10:00:00,1.27885,1.27878,1.28078,1.27963
2012-11-06 11:00:00,1.27965,1.27744,1.28133,1.28034
2012-11-06 12:00:00,1.28037,1.27924,1.28081,1.27952
2012-11-06 13:00:00,1.2795,1.27904,1.28055,1.28037
2012-11-06 14:00:00,1.28035,1.28029,1.28187,1.28093
2012-11-06 15:00:00,1.28095,1.27971,1.28095,1.28019
2012-11-06 16:00:00,1.28021,1.27996,1.28224,1.28172
2012-11-06 17:00:00,1.28171,1.28107,1.28219,1.28141
2012-11-06 18:00:00,1.28144,1.28141,1.28253,1.2821
2012-11-06 19:00:00,1.28213,1.28148,1.2826,1.28158
2012-11-06 20:00:00,1.2816,1.28087,1.28173,1.28158
2012-11-06 21:00:00,1.28155,1.28119,1.28167,1.28131
2012-11-06 22:00:00,1.28133,1.28078,1.28144,1.28092
2012-11-06 23:00:00,1.28089,1.2805,1.28125,1.28052
2012-11-07 00:00:00,1.2805,1.27859,1.28088,1.279
2012-11-07 01:00:00,1.27898,1.27826,1.27911,1.2789
2012-11-07 02:00:00,1.27887,1.27847,1.2818,1.28103
2012-11-07 03:00:00,1.28105,1.2809,1.28406,1.28316
2012-11-07 04:00:00,1.28318,1.28318,1.28743,1.28582
2012-11-07 05:00:00,1.28579,1.28541,1.28656,1.28592
2012-11-07 06:00:00,1.28594,1.28569,1.28747,1.28616
2012-11-07 07:00:00,1.28619,1.28602,1.2876,1.28673
2012-11-07 08:00:00,1.28675,1.28413,1.28704,1.28518
2012-11-07 09:00:00,1.28515,1.28313,1.28536,1.28378
2012-11-07 10:00:00,1.2838,1.28364,1.28565,1.28429
2012-11-07 11:00:00,1.28426,1.28078,1.28426,1.28149
2012-11-07 12:00:00,1.28147,1.27433,1.28147,1.2761
2012-11-07 13:00:00,1.27612,1.2736,1.27632,1.27547
2012-11-07 14:00:00,1.27545,1.27482,1.27647,1.27595
2012-11-07 15:00:00,1.27597,1.27463,1.27674,1.27546
2012-11-07 16:00:00,1.27544,1.27523,1.27747,1.27587
2012-11-07 17:00:00,1.2759,1.27572,1.27708,1.27622
2012-11-07 18:00:00,1.27619,1.27585,1.277,1.27626
2012-11-07 19:00:00,1.27624,1.27607,1.27692,1.27663
2012-11-07 20:00:00,1.2766,1.27629,1.27694,1.27663
2012-11-07 21:00:00,1.2766,1.27644,1.27713,1.27705
2012-11-07 22:00:00,1.27702,1.27648,1.27805,1.27702
2012-11-07 23:00:00,1.27704,1.27547,1.27714,1.27559
2012-11-08 00:00:00,1.27561,1.27476,1.27581,1.27539
2012-11-08 01:00:00,1.27541,1.27541,1.27655,1.27576
2012-11-08 02:00:00,1.27574,1.27531,1.27642,1.27581
2012-11-08 03:00:00,1.27578,1.2748,1.27602,1.27504
2012-11-08 04:00:00,1.27507,1.27424,1.27509,1.27508
2012-11-08 05:00:00,1.27506,1.27467,1.27579,1.27522
2012-11-08 06:00:00,1.27525,1.2752,1.27719,1.27639
2012-11-08 07:00:00,1.27636,1.27522,1.27714,1.27674
2012-11-08 08:00:00,1.27672,1.2757,1.27762,1.2769
2012-11-08 09:00:00,1.27692,1.27219,1.27752,1.27332
2012-11-08 10:00:00,1.27335,1.27192,1.27389,1.27353
2012-11-08 11:00:00,1.27355,1.27294,1.27518,1.27429
2012-11-08 12:00:00,1.27431,1.27332,1.27518,1.27437
2012-11-08 13:00:00,1.27435,1.27167,1.27581,1.27538
2012-11-08 14:00:00,1.27541,1.27306,1.27567,1.27503
2012-11-08 15:00:00,1.27501,1.27209,1.27525,1.27262
2012-11-08 16:00:00,1.2726,1.27256,1.27505,1.27393
2012-11-08 17:00:00,1.27392,1.2733,1.27496,1.2736
2012-11-08 18:00:00,1.27358,1.27325,1.2753,1.27514
2012-11-08 19:00:00,1.27512,1.27387,1.27512,1.2748
2012-11-08 20:00:00,1.27482,1.2738,1.27491,1.27412
2012-11-08 21:00:00,1.27409,1.27407,1.27523,1.27458
2012-11-08 22:00:00,1.27456,1.27402,1.27494,1.27436
2012-11-08 23:00:00,1.27439,1.27402,1.27491,1.27412
2012-11-09 00:00:00,1.27409,1.27331,1.2745,1.27365
2012-11-09 01:00:00,1.27363,1.27354,1.27507,1.27471
2012-11-09 02:00:00,1.27468,1.27447,1.27708,1.27676
2012-11-09 03:00:00,1.27673,1.27668,1.27826,1.27742
2012-11-09 04:00:00,1.27745,1.27698,1.2777,1.27721
2012-11-09 05:00:00,1.27723,1.27721,1.27898,1.27758
2012-11-09 06:00:00,1.2776,1.2771,1.27823,1.27739
2012-11-09 07:00:00,1.27741,1.27498,1.27741,1.27538
2012-11-09 08:00:00,1.27536,1.2733,1.27577,1.27364
2012-11-09 09:00:00,1.27367,1.27277,1.2746,1.27433
2012-11-09 10:00:00,1.2743,1.27095,1.27442,1.27134
2012-11-09 11:00:00,1.27131,1.27052,1.27228,1.27157
2012-11-09 12:00:00,1.27159,1.27023,1.27267,1.27034
2012-11-09 13:00:00,1.27032,1.26897,1.27069,1.26998
2012-11-09 14:00:00,1.26996,1.26979,1.27144,1.27124
2012-11-09 15:00:00,1.27126,1.27075,1.27261,1.27091
2012-11-09 16:00:00,1.27089,1.27037,1.27181,1.27138
2012-11-09 17:00:00,1.27137,1.27137,1.27263,1.27211
2012-11-09 18:00:00,1.27209,1.27014,1.27243,1.27127
2012-11-09 19:00:00,1.27129,1.27093,1.27196,1.27117
2012-11-09 20:00:00,1.27115,1.27085,1.27179,1.27097
2012-11-09 21:00:00,1.271,1.27064,1.2714,1.27098
2012-11-11 22:00:00,1.27107,1.27081,1.27183,1.27156
2012-11-11 23:00:00,1.2716,1.27125,1.27358,1.27196
2012-11-12 00:00:00,1.27198,1.27154,1.27249,1.27226
2012-11-12 01:00:00,1.27229,1.27171,1.27271,1.27209
2012-11-12 02:00:00,1.27212,1.27183,1.27256,1.27216
2012-11-12 03:00:00,1.27219,1.27208,1.2727,1.27266
2012-11-12 04:00:00,1.27268,1.2726,1.27316,1.27292
2012-11-12 05:00:00,1.27295,1.2726,1.27322,1.273
2012-11-12 06:00:00,1.27297,1.27247,1.27386,1.27261
2012-11-12 07:00:00,1.27259,1.27001,1.27259,1.27078
2012-11-12 08:00:00,1.2708,1.26973,1.27202,1.2707
2012-11-12 09:00:00,1.27068,1.27003,1.27192,1.27031
2012-11-12 10:00:00,1.27029,1.27029,1.27153,1.27138
2012-11-12 11:00:00,1.2714,1.27081,1.27289,1.27103
2012-11-12 12:00:00,1.27101,1.2705,1.2724,1.272
2012-11-12 13:00:00,1.27203,1.27149,1.27342,1.27223
2012-11-12 14:00:00,1.27225,1.27149,1.27235,1.27191
2012-11-12 15:00:00,1.27189,1.27101,1.27221,1.2711
2012-11-12 16:00:00,1.27112,1.27094,1.27155,1.27117
2012-11-12 17:00:00,1.27115,1.27093,1.27152,1.27126
2012-11-12 18:00:00,1.27123,1.27107,1.27143,1.27127
2012-11-12 19:00:00,1.27124,1.27107,1.27147,1.27127
2012-11-12 20:00:00,1.27124,1.271,1.27138,1.27105
2012-11-12 21:00:00,1.27102,1.27074,1.27109,1.27087
2012-11-12 22:00:00,1.27085,1.2706,1.27095,1.27071
2012-11-12 23:00:00,1.27069,1.27043,1.27089,1.27057
2012-11-13 00:00:00,1.2706,1.26963,1.2708,1.26987
2012-11-13 01:00:00,1.26985,1.26792,1.26996,1.26826
2012-11-13 02:00:00,1.26824,1.26761,1.26865,1.26826
2012-11-13 03:00:00,1.26824,1.2679,1.26879,1.26851
2012-11-13 04:00:00,1.26849,1.26726,1.2686,1.26775
2012-11-13 05:00:00,1.26773,1.26768,1.26853,1.2679
2012-11-13 06:00:00,1.26788,1.2678,1.26923,1.26875
2012-11-13 07:00:00,1.26877,1.2681,1.26949,1.26873
2012-11-13 08:00:00,1.26871,1.26651,1.26882,1.26769
2012-11-13 09:00:00,1.26766,1.26705,1.26906,1.26705
2012-11-13 10:00:00,1.267,1.26567,1.26861,1.26816
2012-11-13 11:00:00,1.26813,1.26732,1.27268,1.27144
2012-11-13 12:00:00,1.27146,1.2699,1.27281,1.26992
2012-11-13 13:00:00,1.26994,1.2678,1.27038,1.26848
2012-11-13 14:00:00,1.2685,1.26717,1.26983,1.26967
2012-11-13 15:00:00,1.26969,1.26919,1.27111,1.27097
2012-11-13 16:00:00,1.27095,1.27075,1.27221,1.27156
2012-11-13 17:00:00,1.27153,1.27075,1.27186,1.27094
2012-11-13 18:00:00,1.27091,1.27028,1.27119,1.27112
2012-11-13 19:00:00,1.27109,1.27048,1.27121,1.27048
2012-11-13 20:00:00,1.27046,1.27001,1.2707,1.27023
2012-11-13 21:00:00,1.27021,1.27009,1.27057,1.27034
2012-11-13 22:00:00,1.27032,1.26997,1.27034,1.27019
2012-11-13 23:00:00,1.27021,1.27016,1.27111,1.2709
2012-11-14 00:00:00,1.27088,1.27063,1.27164,1.27102
2012-11-14 01:00:00,1.271,1.2703,1.27116,1.27111
2012-11-14 02:00:00,1.27109,1.27088,1.27284,1.27236
2012-11-14 03:00:00,1.27233,1.27129,1.2724,1.27189
2012-11-14 04:00:00,1.27191,1.2718,1.27256,1.2725
2012-11-14 05:00:00,1.27252,1.27149,1.27252,1.2719
2012-11-14 06:00:00,1.27192,1.27144,1.27261,1.27194
2012-11-14 07:00:00,1.27197,1.27049,1.27357,1.27321
2012-11-14 08:00:00,1.27319,1.27149,1.27384,1.27316
2012-11-14 09:00:00,1.27314,1.27252,1.27562,1.27468
2012-11-14 10:00:00,1.2747,1.27409,1.27559,1.27476
2012-11-14 11:00:00,1.27474,1.27319,1.27485,1.27409
2012-11-14 12:00:00,1.27407,1.27259,1.27417,1.27273
2012-11-14 13:00:00,1.27275,1.27236,1.27539,1.27365
2012-11-14 14:00:00,1.27363,1.27329,1.27517,1.27403
2012-11-14 15:00:00,1.27406,1.27244,1.27474,1.27289
2012-11-14 16:00:00,1.27287,1.27259,1.2747,1.27396
2012-11-14 17:00:00,1.27395,1.27369,1.27486,1.27453
2012-11-14 18:00:00,1.2745,1.27434,1.27538,1.27465
2012-11-14 19:00:00,1.27463,1.27446,1.27747,1.27454
2012-11-14 20:00:00,1.27451,1.27312,1.27465,1.27338
2012-11-14 21:00:00,1.27335,1.27324,1.27387,1.27343
2012-11-14 22:00:00,1.27345,1.27307,1.27381,1.27328
2012-11-14 23:00:00,1.27331,1.27283,1.27384,1.27291
2012-11-15 00:00:00,1.27289,1.27169,1.27309,1.27244
2012-11-15 01:00:00,1.27241,1.27232,1.2734,1.27319
2012-11-15 02:00:00,1.27317,1.27286,1.27449,1.27395
2012-11-15 03:00:00,1.27394,1.27348,1.27418,1.27418
2012-11-15 04:00:00,1.27416,1.27348,1.27504,1.27358
2012-11-15 05:00:00,1.27355,1.27315,1.27525,1.27439
2012-11-15 06:00:00,1.27441,1.27346,1.27518,1.27367
2012-11-15 07:00:00,1.27369,1.27319,1.27454,1.27381
2012-11-15 08:00:00,1.27379,1.27352,1.27569,1.27492
2012-11-15 09:00:00,1.27495,1.27495,1.27723,1.27622
2012-11-15 10:00:00,1.27626,1.27517,1.27662,1.27595
2012-11-15 11:00:00,1.27597,1.27549,1.27711,1.27638
2012-11-15 12:00:00,1.2764,1.27532,1.27658,1.27574
2012-11-15 13:00:00,1.27577,1.27519,1.27642,1.27583
2012-11-15 14:00:00,1.27585,1.27576,1.27831,1.27742
2012-11-15 15:00:00,1.27737,1.27712,1.28016,1.27915
2012-11-15 16:00:00,1.27917,1.27767,1.27922,1.27813
2012-11-15 17:00:00,1.27812,1.27707,1.27836,1.27721
2012-11-15 18:00:00,1.27719,1.27698,1.27834,1.27756
2012-11-15 19:00:00,1.27758,1.2771,1.2776,1.27733
2012-11-15 20:00:00,1.27731,1.27597,1.27733,1.27697
2012-11-15 21:00:00,1.27699,1.27687,1.27816,1.278
2012-11-15 22:00:00,1.27798,1.27764,1.27844,1.278
2012-11-15 23:00:00,1.27798,1.27781,1.27838,1.2781
2012-11-16 00:00:00,1.27812,1.27688,1.27837,1.27738
2012-11-16 01:00:00,1.27736,1.27707,1.27771,1.27735
2012-11-16 02:00:00,1.27737,1.27675,1.27764,1.27699
2012-11-16 03:00:00,1.27698,1.2764,1.27775,1.27726
2012-11-16 04:00:00,1.27724,1.27679,1.27741,1.277
2012-11-16 05:00:00,1.27697,1.27675,1.27772,1.2768
2012-11-16 06:00:00,1.27682,1.27559,1.27732,1.27573
2012-11-16 07:00:00,1.27571,1.27463,1.2763,1.27567
2012-11-16 08:00:00,1.27569,1.27427,1.27595,1.27501
2012-11-16 09:00:00,1.27499,1.27255,1.27512,1.27328
2012-11-16 10:00:00,1.2733,1.27236,1.27409,1.27317
2012-11-16 11:00:00,1.27315,1.2727,1.27409,1.2736
2012-11-16 12:00:00,1.27362,1.27309,1.27464,1.27427
2012-11-16 13:00:00,1.27429,1.27346,1.2753,1.27346
2012-11-16 14:00:00,1.2735,1.27278,1.27461,1.27304
2012-11-16 15:00:00,1.27306,1.26902,1.2733,1.27048
2012-11-16 16:00:00,1.2705,1.26938,1.27159,1.27141
2012-11-16 17:00:00,1.27138,1.27107,1.27301,1.27222
2012-11-16 18:00:00,1.27219,1.27188,1.27364,1.27287
2012-11-16 19:00:00,1.27285,1.27199,1.27299,1.2727
2012-11-16 20:00:00,1.27267,1.27209,1.27455,1.27365
2012-11-16 21:00:00,1.27346,1.2734,1.27412,1.27403
2012-11-18 22:00:00,1.27476,1.27395,1.27483,1.27404
2012-11-18 23:00:00,1.27407,1.27401,1.27605,1.27585
2012-11-19 00:00:00,1.27587,1.27453,1.27597,1.27509
2012-11-19 01:00:00,1.27507,1.27479,1.27624,1.27535
2012-11-19 02:00:00,1.27538,1.27521,1.27728,1.2768
2012-11-19 03:00:00,1.27682,1.27624,1.27714,1.27647
2012-11-19 04:00:00,1.27648,1.27574,1.27653,1.27593
2012-11-19 05:00:00,1.27591,1.27563,1.27628,1.27579
2012-11-19 06:00:00,1.27576,1.27567,1.27688,1.27653
2012-11-19 07:00:00,1.2765,1.27614,1.27732,1.27623
2012-11-19 08:00:00,1.27625,1.27521,1.27869,1.27823
2012-11-19 09:00:00,1.27825,1.27658,1.27838,1.27745
2012-11-19 10:00:00,1.27747,1.27622,1.27784,1.27689
2012-11-19 11:00:00,1.27687,1.27657,1.27781,1.27717
2012-11-19 12:00:00,1.27719,1.27607,1.27728,1.27629
2012-11-19 13:00:00,1.27631,1.27586,1.27722,1.27699
2012-11-19 14:00:00,1.27701,1.27701,1.27888,1.27837
2012-11-19 15:00:00,1.27833,1.27778,1.28196,1.2815
2012-11-19 16:00:00,1.28148,1.28039,1.28177,1.28053
2012-11-19 17:00:00,1.28051,1.27988,1.28105,1.28018
2012-11-19 18:00:00,1.28016,1.28006,1.28078,1.28033
2012-11-19 19:00:00,1.28031,1.28007,1.28106,1.28074
2012-11-19 20:00:00,1.28077,1.27997,1.28106,1.28096
2012-11-19 21:00:00,1.28099,1.2809,1.28166,1.28122
2012-11-19 22:00:00,1.2812,1.27666,1.28143,1.278
2012-11-19 23:00:00,1.27802,1.27647,1.27884,1.27661
2012-11-20 00:00:00,1.27663,1.27643,1.2784,1.2781
2012-11-20 01:00:00,1.27812,1.27789,1.27906,1.27834
2012-11-20 02:00:00,1.27832,1.27827,1.27891,1.27879
2012-11-20 03:00:00,1.27879,1.27851,1.28106,1.2803
2012-11-20 04:00:00,1.28032,1.27936,1.28061,1.27962
2012-11-20 05:00:00,1.2796,1.2794,1.27999,1.27988
2012-11-20 06:00:00,1.27986,1.27841,1.27986,1.27855
2012-11-20 07:00:00,1.27853,1.2782,1.28061,1.27872
2012-11-20 08:00:00,1.27875,1.27742,1.28176,1.27848
2012-11-20 09:00:00,1.27846,1.27836,1.28076,1.27943
2012-11-20 10:00:00,1.27941,1.27934,1.28222,1.281
2012-11-20 11:00:00,1.28102,1.28037,1.28191,1.28112
2012-11-20 12:00:00,1.28114,1.27937,1.28154,1.2801
2012-11-20 13:00:00,1.28007,1.27993,1.28295,1.28095
2012-11-20 14:00:00,1.28093,1.27855,1.28101,1.28022
2012-11-20 15:00:00,1.28024,1.27972,1.28106,1.28024
2012-11-20 16:00:00,1.28026,1.27978,1.28162,1.2813
2012-11-20 17:00:00,1.28129,1.27983,1.28199,1.28063
2012-11-20 18:00:00,1.2806,1.27954,1.28082,1.28044
2012-11-20 19:00:00,1.28042,1.27986,1.28072,1.2806
2012-11-20 20:00:00,1.28063,1.28053,1.28189,1.28187
2012-11-20 21:00:00,1.28189,1.28139,1.28194,1.28161
2012-11-20 22:00:00,1.28163,1.28124,1.28191,1.28138
2012-11-20 23:00:00,1.2814,1.28098,1.28186,1.28121
2012-11-21 00:00:00,1.28118,1.28071,1.28164,1.28129
2012-11-21 01:00:00,1.28127,1.28012,1.28133,1.28082
2012-11-21 02:00:00,1.2808,1.27999,1.28126,1.28021
2012-11-21 03:00:00,1.2802,1.27583,1.28216,1.27656
2012-11-21 04:00:00,1.27658,1.27361,1.27661,1.27486
2012-11-21 05:00:00,1.27489,1.27482,1.27577,1.27539
2012-11-21 06:00:00,1.27541,1.27516,1.2765,1.27562
2012-11-21 07:00:00,1.27559,1.27406,1.27689,1.27627
2012-11-21 08:00:00,1.27625,1.27548,1.27693,1.27687
2012-11-21 09:00:00,1.27689,1.27689,1.27945,1.27811
2012-11-21 10:00:00,1.27814,1.27778,1.27912,1.27892
2012-11-21 11:00:00,1.2789,1.27858,1.28128,1.2807
2012-11-21 12:00:00,1.28067,1.27966,1.28089,1.28003
2012-11-21 13:00:00,1.28005,1.28003,1.28203,1.28167
2012-11-21 14:00:00,1.28165,1.28109,1.28333,1.28243
2012-11-21 15:00:00,1.28241,1.28142,1.28308,1.28184
2012-11-21 16:00:00,1.28182,1.28144,1.28247,1.28156
2012-11-21 17:00:00,1.28155,1.28148,1.28297,1.2827
2012-11-21 18:00:00,1.28273,1.28251,1.28284,1.28262
2012-11-21 19:00:00,1.2826,1.28187,1.28262,1.28234
2012-11-21 20:00:00,1.28236,1.28202,1.2825,1.28236
2012-11-21 21:00:00,1.28234,1.28229,1.28295,1.28287
2012-11-21 22:00:00,1.2829,1.28239,1.28311,1.2827
2012-11-21 23:00:00,1.28273,1.2827,1.28678,1.28638
2012-11-22 00:00:00,1.28636,1.28513,1.28636,1.28557
2012-11-22 01:00:00,1.28555,1.28451,1.28596,1.28491
2012-11-22 02:00:00,1.28493,1.28417,1.2852,1.28482
2012-11-22 03:00:00,1.28481,1.28417,1.28491,1.28446
2012-11-22 04:00:00,1.28447,1.28336,1.2845,1.28404
2012-11-22 05:00:00,1.28406,1.28402,1.28487,1.28483
2012-11-22 06:00:00,1.2848,1.28434,1.28483,1.28448
2012-11-22 07:00:00,1.28445,1.28411,1.28553,1.28467
2012-11-22 08:00:00,1.2847,1.28368,1.28672,1.28641
2012-11-22 09:00:00,1.28643,1.28431,1.28678,1.28478
2012-11-22 10:00:00,1.2848,1.28466,1.28684,1.28622
2012-11-22 11:00:00,1.2862,1.28611,1.28833,1.28757
2012-11-22 12:00:00,1.28759,1.28731,1.28985,1.28949
2012-11-22 13:00:00,1.28951,1.28837,1.2897,1.28839
2012-11-22 14:00:00,1.28842,1.2867,1.28887,1.28783
2012-11-22 15:00:00,1.28781,1.287,1.28909,1.2886
2012-11-22 16:00:00,1.28858,1.28664,1.2886,1.28726
2012-11-22 17:00:00,1.28729,1.28573,1.28775,1.28582
2012-11-22 18:00:00,1.2858,1.28568,1.28708,1.28634
2012-11-22 19:00:00,1.28637,1.28637,1.28837,1.2882
2012-11-22 20:00:00,1.28823,1.2872,1.28854,1.28826
2012-11-22 21:00:00,1.28824,1.28788,1.28871,1.28831
2012-11-22 22:00:00,1.28829,1.28765,1.28835,1.28796
2012-11-22 23:00:00,1.28794,1.28697,1.28834,1.28735
2012-11-23 00:00:00,1.28733,1.28681,1.28775,1.28775
2012-11-23 01:00:00,1.28773,1.28737,1.28828,1.28825
2012-11-23 02:00:00,1.28827,1.28821,1.28876,1.28847
2012-11-23 03:00:00,1.28847,1.2882,1.2888,1.28858
2012-11-23 04:00:00,1.2886,1.28831,1.28889,1.28863
2012-11-23 05:00:00,1.2886,1.28817,1.2889,1.28878
2012-11-23 06:00:00,1.28876,1.28858,1.28977,1.28897
2012-11-23 07:00:00,1.289,1.28877,1.29102,1.29056
2012-11-23 08:00:00,1.29053,1.28767,1.29088,1.28803
2012-11-23 09:00:00,1.28807,1.28736,1.29145,1.29015
2012-11-23 10:00:00,1.29013,1.28888,1.29039,1.28921
2012-11-23 11:00:00,1.28923,1.28895,1.2906,1.28996
2012-11-23 12:00:00,1.28999,1.28951,1.29101,1.29099
2012-11-23 13:00:00,1.29102,1.2906,1.29328,1.29313
2012-11-23 14:00:00,1.29311,1.29238,1.29432,1.29422
2012-11-23 15:00:00,1.29425,1.2941,1.2968,1.2958
2012-11-23 16:00:00,1.29578,1.29545,1.29674,1.29575
2012-11-23 17:00:00,1.29577,1.29568,1.29906,1.29855
2012-11-23 18:00:00,1.29853,1.29705,1.29853,1.29721
2012-11-23 19:00:00,1.29724,1.29683,1.29746,1.29694
2012-11-23 20:00:00,1.29697,1.29673,1.29776,1.29761
2012-11-23 21:00:00,1.29743,1.29671,1.2976,1.29732
2012-11-25 22:00:00,1.29665,1.29663,1.29735,1.29731
2012-11-25 23:00:00,1.29729,1.2963,1.29764,1.29727
2012-11-26 00:00:00,1.29724,1.29599,1.29733,1.29624
2012-11-26 01:00:00,1.29626,1.29521,1.29659,1.29523
2012-11-26 02:00:00,1.29525,1.29502,1.29556,1.2953
2012-11-26 03:00:00,1.29529,1.29517,1.29614,1.29605
2012-11-26 04:00:00,1.29606,1.2953,1.29613,1.29587
2012-11-26 05:00:00,1.2959,1.29524,1.29618,1.29552
2012-11-26 06:00:00,1.29554,1.29439,1.29582,1.29567
2012-11-26 07:00:00,1.29565,1.29554,1.29841,1.29715
2012-11-26 08:00:00,1.29717,1.29503,1.29752,1.29515
2012-11-26 09:00:00,1.29512,1.29462,1.29692,1.29689
2012-11-26 10:00:00,1.29687,1.2952,1.29699,1.2966
2012-11-26 11:00:00,1.29658,1.29625,1.29804,1.29659
2012-11-26 12:00:00,1.29657,1.29525,1.29708,1.29607
2012-11-26 13:00:00,1.2961,1.29552,1.2975,1.29716
2012-11-26 14:00:00,1.29714,1.29564,1.29728,1.29633
2012-11-26 15:00:00,1.29636,1.296,1.29742,1.29641
2012-11-26 16:00:00,1.29644,1.29573,1.29668,1.29652
2012-11-26 17:00:00,1.29651,1.29593,1.29739,1.29595
2012-11-26 18:00:00,1.29597,1.29597,1.2966,1.29615
2012-11-26 19:00:00,1.29612,1.29592,1.29649,1.29626
2012-11-26 20:00:00,1.29624,1.29588,1.29714,1.29686
2012-11-26 21:00:00,1.29689,1.29669,1.2972,1.29707
2012-11-26 22:00:00,1.29689,1.29689,1.30064,1.29936
2012-11-26 23:00:00,1.29933,1.29689,1.29933,1.29879
2012-11-27 00:00:00,1.29881,1.2981,1.30086,1.29896
2012-11-27 01:00:00,1.29898,1.2977,1.29987,1.29792
2012-11-27 02:00:00,1.29794,1.29767,1.2986,1.29815
2012-11-27 03:00:00,1.29815,1.29732,1.29836,1.29816
2012-11-27 04:00:00,1.29817,1.29803,1.29893,1.29858
2012-11-27 05:00:00,1.29856,1.29804,1.29883,1.29868
2012-11-27 06:00:00,1.29866,1.29847,1.29913,1.29898
2012-11-27 07:00:00,1.299,1.29836,1.29983,1.29916
2012-11-27 08:00:00,1.29914,1.29661,1.2995,1.29775
2012-11-27 09:00:00,1.29773,1.29551,1.29802,1.29614
2012-11-27 10:00:00,1.29612,1.29387,1.29614,1.29444
2012-11-27 11:00:00,1.29442,1.2935,1.29512,1.2951
2012-11-27 12:00:00,1.29508,1.29495,1.29684,1.29631
2012-11-27 13:00:00,1.29633,1.2944,1.29688,1.29462
2012-11-27 14:00:00,1.2946,1.2929,1.29483,1.2935
2012-11-27 15:00:00,1.29355,1.29151,1.29435,1.29309
2012-11-27 16:00:00,1.29307,1.29275,1.29417,1.29388
2012-11-27 17:00:00,1.29387,1.29332,1.29436,1.29382
2012-11-27 18:00:00,1.2938,1.29298,1.2938,1.29332
2012-11-27 19:00:00,1.29334,1.29256,1.29353,1.29327
2012-11-27 20:00:00,1.29325,1.29287,1.29353,1.29294
2012-11-27 21:00:00,1.29292,1.29292,1.2944,1.29419
2012-11-27 22:00:00,1.29417,1.29359,1.29453,1.29373
2012-11-27 23:00:00,1.29375,1.29362,1.29429,1.29371
2012-11-28 00:00:00,1.29369,1.29344,1.29392,1.29381
2012-11-28 01:00:00,1.29379,1.29245,1.29383,1.29316
2012-11-28 02:00:00,1.29314,1.29294,1.29388,1.29343
2012-11-28 03:00:00,1.29342,1.29257,1.29344,1.29331
2012-11-28 04:00:00,1.29332,1.29311,1.2938,1.29368
2012-11-28 05:00:00,1.2937,1.2921,1.29374,1.29234
2012-11-28 06:00:00,1.29232,1.29115,1.29249,1.29176
2012-11-28 07:00:00,1.29179,1.29149,1.29267,1.29223
2012-11-28 08:00:00,1.2922,1.29195,1.29372,1.2928
2012-11-28 09:00:00,1.29278,1.29163,1.29325,1.29205
2012-11-28 10:00:00,1.29203,1.29185,1.29272,1.29207
2012-11-28 11:00:00,1.29205,1.289,1.29207,1.28914
2012-11-28 12:00:00,1.28916,1.28912,1.29024,1.2894
2012-11-28 13:00:00,1.28942,1.28814,1.28973,1.28947
2012-11-28 14:00:00,1.28949,1.28844,1.28987,1.28929
2012-11-28 15:00:00,1.28927,1.28798,1.29216,1.29091
2012-11-28 16:00:00,1.29093,1.29065,1.29309,1.29223
2012-11-28 17:00:00,1.29221,1.29168,1.29443,1.29407
2012-11-28 18:00:00,1.29405,1.2929,1.29409,1.2931
2012-11-28 19:00:00,1.29312,1.29249,1.29328,1.29303
2012-11-28 20:00:00,1.29305,1.29287,1.29441,1.29422
2012-11-28 21:00:00,1.2942,1.29362,1.29538,1.2952
2012-11-28 22:00:00,1.29518,1.29481,1.29608,1.295
2012-11-28 23:00:00,1.29502,1.29452,1.29527,1.29501
2012-11-29 00:00:00,1.29504,1.29404,1.29511,1.29437
2012-11-29 01:00:00,1.29439,1.29438,1.29551,1.29539
2012-11-29 02:00:00,1.29541,1.29513,1.29595,1.2952
2012-11-29 03:00:00,1.29519,1.29503,1.29552,1.2951
2012-11-29 04:00:00,1.29511,1.29491,1.29558,1.29495
2012-11-29 05:00:00,1.29497,1.29488,1.29578,1.29501
2012-11-29 06:00:00,1.29499,1.29385,1.29512,1.29421
2012-11-29 07:00:00,1.29424,1.29389,1.29647,1.29635
2012-11-29 08:00:00,1.29637,1.29595,1.29797,1.29739
2012-11-29 09:00:00,1.29741,1.29701,1.29902,1.29831
2012-11-29 10:00:00,1.29829,1.29763,1.29938,1.29862
2012-11-29 11:00:00,1.29864,1.29808,1.29939,1.29856
2012-11-29 12:00:00,1.29854,1.29791,1.29979,1.29931
2012-11-29 13:00:00,1.29933,1.29839,1.29993,1.29855
2012-11-29 14:00:00,1.29853,1.29842,1.30074,1.30043
2012-11-29 15:00:00,1.30045,1.29652,1.30138,1.29784
2012-11-29 16:00:00,1.29787,1.29449,1.29845,1.29526
2012-11-29 17:00:00,1.29525,1.2952,1.29736,1.29712
2012-11-29 18:00:00,1.29714,1.29676,1.2976,1.29739
2012-11-29 19:00:00,1.29741,1.29664,1.29748,1.29721
2012-11-29 20:00:00,1.29724,1.2971,1.29764,1.29759
2012-11-29 21:00:00,1.29761,1.29725,1.2979,1.29781
2012-11-29 22:00:00,1.29778,1.2975,1.29795,1.29767
2012-11-29 23:00:00,1.29765,1.2969,1.29767,1.29713
2012-11-30 00:00:00,1.2971,1.29691,1.29785,1.29764
2012-11-30 01:00:00,1.29766,1.29755,1.29933,1.29915
2012-11-30 02:00:00,1.29917,1.29884,1.30061,1.29955
2012-11-30 03:00:00,1.29954,1.29893,1.29969,1.29968
2012-11-30 04:00:00,1.29968,1.29903,1.30016,1.29971
2012-11-30 05:00:00,1.29973,1.29918,1.3003,1.30021
2012-11-30 06:00:00,1.30019,1.29951,1.30075,1.29955
2012-11-30 07:00:00,1.29953,1.29907,1.3027,1.30198
2012-11-30 08:00:00,1.302,1.30061,1.30233,1.30127
2012-11-30 09:00:00,1.30129,1.29921,1.3015,1.30003
2012-11-30 10:00:00,1.3,1.29908,1.30089,1.29991
2012-11-30 11:00:00,1.29993,1.29993,1.30176,1.30058
2012-11-30 12:00:00,1.3006,1.29836,1.30079,1.29871
2012-11-30 13:00:00,1.29869,1.29676,1.29935,1.29807
2012-11-30 14:00:00,1.29805,1.29751,1.29992,1.29949
2012-11-30 15:00:00,1.29951,1.29949,1.30231,1.30049
2012-11-30 16:00:00,1.30051,1.30027,1.30163,1.30086
2012-11-30 17:00:00,1.30085,1.29954,1.3011,1.3001
2012-11-30 18:00:00,1.30012,1.29962,1.30053,1.30019
2012-11-30 19:00:00,1.30017,1.29963,1.30028,1.29976
2012-11-30 20:00:00,1.29978,1.29963,1.3008,1.3004
2012-11-30 21:00:00,1.30021,1.2979,1.30049,1.29826
2012-12-02 22:00:00,1.29812,1.29811,1.29975,1.2996
2012-12-02 23:00:00,1.29958,1.29881,1.29975,1.29955
2012-12-03 00:00:00,1.29958,1.2993,1.30025,1.30021
2012-12-03 01:00:00,1.30023,1.29992,1.30465,1.30373
2012-12-03 02:00:00,1.30371,1.30333,1.30435,1.30382
2012-12-03 03:00:00,1.30382,1.3034,1.30401,1.3039
2012-12-03 04:00:00,1.3039,1.30358,1.30425,1.30381
2012-12-03 05:00:00,1.30379,1.30262,1.30379,1.30318
2012-12-03 06:00:00,1.30315,1.30214,1.30317,1.30287
2012-12-03 07:00:00,1.3029,1.30221,1.30379,1.30316
2012-12-03 08:00:00,1.30318,1.30196,1.30407,1.30277
2012-12-03 09:00:00,1.30275,1.30248,1.30485,1.30416
2012-12-03 10:00:00,1.30418,1.30307,1.30421,1.30334
2012-12-03 11:00:00,1.30336,1.30232,1.30372,1.30275
2012-12-03 12:00:00,1.30277,1.30259,1.30736,1.30568
2012-12-03 13:00:00,1.3057,1.30507,1.30672,1.30531
2012-12-03 14:00:00,1.30533,1.30327,1.30539,1.30449
2012-12-03 15:00:00,1.30446,1.30413,1.3074,1.30718
2012-12-03 16:00:00,1.30715,1.30581,1.30753,1.30656
2012-12-03 17:00:00,1.30654,1.30546,1.30709,1.30546
2012-12-03 18:00:00,1.30548,1.30548,1.30654,1.30574
2012-12-03 19:00:00,1.30576,1.30544,1.30631,1.30578
2012-12-03 20:00:00,1.30575,1.30483,1.30595,1.30534
2012-12-03 21:00:00,1.30532,1.30487,1.30537,1.3052
2012-12-03 22:00:00,1.30523,1.30493,1.3061,1.30582
2012-12-03 23:00:00,1.30579,1.30529,1.30639,1.30635
2012-12-04 00:00:00,1.30632,1.30455,1.30632,1.30507
2012-12-04 01:00:00,1.30509,1.30452,1.30556,1.30473
2012-12-04 02:00:00,1.3047,1.30455,1.30505,1.30481
2012-12-04 03:00:00,1.3048,1.30473,1.30627,1.3059
2012-12-04 04:00:00,1.30592,1.30517,1.30644,1.30554
2012-12-04 05:00:00,1.30551,1.30513,1.30575,1.30534
2012-12-04 06:00:00,1.30536,1.30511,1.30673,1.30652
2012-12-04 07:00:00,1.30654,1.30583,1.30757,1.30705
2012-12-04 08:00:00,1.30707,1.30571,1.30819,1.30741
2012-12-04 09:00:00,1.30738,1.30665,1.30782,1.30704
2012-12-04 10:00:00,1.30706,1.30588,1.30844,1.30734
2012-12-04 11:00:00,1.30731,1.30693,1.30842,1.30809
2012-12-04 12:00:00,1.30811,1.30765,1.30953,1.30931
2012-12-04 13:00:00,1.30934,1.30859,1.3107,1.30968
2012-12-04 14:00:00,1.30966,1.30849,1.30997,1.30869
2012-12-04 15:00:00,1.30867,1.3077,1.30921,1.30853
2012-12-04 16:00:00,1.30851,1.30725,1.30855,1.30803
2012-12-04 17:00:00,1.30802,1.30778,1.30978,1.30917
2012-12-04 18:00:00,1.30919,1.30876,1.3097,1.30967
2012-12-04 19:00:00,1.3097,1.30957,1.31081,1.30981
2012-12-04 20:00:00,1.30984,1.30937,1.31014,1.30948
2012-12-04 21:00:00,1.30946,1.3091,1.30975,1.30934
2012-12-04 22:00:00,1.30931,1.30907,1.30951,1.30934
2012-12-04 23:00:00,1.30937,1.30902,1.30985,1.30985
2012-12-05 00:00:00,1.30983,1.30957,1.31166,1.31029
2012-12-05 01:00:00,1.31027,1.30967,1.31027,1.30996
2012-12-05 02:00:00,1.30998,1.30997,1.31122,1.31042
2012-12-05 03:00:00,1.31042,1.3102,1.31115,1.31072
2012-12-05 04:00:00,1.31072,1.31072,1.3124,1.31158
2012-12-05 05:00:00,1.31155,1.31064,1.31187,1.31078
2012-12-05 06:00:00,1.31076,1.31052,1.31131,1.31122
2012-12-05 07:00:00,1.31124,1.31059,1.31201,1.31166
2012-12-05 08:00:00,1.31164,1.31056,1.31261,1.31146
2012-12-05 09:00:00,1.31149,1.30909,1.31165,1.30921
2012-12-05 10:00:00,1.30919,1.30808,1.30958,1.30872
2012-12-05 11:00:00,1.3087,1.30745,1.3095,1.3078
2012-12-05 12:00:00,1.30778,1.30606,1.30809,1.30742
2012-12-05 13:00:00,1.30739,1.30598,1.30752,1.30669
2012-12-05 14:00:00,1.30671,1.30611,1.30793,1.30751
2012-12-05 15:00:00,1.30753,1.30657,1.30788,1.30676
2012-12-05 16:00:00,1.30678,1.30625,1.3077,1.30759
2012-12-05 17:00:00,1.30758,1.30758,1.30899,1.30853
2012-12-05 18:00:00,1.30851,1.3081,1.30865,1.30815
2012-12-05 19:00:00,1.30813,1.30754,1.30837,1.30785
2012-12-05 20:00:00,1.30788,1.30708,1.30831,1.30733
2012-12-05 21:00:00,1.3073,1.30635,1.30741,1.3067
2012-12-05 22:00:00,1.30667,1.30617,1.30727,1.30704
2012-12-05 23:00:00,1.30701,1.30682,1.30739,1.3072
2012-12-06 00:00:00,1.30722,1.3055,1.30762,1.30553
2012-12-06 01:00:00,1.30555,1.3045,1.30571,1.305
2012-12-06 02:00:00,1.30498,1.30496,1.30588,1.30577
2012-12-06 03:00:00,1.30575,1.30481,1.30578,1.30521
2012-12-06 04:00:00,1.30521,1.30507,1.30583,1.30551
2012-12-06 05:00:00,1.30549,1.30529,1.30578,1.3057
2012-12-06 06:00:00,1.30568,1.30541,1.30631,1.30575
2012-12-06 07:00:00,1.30572,1.30417,1.30581,1.30481
2012-12-06 08:00:00,1.30483,1.30421,1.30736,1.30659
2012-12-06 09:00:00,1.30661,1.30627,1.30807,1.30778
2012-12-06 10:00:00,1.30774,1.30701,1.30789,1.30735
2012-12-06 11:00:00,1.30738,1.30626,1.30863,1.30637
2012-12-06 12:00:00,1.30635,1.30548,1.308,1.30762
2012-12-06 13:00:00,1.30765,1.30256,1.30837,1.30335
2012-12-06 14:00:00,1.30333,1.30009,1.30384,1.30041
2012-12-06 15:00:00,1.30039,1.29764,1.30048,1.29843
2012-12-06 16:00:00,1.29846,1.29604,1.29873,1.29662
2012-12-06 17:00:00,1.29665,1.29509,1.29728,1.29532
2012-12-06 18:00:00,1.29529,1.29498,1.29597,1.29556
2012-12-06 19:00:00,1.29558,1.29538,1.29638,1.29629
2012-12-06 20:00:00,1.29631,1.29612,1.29705,1.2969
2012-12-06 21:00:00,1.29687,1.29661,1.29721,1.29683
2012-12-06 22:00:00,1.29686,1.29554,1.29728,1.29572
2012-12-06 23:00:00,1.29575,1.29575,1.2969,1.2961
2012-12-07 00:00:00,1.29613,1.29603,1.29682,1.2965
2012-12-07 01:00:00,1.29652,1.2964,1.29704,1.29693
2012-12-07 02:00:00,1.29695,1.29669,1.29721,1.29681
2012-12-07 03:00:00,1.29681,1.29649,1.29694,1.29671
2012-12-07 04:00:00,1.29671,1.29656,1.29696,1.29682
2012-12-07 05:00:00,1.29684,1.29561,1.29698,1.29573
2012-12-07 06:00:00,1.29575,1.29525,1.29611,1.29595
2012-12-07 07:00:00,1.29593,1.29286,1.29636,1.29362
2012-12-07 08:00:00,1.29365,1.29182,1.29427,1.29284
2012-12-07 09:00:00,1.29286,1.29166,1.2942,1.29384
2012-12-07 10:00:00,1.29382,1.29228,1.29394,1.29263
2012-12-07 11:00:00,1.29261,1.29146,1.2929,1.29286
2012-12-07 12:00:00,1.29288,1.28966,1.29333,1.29058
2012-12-07 13:00:00,1.29056,1.28756,1.2917,1.29049
2012-12-07 14:00:00,1.29051,1.28916,1.29173,1.29011
2012-12-07 15:00:00,1.29009,1.28973,1.29398,1.29269
2012-12-07 16:00:00,1.29267,1.29244,1.29513,1.29407
2012-12-07 17:00:00,1.29409,1.29346,1.29465,1.29393
2012-12-07 18:00:00,1.29391,1.29288,1.29398,1.29296
2012-12-07 19:00:00,1.29294,1.29239,1.2931,1.29256
2012-12-07 20:00:00,1.29258,1.29198,1.29299,1.29295
2012-12-07 21:00:00,1.29276,1.29209,1.29286,1.29247
2012-12-09 22:00:00,1.28887,1.28868,1.2893,1.28916
2012-12-09 23:00:00,1.28918,1.28918,1.29065,1.29061
2012-12-10 00:00:00,1.29064,1.2903,1.29153,1.29106
2012-12-10 01:00:00,1.29104,1.29027,1.29154,1.29117
2012-12-10 02:00:00,1.29119,1.28992,1.29125,1.29062
2012-12-10 03:00:00,1.29061,1.28971,1.29063,1.28971
2012-12-10 04:00:00,1.28973,1.289,1.28989,1.28962
2012-12-10 05:00:00,1.28964,1.28922,1.29067,1.29026
2012-12-10 06:00:00,1.29029,1.29016,1.29149,1.29059
2012-12-10 07:00:00,1.29057,1.28851,1.29112,1.28946
2012-12-10 08:00:00,1.28948,1.28932,1.29167,1.29077
2012-12-10 09:00:00,1.29075,1.28967,1.29099,1.28973
2012-12-10 10:00:00,1.28971,1.28971,1.29091,1.29087
2012-12-10 11:00:00,1.29084,1.29061,1.29194,1.29091
2012-12-10 12:00:00,1.29089,1.2903,1.29179,1.29167
2012-12-10 13:00:00,1.2917,1.29163,1.2941,1.29361
2012-12-10 14:00:00,1.29359,1.29273,1.29422,1.2937
2012-12-10 15:00:00,1.29373,1.29223,1.29384,1.29254
2012-12-10 16:00:00,1.29252,1.2922,1.29301,1.29285
2012-12-10 17:00:00,1.29284,1.29284,1.29403,1.29366
2012-12-10 18:00:00,1.29368,1.29325,1.29368,1.2933
2012-12-10 19:00:00,1.29332,1.2932,1.294,1.29378
2012-12-10 20:00:00,1.29375,1.29353,1.29441,1.29416
2012-12-10 21:00:00,1.29414,1.29396,1.2946,1.29398
2012-12-10 22:00:00,1.294,1.29369,1.2943,1.294
2012-12-10 23:00:00,1.29398,1.29348,1.2941,1.29365
2012-12-11 00:00:00,1.29363,1.29363,1.29478,1.29386
2012-12-11 01:00:00,1.29383,1.29304,1.29399,1.29356
2012-12-11 02:00:00,1.29358,1.2935,1.29398,1.29373
2012-12-11 03:00:00,1.29371,1.29283,1.29373,1.29333
2012-12-11 04:00:00,1.29333,1.29292,1.29616,1.29493
2012-12-11 05:00:00,1.29495,1.29459,1.29583,1.29556
2012-12-11 06:00:00,1.29558,1.29475,1.29621,1.29503
2012-12-11 07:00:00,1.29501,1.29397,1.29565,1.29414
2012-12-11 08:00:00,1.29412,1.29389,1.29578,1.29448
2012-12-11 09:00:00,1.29446,1.29439,1.29643,1.29614
2012-12-11 10:00:00,1.2961,1.29565,1.29754,1.29578
2012-12-11 11:00:00,1.2958,1.2958,1.29971,1.29919
2012-12-11 12:00:00,1.29917,1.29836,1.29966,1.29838
2012-12-11 13:00:00,1.29836,1.29823,1.29971,1.29929
2012-12-11 14:00:00,1.29927,1.29817,1.29993,1.29991
2012-12-11 15:00:00,1.29988,1.29918,1.30069,1.29969
2012-12-11 16:00:00,1.29972,1.29849,1.30013,1.29915
2012-12-11 17:00:00,1.29913,1.29876,1.30004,1.29985
2012-12-11 18:00:00,1.29988,1.29988,1.30144,1.30073
2012-12-11 19:00:00,1.30075,1.30017,1.30107,1.3003
2012-12-11 20:00:00,1.30027,1.29998,1.30083,1.30032
2012-12-11 21:00:00,1.3003,1.30015,1.30057,1.30042
2012-12-11 22:00:00,1.3004,1.30005,1.30136,1.3008
2012-12-11 23:00:00,1.30083,1.30045,1.30137,1.30108
2012-12-12 00:00:00,1.30105,1.30006,1.30105,1.30019
2012-12-12 01:00:00,1.30022,1.3,1.30106,1.30096
2012-12-12 02:00:00,1.30098,1.30092,1.30126,1.30108
2012-12-12 03:00:00,1.30107,1.29988,1.30114,1.30019
2012-12-12 04:00:00,1.30019,1.2997,1.30045,1.29971
2012-12-12 05:00:00,1.29969,1.29969,1.30029,1.29982
2012-12-12 06:00:00,1.29985,1.29958,1.30071,1.30052
2012-12-12 07:00:00,1.3005,1.29953,1.30109,1.30026
2012-12-12 08:00:00,1.30028,1.29984,1.3013,1.30075
2012-12-12 09:00:00,1.30077,1.30035,1.30248,1.30124
2012-12-12 10:00:00,1.30121,1.30119,1.30303,1.30271
2012-12-12 11:00:00,1.30273,1.3024,1.303,1.30257
2012-12-12 12:00:00,1.30254,1.3025,1.30527,1.30446
2012-12-12 13:00:00,1.30448,1.30359,1.30466,1.30387
2012-12-12 14:00:00,1.30389,1.30322,1.30452,1.30338
2012-12-12 15:00:00,1.30335,1.30331,1.3047,1.30398
2012-12-12 16:00:00,1.30395,1.30315,1.3043,1.30367
2012-12-12 17:00:00,1.30365,1.30361,1.30972,1.30876
2012-12-12 18:00:00,1.30878,1.30743,1.30961,1.30779
2012-12-12 19:00:00,1.30781,1.3076,1.30908,1.30805
2012-12-12 20:00:00,1.30808,1.30605,1.30812,1.30634
2012-12-12 21:00:00,1.30636,1.30636,1.30754,1.30732
2012-12-12 22:00:00,1.3073,1.30693,1.30732,1.30702
2012-12-12 23:00:00,1.30704,1.30647,1.30704,1.30648
2012-12-13 00:00:00,1.30651,1.30651,1.30765,1.30673
2012-12-13 01:00:00,1.3067,1.30552,1.30688,1.30615
2012-12-13 02:00:00,1.30617,1.30617,1.30697,1.30634
2012-12-13 03:00:00,1.30634,1.3059,1.30803,1.30788
2012-12-13 04:00:00,1.30788,1.30779,1.30909,1.3083
2012-12-13 05:00:00,1.30833,1.30794,1.30889,1.30827
2012-12-13 06:00:00,1.30825,1.30792,1.30969,1.30967
2012-12-13 07:00:00,1.30969,1.30844,1.30978,1.30864
2012-12-13 08:00:00,1.30862,1.30566,1.31,1.30642
2012-12-13 09:00:00,1.30645,1.30493,1.30736,1.30627
2012-12-13 10:00:00,1.30629,1.30419,1.30651,1.30559
2012-12-13 11:00:00,1.30557,1.30406,1.30638,1.3062
2012-12-13 12:00:00,1.30618,1.30551,1.30711,1.30688
2012-12-13 13:00:00,1.30686,1.30605,1.30834,1.30702
2012-12-13 14:00:00,1.30704,1.30635,1.30831,1.30738
2012-12-13 15:00:00,1.30741,1.30741,1.30995,1.30873
2012-12-13 16:00:00,1.30871,1.30756,1.30875,1.30761
2012-12-13 17:00:00,1.30759,1.30591,1.30765,1.30688
2012-12-13 18:00:00,1.30686,1.30666,1.30765,1.30765
2012-12-13 19:00:00,1.30763,1.3071,1.30778,1.30742
2012-12-13 20:00:00,1.30744,1.307,1.30773,1.3076
2012-12-13 21:00:00,1.30757,1.30739,1.30779,1.30766
2012-12-13 22:00:00,1.30764,1.30726,1.30772,1.30746
2012-12-13 23:00:00,1.30748,1.30734,1.30787,1.30765
2012-12-14 00:00:00,1.30767,1.3066,1.30772,1.30684
2012-12-14 01:00:00,1.30685,1.30685,1.30848,1.30824
2012-12-14 02:00:00,1.30826,1.30816,1.30949,1.30941
2012-12-14 03:00:00,1.3094,1.30817,1.30948,1.30877
2012-12-14 04:00:00,1.30876,1.30812,1.30889,1.30877
2012-12-14 05:00:00,1.30876,1.30849,1.30996,1.30952
2012-12-14 06:00:00,1.30953,1.30866,1.31143,1.31091
2012-12-14 07:00:00,1.3109,1.31005,1.31193,1.31104
2012-12-14 08:00:00,1.31102,1.30725,1.31134,1.30772
2012-12-14 09:00:00,1.30773,1.30675,1.30869,1.30844
2012-12-14 10:00:00,1.30845,1.30691,1.30923,1.30856
2012-12-14 11:00:00,1.30854,1.3083,1.3099,1.30881
2012-12-14 12:00:00,1.30882,1.30732,1.30937,1.30801
2012-12-14 13:00:00,1.308,1.30661,1.30881,1.30801
2012-12-14 14:00:00,1.30802,1.30795,1.30994,1.30861
2012-12-14 15:00:00,1.30859,1.30826,1.31131,1.31085
2012-12-14 16:00:00,1.31086,1.31069,1.31408,1.31333
2012-12-14 17:00:00,1.31333,1.31333,1.3173,1.31676
2012-12-14 18:00:00,1.31678,1.31621,1.31689,1.31626
2012-12-14 19:00:00,1.31626,1.31542,1.31633,1.31582
2012-12-14 20:00:00,1.31584,1.31542,1.31589,1.31558
2012-12-14 21:00:00,1.31541,1.31525,1.31624,1.31606
2012-12-16 22:00:00,1.31686,1.31625,1.31874,1.31827
2012-12-16 23:00:00,1.31825,1.3163,1.31868,1.31653
2012-12-17 00:00:00,1.31654,1.31538,1.3168,1.31608
2012-12-17 01:00:00,1.31605,1.3155,1.31657,1.31579
2012-12-17 02:00:00,1.31579,1.31508,1.316,1.3156
2012-12-17 03:00:00,1.3156,1.31479,1.3156,1.31547
2012-12-17 04:00:00,1.31547,1.31524,1.31651,1.31632
2012-12-17 05:00:00,1.31632,1.31548,1.31652,1.31581
2012-12-17 06:00:00,1.31584,1.31488,1.31594,1.31489
2012-12-17 07:00:00,1.31487,1.31436,1.31643,1.31561
2012-12-17 08:00:00,1.31558,1.31508,1.31685,1.3159
2012-12-17 09:00:00,1.31589,1.3149,1.31657,1.31568
2012-12-17 10:00:00,1.31571,1.31452,1.31612,1.3155
2012-12-17 11:00:00,1.31552,1.31493,1.31637,1.31513
2012-12-17 12:00:00,1.31514,1.31491,1.31677,1.31652
2012-12-17 13:00:00,1.31649,1.3155,1.3171,1.31578
2012-12-17 14:00:00,1.31577,1.315,1.31726,1.31722
2012-12-17 15:00:00,1.3172,1.31601,1.31785,1.3161
2012-12-17 16:00:00,1.3161,1.31577,1.31719,1.31681
2012-12-17 17:00:00,1.31681,1.3156,1.31729,1.31561
2012-12-17 18:00:00,1.31559,1.31558,1.31646,1.31619
2012-12-17 19:00:00,1.3162,1.31554,1.31637,1.31595
2012-12-17 20:00:00,1.31597,1.31553,1.31623,1.31619
2012-12-17 21:00:00,1.31617,1.31598,1.31642,1.31632
2012-12-17 22:00:00,1.3163,1.31552,1.31645,1.31589
2012-12-17 23:00:00,1.31588,1.31588,1.3166,1.31603
2012-12-18 00:00:00,1.31601,1.316,1.31661,1.3166
2012-12-18 01:00:00,1.3166,1.31652,1.31731,1.31728
2012-12-18 02:00:00,1.31729,1.317,1.31771,1.31702
2012-12-18 03:00:00,1.31702,1.31689,1.31752,1.31722
2012-12-18 04:00:00,1.31722,1.31673,1.3175,1.31729
2012-12-18 05:00:00,1.31731,1.31692,1.31738,1.31715
2012-12-18 06:00:00,1.31715,1.31686,1.31776,1.31693
2012-12-18 07:00:00,1.31695,1.31615,1.31695,1.31657
2012-12-18 08:00:00,1.31657,1.31561,1.31734,1.31732
2012-12-18 09:00:00,1.31734,1.31675,1.31792,1.31741
2012-12-18 10:00:00,1.31743,1.31741,1.31887,1.3183
2012-12-18 11:00:00,1.31831,1.31743,1.31868,1.31782
2012-12-18 12:00:00,1.31784,1.31776,1.31876,1.31807
2012-12-18 13:00:00,1.31805,1.31711,1.31861,1.31762
2012-12-18 14:00:00,1.31764,1.31759,1.3186,1.31778
2012-12-18 15:00:00,1.31779,1.31767,1.32143,1.32122
2012-12-18 16:00:00,1.32123,1.32112,1.32326,1.32221
2012-12-18 17:00:00,1.32221,1.322,1.32312,1.32293
2012-12-18 18:00:00,1.32295,1.32256,1.32379,1.32286
2012-12-18 19:00:00,1.32286,1.3217,1.32291,1.32192
2012-12-18 20:00:00,1.32194,1.3218,1.32272,1.32209
2012-12-18 21:00:00,1.32206,1.32201,1.32297,1.32279
2012-12-18 22:00:00,1.32279,1.32224,1.32287,1.32233
2012-12-18 23:00:00,1.32234,1.32228,1.32356,1.32279
2012-12-19 00:00:00,1.32281,1.32242,1.32339,1.32274
2012-12-19 01:00:00,1.32272,1.32241,1.32298,1.32287
2012-12-19 02:00:00,1.32289,1.32279,1.32554,1.32493
2012-12-19 03:00:00,1.32493,1.32447,1.32525,1.32473
2012-12-19 04:00:00,1.32473,1.32447,1.32516,1.32486
2012-12-19 05:00:00,1.32486,1.32454,1.32498,1.32498
2012-12-19 06:00:00,1.32496,1.32406,1.32496,1.32437
2012-12-19 07:00:00,1.3244,1.32357,1.32471,1.32403
2012-12-19 08:00:00,1.32404,1.32286,1.3244,1.32377
2012-12-19 09:00:00,1.32377,1.32365,1.32728,1.32684
2012-12-19 10:00:00,1.32687,1.32676,1.32832,1.32724
2012-12-19 11:00:00,1.32725,1.32721,1.32825,1.32729
2012-12-19 12:00:00,1.32727,1.32696,1.33002,1.32943
2012-12-19 13:00:00,1.32943,1.32882,1.33073,1.32907
2012-12-19 14:00:00,1.32905,1.3283,1.33006,1.32842
2012-12-19 15:00:00,1.3284,1.32507,1.32851,1.32582
2012-12-19 16:00:00,1.32584,1.32465,1.32697,1.32473
2012-12-19 17:00:00,1.32471,1.32361,1.32546,1.32438
2012-12-19 18:00:00,1.3244,1.32399,1.3246,1.32415
2012-12-19 19:00:00,1.32414,1.32405,1.3249,1.32451
2012-12-19 20:00:00,1.32453,1.32399,1.32513,1.32401
2012-12-19 21:00:00,1.32403,1.32251,1.32437,1.32262
2012-12-19 22:00:00,1.3226,1.31876,1.32292,1.31983
2012-12-19 23:00:00,1.31985,1.31984,1.3214,1.32122
2012-12-20 00:00:00,1.32124,1.32055,1.322,1.32178
2012-12-20 01:00:00,1.32178,1.32145,1.32255,1.32208
2012-12-20 02:00:00,1.32211,1.32145,1.32264,1.32222
2012-12-20 03:00:00,1.32224,1.32172,1.32263,1.3225
2012-12-20 04:00:00,1.3225,1.32172,1.32283,1.32219
2012-12-20 05:00:00,1.32218,1.32025,1.32226,1.321
2012-12-20 06:00:00,1.321,1.32098,1.32206,1.32167
2012-12-20 07:00:00,1.32169,1.32087,1.32264,1.32127
2012-12-20 08:00:00,1.32125,1.32125,1.32354,1.32261
2012-12-20 09:00:00,1.3226,1.32207,1.32337,1.32313
2012-12-20 10:00:00,1.32313,1.32288,1.32493,1.32455
2012-12-20 11:00:00,1.32455,1.32437,1.32681,1.32571
2012-12-20 12:00:00,1.32569,1.3246,1.3262,1.32468
2012-12-20 13:00:00,1.32467,1.32416,1.32948,1.32861
2012-12-20 14:00:00,1.3286,1.32634,1.32948,1.32736
2012-12-20 15:00:00,1.32739,1.32283,1.32775,1.32372
2012-12-20 16:00:00,1.32369,1.32137,1.32372,1.32245
2012-12-20 17:00:00,1.32243,1.32226,1.32457,1.32399
2012-12-20 18:00:00,1.32396,1.32344,1.32459,1.32439
2012-12-20 19:00:00,1.32437,1.32369,1.32441,1.32397
2012-12-20 20:00:00,1.32397,1.32377,1.32435,1.32422
2012-12-20 21:00:00,1.32424,1.32402,1.32449,1.32434
2012-12-20 22:00:00,1.32434,1.32429,1.32521,1.32455
2012-12-20 23:00:00,1.32456,1.32338,1.32465,1.32365
2012-12-21 00:00:00,1.32369,1.32223,1.32373,1.32245
2012-12-21 01:00:00,1.32244,1.31852,1.32245,1.31995
2012-12-21 02:00:00,1.31997,1.31793,1.32046,1.31923
2012-12-21 03:00:00,1.31923,1.31897,1.32057,1.31977
2012-12-21 04:00:00,1.31977,1.31893,1.31986,1.31931
2012-12-21 05:00:00,1.31929,1.31927,1.32034,1.32024
2012-12-21 06:00:00,1.32024,1.31996,1.32144,1.32014
2012-12-21 07:00:00,1.32017,1.31867,1.32102,1.31979
2012-12-21 08:00:00,1.31977,1.31918,1.32272,1.32165
2012-12-21 09:00:00,1.32165,1.31906,1.32248,1.32006
2012-12-21 10:00:00,1.32007,1.31996,1.32311,1.32088
2012-12-21 11:00:00,1.3209,1.31974,1.32136,1.32002
2012-12-21 12:00:00,1.31999,1.31917,1.32175,1.32006
2012-12-21 13:00:00,1.32009,1.31947,1.32135,1.32016
2012-12-21 14:00:00,1.32017,1.31659,1.32041,1.31696
2012-12-21 15:00:00,1.31697,1.31666,1.31944,1.31742
2012-12-21 16:00:00,1.31741,1.31623,1.31793,1.31652
2012-12-21 17:00:00,1.31652,1.31581,1.31711,1.3168
2012-12-21 18:00:00,1.31678,1.31633,1.31829,1.3179
2012-12-21 19:00:00,1.31788,1.31688,1.31797,1.31747
2012-12-21 20:00:00,1.31749,1.3172,1.31825,1.31825
2012-12-21 21:00:00,1.31825,1.31785,1.31898,1.31864
2012-12-23 22:00:00,1.31734,1.31712,1.31824,1.31777
2012-12-23 23:00:00,1.3178,1.31758,1.3185,1.31791
2012-12-24 00:00:00,1.31793,1.31707,1.31812,1.31741
2012-12-24 01:00:00,1.31743,1.31708,1.31767,1.31749
2012-12-24 02:00:00,1.31749,1.31749,1.31812,1.31772
2012-12-24 03:00:00,1.31772,1.31771,1.3184,1.3182
2012-12-24 04:00:00,1.3182,1.31786,1.31843,1.31841
2012-12-24 05:00:00,1.3184,1.31793,1.31841,1.3183
2012-12-24 06:00:00,1.31829,1.31798,1.31888,1.31879
2012-12-24 07:00:00,1.31878,1.31878,1.31992,1.31984
2012-12-24 08:00:00,1.31981,1.31962,1.32204,1.32173
2012-12-24 09:00:00,1.32176,1.32073,1.32226,1.32115
2012-12-24 10:00:00,1.32119,1.32077,1.32178,1.32177
2012-12-24 11:00:00,1.32179,1.32162,1.32328,1.32195
2012-12-24 12:00:00,1.32193,1.32166,1.32294,1.32171
2012-12-24 13:00:00,1.32171,1.32098,1.3224,1.32163
2012-12-24 14:00:00,1.32165,1.3205,1.32173,1.32147
2012-12-24 15:00:00,1.32148,1.31927,1.32175,1.31932
2012-12-24 16:00:00,1.31933,1.31739,1.31939,1.3177
2012-12-24 17:00:00,1.31772,1.3174,1.31891,1.31862
2012-12-24 18:00:00,1.31865,1.31865,1.31867,1.31867
2012-12-26 13:00:00,1.31869,1.31866,1.32049,1.32019
2012-12-26 14:00:00,1.32018,1.32007,1.32495,1.32482
2012-12-26 15:00:00,1.32485,1.32217,1.32536,1.32217
2012-12-26 16:00:00,1.32217,1.32155,1.32266,1.32266
2012-12-26 17:00:00,1.32268,1.32185,1.32322,1.32227
2012-12-26 18:00:00,1.32226,1.32148,1.32228,1.32166
2012-12-26 19:00:00,1.32165,1.32155,1.32226,1.32191
2012-12-26 20:00:00,1.32191,1.32183,1.32279,1.32255
2012-12-26 21:00:00,1.32255,1.3218,1.32262,1.32234
2012-12-26 22:00:00,1.32236,1.32179,1.32278,1.32199
2012-12-26 23:00:00,1.32201,1.32189,1.32276,1.32272
2012-12-27 00:00:00,1.32274,1.32274,1.32451,1.32315
2012-12-27 01:00:00,1.32313,1.32232,1.32317,1.32292
2012-12-27 02:00:00,1.32291,1.32269,1.32353,1.32352
2012-12-27 03:00:00,1.32354,1.32311,1.3238,1.32341
2012-12-27 04:00:00,1.32341,1.32288,1.32341,1.32314
2012-12-27 05:00:00,1.32313,1.32228,1.32323,1.32268
2012-12-27 06:00:00,1.3227,1.3226,1.32438,1.32388
2012-12-27 07:00:00,1.3239,1.32383,1.32522,1.32494
2012-12-27 08:00:00,1.32493,1.32483,1.32717,1.32652
2012-12-27 09:00:00,1.32654,1.32636,1.32747,1.32706
2012-12-27 10:00:00,1.32703,1.32632,1.32719,1.32656
2012-12-27 11:00:00,1.32654,1.32574,1.3268,1.32595
2012-12-27 12:00:00,1.32598,1.32591,1.32832,1.32809
2012-12-27 13:00:00,1.32812,1.32625,1.32823,1.32811
2012-12-27 14:00:00,1.32811,1.32615,1.32813,1.32671
2012-12-27 15:00:00,1.32672,1.32096,1.32741,1.32195
2012-12-27 16:00:00,1.32193,1.32192,1.32331,1.32269
2012-12-27 17:00:00,1.32269,1.32011,1.32278,1.32096
2012-12-27 18:00:00,1.32098,1.3208,1.32286,1.32259
2012-12-27 19:00:00,1.3226,1.32186,1.32404,1.32368
2012-12-27 20:00:00,1.3237,1.32369,1.32485,1.3239
2012-12-27 21:00:00,1.32392,1.32327,1.32439,1.32346
2012-12-27 22:00:00,1.3235,1.32287,1.32421,1.32342
2012-12-27 23:00:00,1.32344,1.3233,1.32531,1.32475
2012-12-28 00:00:00,1.32477,1.32409,1.32507,1.32461
2012-12-28 01:00:00,1.32459,1.32369,1.32459,1.32416
2012-12-28 02:00:00,1.32415,1.32369,1.32463,1.32393
2012-12-28 03:00:00,1.32393,1.32393,1.32452,1.32424
2012-12-28 04:00:00,1.32424,1.32409,1.32458,1.32423
2012-12-28 05:00:00,1.32423,1.32381,1.32446,1.32406
2012-12-28 06:00:00,1.32408,1.32381,1.32489,1.32478
2012-12-28 07:00:00,1.32476,1.32463,1.3256,1.32501
2012-12-28 08:00:00,1.32498,1.32071,1.32517,1.32103
2012-12-28 09:00:00,1.32105,1.31782,1.32122,1.31875
2012-12-28 10:00:00,1.31876,1.31652,1.31904,1.31733
2012-12-28 11:00:00,1.31731,1.31685,1.31844,1.31796
2012-12-28 12:00:00,1.31799,1.31728,1.31978,1.31889
2012-12-28 13:00:00,1.31891,1.31747,1.32206,1.32105
2012-12-28 14:00:00,1.32104,1.32059,1.32376,1.32265
2012-12-28 15:00:00,1.32265,1.32144,1.3234,1.32203
2012-12-28 16:00:00,1.32201,1.32076,1.32266,1.32195
2012-12-28 17:00:00,1.32195,1.3216,1.32257,1.32212
2012-12-28 18:00:00,1.32214,1.32124,1.3222,1.3217
2012-12-28 19:00:00,1.32168,1.3215,1.32216,1.32213
2012-12-28 20:00:00,1.32211,1.32151,1.32239,1.32152
2012-12-28 21:00:00,1.32153,1.32148,1.32234,1.3215
2012-12-30 22:00:00,1.32105,1.321,1.32182,1.32123
2012-12-30 23:00:00,1.32121,1.32121,1.32319,1.32253
2012-12-31 00:00:00,1.32252,1.32247,1.32341,1.32287
2012-12-31 01:00:00,1.32285,1.32205,1.32319,1.32256
2012-12-31 02:00:00,1.32254,1.32036,1.32281,1.32098
2012-12-31 03:00:00,1.32098,1.32059,1.32151,1.32126
2012-12-31 04:00:00,1.32126,1.31878,1.32139,1.31967
2012-12-31 05:00:00,1.3197,1.31931,1.32028,1.31989
2012-12-31 06:00:00,1.31989,1.31875,1.3199,1.31903
2012-12-31 07:00:00,1.31904,1.3182,1.31945,1.31906
2012-12-31 08:00:00,1.31908,1.31758,1.31993,1.31947
2012-12-31 09:00:00,1.31945,1.31864,1.31973,1.31883
2012-12-31 10:00:00,1.31881,1.31836,1.31963,1.31898
2012-12-31 11:00:00,1.31896,1.31718,1.31957,1.31837
2012-12-31 12:00:00,1.31839,1.31798,1.3195,1.31866
2012-12-31 13:00:00,1.31868,1.31818,1.32258,1.32117
2012-12-31 14:00:00,1.32118,1.32116,1.32275,1.32163
2012-12-31 15:00:00,1.32168,1.31804,1.32207,1.31804
2012-12-31 16:00:00,1.31802,1.31728,1.31951,1.31845
2012-12-31 17:00:00,1.31845,1.31836,1.32141,1.31962
2012-12-31 18:00:00,1.31961,1.31961,1.31961,1.31961
2013-01-02 05:00:00,1.32595,1.32549,1.32722,1.32656
2013-01-02 06:00:00,1.32658,1.3265,1.3276,1.3271
2013-01-02 07:00:00,1.32707,1.32689,1.32933,1.32724
2013-01-02 08:00:00,1.32722,1.32672,1.32909,1.3281
2013-01-02 09:00:00,1.32812,1.32513,1.32865,1.32635
2013-01-02 10:00:00,1.32638,1.32313,1.32648,1.32446
2013-01-02 11:00:00,1.32448,1.3233,1.32547,1.32487
2013-01-02 12:00:00,1.3249,1.32485,1.32793,1.32669
2013-01-02 13:00:00,1.32671,1.32454,1.32734,1.32479
2013-01-02 14:00:00,1.32479,1.32364,1.32568,1.32537
2013-01-02 15:00:00,1.32539,1.3237,1.32603,1.3239
2013-01-02 16:00:00,1.32391,1.31845,1.3242,1.31944
2013-01-02 17:00:00,1.31946,1.31554,1.31947,1.31679
2013-01-02 18:00:00,1.31676,1.31574,1.3174,1.31639
2013-01-02 19:00:00,1.3164,1.31569,1.31757,1.31749
2013-01-02 20:00:00,1.31748,1.31748,1.31852,1.31852
2013-01-02 21:00:00,1.31854,1.31803,1.31908,1.31858
2013-01-02 22:00:00,1.31855,1.3178,1.31899,1.31884
2013-01-02 23:00:00,1.31886,1.31762,1.31886,1.3183
2013-01-03 00:00:00,1.31828,1.31805,1.31885,1.31822
2013-01-03 01:00:00,1.31823,1.31623,1.3185,1.31704
2013-01-03 02:00:00,1.31707,1.3126,1.31735,1.3126
2013-01-03 03:00:00,1.3126,1.31234,1.31402,1.31382
2013-01-03 04:00:00,1.31382,1.31361,1.3141,1.31368
2013-01-03 05:00:00,1.31367,1.31314,1.31404,1.31382
2013-01-03 06:00:00,1.31381,1.31381,1.31499,1.3145
2013-01-03 07:00:00,1.3145,1.31331,1.31524,1.31336
2013-01-03 08:00:00,1.31339,1.31338,1.31677,1.31637
2013-01-03 09:00:00,1.31636,1.31448,1.31692,1.31466
2013-01-03 10:00:00,1.31466,1.30935,1.3148,1.30957
2013-01-03 11:00:00,1.30958,1.30938,1.31174,1.31125
2013-01-03 12:00:00,1.31128,1.30814,1.3113,1.30978
2013-01-03 13:00:00,1.30978,1.30856,1.31105,1.31105
2013-01-03 14:00:00,1.31106,1.30942,1.31143,1.31002
2013-01-03 15:00:00,1.31,1.3088,1.31153,1.30947
2013-01-03 16:00:00,1.30945,1.30935,1.31204,1.3109
2013-01-03 17:00:00,1.3109,1.31045,1.31129,1.31107
2013-01-03 18:00:00,1.3111,1.31052,1.3112,1.31053
2013-01-03 19:00:00,1.31052,1.30571,1.31052,1.30609
2013-01-03 20:00:00,1.30609,1.30479,1.30646,1.30536
2013-01-03 21:00:00,1.30538,1.30461,1.30546,1.30481
2013-01-03 22:00:00,1.30484,1.30234,1.30515,1.30361
2013-01-03 23:00:00,1.3036,1.30219,1.3053,1.3024
2013-01-04 00:00:00,1.30238,1.30188,1.30397,1.30188
2013-01-04 01:00:00,1.30189,1.30188,1.30372,1.30352
2013-01-04 02:00:00,1.30351,1.30218,1.30353,1.30233
2013-01-04 03:00:00,1.30233,1.30198,1.30331,1.303
2013-01-04 04:00:00,1.30298,1.30269,1.30372,1.30326
2013-01-04 05:00:00,1.30328,1.30309,1.3043,1.30424
2013-01-04 06:00:00,1.30423,1.30373,1.30496,1.30378
2013-01-04 07:00:00,1.3038,1.30068,1.30413,1.30071
2013-01-04 08:00:00,1.30072,1.30055,1.30277,1.30143
2013-01-04 09:00:00,1.30142,1.30019,1.30187,1.30108
2013-01-04 10:00:00,1.3011,1.30057,1.30217,1.30061
2013-01-04 11:00:00,1.30062,1.2997,1.30137,1.30024
2013-01-04 12:00:00,1.30022,1.30012,1.30177,1.30089
2013-01-04 13:00:00,1.30088,1.30033,1.3044,1.30401
2013-01-04 14:00:00,1.304,1.30325,1.30635,1.30618
2013-01-04 15:00:00,1.30612,1.30321,1.30636,1.30439
2013-01-04 16:00:00,1.30439,1.30345,1.30589,1.30461
2013-01-04 17:00:00,1.30461,1.30349,1.305,1.30483
2013-01-04 18:00:00,1.30484,1.30454,1.30577,1.30555
2013-01-04 19:00:00,1.30553,1.30527,1.30764,1.30711
2013-01-04 20:00:00,1.3071,1.30694,1.3089,1.30803
2013-01-04 21:00:00,1.30801,1.30669,1.30816,1.30676
2013-01-06 22:00:00,1.30751,1.30686,1.30784,1.30776
2013-01-06 23:00:00,1.30779,1.30644,1.30781,1.30673
2013-01-07 00:00:00,1.30674,1.30418,1.30676,1.305
2013-01-07 01:00:00,1.30502,1.30473,1.30606,1.30526
2013-01-07 02:00:00,1.30528,1.30528,1.30656,1.30539
2013-01-07 03:00:00,1.30539,1.3051,1.30606,1.30539
2013-01-07 04:00:00,1.30539,1.30341,1.30566,1.30382
2013-01-07 05:00:00,1.30381,1.3028,1.30414,1.30354
2013-01-07 06:00:00,1.30352,1.3029,1.30452,1.30393
2013-01-07 07:00:00,1.30393,1.30295,1.30542,1.30333
2013-01-07 08:00:00,1.30334,1.30166,1.30371,1.30243
2013-01-07 09:00:00,1.30244,1.30159,1.30435,1.30365
2013-01-07 10:00:00,1.30365,1.30332,1.30481,1.30409
2013-01-07 11:00:00,1.30408,1.30326,1.30459,1.30326
2013-01-07 12:00:00,1.30325,1.30214,1.30443,1.3024
2013-01-07 13:00:00,1.30241,1.30226,1.3065,1.30598
2013-01-07 14:00:00,1.30599,1.3052,1.30658,1.30558
2013-01-07 15:00:00,1.3056,1.3053,1.31,1.30978
2013-01-07 16:00:00,1.30975,1.30945,1.31123,1.30981
2013-01-07 17:00:00,1.30979,1.30957,1.311,1.31074
2013-01-07 18:00:00,1.31076,1.31037,1.3119,1.311
2013-01-07 19:00:00,1.31098,1.31057,1.31136,1.31114
2013-01-07 20:00:00,1.31115,1.31047,1.31162,1.31132
2013-01-07 21:00:00,1.3113,1.31126,1.31167,1.31152
2013-01-07 22:00:00,1.3115,1.31135,1.31274,1.31253
2013-01-07 23:00:00,1.31252,1.31177,1.31263,1.31232
2013-01-08 00:00:00,1.31229,1.31153,1.3126,1.31173
2013-01-08 01:00:00,1.31172,1.31037,1.31224,1.31111
2013-01-08 02:00:00,1.31113,1.3103,1.31394,1.31281
2013-01-08 03:00:00,1.31281,1.31167,1.31326,1.3123
2013-01-08 04:00:00,1.3123,1.31176,1.31306,1.31193
2013-01-08 05:00:00,1.31194,1.3119,1.31288,1.3123
2013-01-08 06:00:00,1.31231,1.31106,1.31273,1.31151
2013-01-08 07:00:00,1.31149,1.31046,1.31219,1.31137
2013-01-08 08:00:00,1.31139,1.31026,1.31269,1.31223
2013-01-08 09:00:00,1.31224,1.31153,1.3132,1.31153
2013-01-08 10:00:00,1.31156,1.31111,1.3126,1.31235
2013-01-08 11:00:00,1.31238,1.31067,1.31316,1.31228
2013-01-08 12:00:00,1.31229,1.30905,1.31264,1.30993
2013-01-08 13:00:00,1.30991,1.30685,1.30991,1.30814
2013-01-08 14:00:00,1.30811,1.30681,1.30964,1.30852
2013-01-08 15:00:00,1.3085,1.30613,1.30861,1.30655
2013-01-08 16:00:00,1.30654,1.30556,1.30748,1.30666
2013-01-08 17:00:00,1.30666,1.30641,1.3074,1.30696
2013-01-08 18:00:00,1.30694,1.30666,1.30797,1.30787
2013-01-08 19:00:00,1.30787,1.30761,1.30855,1.3082
2013-01-08 20:00:00,1.30821,1.30788,1.3085,1.30794
2013-01-08 21:00:00,1.30796,1.30784,1.30861,1.30803
2013-01-08 22:00:00,1.30802,1.30755,1.30841,1.30803
2013-01-08 23:00:00,1.30802,1.30786,1.30855,1.3082
2013-01-09 00:00:00,1.30818,1.30661,1.30902,1.30713
2013-01-09 01:00:00,1.30711,1.30711,1.30854,1.30775
2013-01-09 02:00:00,1.30776,1.307,1.30844,1.30732
2013-01-09 03:00:00,1.30732,1.30687,1.30764,1.30731
2013-01-09 04:00:00,1.30731,1.30701,1.30769,1.30741
2013-01-09 05:00:00,1.3074,1.3074,1.30865,1.30848
2013-01-09 06:00:00,1.30849,1.30818,1.30929,1.30846
2013-01-09 07:00:00,1.30845,1.30731,1.30898,1.30759
2013-01-09 08:00:00,1.30756,1.30667,1.3093,1.30887
2013-01-09 09:00:00,1.3089,1.30659,1.30954,1.30679
2013-01-09 10:00:00,1.3068,1.30637,1.30771,1.30674
2013-01-09 11:00:00,1.30672,1.30487,1.30726,1.30498
2013-01-09 12:00:00,1.305,1.30447,1.30638,1.30569
2013-01-09 13:00:00,1.30568,1.30429,1.30612,1.30582
2013-01-09 14:00:00,1.30581,1.30361,1.30581,1.30473
2013-01-09 15:00:00,1.30471,1.304,1.30565,1.30421
2013-01-09 16:00:00,1.30419,1.3041,1.30789,1.30741
2013-01-09 17:00:00,1.30741,1.30626,1.30795,1.30682
2013-01-09 18:00:00,1.30684,1.3045,1.30692,1.30544
2013-01-09 19:00:00,1.30545,1.3052,1.3062,1.30539
2013-01-09 20:00:00,1.3054,1.30523,1.3066,1.30621
2013-01-09 21:00:00,1.30621,1.30607,1.30674,1.30633
2013-01-09 22:00:00,1.30635,1.3051,1.30661,1.30532
2013-01-09 23:00:00,1.30534,1.3051,1.30574,1.30528
2013-01-10 00:00:00,1.30529,1.30466,1.30556,1.30501
2013-01-10 01:00:00,1.30502,1.30384,1.30528,1.30389
2013-01-10 02:00:00,1.3039,1.30385,1.30503,1.30479
2013-01-10 03:00:00,1.30479,1.30451,1.30527,1.30496
2013-01-10 04:00:00,1.30496,1.30423,1.30524,1.30443
2013-01-10 05:00:00,1.30445,1.30418,1.30467,1.30448
2013-01-10 06:00:00,1.30447,1.30444,1.30604,1.30581
2013-01-10 07:00:00,1.30579,1.30538,1.30741,1.30663
2013-01-10 08:00:00,1.30662,1.30564,1.30706,1.30639
2013-01-10 09:00:00,1.30636,1.30629,1.31029,1.3102
2013-01-10 10:00:00,1.31019,1.30926,1.31104,1.30987
2013-01-10 11:00:00,1.30989,1.30967,1.31097,1.31025
2013-01-10 12:00:00,1.31028,1.3091,1.31171,1.3111
2013-01-10 13:00:00,1.31112,1.30977,1.31885,1.31846
2013-01-10 14:00:00,1.31848,1.31729,1.32038,1.31875
2013-01-10 15:00:00,1.31877,1.31812,1.32187,1.32135
2013-01-10 16:00:00,1.32136,1.32089,1.32234,1.32185
2013-01-10 17:00:00,1.32182,1.32153,1.32617,1.32598
2013-01-10 18:00:00,1.326,1.32457,1.32654,1.3263
2013-01-10 19:00:00,1.32628,1.32499,1.32654,1.32521
2013-01-10 20:00:00,1.32523,1.32481,1.32559,1.32511
2013-01-10 21:00:00,1.3251,1.32506,1.32729,1.32713
2013-01-10 22:00:00,1.3271,1.32595,1.3279,1.32667
2013-01-10 23:00:00,1.32669,1.32605,1.32753,1.32724
2013-01-11 00:00:00,1.32722,1.3262,1.32764,1.32691
2013-01-11 01:00:00,1.32694,1.32509,1.32698,1.32513
2013-01-11 02:00:00,1.32513,1.32501,1.32603,1.32584
2013-01-11 03:00:00,1.32584,1.32522,1.32628,1.32556
2013-01-11 04:00:00,1.32556,1.32536,1.32607,1.32591
2013-01-11 05:00:00,1.32591,1.32561,1.32652,1.3262
2013-01-11 06:00:00,1.32622,1.32484,1.32625,1.32512
2013-01-11 07:00:00,1.32512,1.3251,1.32768,1.3272
2013-01-11 08:00:00,1.3272,1.32521,1.32781,1.3258
2013-01-11 09:00:00,1.32583,1.32565,1.32831,1.32721
2013-01-11 10:00:00,1.32719,1.32612,1.32806,1.32668
2013-01-11 11:00:00,1.32665,1.32515,1.32682,1.32515
2013-01-11 12:00:00,1.32517,1.3248,1.32797,1.32685
2013-01-11 13:00:00,1.32684,1.32646,1.33522,1.334
2013-01-11 14:00:00,1.33403,1.33362,1.33655,1.33394
2013-01-11 15:00:00,1.33392,1.33206,1.33477,1.33448
2013-01-11 16:00:00,1.33449,1.33374,1.33569,1.33515
2013-01-11 17:00:00,1.33513,1.33493,1.33626,1.33593
2013-01-11 18:00:00,1.33591,1.33422,1.33605,1.3347
2013-01-11 19:00:00,1.33467,1.33358,1.33485,1.33388
2013-01-11 20:00:00,1.3339,1.33307,1.33415,1.3336
2013-01-11 21:00:00,1.3336,1.33342,1.33451,1.33411
2013-01-13 22:00:00,1.33608,1.335,1.33685,1.33654
2013-01-13 23:00:00,1.33653,1.33537,1.33668,1.33578
2013-01-14 00:00:00,1.33578,1.33522,1.33731,1.33716
2013-01-14 01:00:00,1.33716,1.33668,1.33782,1.33731
2013-01-14 02:00:00,1.33731,1.33726,1.34035,1.33912
2013-01-14 03:00:00,1.33912,1.33899,1.34014,1.33972
2013-01-14 04:00:00,1.33972,1.33897,1.33999,1.33914
2013-01-14 05:00:00,1.33913,1.33831,1.33923,1.33862
2013-01-14 06:00:00,1.33863,1.33765,1.33925,1.338
2013-01-14 07:00:00,1.33798,1.33704,1.33859,1.33778
2013-01-14 08:00:00,1.33778,1.33477,1.33793,1.33572
2013-01-14 09:00:00,1.33573,1.33528,1.33784,1.33734
2013-01-14 10:00:00,1.33732,1.33626,1.33899,1.33643
2013-01-14 11:00:00,1.33643,1.33558,1.33701,1.33624
2013-01-14 12:00:00,1.33622,1.33382,1.33695,1.33388
2013-01-14 13:00:00,1.33388,1.33303,1.33616,1.33542
2013-01-14 14:00:00,1.33542,1.33424,1.33593,1.33516
2013-01-14 15:00:00,1.33514,1.33401,1.33678,1.33668
2013-01-14 16:00:00,1.33667,1.33537,1.33701,1.33677
2013-01-14 17:00:00,1.33677,1.33545,1.33732,1.33612
2013-01-14 18:00:00,1.33614,1.33572,1.33684,1.3365
2013-01-14 19:00:00,1.33651,1.33634,1.33795,1.33791
2013-01-14 20:00:00,1.33789,1.3376,1.3394,1.33839
2013-01-14 21:00:00,1.33838,1.33714,1.33902,1.3381
2013-01-14 22:00:00,1.33804,1.33735,1.33864,1.33755
2013-01-14 23:00:00,1.33758,1.33713,1.33846,1.33765
2013-01-15 00:00:00,1.33765,1.3375,1.33839,1.33803
2013-01-15 01:00:00,1.33804,1.33782,1.33933,1.33875
2013-01-15 02:00:00,1.33878,1.33696,1.33919,1.33782
2013-01-15 03:00:00,1.33782,1.33554,1.33807,1.33567
2013-01-15 04:00:00,1.33567,1.33477,1.33643,1.33565
2013-01-15 05:00:00,1.33564,1.33502,1.33642,1.33562
2013-01-15 06:00:00,1.33562,1.33413,1.33631,1.33474
2013-01-15 07:00:00,1.33476,1.33337,1.33563,1.33469
2013-01-15 08:00:00,1.3347,1.33465,1.33767,1.33728
2013-01-15 09:00:00,1.33727,1.33571,1.33854,1.33814
2013-01-15 10:00:00,1.33812,1.33416,1.33871,1.33493
2013-01-15 11:00:00,1.33493,1.33357,1.33576,1.33466
2013-01-15 12:00:00,1.33468,1.33095,1.33475,1.33207
2013-01-15 13:00:00,1.33205,1.33118,1.334,1.33364
2013-01-15 14:00:00,1.33366,1.33237,1.33463,1.33329
2013-01-15 15:00:00,1.33331,1.33268,1.3357,1.33476
2013-01-15 16:00:00,1.33478,1.33253,1.33492,1.33401
2013-01-15 17:00:00,1.33401,1.3332,1.33438,1.33345
2013-01-15 18:00:00,1.33346,1.32627,1.33406,1.32864
2013-01-15 19:00:00,1.32862,1.32749,1.32976,1.32972
2013-01-15 20:00:00,1.32975,1.3295,1.33182,1.33122
2013-01-15 21:00:00,1.3312,1.33032,1.33139,1.33045
2013-01-15 22:00:00,1.3304,1.32928,1.33075,1.32974
2013-01-15 23:00:00,1.32976,1.32941,1.33094,1.33088
2013-01-16 00:00:00,1.3309,1.32988,1.33169,1.33036
2013-01-16 01:00:00,1.33035,1.32785,1.33091,1.32943
2013-01-16 02:00:00,1.32944,1.32823,1.32946,1.32836
2013-01-16 03:00:00,1.32836,1.32826,1.32929,1.32872
2013-01-16 04:00:00,1.32872,1.328,1.32971,1.32903
2013-01-16 05:00:00,1.32905,1.32828,1.32947,1.32926
2013-01-16 06:00:00,1.32927,1.32713,1.32955,1.32947
2013-01-16 07:00:00,1.32947,1.32704,1.32952,1.32792
2013-01-16 08:00:00,1.32792,1.32615,1.3288,1.32716
2013-01-16 09:00:00,1.32714,1.32642,1.32823,1.32769
2013-01-16 10:00:00,1.3277,1.32699,1.33153,1.33097
2013-01-16 11:00:00,1.33096,1.33056,1.33244,1.33088
2013-01-16 12:00:00,1.33088,1.32561,1.33166,1.32607
2013-01-16 13:00:00,1.32609,1.32564,1.328,1.32682
2013-01-16 14:00:00,1.32684,1.32567,1.32925,1.32757
2013-01-16 15:00:00,1.32754,1.32723,1.33092,1.32956
2013-01-16 16:00:00,1.32953,1.32947,1.33107,1.33039
2013-01-16 17:00:00,1.3304,1.32761,1.33065,1.32829
2013-01-16 18:00:00,1.32827,1.32755,1.32999,1.32999
2013-01-16 19:00:00,1.33,1.32874,1.33007,1.32893
2013-01-16 20:00:00,1.3289,1.32761,1.32896,1.32836
2013-01-16 21:00:00,1.32837,1.32818,1.32931,1.32887
2013-01-16 22:00:00,1.32886,1.3282,1.3292,1.32897
2013-01-16 23:00:00,1.32896,1.32844,1.3294,1.32844
2013-01-17 00:00:00,1.32843,1.32806,1.33063,1.33063
2013-01-17 01:00:00,1.33065,1.33047,1.33146,1.33099
2013-01-17 02:00:00,1.33098,1.32967,1.33101,1.33
2013-01-17 03:00:00,1.33,1.32729,1.33015,1.32835
2013-01-17 04:00:00,1.32835,1.32696,1.3287,1.32826
2013-01-17 05:00:00,1.32825,1.32731,1.32846,1.32807
2013-01-17 06:00:00,1.3281,1.32791,1.33031,1.33017
2013-01-17 07:00:00,1.33018,1.32789,1.33061,1.32921
2013-01-17 08:00:00,1.32918,1.32911,1.33483,1.33397
2013-01-17 09:00:00,1.334,1.33301,1.33569,1.33466
2013-01-17 10:00:00,1.33468,1.33456,1.33706,1.33653
2013-01-17 11:00:00,1.33654,1.33512,1.33725,1.33642
2013-01-17 12:00:00,1.33644,1.3361,1.33772,1.33675
2013-01-17 13:00:00,1.33673,1.33431,1.33777,1.33438
2013-01-17 14:00:00,1.33436,1.3333,1.33463,1.33452
2013-01-17 15:00:00,1.33449,1.33408,1.33606,1.3356
2013-01-17 16:00:00,1.33563,1.33478,1.33582,1.33551
2013-01-17 17:00:00,1.33551,1.33413,1.33662,1.33632
2013-01-17 18:00:00,1.33633,1.33589,1.33869,1.33803
2013-01-17 19:00:00,1.33804,1.33742,1.3386,1.33846
2013-01-17 20:00:00,1.33844,1.33686,1.3386,1.33717
2013-01-17 21:00:00,1.33714,1.33703,1.338,1.33738
2013-01-17 22:00:00,1.33742,1.33686,1.33822,1.33743
2013-01-17 23:00:00,1.33741,1.33685,1.33794,1.33734
2013-01-18 00:00:00,1.33735,1.33678,1.33779,1.33719
2013-01-18 01:00:00,1.33722,1.33623,1.33758,1.33712
2013-01-18 02:00:00,1.33711,1.3361,1.33788,1.33676
2013-01-18 03:00:00,1.33676,1.33672,1.33863,1.33847
2013-01-18 04:00:00,1.33847,1.33766,1.33909,1.33857
2013-01-18 05:00:00,1.33856,1.33784,1.33909,1.33814
2013-01-18 06:00:00,1.33815,1.33784,1.33913,1.33831
2013-01-18 07:00:00,1.33831,1.33727,1.33978,1.33941
2013-01-18 08:00:00,1.33943,1.33599,1.33943,1.33628
2013-01-18 09:00:00,1.33628,1.33363,1.33628,1.3352
2013-01-18 10:00:00,1.33521,1.3333,1.33657,1.33632
2013-01-18 11:00:00,1.33634,1.33444,1.33695,1.33521
2013-01-18 12:00:00,1.33523,1.33198,1.33702,1.33236
2013-01-18 13:00:00,1.33235,1.3295,1.3333,1.3313
2013-01-18 14:00:00,1.33132,1.33095,1.33348,1.33205
2013-01-18 15:00:00,1.33205,1.32893,1.33219,1.32899
2013-01-18 16:00:00,1.329,1.32799,1.33038,1.33026
2013-01-18 17:00:00,1.33026,1.33023,1.33218,1.33199
2013-01-18 18:00:00,1.332,1.33171,1.33316,1.33243
2013-01-18 19:00:00,1.33243,1.33174,1.33315,1.332
2013-01-18 20:00:00,1.33202,1.33149,1.33232,1.33203
2013-01-18 21:00:00,1.33206,1.33119,1.33213,1.33185
2013-01-20 22:00:00,1.33101,1.33054,1.33234,1.33094
2013-01-20 23:00:00,1.33089,1.33081,1.33183,1.3317
2013-01-21 00:00:00,1.33172,1.33016,1.33177,1.33069
2013-01-21 01:00:00,1.33071,1.33053,1.33278,1.33254
2013-01-21 02:00:00,1.33254,1.33185,1.33298,1.33224
2013-01-21 03:00:00,1.33224,1.33156,1.33227,1.3318
2013-01-21 04:00:00,1.3318,1.33171,1.3324,1.33217
2013-01-21 05:00:00,1.33219,1.33071,1.33268,1.33152
2013-01-21 06:00:00,1.33153,1.3312,1.33254,1.33172
2013-01-21 07:00:00,1.33173,1.33109,1.33317,1.33221
2013-01-21 08:00:00,1.33221,1.33035,1.33282,1.33035
2013-01-21 09:00:00,1.33037,1.33024,1.33296,1.33205
2013-01-21 10:00:00,1.33208,1.33001,1.33208,1.33082
2013-01-21 11:00:00,1.33081,1.32995,1.33141,1.33129
2013-01-21 12:00:00,1.33127,1.331,1.3323,1.33129
2013-01-21 13:00:00,1.33128,1.33122,1.33233,1.33127
2013-01-21 14:00:00,1.33128,1.33045,1.33169,1.33092
2013-01-21 15:00:00,1.33093,1.3306,1.33153,1.33137
2013-01-21 16:00:00,1.33139,1.33114,1.33195,1.33143
2013-01-21 17:00:00,1.33143,1.33079,1.33189,1.33159
2013-01-21 18:00:00,1.3316,1.33137,1.33193,1.33158
2013-01-21 19:00:00,1.33157,1.33118,1.33178,1.33159
2013-01-21 20:00:00,1.33164,1.33094,1.33178,1.33127
2013-01-21 21:00:00,1.33126,1.3308,1.33145,1.33121
2013-01-21 22:00:00,1.33118,1.33083,1.33182,1.33152
2013-01-21 23:00:00,1.33152,1.33089,1.3318,1.33091
2013-01-22 00:00:00,1.33091,1.32999,1.33128,1.33062
2013-01-22 01:00:00,1.33062,1.32997,1.331,1.33077
2013-01-22 02:00:00,1.33079,1.33072,1.33149,1.33084
2013-01-22 03:00:00,1.33084,1.33068,1.33283,1.33266
2013-01-22 04:00:00,1.33266,1.33264,1.33575,1.33421
2013-01-22 05:00:00,1.33418,1.33386,1.33495,1.33432
2013-01-22 06:00:00,1.33431,1.33418,1.3364,1.33603
2013-01-22 07:00:00,1.33605,1.33509,1.33712,1.33598
2013-01-22 08:00:00,1.33595,1.3334,1.33639,1.33393
2013-01-22 09:00:00,1.3339,1.32661,1.334,1.33029
2013-01-22 10:00:00,1.33032,1.33028,1.33576,1.33486
2013-01-22 11:00:00,1.33486,1.33445,1.33665,1.33456
2013-01-22 12:00:00,1.33459,1.33216,1.33508,1.33246
2013-01-22 13:00:00,1.33243,1.33047,1.33255,1.33131
2013-01-22 14:00:00,1.33128,1.33023,1.33228,1.33138
2013-01-22 15:00:00,1.33136,1.32773,1.33152,1.32861
2013-01-22 16:00:00,1.32859,1.32796,1.33042,1.33027
2013-01-22 17:00:00,1.33025,1.32986,1.33099,1.33046
2013-01-22 18:00:00,1.33047,1.33036,1.33186,1.33137
2013-01-22 19:00:00,1.33135,1.33107,1.33183,1.33172
2013-01-22 20:00:00,1.33169,1.33108,1.33176,1.33175
2013-01-22 21:00:00,1.33175,1.33155,1.33264,1.33213
2013-01-22 22:00:00,1.33213,1.33187,1.33276,1.3321
2013-01-22 23:00:00,1.33209,1.33117,1.33225,1.33121
2013-01-23 00:00:00,1.33119,1.331,1.33179,1.33167
2013-01-23 01:00:00,1.33169,1.33113,1.33291,1.33169
2013-01-23 02:00:00,1.33167,1.33109,1.33208,1.33167
2013-01-23 03:00:00,1.33167,1.3312,1.33171,1.3314
2013-01-23 04:00:00,1.3314,1.33046,1.3316,1.33107
2013-01-23 05:00:00,1.33106,1.33041,1.33156,1.33088
2013-01-23 06:00:00,1.33087,1.3296,1.33138,1.33007
2013-01-23 07:00:00,1.33005,1.32883,1.33112,1.32986
2013-01-23 08:00:00,1.32985,1.32849,1.33053,1.32971
2013-01-23 09:00:00,1.32969,1.32873,1.33429,1.33306
2013-01-23 10:00:00,1.33303,1.33235,1.3344,1.33349
2013-01-23 11:00:00,1.33351,1.33276,1.334,1.33365
2013-01-23 12:00:00,1.33363,1.33362,1.33537,1.33373
2013-01-23 13:00:00,1.33376,1.33245,1.3347,1.33347
2013-01-23 14:00:00,1.33344,1.33158,1.3339,1.33355
2013-01-23 15:00:00,1.33356,1.32635,1.33441,1.32813
2013-01-23 16:00:00,1.32811,1.3276,1.33091,1.33067
2013-01-23 17:00:00,1.33066,1.32991,1.33127,1.33068
2013-01-23 18:00:00,1.33067,1.33066,1.33174,1.33129
2013-01-23 19:00:00,1.33131,1.33068,1.33198,1.33198
2013-01-23 20:00:00,1.33196,1.33137,1.33233,1.33187
2013-01-23 21:00:00,1.33189,1.33121,1.33235,1.33174
2013-01-23 22:00:00,1.3317,1.3308,1.33186,1.33095
2013-01-23 23:00:00,1.33097,1.33031,1.33123,1.3306
2013-01-24 00:00:00,1.33058,1.32977,1.33089,1.33064
2013-01-24 01:00:00,1.33062,1.32965,1.3316,1.33073
2013-01-24 02:00:00,1.33072,1.33067,1.33243,1.33177
2013-01-24 03:00:00,1.33176,1.33115,1.3321,1.33155
2013-01-24 04:00:00,1.33153,1.33127,1.33212,1.33129
2013-01-24 05:00:00,1.33127,1.33057,1.33199,1.33114
2013-01-24 06:00:00,1.33114,1.33084,1.33432,1.33424
2013-01-24 07:00:00,1.33426,1.32965,1.33466,1.33033
2013-01-24 08:00:00,1.33036,1.32856,1.33355,1.33199
2013-01-24 09:00:00,1.33196,1.33158,1.33422,1.33185
2013-01-24 10:00:00,1.33182,1.33127,1.33321,1.3327
2013-01-24 11:00:00,1.33269,1.33199,1.33341,1.33228
2013-01-24 12:00:00,1.3323,1.33225,1.33332,1.3326
2013-01-24 13:00:00,1.33262,1.33259,1.33577,1.33523
2013-01-24 14:00:00,1.33523,1.3336,1.33628,1.33427
2013-01-24 15:00:00,1.33425,1.33421,1.33779,1.3373
2013-01-24 16:00:00,1.33732,1.33694,1.33923,1.33767
2013-01-24 17:00:00,1.33767,1.33651,1.33781,1.33724
2013-01-24 18:00:00,1.33722,1.33632,1.33736,1.33681
2013-01-24 19:00:00,1.33682,1.3366,1.33747,1.33715
2013-01-24 20:00:00,1.33715,1.3366,1.33778,1.33718
2013-01-24 21:00:00,1.33716,1.33674,1.33816,1.33758
2013-01-24 22:00:00,1.33755,1.33707,1.33789,1.33787
2013-01-24 23:00:00,1.33789,1.33663,1.33791,1.33671
2013-01-25 00:00:00,1.33671,1.33647,1.33748,1.33665
2013-01-25 01:00:00,1.33662,1.33572,1.33688,1.33577
2013-01-25 02:00:00,1.33574,1.33491,1.33659,1.33641
2013-01-25 03:00:00,1.33641,1.33519,1.33657,1.33556
2013-01-25 04:00:00,1.33556,1.33521,1.33625,1.33615
2013-01-25 05:00:00,1.33613,1.33595,1.33716,1.33675
2013-01-25 06:00:00,1.33675,1.33581,1.33837,1.33803
2013-01-25 07:00:00,1.33806,1.33795,1.34184,1.34089
2013-01-25 08:00:00,1.3409,1.34051,1.34312,1.34198
2013-01-25 09:00:00,1.34197,1.34089,1.34418,1.34361
2013-01-25 10:00:00,1.34359,1.34101,1.34512,1.34173
2013-01-25 11:00:00,1.34175,1.34114,1.34641,1.34302
2013-01-25 12:00:00,1.34302,1.343,1.3466,1.3453
2013-01-25 13:00:00,1.34527,1.3441,1.34688,1.34548
2013-01-25 14:00:00,1.34547,1.34508,1.34741,1.34727
2013-01-25 15:00:00,1.34731,1.34555,1.34786,1.34755
2013-01-25 16:00:00,1.34754,1.34517,1.34756,1.34553
2013-01-25 17:00:00,1.34553,1.34507,1.34658,1.34511
2013-01-25 18:00:00,1.34513,1.34513,1.3464,1.34618
2013-01-25 19:00:00,1.34615,1.34609,1.34709,1.34638
2013-01-25 20:00:00,1.34641,1.34552,1.34669,1.3459
2013-01-25 21:00:00,1.3459,1.34476,1.34637,1.34622
2013-01-27 22:00:00,1.34648,1.34518,1.34651,1.34584
2013-01-27 23:00:00,1.34584,1.34576,1.34703,1.34643
2013-01-28 00:00:00,1.34644,1.34569,1.34696,1.34591
2013-01-28 01:00:00,1.34592,1.34498,1.34607,1.34531
2013-01-28 02:00:00,1.34532,1.34505,1.34584,1.34544
2013-01-28 03:00:00,1.34546,1.34498,1.34573,1.34514
2013-01-28 04:00:00,1.34514,1.34507,1.3461,1.34586
2013-01-28 05:00:00,1.34586,1.34557,1.34674,1.34557
2013-01-28 06:00:00,1.34558,1.34422,1.34595,1.34455
2013-01-28 07:00:00,1.34453,1.34297,1.3451,1.34318
2013-01-28 08:00:00,1.34317,1.34239,1.34448,1.34442
2013-01-28 09:00:00,1.34439,1.34263,1.34581,1.34554
2013-01-28 10:00:00,1.34556,1.34415,1.34572,1.34503
2013-01-28 11:00:00,1.34501,1.34345,1.34519,1.34359
2013-01-28 12:00:00,1.34362,1.34284,1.34438,1.34394
2013-01-28 13:00:00,1.34392,1.34295,1.34728,1.34654
2013-01-28 14:00:00,1.34654,1.34506,1.34766,1.34669
2013-01-28 15:00:00,1.34667,1.34316,1.34675,1.34611
2013-01-28 16:00:00,1.34611,1.34427,1.34702,1.3458
2013-01-28 17:00:00,1.34583,1.34469,1.34616,1.34575
2013-01-28 18:00:00,1.34577,1.34453,1.34579,1.34486
2013-01-28 19:00:00,1.34483,1.34479,1.34577,1.34551
2013-01-28 20:00:00,1.34553,1.34529,1.34598,1.34538
2013-01-28 21:00:00,1.34541,1.34492,1.34557,1.34544
2013-01-28 22:00:00,1.34545,1.34448,1.34553,1.34449
2013-01-28 23:00:00,1.34451,1.3443,1.34509,1.34467
2013-01-29 00:00:00,1.34467,1.34443,1.3452,1.34516
2013-01-29 01:00:00,1.34517,1.34423,1.34519,1.34466
2013-01-29 02:00:00,1.34468,1.34455,1.34552,1.34515
2013-01-29 03:00:00,1.34513,1.34498,1.34582,1.34516
2013-01-29 04:00:00,1.34516,1.34511,1.34601,1.34567
2013-01-29 05:00:00,1.34567,1.34454,1.3457,1.34472
2013-01-29 06:00:00,1.34471,1.34364,1.34517,1.34413
2013-01-29 07:00:00,1.34413,1.3428,1.34485,1.34376
2013-01-29 08:00:00,1.34374,1.34337,1.34585,1.34541
2013-01-29 09:00:00,1.34542,1.34348,1.34566,1.34405
2013-01-29 10:00:00,1.34407,1.34172,1.34586,1.34256
2013-01-29 11:00:00,1.34253,1.34137,1.34347,1.34296
2013-01-29 12:00:00,1.34293,1.34261,1.34423,1.34293
2013-01-29 13:00:00,1.34295,1.34255,1.34502,1.34408
2013-01-29 14:00:00,1.34412,1.34408,1.34923,1.34822
2013-01-29 15:00:00,1.3482,1.3472,1.34959,1.34752
2013-01-29 16:00:00,1.34752,1.34615,1.34859,1.34831
2013-01-29 17:00:00,1.34831,1.3475,1.34847,1.34797
2013-01-29 18:00:00,1.34794,1.34787,1.34863,1.34818
2013-01-29 19:00:00,1.34818,1.34815,1.34966,1.34862
2013-01-29 20:00:00,1.34859,1.34844,1.34961,1.34909
2013-01-29 21:00:00,1.34911,1.34863,1.34934,1.34906
2013-01-29 22:00:00,1.34896,1.34847,1.34911,1.34864
2013-01-29 23:00:00,1.34863,1.34839,1.3493,1.34873
2013-01-30 00:00:00,1.34872,1.34841,1.34903,1.34876
2013-01-30 01:00:00,1.34877,1.34855,1.34908,1.34887
2013-01-30 02:00:00,1.34888,1.34884,1.34936,1.34928
2013-01-30 03:00:00,1.34928,1.34848,1.34948,1.34887
2013-01-30 04:00:00,1.34887,1.34855,1.34895,1.34874
2013-01-30 05:00:00,1.34876,1.34846,1.34878,1.34876
2013-01-30 06:00:00,1.34877,1.34813,1.34926,1.34902
2013-01-30 07:00:00,1.34905,1.34888,1.35151,1.35113
2013-01-30 08:00:00,1.3511,1.34974,1.35115,1.35048
2013-01-30 09:00:00,1.3505,1.3505,1.35364,1.35297
2013-01-30 10:00:00,1.35296,1.35219,1.35593,1.35553
2013-01-30 11:00:00,1.3555,1.35416,1.35624,1.35442
2013-01-30 12:00:00,1.3544,1.35387,1.355,1.35411
2013-01-30 13:00:00,1.35411,1.35325,1.35574,1.35388
2013-01-30 14:00:00,1.35388,1.35355,1.35584,1.3549
2013-01-30 15:00:00,1.35489,1.35487,1.3577,1.35686
2013-01-30 16:00:00,1.35688,1.35578,1.35776,1.35634
2013-01-30 17:00:00,1.35634,1.35586,1.35749,1.3573
2013-01-30 18:00:00,1.3573,1.35637,1.35735,1.3567
2013-01-30 19:00:00,1.35672,1.3558,1.35863,1.35659
2013-01-30 20:00:00,1.35661,1.35608,1.35769,1.35639
2013-01-30 21:00:00,1.35637,1.35621,1.35678,1.35655
2013-01-30 22:00:00,1.35653,1.35611,1.35746,1.35672
2013-01-30 23:00:00,1.35674,1.35663,1.35725,1.35676
2013-01-31 00:00:00,1.35677,1.35662,1.35729,1.35706
2013-01-31 01:00:00,1.35703,1.35633,1.3571,1.35638
2013-01-31 02:00:00,1.35635,1.35616,1.35685,1.35664
2013-01-31 03:00:00,1.35664,1.35647,1.35728,1.35721
2013-01-31 04:00:00,1.35721,1.35663,1.35731,1.35679
2013-01-31 05:00:00,1.35678,1.35658,1.35836,1.35825
2013-01-31 06:00:00,1.35823,1.35507,1.35824,1.35562
2013-01-31 07:00:00,1.3556,1.35434,1.3559,1.35515
2013-01-31 08:00:00,1.35513,1.35437,1.35648,1.35631
2013-01-31 09:00:00,1.35628,1.355,1.35635,1.35616
2013-01-31 10:00:00,1.35617,1.35499,1.35703,1.35542
2013-01-31 11:00:00,1.35541,1.35406,1.35579,1.3552
2013-01-31 12:00:00,1.35521,1.35509,1.35598,1.3553
2013-01-31 13:00:00,1.3553,1.35446,1.35644,1.3563
2013-01-31 14:00:00,1.35633,1.35596,1.35763,1.35726
2013-01-31 15:00:00,1.35726,1.35664,1.35937,1.35735
2013-01-31 16:00:00,1.35733,1.35666,1.35894,1.35828
2013-01-31 17:00:00,1.35828,1.35781,1.35881,1.35834
2013-01-31 18:00:00,1.35832,1.35733,1.35854,1.35769
2013-01-31 19:00:00,1.35767,1.35698,1.35784,1.3574
2013-01-31 20:00:00,1.3574,1.35713,1.35816,1.35777
2013-01-31 21:00:00,1.35774,1.35746,1.35826,1.35766
2013-01-31 22:00:00,1.35768,1.35721,1.359,1.35865
2013-01-31 23:00:00,1.35867,1.35828,1.36176,1.3611
2013-02-01 00:00:00,1.36111,1.35995,1.36138,1.36109
2013-02-01 01:00:00,1.3611,1.36042,1.36226,1.36109
2013-02-01 02:00:00,1.36109,1.3603,1.36117,1.36059
2013-02-01 03:00:00,1.36059,1.36043,1.36106,1.36079
2013-02-01 04:00:00,1.36079,1.36032,1.36331,1.36225
2013-02-01 05:00:00,1.36226,1.36161,1.36322,1.36173
2013-02-01 06:00:00,1.36173,1.36158,1.36249,1.36182
2013-02-01 07:00:00,1.36184,1.36175,1.36391,1.36268
2013-02-01 08:00:00,1.3627,1.36067,1.36546,1.36487
2013-02-01 09:00:00,1.3649,1.36434,1.36744,1.36686
2013-02-01 10:00:00,1.36688,1.36601,1.36744,1.36643
2013-02-01 11:00:00,1.36643,1.36373,1.36657,1.36374
2013-02-01 12:00:00,1.36376,1.36369,1.36582,1.3655
2013-02-01 13:00:00,1.3655,1.36323,1.36715,1.36565
2013-02-01 14:00:00,1.36568,1.35854,1.36581,1.35976
2013-02-01 15:00:00,1.35976,1.35877,1.36969,1.3695
2013-02-01 16:00:00,1.3695,1.36859,1.37105,1.36905
2013-02-01 17:00:00,1.36905,1.36659,1.36926,1.36708
2013-02-01 18:00:00,1.36707,1.36575,1.36724,1.36627
2013-02-01 19:00:00,1.36626,1.36591,1.36722,1.36615
2013-02-01 20:00:00,1.36612,1.36518,1.36654,1.36546
2013-02-01 21:00:00,1.36543,1.36383,1.3655,1.36389
2013-02-03 22:00:00,1.36504,1.36464,1.36591,1.36489
2013-02-03 23:00:00,1.36486,1.36445,1.36536,1.36445
2013-02-04 00:00:00,1.36446,1.36388,1.3648,1.36431
2013-02-04 01:00:00,1.36432,1.36245,1.3644,1.36245
2013-02-04 02:00:00,1.36247,1.36216,1.36289,1.36231
2013-02-04 03:00:00,1.36231,1.36227,1.36354,1.36286
2013-02-04 04:00:00,1.36288,1.36181,1.36304,1.36206
2013-02-04 05:00:00,1.36208,1.36197,1.36281,1.36261
2013-02-04 06:00:00,1.3626,1.36208,1.36333,1.36281
2013-02-04 07:00:00,1.36281,1.36223,1.36358,1.36265
2013-02-04 08:00:00,1.36265,1.35907,1.36265,1.35949
2013-02-04 09:00:00,1.35949,1.3579,1.36065,1.35864
2013-02-04 10:00:00,1.35863,1.3559,1.35925,1.3567
2013-02-04 11:00:00,1.35669,1.35554,1.35706,1.35585
2013-02-04 12:00:00,1.35587,1.35536,1.35751,1.35702
2013-02-04 13:00:00,1.35699,1.35483,1.35774,1.35703
2013-02-04 14:00:00,1.35704,1.35518,1.35772,1.35736
2013-02-04 15:00:00,1.35738,1.35446,1.35802,1.35571
2013-02-04 16:00:00,1.35572,1.35239,1.35593,1.35261
2013-02-04 17:00:00,1.35261,1.35226,1.3543,1.35342
2013-02-04 18:00:00,1.35343,1.35048,1.35363,1.35107
2013-02-04 19:00:00,1.35105,1.3509,1.35196,1.35182
2013-02-04 20:00:00,1.35184,1.35097,1.35201,1.35121
2013-02-04 21:00:00,1.35123,1.35091,1.35179,1.35128
2013-02-04 22:00:00,1.35125,1.34979,1.35199,1.35026
2013-02-04 23:00:00,1.35027,1.34988,1.35135,1.35098
2013-02-05 00:00:00,1.35099,1.34906,1.35152,1.34948
2013-02-05 01:00:00,1.3495,1.34925,1.35057,1.35042
2013-02-05 02:00:00,1.35043,1.34909,1.35054,1.34981
2013-02-05 03:00:00,1.34981,1.34858,1.35007,1.34928
2013-02-05 04:00:00,1.34928,1.34838,1.34942,1.34859
2013-02-05 05:00:00,1.34858,1.34807,1.3487,1.34841
2013-02-05 06:00:00,1.3484,1.34608,1.34874,1.34651
2013-02-05 07:00:00,1.3465,1.34577,1.34818,1.34696
2013-02-05 08:00:00,1.34698,1.34685,1.35293,1.35284
2013-02-05 09:00:00,1.35286,1.35225,1.35464,1.35233
2013-02-05 10:00:00,1.35231,1.35132,1.35512,1.35457
2013-02-05 11:00:00,1.35456,1.35385,1.35667,1.35546
2013-02-05 12:00:00,1.35548,1.35426,1.35677,1.35426
2013-02-05 13:00:00,1.35428,1.35075,1.35444,1.35173
2013-02-05 14:00:00,1.35174,1.35011,1.35339,1.35286
2013-02-05 15:00:00,1.3529,1.35248,1.35535,1.35279
2013-02-05 16:00:00,1.35277,1.35237,1.35969,1.3568
2013-02-05 17:00:00,1.35681,1.35577,1.35839,1.35838
2013-02-05 18:00:00,1.35836,1.35801,1.35927,1.35802
2013-02-05 19:00:00,1.35803,1.35723,1.35878,1.35842
2013-02-05 20:00:00,1.35843,1.35765,1.35871,1.35779
2013-02-05 21:00:00,1.35781,1.35755,1.35852,1.35824
2013-02-05 22:00:00,1.35816,1.35755,1.35909,1.3581
2013-02-05 23:00:00,1.35814,1.3573,1.3583,1.35824
2013-02-06 00:00:00,1.35824,1.35718,1.35873,1.35822
2013-02-06 01:00:00,1.35822,1.3578,1.35952,1.35952
2013-02-06 02:00:00,1.3595,1.35818,1.35955,1.3583
2013-02-06 03:00:00,1.3583,1.3572,1.35854,1.35811
2013-02-06 04:00:00,1.35811,1.35747,1.35824,1.35762
2013-02-06 05:00:00,1.35761,1.35604,1.35814,1.35609
2013-02-06 06:00:00,1.35612,1.35597,1.35722,1.3565
2013-02-06 07:00:00,1.35651,1.35288,1.35721,1.35444
2013-02-06 08:00:00,1.35442,1.35127,1.35486,1.35429
2013-02-06 09:00:00,1.35429,1.35168,1.35436,1.35387
2013-02-06 10:00:00,1.35389,1.35186,1.35472,1.35432
2013-02-06 11:00:00,1.35429,1.35221,1.35436,1.35301
2013-02-06 12:00:00,1.35301,1.3504,1.35377,1.35266
2013-02-06 13:00:00,1.35268,1.34928,1.35271,1.34981
2013-02-06 14:00:00,1.34983,1.34977,1.35288,1.35246
2013-02-06 15:00:00,1.35248,1.35184,1.35437,1.35369
2013-02-06 16:00:00,1.35371,1.35228,1.35409,1.35273
2013-02-06 17:00:00,1.35273,1.35128,1.35369,1.3513
2013-02-06 18:00:00,1.35133,1.35101,1.35194,1.35121
2013-02-06 19:00:00,1.35123,1.35113,1.3525,1.35243
2013-02-06 20:00:00,1.35243,1.35194,1.3526,1.35218
2013-02-06 21:00:00,1.35217,1.35159,1.35232,1.35206
2013-02-06 22:00:00,1.35204,1.35158,1.35242,1.35175
2013-02-06 23:00:00,1.35175,1.35174,1.35251,1.3521
2013-02-07 00:00:00,1.35208,1.35102,1.3523,1.35144
2013-02-07 01:00:00,1.35143,1.35061,1.35151,1.35128
2013-02-07 02:00:00,1.35127,1.35064,1.35166,1.3508
2013-02-07 03:00:00,1.35083,1.35029,1.35085,1.35055
2013-02-07 04:00:00,1.35055,1.35055,1.35109,1.35103
2013-02-07 05:00:00,1.35103,1.35103,1.35312,1.35263
2013-02-07 06:00:00,1.35265,1.35255,1.35382,1.35359
2013-02-07 07:00:00,1.35361,1.3521,1.35422,1.35284
2013-02-07 08:00:00,1.35286,1.35187,1.35771,1.35631
2013-02-07 09:00:00,1.35633,1.35557,1.35733,1.35596
2013-02-07 10:00:00,1.35595,1.35462,1.35753,1.35692
2013-02-07 11:00:00,1.35695,1.35597,1.35747,1.35635
2013-02-07 12:00:00,1.35635,1.35561,1.3573,1.35593
2013-02-07 13:00:00,1.35596,1.34619,1.35657,1.34631
2013-02-07 14:00:00,1.34629,1.34182,1.34761,1.34302
2013-02-07 15:00:00,1.34305,1.337,1.34314,1.3389
2013-02-07 16:00:00,1.33887,1.33784,1.34068,1.33808
2013-02-07 17:00:00,1.33808,1.33806,1.34072,1.33998
2013-02-07 18:00:00,1.34,1.33874,1.34015,1.33982
2013-02-07 19:00:00,1.33985,1.33887,1.34043,1.34025
2013-02-07 20:00:00,1.34025,1.33926,1.3404,1.33979
2013-02-07 21:00:00,1.33981,1.33943,1.34006,1.33969
2013-02-07 22:00:00,1.33964,1.33837,1.3399,1.33935
2013-02-07 23:00:00,1.33937,1.33809,1.33991,1.33823
2013-02-08 00:00:00,1.33822,1.3382,1.33988,1.33953
2013-02-08 01:00:00,1.33953,1.33829,1.34044,1.34038
2013-02-08 02:00:00,1.34038,1.33977,1.34162,1.34106
2013-02-08 03:00:00,1.34106,1.34068,1.34149,1.3409
2013-02-08 04:00:00,1.3409,1.34083,1.34164,1.34098
2013-02-08 05:00:00,1.34096,1.3393,1.3411,1.34002
2013-02-08 06:00:00,1.34003,1.33961,1.34113,1.3402
2013-02-08 07:00:00,1.34019,1.33806,1.34019,1.33971
2013-02-08 08:00:00,1.33969,1.33923,1.34153,1.34099
2013-02-08 09:00:00,1.341,1.34052,1.34268,1.34171
2013-02-08 10:00:00,1.34171,1.34019,1.34288,1.34089
2013-02-08 11:00:00,1.34087,1.33996,1.34195,1.34117
2013-02-08 12:00:00,1.34118,1.33746,1.34229,1.33867
2013-02-08 13:00:00,1.33871,1.33601,1.33877,1.33772
2013-02-08 14:00:00,1.33773,1.33649,1.34066,1.3384
2013-02-08 15:00:00,1.33842,1.33693,1.33932,1.33799
2013-02-08 16:00:00,1.33801,1.33647,1.33876,1.3365
2013-02-08 17:00:00,1.3365,1.33527,1.3367,1.33542
2013-02-08 18:00:00,1.33542,1.33535,1.33672,1.33587
2013-02-08 19:00:00,1.33585,1.33563,1.33627,1.33616
2013-02-08 20:00:00,1.33616,1.33603,1.33661,1.33652
2013-02-08 21:00:00,1.33652,1.33592,1.33709,1.33606
2013-02-10 22:00:00,1.33671,1.33617,1.33735,1.33682
2013-02-10 23:00:00,1.33675,1.33629,1.33705,1.33655
2013-02-11 00:00:00,1.33653,1.33632,1.33763,1.33752
2013-02-11 01:00:00,1.33752,1.33681,1.33772,1.33711
2013-02-11 02:00:00,1.33711,1.33668,1.33729,1.33722
2013-02-11 03:00:00,1.33722,1.33706,1.3378,1.33735
2013-02-11 04:00:00,1.33735,1.33663,1.33738,1.33733
2013-02-11 05:00:00,1.33733,1.33702,1.33774,1.33766
2013-02-11 06:00:00,1.33765,1.33746,1.33906,1.33845
2013-02-11 07:00:00,1.33847,1.33663,1.33901,1.33718
2013-02-11 08:00:00,1.33717,1.33567,1.33893,1.33836
2013-02-11 09:00:00,1.33838,1.33788,1.34025,1.33971
2013-02-11 10:00:00,1.33972,1.33811,1.34041,1.33848
2013-02-11 11:00:00,1.33848,1.33744,1.33888,1.33798
2013-02-11 12:00:00,1.338,1.338,1.34118,1.33986
2013-02-11 13:00:00,1.33988,1.33793,1.34023,1.33865
2013-02-11 14:00:00,1.33865,1.33616,1.33889,1.33651
2013-02-11 15:00:00,1.33652,1.33618,1.33829,1.3378
2013-02-11 16:00:00,1.3378,1.33772,1.3427,1.34124
2013-02-11 17:00:00,1.34124,1.34055,1.34141,1.3408
2013-02-11 18:00:00,1.34082,1.34082,1.34209,1.34146
2013-02-11 19:00:00,1.34146,1.33861,1.34199,1.33882
2013-02-11 20:00:00,1.3388,1.33811,1.34026,1.33997
2013-02-11 21:00:00,1.33997,1.33954,1.34133,1.3405
2013-02-11 22:00:00,1.34048,1.33932,1.34059,1.34015
2013-02-11 23:00:00,1.34012,1.33957,1.34111,1.34012
2013-02-12 00:00:00,1.34015,1.33966,1.34077,1.34064
2013-02-12 01:00:00,1.34062,1.33986,1.34089,1.34019
2013-02-12 02:00:00,1.34021,1.33975,1.34038,1.33981
2013-02-12 03:00:00,1.33981,1.33881,1.33981,1.33931
2013-02-12 04:00:00,1.33931,1.33815,1.33936,1.33903
2013-02-12 05:00:00,1.33904,1.33776,1.33904,1.33797
2013-02-12 06:00:00,1.33796,1.3378,1.33898,1.33877
2013-02-12 07:00:00,1.33876,1.33684,1.33927,1.33796
2013-02-12 08:00:00,1.33798,1.33634,1.33881,1.33866
2013-02-12 09:00:00,1.33868,1.3377,1.34066,1.33787
2013-02-12 10:00:00,1.33786,1.33751,1.34459,1.34354
2013-02-12 11:00:00,1.34352,1.34352,1.34661,1.34451
2013-02-12 12:00:00,1.3445,1.34326,1.34474,1.34337
2013-02-12 13:00:00,1.34337,1.34094,1.34531,1.34234
2013-02-12 14:00:00,1.34237,1.34094,1.34319,1.34178
2013-02-12 15:00:00,1.3418,1.34163,1.34751,1.34633
2013-02-12 16:00:00,1.34634,1.34484,1.3468,1.34492
2013-02-12 17:00:00,1.34492,1.34462,1.34627,1.34622
2013-02-12 18:00:00,1.34623,1.3452,1.34639,1.34529
2013-02-12 19:00:00,1.34532,1.34392,1.34566,1.34411
2013-02-12 20:00:00,1.34409,1.34405,1.34497,1.34495
2013-02-12 21:00:00,1.34495,1.34489,1.3455,1.34531
2013-02-12 22:00:00,1.34531,1.34497,1.34569,1.3451
2013-02-12 23:00:00,1.3451,1.34452,1.3454,1.34514
2013-02-13 00:00:00,1.34514,1.3444,1.34529,1.34521
2013-02-13 01:00:00,1.3452,1.34487,1.34558,1.34499
2013-02-13 02:00:00,1.345,1.34486,1.34531,1.34508
2013-02-13 03:00:00,1.34508,1.34371,1.34521,1.34427
2013-02-13 04:00:00,1.34427,1.34375,1.34511,1.3446
2013-02-13 05:00:00,1.34459,1.34386,1.34515,1.34448
2013-02-13 06:00:00,1.34447,1.34416,1.34514,1.34428
2013-02-13 07:00:00,1.34429,1.34393,1.34711,1.34636
2013-02-13 08:00:00,1.34635,1.34508,1.34699,1.34652
2013-02-13 09:00:00,1.34652,1.34649,1.34872,1.34713
2013-02-13 10:00:00,1.34711,1.34601,1.34921,1.34815
2013-02-13 11:00:00,1.34813,1.34702,1.34951,1.34882
2013-02-13 12:00:00,1.34882,1.34773,1.35196,1.34871
2013-02-13 13:00:00,1.34873,1.34641,1.34962,1.34786
2013-02-13 14:00:00,1.34784,1.3467,1.34863,1.34793
2013-02-13 15:00:00,1.34793,1.34255,1.34817,1.34363
2013-02-13 16:00:00,1.34365,1.34332,1.34487,1.34471
2013-02-13 17:00:00,1.34471,1.34459,1.34594,1.34521
2013-02-13 18:00:00,1.34518,1.34461,1.34555,1.34479
2013-02-13 19:00:00,1.3448,1.34417,1.34502,1.34482
2013-02-13 20:00:00,1.3448,1.34439,1.34505,1.34449
2013-02-13 21:00:00,1.3445,1.34448,1.34527,1.34507
2013-02-13 22:00:00,1.34507,1.34407,1.3453,1.3448
2013-02-13 23:00:00,1.34482,1.34418,1.34493,1.3444
2013-02-14 00:00:00,1.34438,1.3442,1.34483,1.34443
2013-02-14 01:00:00,1.34441,1.34413,1.3455,1.3452
2013-02-14 02:00:00,1.3452,1.34477,1.34541,1.34479
2013-02-14 03:00:00,1.34479,1.34415,1.3451,1.34427
2013-02-14 04:00:00,1.34427,1.34337,1.34456,1.3438
2013-02-14 05:00:00,1.34378,1.34293,1.34443,1.34323
2013-02-14 06:00:00,1.34324,1.34124,1.3441,1.34135
2013-02-14 07:00:00,1.34135,1.33818,1.34233,1.33864
2013-02-14 08:00:00,1.33866,1.33835,1.34139,1.34118
2013-02-14 09:00:00,1.3412,1.33597,1.34125,1.33616
2013-02-14 10:00:00,1.33616,1.33177,1.33617,1.33316
2013-02-14 11:00:00,1.33318,1.33143,1.33357,1.33254
2013-02-14 12:00:00,1.33252,1.33193,1.33442,1.33401
2013-02-14 13:00:00,1.33402,1.33253,1.33427,1.33302
2013-02-14 14:00:00,1.33302,1.33238,1.3351,1.33417
2013-02-14 15:00:00,1.33419,1.33195,1.33465,1.33415
2013-02-14 16:00:00,1.33415,1.3321,1.33421,1.33334
2013-02-14 17:00:00,1.33334,1.3332,1.33416,1.3339
2013-02-14 18:00:00,1.33392,1.33356,1.33426,1.33409
2013-02-14 19:00:00,1.33409,1.33401,1.33493,1.33457
2013-02-14 20:00:00,1.3346,1.33443,1.33609,1.33576
2013-02-14 21:00:00,1.33575,1.33537,1.33627,1.33622
2013-02-14 22:00:00,1.3362,1.33544,1.33716,1.33567
2013-02-14 23:00:00,1.33568,1.33475,1.33604,1.33492
2013-02-15 00:00:00,1.33494,1.33478,1.33601,1.3352
2013-02-15 01:00:00,1.33517,1.33468,1.33546,1.33513
2013-02-15 02:00:00,1.33513,1.33473,1.3365,1.33637
2013-02-15 03:00:00,1.33637,1.33578,1.33688,1.33632
2013-02-15 04:00:00,1.33632,1.335,1.33677,1.33544
2013-02-15 05:00:00,1.33542,1.33473,1.33612,1.3356
2013-02-15 06:00:00,1.33561,1.33493,1.33931,1.33779
2013-02-15 07:00:00,1.33779,1.33641,1.33804,1.33778
2013-02-15 08:00:00,1.33775,1.331,1.33782,1.33334
2013-02-15 09:00:00,1.33335,1.3322,1.33374,1.33274
2013-02-15 10:00:00,1.33273,1.3324,1.33456,1.33272
2013-02-15 11:00:00,1.33271,1.33209,1.33347,1.33321
2013-02-15 12:00:00,1.33319,1.33055,1.33319,1.33147
2013-02-15 13:00:00,1.33146,1.33084,1.3368,1.33587
2013-02-15 14:00:00,1.33588,1.3343,1.3362,1.33464
2013-02-15 15:00:00,1.33467,1.33441,1.33754,1.33499
2013-02-15 16:00:00,1.335,1.33479,1.33646,1.33614
2013-02-15 17:00:00,1.33614,1.33476,1.33633,1.33532
2013-02-15 18:00:00,1.33534,1.33521,1.33586,1.33582
2013-02-15 19:00:00,1.3358,1.33518,1.33627,1.33538
2013-02-15 20:00:00,1.33538,1.33537,1.33629,1.33613
2013-02-15 21:00:00,1.33613,1.33537,1.33678,1.33585
2013-02-17 22:00:00,1.33488,1.33402,1.33573,1.33448
2013-02-17 23:00:00,1.33453,1.33367,1.33561,1.33386
2013-02-18 00:00:00,1.33384,1.33354,1.33463,1.33404
2013-02-18 01:00:00,1.33405,1.33308,1.33421,1.33342
2013-02-18 02:00:00,1.33342,1.33334,1.33411,1.33392
2013-02-18 03:00:00,1.33393,1.33252,1.33393,1.33281
2013-02-18 04:00:00,1.33281,1.33268,1.33354,1.33301
2013-02-18 05:00:00,1.33301,1.33293,1.33413,1.33404
2013-02-18 06:00:00,1.33405,1.33389,1.33484,1.3348
2013-02-18 07:00:00,1.3348,1.33289,1.33527,1.33349
2013-02-18 08:00:00,1.3335,1.33209,1.33392,1.33383
2013-02-18 09:00:00,1.3338,1.33321,1.3379,1.335
2013-02-18 10:00:00,1.33502,1.33436,1.33617,1.33531
2013-02-18 11:00:00,1.33531,1.33379,1.33559,1.33502
2013-02-18 12:00:00,1.33504,1.33498,1.3365,1.33565
2013-02-18 13:00:00,1.33566,1.33454,1.33617,1.33609
2013-02-18 14:00:00,1.33611,1.33318,1.33628,1.33419
2013-02-18 15:00:00,1.33417,1.33381,1.33583,1.3349
2013-02-18 16:00:00,1.33489,1.33469,1.33527,1.33519
2013-02-18 17:00:00,1.33519,1.33464,1.33532,1.33524
2013-02-18 18:00:00,1.33526,1.33474,1.33541,1.33517
2013-02-18 19:00:00,1.33514,1.33498,1.33529,1.33502
2013-02-18 20:00:00,1.33501,1.33488,1.3352,1.33506
2013-02-18 21:00:00,1.33502,1.33479,1.33514,1.33498
2013-02-18 22:00:00,1.33496,1.33496,1.33553,1.33514
2013-02-18 23:00:00,1.33516,1.3345,1.33647,1.33477
2013-02-19 00:00:00,1.33478,1.33381,1.33507,1.33451
2013-02-19 01:00:00,1.33449,1.33383,1.33476,1.33468
2013-02-19 02:00:00,1.33467,1.33404,1.33485,1.33433
2013-02-19 03:00:00,1.33433,1.33413,1.33467,1.33464
2013-02-19 04:00:00,1.33464,1.33459,1.33551,1.33514
2013-02-19 05:00:00,1.33513,1.3347,1.33558,1.33521
2013-02-19 06:00:00,1.33521,1.33479,1.33602,1.33556
2013-02-19 07:00:00,1.33557,1.3333,1.3359,1.33365
2013-02-19 08:00:00,1.33367,1.33341,1.33633,1.33511
2013-02-19 09:00:00,1.33511,1.33404,1.33579,1.33429
2013-02-19 10:00:00,1.33426,1.33283,1.33729,1.33362
2013-02-19 11:00:00,1.33361,1.33322,1.3346,1.33366
2013-02-19 12:00:00,1.33364,1.33323,1.33453,1.33348
2013-02-19 13:00:00,1.33349,1.33347,1.33541,1.33453
2013-02-19 14:00:00,1.33455,1.33445,1.33712,1.33646
2013-02-19 15:00:00,1.33648,1.33551,1.33669,1.3356
2013-02-19 16:00:00,1.33559,1.33552,1.33936,1.3386
2013-02-19 17:00:00,1.3386,1.33827,1.33914,1.3386
2013-02-19 18:00:00,1.33861,1.33818,1.33953,1.33883
2013-02-19 19:00:00,1.33882,1.3385,1.33928,1.33879
2013-02-19 20:00:00,1.33877,1.33875,1.33952,1.33894
2013-02-19 21:00:00,1.33893,1.33837,1.33919,1.3387
2013-02-19 22:00:00,1.33868,1.33799,1.33894,1.33841
2013-02-19 23:00:00,1.33837,1.33836,1.33954,1.33944
2013-02-20 00:00:00,1.33943,1.33925,1.34201,1.34185
2013-02-20 01:00:00,1.34186,1.34163,1.34336,1.3419
2013-02-20 02:00:00,1.34191,1.34106,1.34212,1.34162
2013-02-20 03:00:00,1.34162,1.34089,1.34169,1.34123
2013-02-20 04:00:00,1.34122,1.34069,1.34141,1.34133
2013-02-20 05:00:00,1.34132,1.34054,1.3417,1.34136
2013-02-20 06:00:00,1.34135,1.34108,1.34317,1.34203
2013-02-20 07:00:00,1.34203,1.3408,1.34304,1.34092
2013-02-20 08:00:00,1.34091,1.34078,1.34244,1.34209
2013-02-20 09:00:00,1.34211,1.34096,1.34314,1.34186
2013-02-20 10:00:00,1.34185,1.339,1.34215,1.33941
2013-02-20 11:00:00,1.33938,1.33747,1.33985,1.33763
2013-02-20 12:00:00,1.33762,1.33655,1.33813,1.33719
2013-02-20 13:00:00,1.3372,1.33615,1.33827,1.33783
2013-02-20 14:00:00,1.33784,1.33695,1.33962,1.3371
2013-02-20 15:00:00,1.33708,1.33679,1.3387,1.33691
2013-02-20 16:00:00,1.33691,1.33374,1.33735,1.33489
2013-02-20 17:00:00,1.33491,1.33381,1.3353,1.33432
2013-02-20 18:00:00,1.33431,1.33326,1.3358,1.33379
2013-02-20 19:00:00,1.33377,1.32735,1.33487,1.32832
2013-02-20 20:00:00,1.32832,1.32702,1.32858,1.32746
2013-02-20 21:00:00,1.32746,1.32746,1.32844,1.328
2013-02-20 22:00:00,1.328,1.32791,1.32898,1.32874
2013-02-20 23:00:00,1.32873,1.32704,1.32884,1.32721
2013-02-21 00:00:00,1.32719,1.32706,1.32879,1.32837
2013-02-21 01:00:00,1.32836,1.32751,1.32889,1.32768
2013-02-21 02:00:00,1.32767,1.32723,1.3281,1.32758
2013-02-21 03:00:00,1.32759,1.32574,1.32788,1.32625
2013-02-21 04:00:00,1.32623,1.3255,1.3267,1.32652
2013-02-21 05:00:00,1.3265,1.32346,1.32661,1.32398
2013-02-21 06:00:00,1.32396,1.32372,1.32656,1.32636
2013-02-21 07:00:00,1.32637,1.32523,1.32761,1.32588
2013-02-21 08:00:00,1.32589,1.31968,1.3267,1.3204
2013-02-21 09:00:00,1.32041,1.31768,1.32071,1.31991
2013-02-21 10:00:00,1.31991,1.3167,1.32001,1.31851
2013-02-21 11:00:00,1.31853,1.31752,1.31877,1.31807
2013-02-21 12:00:00,1.31809,1.31688,1.31953,1.31935
2013-02-21 13:00:00,1.31935,1.31838,1.32031,1.3193
2013-02-21 14:00:00,1.3193,1.31878,1.32122,1.31948
2013-02-21 15:00:00,1.31946,1.3189,1.32279,1.32208
2013-02-21 16:00:00,1.32209,1.32034,1.32308,1.32034
2013-02-21 17:00:00,1.32034,1.31931,1.3208,1.31995
2013-02-21 18:00:00,1.31996,1.31772,1.32007,1.31788
2013-02-21 19:00:00,1.31788,1.31606,1.31869,1.31701
2013-02-21 20:00:00,1.31699,1.31694,1.31864,1.31847
2013-02-21 21:00:00,1.31848,1.31823,1.3191,1.31888
2013-02-21 22:00:00,1.31886,1.31836,1.31924,1.31917
2013-02-21 23:00:00,1.31915,1.31872,1.31947,1.31915
2013-02-22 00:00:00,1.31916,1.31825,1.31939,1.31846
2013-02-22 01:00:00,1.31846,1.31833,1.31932,1.31921
2013-02-22 02:00:00,1.31921,1.31916,1.32056,1.31966
2013-02-22 03:00:00,1.31966,1.31958,1.32101,1.3208
2013-02-22 04:00:00,1.32079,1.32068,1.32185,1.3212
2013-02-22 05:00:00,1.3212,1.32074,1.32173,1.32092
2013-02-22 06:00:00,1.32096,1.32074,1.32174,1.32077
2013-02-22 07:00:00,1.32074,1.32012,1.32219,1.3212
2013-02-22 08:00:00,1.32119,1.32008,1.32312,1.32181
2013-02-22 09:00:00,1.32179,1.32108,1.32443,1.32191
2013-02-22 10:00:00,1.32192,1.31978,1.32206,1.32038
2013-02-22 11:00:00,1.32038,1.31563,1.32242,1.3169
2013-02-22 12:00:00,1.31691,1.31689,1.31863,1.31807
2013-02-22 13:00:00,1.31809,1.31746,1.31954,1.31814
2013-02-22 14:00:00,1.31813,1.31507,1.31858,1.3157
2013-02-22 15:00:00,1.31568,1.31445,1.31682,1.31611
2013-02-22 16:00:00,1.31609,1.31601,1.31714,1.31647
2013-02-22 17:00:00,1.31647,1.31627,1.31917,1.31899
2013-02-22 18:00:00,1.31898,1.31773,1.31912,1.31813
2013-02-22 19:00:00,1.31812,1.3175,1.31842,1.31783
2013-02-22 20:00:00,1.31783,1.31775,1.31877,1.31867
2013-02-22 21:00:00,1.31864,1.31746,1.31901,1.31887
2013-02-24 22:00:00,1.3216,1.31848,1.32166,1.31942
2013-02-24 23:00:00,1.3194,1.31853,1.32045,1.31907
2013-02-25 00:00:00,1.31908,1.31809,1.31926,1.3188
2013-02-25 01:00:00,1.31881,1.31814,1.31933,1.31826
2013-02-25 02:00:00,1.31825,1.31809,1.319,1.31888
2013-02-25 03:00:00,1.31888,1.31817,1.3191,1.31881
2013-02-25 04:00:00,1.31879,1.31848,1.31922,1.31888
2013-02-25 05:00:00,1.31887,1.31878,1.32031,1.31985
2013-02-25 06:00:00,1.31984,1.31971,1.32193,1.32148
2013-02-25 07:00:00,1.32147,1.32053,1.32232,1.32208
2013-02-25 08:00:00,1.32206,1.32182,1.3237,1.32318
2013-02-25 09:00:00,1.32317,1.32165,1.32489,1.32381
2013-02-25 10:00:00,1.32382,1.32345,1.32695,1.3269
2013-02-25 11:00:00,1.32689,1.32643,1.32743,1.32675
2013-02-25 12:00:00,1.32673,1.32671,1.33037,1.32989
2013-02-25 13:00:00,1.32988,1.32876,1.33184,1.32891
2013-02-25 14:00:00,1.32892,1.32732,1.33146,1.32847
2013-02-25 15:00:00,1.32848,1.32083,1.32861,1.32134
2013-02-25 16:00:00,1.32136,1.31656,1.32257,1.31721
2013-02-25 17:00:00,1.31721,1.31584,1.31963,1.31917
2013-02-25 18:00:00,1.31918,1.30863,1.31919,1.30865
2013-02-25 19:00:00,1.30863,1.30781,1.31217,1.31205
2013-02-25 20:00:00,1.31206,1.30469,1.31225,1.30575
2013-02-25 21:00:00,1.30575,1.30554,1.30847,1.30611
2013-02-25 22:00:00,1.30611,1.30511,1.30821,1.30552
2013-02-25 23:00:00,1.30558,1.30558,1.3075,1.30655
2013-02-26 00:00:00,1.30655,1.3065,1.30887,1.30818
2013-02-26 01:00:00,1.30819,1.30756,1.30875,1.30861
2013-02-26 02:00:00,1.30862,1.30766,1.30888,1.30819
2013-02-26 03:00:00,1.30819,1.30548,1.30846,1.30621
2013-02-26 04:00:00,1.30621,1.3038,1.3065,1.30536
2013-02-26 05:00:00,1.30536,1.30427,1.30652,1.30597
2013-02-26 06:00:00,1.30598,1.30519,1.30704,1.3052
2013-02-26 07:00:00,1.30518,1.30178,1.30591,1.3049
2013-02-26 08:00:00,1.30491,1.3048,1.30948,1.30727
2013-02-26 09:00:00,1.30728,1.30624,1.31185,1.31159
2013-02-26 10:00:00,1.31162,1.30755,1.31173,1.30832
2013-02-26 11:00:00,1.30833,1.30734,1.31004,1.30762
2013-02-26 12:00:00,1.30762,1.30741,1.31096,1.30945
2013-02-26 13:00:00,1.30945,1.30517,1.30947,1.30743
2013-02-26 14:00:00,1.30743,1.30728,1.31131,1.31064
2013-02-26 15:00:00,1.31063,1.30392,1.31221,1.30722
2013-02-26 16:00:00,1.30724,1.30469,1.30752,1.30531
2013-02-26 17:00:00,1.30529,1.30363,1.30557,1.30519
2013-02-26 18:00:00,1.3052,1.30421,1.30617,1.30473
2013-02-26 19:00:00,1.30472,1.30453,1.30633,1.30533
2013-02-26 20:00:00,1.30535,1.30518,1.30628,1.30618
2013-02-26 21:00:00,1.30617,1.30566,1.30672,1.30604
2013-02-26 22:00:00,1.306,1.3053,1.30654,1.30637
2013-02-26 23:00:00,1.3064,1.30605,1.30692,1.30666
2013-02-27 00:00:00,1.30668,1.3052,1.30687,1.30591
2013-02-27 01:00:00,1.30592,1.30407,1.3061,1.30469
2013-02-27 02:00:00,1.30467,1.30416,1.30528,1.30488
2013-02-27 03:00:00,1.30488,1.30479,1.30733,1.30635
2013-02-27 04:00:00,1.30636,1.30588,1.30716,1.3063
2013-02-27 05:00:00,1.30631,1.3051,1.30691,1.3069
2013-02-27 06:00:00,1.30691,1.30616,1.30805,1.30698
2013-02-27 07:00:00,1.30697,1.30669,1.30939,1.30927
2013-02-27 08:00:00,1.30928,1.30722,1.30954,1.30837
2013-02-27 09:00:00,1.30836,1.30688,1.30881,1.3083
2013-02-27 10:00:00,1.30831,1.30759,1.31209,1.30932
2013-02-27 11:00:00,1.3093,1.30851,1.31085,1.31053
2013-02-27 12:00:00,1.31053,1.31012,1.31224,1.31071
2013-02-27 13:00:00,1.31073,1.30655,1.31075,1.30804
2013-02-27 14:00:00,1.30806,1.30727,1.31038,1.30948
2013-02-27 15:00:00,1.30947,1.30856,1.31303,1.31093
2013-02-27 16:00:00,1.31092,1.30927,1.311,1.31022
2013-02-27 17:00:00,1.3102,1.30946,1.31079,1.30979
2013-02-27 18:00:00,1.3098,1.30828,1.31003,1.30931
2013-02-27 19:00:00,1.30931,1.3093,1.314,1.31253
2013-02-27 20:00:00,1.31256,1.31221,1.31386,1.31381
2013-02-27 21:00:00,1.31379,1.31316,1.31461,1.31375
2013-02-27 22:00:00,1.31376,1.31279,1.3138,1.31345
2013-02-27 23:00:00,1.31346,1.31335,1.31611,1.31541
2013-02-28 00:00:00,1.31542,1.31423,1.31543,1.31464
2013-02-28 01:00:00,1.31463,1.31418,1.31575,1.31508
2013-02-28 02:00:00,1.31509,1.31388,1.31519,1.31436
2013-02-28 03:00:00,1.31438,1.31424,1.31482,1.31457
2013-02-28 04:00:00,1.31457,1.31382,1.31479,1.31404
2013-02-28 05:00:00,1.31404,1.31403,1.31564,1.3147
2013-02-28 06:00:00,1.31469,1.31347,1.315,1.3138
2013-02-28 07:00:00,1.31381,1.31309,1.31516,1.31419
2013-02-28 08:00:00,1.31415,1.31359,1.31486,1.31385
2013-02-28 09:00:00,1.31385,1.31052,1.31388,1.31182
2013-02-28 10:00:00,1.31183,1.30954,1.31239,1.31064
2013-02-28 11:00:00,1.31065,1.31025,1.31202,1.31169
2013-02-28 12:00:00,1.31168,1.31092,1.3135,1.31312
2013-02-28 13:00:00,1.31311,1.31149,1.31367,1.31183
2013-02-28 14:00:00,1.31181,1.30939,1.31235,1.31024
2013-02-28 15:00:00,1.31026,1.30575,1.31061,1.30732
2013-02-28 16:00:00,1.3073,1.30724,1.30876,1.30781
2013-02-28 17:00:00,1.30779,1.30753,1.30928,1.30829
2013-02-28 18:00:00,1.30827,1.30731,1.30911,1.30796
2013-02-28 19:00:00,1.30797,1.30608,1.30812,1.30626
2013-02-28 20:00:00,1.30629,1.30527,1.3067,1.30548
2013-02-28 21:00:00,1.30548,1.30541,1.3068,1.30552
2013-02-28 22:00:00,1.30553,1.30527,1.30679,1.30665
2013-02-28 23:00:00,1.30662,1.30557,1.30668,1.3059
2013-03-01 00:00:00,1.30591,1.30568,1.30698,1.30648
2013-03-01 01:00:00,1.30653,1.30617,1.30717,1.30706
2013-03-01 02:00:00,1.30708,1.30671,1.30768,1.30736
2013-03-01 03:00:00,1.30736,1.30725,1.30774,1.30756
2013-03-01 04:00:00,1.30756,1.30737,1.30775,1.30738
2013-03-01 05:00:00,1.30737,1.30735,1.30835,1.30819
2013-03-01 06:00:00,1.30817,1.30596,1.30831,1.3066
2013-03-01 07:00:00,1.30661,1.30613,1.3078,1.30756
2013-03-01 08:00:00,1.30755,1.30667,1.31008,1.30758
2013-03-01 09:00:00,1.30757,1.30324,1.3077,1.30365
2013-03-01 10:00:00,1.30362,1.30212,1.30471,1.30313
2013-03-01 11:00:00,1.30314,1.30128,1.30369,1.30177
2013-03-01 12:00:00,1.30179,1.29852,1.302,1.29971
2013-03-01 13:00:00,1.29969,1.2993,1.30155,1.30056
2013-03-01 14:00:00,1.30056,1.29824,1.30093,1.299
2013-03-01 15:00:00,1.299,1.29659,1.29956,1.29831
2013-03-01 16:00:00,1.29832,1.2974,1.29931,1.29863
2013-03-01 17:00:00,1.29863,1.29857,1.30419,1.30411
2013-03-01 18:00:00,1.30408,1.30154,1.30415,1.30159
2013-03-01 19:00:00,1.3016,1.30114,1.30256,1.30177
2013-03-01 20:00:00,1.30175,1.30155,1.30268,1.30208
2013-03-01 21:00:00,1.3021,1.30154,1.30237,1.30184
2013-03-03 22:00:00,1.30101,1.30019,1.30169,1.30131
2013-03-03 23:00:00,1.30132,1.30121,1.30307,1.30149
2013-03-04 00:00:00,1.30149,1.30012,1.30247,1.30103
2013-03-04 01:00:00,1.30103,1.30095,1.3021,1.30114
2013-03-04 02:00:00,1.30111,1.30071,1.30161,1.30119
2013-03-04 03:00:00,1.30119,1.30115,1.3029,1.30234
2013-03-04 04:00:00,1.30234,1.30129,1.30265,1.3015
2013-03-04 05:00:00,1.30151,1.30118,1.30262,1.30153
2013-03-04 06:00:00,1.3015,1.2996,1.30162,1.2996
2013-03-04 07:00:00,1.29959,1.29863,1.30096,1.30084
2013-03-04 08:00:00,1.30083,1.30008,1.30195,1.30045
2013-03-04 09:00:00,1.30045,1.29814,1.30148,1.2987
2013-03-04 10:00:00,1.29867,1.29857,1.3001,1.29975
2013-03-04 11:00:00,1.29975,1.29885,1.30058,1.2998
2013-03-04 12:00:00,1.29979,1.2982,1.30154,1.30082
2013-03-04 13:00:00,1.30081,1.30014,1.30175,1.30078
2013-03-04 14:00:00,1.30078,1.29936,1.30119,1.30077
2013-03-04 15:00:00,1.30077,1.29997,1.30188,1.3009
2013-03-04 16:00:00,1.30092,1.29847,1.30142,1.29946
2013-03-04 17:00:00,1.29946,1.29857,1.3009,1.30085
2013-03-04 18:00:00,1.30085,1.3002,1.30141,1.30086
2013-03-04 19:00:00,1.30087,1.30031,1.30287,1.30229
2013-03-04 20:00:00,1.30231,1.30154,1.30239,1.30166
2013-03-04 21:00:00,1.30166,1.30164,1.30268,1.30255
2013-03-04 22:00:00,1.30252,1.30176,1.30269,1.30244
2013-03-04 23:00:00,1.30245,1.30194,1.30402,1.3034
2013-03-05 00:00:00,1.30338,1.30253,1.30366,1.30295
2013-03-05 01:00:00,1.30296,1.30252,1.30375,1.3028
2013-03-05 02:00:00,1.30282,1.30229,1.30299,1.30278
2013-03-05 03:00:00,1.30278,1.30256,1.30356,1.30338
2013-03-05 04:00:00,1.30337,1.30275,1.3037,1.30335
2013-03-05 05:00:00,1.30336,1.30312,1.3046,1.3045
2013-03-05 06:00:00,1.3045,1.3027,1.30456,1.30343
2013-03-05 07:00:00,1.30343,1.30246,1.30506,1.30468
2013-03-05 08:00:00,1.30468,1.30431,1.3067,1.30648
2013-03-05 09:00:00,1.30649,1.30523,1.3075,1.30605
2013-03-05 10:00:00,1.30605,1.30155,1.30627,1.3031
2013-03-05 11:00:00,1.30311,1.30266,1.30375,1.3035
2013-03-05 12:00:00,1.30349,1.30241,1.3041,1.30292
2013-03-05 13:00:00,1.30295,1.30294,1.30501,1.30426
2013-03-05 14:00:00,1.30428,1.30394,1.30548,1.30427
2013-03-05 15:00:00,1.30428,1.30095,1.30446,1.30249
2013-03-05 16:00:00,1.3025,1.3012,1.30299,1.30181
2013-03-05 17:00:00,1.30181,1.30154,1.30301,1.30249
2013-03-05 18:00:00,1.30249,1.30238,1.30503,1.30425
2013-03-05 19:00:00,1.30427,1.30403,1.30461,1.30408
2013-03-05 20:00:00,1.30408,1.30385,1.30436,1.30418
2013-03-05 21:00:00,1.30418,1.30406,1.30509,1.30505
2013-03-05 22:00:00,1.30503,1.30439,1.30535,1.30449
2013-03-05 23:00:00,1.30456,1.3042,1.30487,1.30468
2013-03-06 00:00:00,1.3047,1.30459,1.30621,1.30616
2013-03-06 01:00:00,1.30617,1.30565,1.30662,1.30631
2013-03-06 02:00:00,1.30632,1.3058,1.30659,1.30644
2013-03-06 03:00:00,1.30645,1.30611,1.30688,1.30641
2013-03-06 04:00:00,1.30642,1.30575,1.30652,1.30581
2013-03-06 05:00:00,1.30582,1.30566,1.30644,1.30638
2013-03-06 06:00:00,1.30641,1.30537,1.307,1.3057
2013-03-06 07:00:00,1.30569,1.30449,1.30681,1.30503
2013-03-06 08:00:00,1.30505,1.30431,1.30651,1.30556
2013-03-06 09:00:00,1.30555,1.30319,1.30562,1.30327
2013-03-06 10:00:00,1.30328,1.30234,1.30394,1.30293
2013-03-06 11:00:00,1.3029,1.30269,1.3045,1.3043
2013-03-06 12:00:00,1.30429,1.30329,1.30446,1.30348
2013-03-06 13:00:00,1.30347,1.30177,1.30391,1.30321
2013-03-06 14:00:00,1.3032,1.30064,1.30342,1.30092
2013-03-06 15:00:00,1.30095,1.29878,1.30097,1.29992
2013-03-06 16:00:00,1.2999,1.29881,1.30087,1.29898
2013-03-06 17:00:00,1.29898,1.29822,1.29933,1.29898
2013-03-06 18:00:00,1.29895,1.29839,1.29924,1.29876
2013-03-06 19:00:00,1.29877,1.29869,1.29965,1.29945
2013-03-06 20:00:00,1.29946,1.29857,1.29946,1.29917
2013-03-06 21:00:00,1.29918,1.29636,1.29926,1.29656
2013-03-06 22:00:00,1.29656,1.29643,1.29784,1.29755
2013-03-06 23:00:00,1.29758,1.29726,1.29821,1.29774
2013-03-07 00:00:00,1.29773,1.29739,1.29803,1.2976
2013-03-07 01:00:00,1.2976,1.29759,1.29849,1.29841
2013-03-07 02:00:00,1.29843,1.29809,1.29951,1.29884
2013-03-07 03:00:00,1.29884,1.29842,1.29945,1.2994
2013-03-07 04:00:00,1.29939,1.2986,1.29958,1.29933
2013-03-07 05:00:00,1.29931,1.2989,1.29962,1.29938
2013-03-07 06:00:00,1.29938,1.29904,1.29971,1.29918
2013-03-07 07:00:00,1.29917,1.2984,1.29967,1.29948
2013-03-07 08:00:00,1.29947,1.29932,1.30298,1.3022
2013-03-07 09:00:00,1.30221,1.30159,1.30405,1.3038
2013-03-07 10:00:00,1.30383,1.3017,1.30437,1.30175
2013-03-07 11:00:00,1.30175,1.30056,1.30194,1.30183
2013-03-07 12:00:00,1.30182,1.30121,1.30417,1.30165
2013-03-07 13:00:00,1.30164,1.29863,1.30896,1.30704
2013-03-07 14:00:00,1.30706,1.30698,1.31155,1.30986
2013-03-07 15:00:00,1.30987,1.30798,1.31159,1.30819
2013-03-07 16:00:00,1.3082,1.30809,1.31018,1.30975
2013-03-07 17:00:00,1.30974,1.3093,1.31122,1.3097
2013-03-07 18:00:00,1.3097,1.30966,1.31179,1.31173
2013-03-07 19:00:00,1.31172,1.31027,1.31173,1.31077
2013-03-07 20:00:00,1.31074,1.31003,1.31126,1.31052
2013-03-07 21:00:00,1.3105,1.31024,1.31083,1.31057
2013-03-07 22:00:00,1.31056,1.30998,1.31111,1.31043
2013-03-07 23:00:00,1.3104,1.31016,1.31148,1.31072
2013-03-08 00:00:00,1.31075,1.30987,1.31085,1.31018
2013-03-08 01:00:00,1.31016,1.3093,1.31017,1.30944
2013-03-08 02:00:00,1.30947,1.30867,1.31007,1.30913
2013-03-08 03:00:00,1.30913,1.30899,1.3098,1.30966
2013-03-08 04:00:00,1.30966,1.30886,1.30984,1.3091
2013-03-08 05:00:00,1.3091,1.30897,1.30948,1.30903
2013-03-08 06:00:00,1.30902,1.30805,1.30977,1.30828
2013-03-08 07:00:00,1.30829,1.30795,1.30907,1.30864
2013-03-08 08:00:00,1.30865,1.30823,1.31009,1.30839
2013-03-08 09:00:00,1.30837,1.30825,1.30976,1.30944
2013-03-08 10:00:00,1.30944,1.30922,1.31339,1.31196
2013-03-08 11:00:00,1.31198,1.31104,1.31272,1.31107
2013-03-08 12:00:00,1.31107,1.30874,1.3113,1.30906
2013-03-08 13:00:00,1.30907,1.29972,1.30969,1.29972
2013-03-08 14:00:00,1.29974,1.29544,1.30003,1.29758
2013-03-08 15:00:00,1.2976,1.29722,1.29995,1.29809
2013-03-08 16:00:00,1.29809,1.29723,1.29944,1.29918
2013-03-08 17:00:00,1.29918,1.29566,1.30072,1.29887
2013-03-08 18:00:00,1.29887,1.29778,1.29947,1.2993
2013-03-08 19:00:00,1.29931,1.29896,1.30167,1.30019
2013-03-08 20:00:00,1.3002,1.2997,1.30124,1.29975
2013-03-08 21:00:00,1.29976,1.29946,1.30058,1.30031
2013-03-10 21:00:00,1.29849,1.29833,1.29957,1.29942
2013-03-10 22:00:00,1.29939,1.29866,1.30023,1.29876
2013-03-10 23:00:00,1.29874,1.29786,1.29932,1.29864
2013-03-11 00:00:00,1.29864,1.2983,1.29942,1.29932
2013-03-11 01:00:00,1.29931,1.2989,1.30012,1.29993
2013-03-11 02:00:00,1.29992,1.29934,1.30062,1.30052
2013-03-11 03:00:00,1.30052,1.30015,1.30085,1.30049
2013-03-11 04:00:00,1.30049,1.29973,1.30075,1.29977
2013-03-11 05:00:00,1.29978,1.29961,1.30038,1.29983
2013-03-11 06:00:00,1.29982,1.29982,1.30133,1.30078
2013-03-11 07:00:00,1.30077,1.29989,1.30244,1.30073
2013-03-11 08:00:00,1.30072,1.29919,1.30179,1.29948
2013-03-11 09:00:00,1.2995,1.29941,1.30119,1.30025
2013-03-11 10:00:00,1.30027,1.29975,1.30086,1.29998
2013-03-11 11:00:00,1.29996,1.29915,1.30063,1.3
2013-03-11 12:00:00,1.29999,1.29939,1.30072,1.30006
2013-03-11 13:00:00,1.30005,1.29876,1.30065,1.29879
2013-03-11 14:00:00,1.29877,1.29871,1.30055,1.30034
2013-03-11 15:00:00,1.30032,1.30012,1.30156,1.30136
2013-03-11 16:00:00,1.30135,1.30064,1.30168,1.30164
2013-03-11 17:00:00,1.30163,1.30149,1.30377,1.30303
2013-03-11 18:00:00,1.30301,1.3027,1.30421,1.30402
2013-03-11 19:00:00,1.304,1.30298,1.30416,1.30359
2013-03-11 20:00:00,1.30357,1.3035,1.30532,1.30454
2013-03-11 21:00:00,1.30455,1.30406,1.30461,1.30452
2013-03-11 22:00:00,1.30448,1.30308,1.30454,1.30338
2013-03-11 23:00:00,1.30341,1.30249,1.30356,1.30316
2013-03-12 00:00:00,1.30317,1.30254,1.30322,1.30302
2013-03-12 01:00:00,1.30303,1.30272,1.30381,1.30348
2013-03-12 02:00:00,1.3035,1.30283,1.30358,1.30285
2013-03-12 03:00:00,1.30285,1.3023,1.30318,1.30241
2013-03-12 04:00:00,1.30245,1.30223,1.30295,1.30288
2013-03-12 05:00:00,1.30289,1.30234,1.30327,1.30256
2013-03-12 06:00:00,1.30255,1.30105,1.30275,1.30153
2013-03-12 07:00:00,1.30153,1.30021,1.3023,1.30049
2013-03-12 08:00:00,1.30049,1.29903,1.30102,1.30044
2013-03-12 09:00:00,1.30043,1.29994,1.30235,1.30122
2013-03-12 10:00:00,1.30121,1.29986,1.30161,1.30117
2013-03-12 11:00:00,1.30118,1.30019,1.30175,1.30097
2013-03-12 12:00:00,1.30097,1.30055,1.30478,1.30389
2013-03-12 13:00:00,1.3039,1.30381,1.30742,1.30677
2013-03-12 14:00:00,1.30675,1.30375,1.3071,1.30423
2013-03-12 15:00:00,1.30423,1.30145,1.30423,1.30202
2013-03-12 16:00:00,1.30199,1.30198,1.30357,1.30262
2013-03-12 17:00:00,1.30264,1.30141,1.30312,1.30221
2013-03-12 18:00:00,1.30224,1.30191,1.30274,1.3025
2013-03-12 19:00:00,1.30249,1.30221,1.30379,1.30313
2013-03-12 20:00:00,1.30315,1.30299,1.30375,1.30332
2013-03-12 21:00:00,1.30331,1.30228,1.30336,1.30271
2013-03-12 22:00:00,1.30272,1.30256,1.30296,1.30269
2013-03-12 23:00:00,1.30268,1.30218,1.30318,1.30295
2013-03-13 00:00:00,1.30296,1.30242,1.30307,1.30288
2013-03-13 01:00:00,1.30287,1.30279,1.30387,1.30341
2013-03-13 02:00:00,1.30342,1.30317,1.30383,1.30346
2013-03-13 03:00:00,1.30345,1.30339,1.30408,1.30367
2013-03-13 04:00:00,1.30365,1.30342,1.30396,1.30354
2013-03-13 05:00:00,1.30353,1.30351,1.30435,1.30388
2013-03-13 06:00:00,1.3039,1.30346,1.3043,1.30413
2013-03-13 07:00:00,1.30414,1.30396,1.30643,1.3061
2013-03-13 08:00:00,1.30609,1.30132,1.30643,1.30182
2013-03-13 09:00:00,1.3018,1.30077,1.30267,1.30201
2013-03-13 10:00:00,1.30199,1.30035,1.30297,1.30047
2013-03-13 11:00:00,1.30046,1.29949,1.3009,1.30043
2013-03-13 12:00:00,1.30046,1.29627,1.30139,1.2972
2013-03-13 13:00:00,1.29719,1.29285,1.2984,1.29398
2013-03-13 14:00:00,1.29397,1.29226,1.2944,1.29361
2013-03-13 15:00:00,1.29363,1.29361,1.2955,1.29482
2013-03-13 16:00:00,1.29483,1.29428,1.29584,1.29565
2013-03-13 17:00:00,1.29565,1.29535,1.29709,1.297
2013-03-13 18:00:00,1.29698,1.29594,1.29702,1.29599
2013-03-13 19:00:00,1.29602,1.29524,1.29631,1.29556
2013-03-13 20:00:00,1.29554,1.29514,1.29624,1.29601
2013-03-13 21:00:00,1.296,1.29544,1.29624,1.29599
2013-03-13 22:00:00,1.29599,1.29559,1.29627,1.29564
2013-03-13 23:00:00,1.29563,1.29554,1.29614,1.29584
2013-03-14 00:00:00,1.29584,1.29583,1.29773,1.29766
2013-03-14 01:00:00,1.29768,1.29633,1.29809,1.29673
2013-03-14 02:00:00,1.29674,1.29587,1.29684,1.29621
2013-03-14 03:00:00,1.29622,1.29525,1.2964,1.2954
2013-03-14 04:00:00,1.2954,1.29426,1.2956,1.29453
2013-03-14 05:00:00,1.29453,1.2945,1.29518,1.29499
2013-03-14 06:00:00,1.29499,1.29475,1.2959,1.29582
2013-03-14 07:00:00,1.29583,1.29519,1.29679,1.29559
2013-03-14 08:00:00,1.29557,1.29459,1.29769,1.29557
2013-03-14 09:00:00,1.29559,1.2942,1.29596,1.29525
2013-03-14 10:00:00,1.29524,1.29234,1.29577,1.29332
2013-03-14 11:00:00,1.29331,1.29146,1.29339,1.29217
2013-03-14 12:00:00,1.29216,1.29104,1.29387,1.29368
2013-03-14 13:00:00,1.29368,1.29336,1.29587,1.29486
2013-03-14 14:00:00,1.29486,1.29398,1.29715,1.29579
2013-03-14 15:00:00,1.29576,1.29576,1.29841,1.29787
2013-03-14 16:00:00,1.29787,1.29665,1.30202,1.302
2013-03-14 17:00:00,1.30199,1.30027,1.30322,1.30075
2013-03-14 18:00:00,1.30075,1.29967,1.30143,1.29983
2013-03-14 19:00:00,1.29984,1.29981,1.30077,1.30053
2013-03-14 20:00:00,1.30054,1.29989,1.30055,1.3004
2013-03-14 21:00:00,1.30042,1.29993,1.30047,1.30019
2013-03-14 22:00:00,1.30017,1.29983,1.3012,1.30118
2013-03-14 23:00:00,1.30116,1.30095,1.30146,1.30115
2013-03-15 00:00:00,1.30115,1.30018,1.30123,1.30038
2013-03-15 01:00:00,1.30036,1.30019,1.30213,1.30103
2013-03-15 02:00:00,1.30104,1.30095,1.30169,1.30153
2013-03-15 03:00:00,1.30152,1.30104,1.3018,1.30111
2013-03-15 04:00:00,1.3011,1.30099,1.30263,1.30199
2013-03-15 05:00:00,1.30198,1.30119,1.30231,1.30162
2013-03-15 06:00:00,1.30163,1.30146,1.30255,1.3022
2013-03-15 07:00:00,1.30221,1.30175,1.30411,1.30334
2013-03-15 08:00:00,1.30335,1.30101,1.30335,1.30162
2013-03-15 09:00:00,1.30161,1.30158,1.30553,1.30516
2013-03-15 10:00:00,1.30516,1.30516,1.30693,1.306
2013-03-15 11:00:00,1.30601,1.3052,1.30689,1.30597
2013-03-15 12:00:00,1.30598,1.30521,1.31067,1.30983
2013-03-15 13:00:00,1.30983,1.30559,1.31035,1.30637
2013-03-15 14:00:00,1.30637,1.30503,1.3086,1.30569
2013-03-15 15:00:00,1.3057,1.30449,1.30852,1.30652
2013-03-15 16:00:00,1.30652,1.30477,1.30681,1.30591
2013-03-15 17:00:00,1.30589,1.3047,1.3062,1.30574
2013-03-15 18:00:00,1.30574,1.30498,1.30663,1.30546
2013-03-15 19:00:00,1.30548,1.30517,1.30601,1.30589
2013-03-15 20:00:00,1.30589,1.30582,1.30772,1.30738
2013-03-17 21:00:00,1.29025,1.28993,1.29295,1.29087
2013-03-17 22:00:00,1.29089,1.28939,1.2919,1.29044
2013-03-17 23:00:00,1.29043,1.28875,1.29217,1.28903
2013-03-18 00:00:00,1.28901,1.28879,1.29131,1.29082
2013-03-18 01:00:00,1.29081,1.28877,1.29116,1.28974
2013-03-18 02:00:00,1.28976,1.28973,1.29068,1.2902
2013-03-18 03:00:00,1.2902,1.2901,1.29113,1.29104
2013-03-18 04:00:00,1.29103,1.28917,1.29105,1.28956
2013-03-18 05:00:00,1.28958,1.28815,1.28964,1.28926
2013-03-18 06:00:00,1.28924,1.28899,1.29074,1.29021
2013-03-18 07:00:00,1.29019,1.28901,1.2928,1.29211
2013-03-18 08:00:00,1.29213,1.29197,1.29753,1.29653
2013-03-18 09:00:00,1.29653,1.29517,1.29721,1.29619
2013-03-18 10:00:00,1.29619,1.29364,1.29683,1.29457
2013-03-18 11:00:00,1.29458,1.29403,1.29584,1.29455
2013-03-18 12:00:00,1.29455,1.29374,1.29629,1.29416
2013-03-18 13:00:00,1.29417,1.29189,1.29433,1.29343
2013-03-18 14:00:00,1.29342,1.29331,1.29732,1.29513
2013-03-18 15:00:00,1.29513,1.29384,1.29603,1.29578
2013-03-18 16:00:00,1.29576,1.29568,1.29951,1.29748
2013-03-18 17:00:00,1.29749,1.2949,1.2975,1.29565
2013-03-18 18:00:00,1.29567,1.29458,1.29743,1.2946
2013-03-18 19:00:00,1.29461,1.29234,1.29522,1.29296
2013-03-18 20:00:00,1.29296,1.29281,1.29677,1.29551
2013-03-18 21:00:00,1.29553,1.29503,1.29623,1.2957
2013-03-18 22:00:00,1.29569,1.29414,1.29594,1.29416
2013-03-18 23:00:00,1.29417,1.29368,1.29466,1.29428
2013-03-19 00:00:00,1.2943,1.29352,1.2962,1.29611
2013-03-19 01:00:00,1.29611,1.29543,1.29652,1.2957
2013-03-19 02:00:00,1.29571,1.29549,1.29643,1.29562
2013-03-19 03:00:00,1.2956,1.29485,1.29586,1.29533
2013-03-19 04:00:00,1.29533,1.2953,1.29578,1.2955
2013-03-19 05:00:00,1.29551,1.29408,1.29689,1.29441
2013-03-19 06:00:00,1.29444,1.29331,1.2952,1.2949
2013-03-19 07:00:00,1.29488,1.29357,1.29605,1.29448
2013-03-19 08:00:00,1.29446,1.29164,1.29449,1.29334
2013-03-19 09:00:00,1.29333,1.29149,1.29445,1.29381
2013-03-19 10:00:00,1.29381,1.29282,1.2956,1.29305
2013-03-19 11:00:00,1.29304,1.29303,1.2953,1.2942
2013-03-19 12:00:00,1.29419,1.29386,1.29607,1.29468
2013-03-19 13:00:00,1.29468,1.29327,1.29571,1.29497
2013-03-19 14:00:00,1.29496,1.29111,1.29565,1.29395
2013-03-19 15:00:00,1.29396,1.28866,1.29413,1.28868
2013-03-19 16:00:00,1.2887,1.28515,1.28982,1.28572
2013-03-19 17:00:00,1.28571,1.28427,1.28783,1.28769
2013-03-19 18:00:00,1.28769,1.28544,1.28903,1.28741
2013-03-19 19:00:00,1.28739,1.28564,1.29224,1.28871
2013-03-19 20:00:00,1.28871,1.28775,1.28983,1.28807
2013-03-19 21:00:00,1.28809,1.28611,1.2885,1.28662
2013-03-19 22:00:00,1.28659,1.28564,1.28712,1.28565
2013-03-19 23:00:00,1.28563,1.2856,1.28636,1.28634
2013-03-20 00:00:00,1.28634,1.28627,1.28713,1.28702
2013-03-20 01:00:00,1.28701,1.28658,1.28756,1.28756
2013-03-20 02:00:00,1.28755,1.28712,1.28786,1.28758
2013-03-20 03:00:00,1.28759,1.28701,1.28785,1.28742
2013-03-20 04:00:00,1.28741,1.28683,1.28765,1.28692
2013-03-20 05:00:00,1.28695,1.28686,1.2878,1.28779
2013-03-20 06:00:00,1.28779,1.28734,1.28908,1.28859
2013-03-20 07:00:00,1.28862,1.28775,1.29099,1.29014
2013-03-20 08:00:00,1.29014,1.28791,1.29157,1.28884
2013-03-20 09:00:00,1.28882,1.28854,1.29178,1.29062
2013-03-20 10:00:00,1.2906,1.29019,1.29356,1.29151
2013-03-20 11:00:00,1.29148,1.2903,1.29199,1.291
2013-03-20 12:00:00,1.29101,1.29092,1.29558,1.29373
2013-03-20 13:00:00,1.29376,1.29351,1.29709,1.29446
2013-03-20 14:00:00,1.29444,1.29396,1.29722,1.29527
2013-03-20 15:00:00,1.29527,1.29413,1.29591,1.29489
2013-03-20 16:00:00,1.29488,1.29448,1.29584,1.29481
2013-03-20 17:00:00,1.2948,1.2937,1.29556,1.29384
2013-03-20 18:00:00,1.29384,1.29307,1.29772,1.29449
2013-03-20 19:00:00,1.2945,1.29341,1.29551,1.2941
2013-03-20 20:00:00,1.29409,1.29308,1.29412,1.29319
2013-03-20 21:00:00,1.29322,1.29301,1.29445,1.29432
2013-03-20 22:00:00,1.29429,1.29317,1.29434,1.29321
2013-03-20 23:00:00,1.29321,1.29276,1.29414,1.29386
2013-03-21 00:00:00,1.29388,1.29324,1.29409,1.2936
2013-03-21 01:00:00,1.29362,1.29328,1.29496,1.29495
2013-03-21 02:00:00,1.29496,1.29454,1.29526,1.29519
2013-03-21 03:00:00,1.29519,1.29461,1.29547,1.2948
2013-03-21 04:00:00,1.2948,1.29421,1.29492,1.29452
2013-03-21 05:00:00,1.29451,1.29401,1.29477,1.29432
2013-03-21 06:00:00,1.29432,1.2932,1.29495,1.29362
2013-03-21 07:00:00,1.29361,1.29255,1.29499,1.29315
2013-03-21 08:00:00,1.29314,1.2878,1.2932,1.28895
2013-03-21 09:00:00,1.28895,1.28875,1.29175,1.29086
2013-03-21 10:00:00,1.29085,1.28944,1.2921,1.29155
2013-03-21 11:00:00,1.29156,1.29058,1.29278,1.29156
2013-03-21 12:00:00,1.29157,1.29087,1.29314,1.29177
2013-03-21 13:00:00,1.2918,1.28955,1.29246,1.29076
2013-03-21 14:00:00,1.29075,1.28822,1.29089,1.29045
2013-03-21 15:00:00,1.29044,1.28976,1.29418,1.29267
2013-03-21 16:00:00,1.29266,1.29036,1.29267,1.29052
2013-03-21 17:00:00,1.29052,1.28865,1.2914,1.29115
2013-03-21 18:00:00,1.29113,1.29022,1.29288,1.29144
2013-03-21 19:00:00,1.29145,1.28938,1.29274,1.2894
2013-03-21 20:00:00,1.28939,1.289,1.29014,1.28976
2013-03-21 21:00:00,1.28975,1.28916,1.29039,1.28935
2013-03-21 22:00:00,1.28932,1.28894,1.29001,1.28972
2013-03-21 23:00:00,1.28971,1.28968,1.29062,1.29024
2013-03-22 00:00:00,1.29025,1.2901,1.29131,1.29056
2013-03-22 01:00:00,1.29057,1.29056,1.29132,1.29098
2013-03-22 02:00:00,1.29099,1.29082,1.29146,1.29084
2013-03-22 03:00:00,1.29084,1.29076,1.29161,1.29146
2013-03-22 04:00:00,1.29146,1.2912,1.29187,1.29155
2013-03-22 05:00:00,1.29155,1.28881,1.29238,1.28914
2013-03-22 06:00:00,1.28915,1.28877,1.29028,1.28999
2013-03-22 07:00:00,1.28997,1.28904,1.2908,1.29002
2013-03-22 08:00:00,1.29004,1.29001,1.2919,1.29017
2013-03-22 09:00:00,1.2902,1.28909,1.29387,1.29342
2013-03-22 10:00:00,1.29343,1.29239,1.29443,1.29357
2013-03-22 11:00:00,1.29356,1.29352,1.29652,1.29472
2013-03-22 12:00:00,1.29473,1.29464,1.29636,1.29492
2013-03-22 13:00:00,1.29494,1.29353,1.29514,1.29485
2013-03-22 14:00:00,1.29485,1.29462,1.30035,1.29766
2013-03-22 15:00:00,1.29764,1.2969,1.30092,1.29947
2013-03-22 16:00:00,1.29947,1.29739,1.30004,1.2986
2013-03-22 17:00:00,1.29858,1.29732,1.29862,1.29732
2013-03-22 18:00:00,1.29731,1.2973,1.29857,1.29824
2013-03-22 19:00:00,1.29825,1.29768,1.29854,1.29836
2013-03-22 20:00:00,1.29835,1.29781,1.30065,1.29855
2013-03-24 21:00:00,1.29454,1.29395,1.29715,1.29599
2013-03-24 22:00:00,1.29595,1.29594,1.29786,1.2972
2013-03-24 23:00:00,1.29719,1.29712,1.30461,1.30179
2013-03-25 00:00:00,1.30177,1.30116,1.30368,1.30285
2013-03-25 01:00:00,1.30286,1.30218,1.30466,1.30343
2013-03-25 02:00:00,1.30342,1.30167,1.30365,1.30273
2013-03-25 03:00:00,1.30273,1.30266,1.30356,1.30289
2013-03-25 04:00:00,1.30289,1.30289,1.30415,1.3037
2013-03-25 05:00:00,1.30372,1.30306,1.30407,1.30379
2013-03-25 06:00:00,1.30376,1.30264,1.30475,1.30288
2013-03-25 07:00:00,1.30286,1.29852,1.30324,1.29958
2013-03-25 08:00:00,1.29959,1.29838,1.3003,1.29963
2013-03-25 09:00:00,1.29961,1.29954,1.3018,1.30165
2013-03-25 10:00:00,1.30166,1.29924,1.30189,1.29941
2013-03-25 11:00:00,1.29938,1.29815,1.30034,1.29912
2013-03-25 12:00:00,1.29912,1.29343,1.29934,1.29401
2013-03-25 13:00:00,1.294,1.29148,1.29471,1.2939
2013-03-25 14:00:00,1.29391,1.28628,1.29402,1.28777
2013-03-25 15:00:00,1.28776,1.28647,1.28945,1.28809
2013-03-25 16:00:00,1.2881,1.28473,1.28857,1.28492
2013-03-25 17:00:00,1.2849,1.28286,1.28789,1.28776
2013-03-25 18:00:00,1.28774,1.28589,1.28774,1.28627
2013-03-25 19:00:00,1.28627,1.28431,1.28653,1.28521
2013-03-25 20:00:00,1.28522,1.28494,1.28579,1.28519
2013-03-25 21:00:00,1.28517,1.2842,1.28544,1.28475
2013-03-25 22:00:00,1.28477,1.28475,1.28587,1.28584
2013-03-25 23:00:00,1.28586,1.28523,1.28601,1.28563
2013-03-26 00:00:00,1.28565,1.28535,1.28643,1.28579
2013-03-26 01:00:00,1.28579,1.28579,1.28713,1.28691
2013-03-26 02:00:00,1.2869,1.28633,1.28703,1.28662
2013-03-26 03:00:00,1.28662,1.28644,1.28712,1.28669
2013-03-26 04:00:00,1.28669,1.28595,1.28692,1.28649
2013-03-26 05:00:00,1.28651,1.28629,1.28769,1.28708
2013-03-26 06:00:00,1.28708,1.2869,1.288,1.28791
2013-03-26 07:00:00,1.2879,1.28564,1.28844,1.28595
2013-03-26 08:00:00,1.28596,1.28383,1.28769,1.28742
2013-03-26 09:00:00,1.2874,1.2856,1.28803,1.28656
2013-03-26 10:00:00,1.28658,1.28597,1.28823,1.28702
2013-03-26 11:00:00,1.28703,1.28496,1.28797,1.2852
2013-03-26 12:00:00,1.2852,1.28445,1.28742,1.28643
2013-03-26 13:00:00,1.28642,1.28471,1.28733,1.28622
2013-03-26 14:00:00,1.28623,1.2827,1.28803,1.28708
2013-03-26 15:00:00,1.28708,1.28567,1.28892,1.28567
2013-03-26 16:00:00,1.28568,1.28433,1.28623,1.28492
2013-03-26 17:00:00,1.2849,1.28412,1.28573,1.2853
2013-03-26 18:00:00,1.28533,1.28512,1.2857,1.2857
2013-03-26 19:00:00,1.28568,1.28528,1.28629,1.28581
2013-03-26 20:00:00,1.28578,1.28552,1.28623,1.286
2013-03-26 21:00:00,1.286,1.28502,1.286,1.28552
2013-03-26 22:00:00,1.28552,1.28538,1.28623,1.28623
2013-03-26 23:00:00,1.28622,1.28578,1.28643,1.28597
2013-03-27 00:00:00,1.286,1.286,1.28662,1.28622
2013-03-27 01:00:00,1.2862,1.2855,1.28639,1.28559
2013-03-27 02:00:00,1.2856,1.2851,1.28593,1.28542
2013-03-27 03:00:00,1.28542,1.28398,1.28557,1.28415
2013-03-27 04:00:00,1.28413,1.28371,1.28448,1.28434
2013-03-27 05:00:00,1.28434,1.28399,1.28467,1.28456
2013-03-27 06:00:00,1.28454,1.2844,1.28541,1.28489
2013-03-27 07:00:00,1.28487,1.28172,1.28512,1.28236
2013-03-27 08:00:00,1.28235,1.28159,1.28374,1.28355
2013-03-27 09:00:00,1.28355,1.27978,1.28473,1.27994
2013-03-27 10:00:00,1.27994,1.27815,1.28126,1.27924
2013-03-27 11:00:00,1.27925,1.27676,1.27978,1.2768
2013-03-27 12:00:00,1.27679,1.27614,1.27868,1.2777
2013-03-27 13:00:00,1.27772,1.27554,1.27814,1.27669
2013-03-27 14:00:00,1.27667,1.27501,1.27738,1.27693
2013-03-27 15:00:00,1.27693,1.27656,1.27838,1.27811
2013-03-27 16:00:00,1.27813,1.27702,1.27893,1.27702
2013-03-27 17:00:00,1.27702,1.27631,1.27818,1.27716
2013-03-27 18:00:00,1.27716,1.27688,1.27793,1.27742
2013-03-27 19:00:00,1.27741,1.27639,1.27748,1.2772
2013-03-27 20:00:00,1.27721,1.27708,1.278,1.27787
2013-03-27 21:00:00,1.27789,1.27743,1.27804,1.27765
2013-03-27 22:00:00,1.27764,1.27748,1.27844,1.27776
2013-03-27 23:00:00,1.27777,1.27728,1.27816,1.27736
2013-03-28 00:00:00,1.27737,1.27737,1.27825,1.27801
2013-03-28 01:00:00,1.27802,1.27754,1.27847,1.27804
2013-03-28 02:00:00,1.27807,1.27795,1.27903,1.27862
2013-03-28 03:00:00,1.27862,1.27759,1.27871,1.27785
2013-03-28 04:00:00,1.27785,1.27774,1.27839,1.27837
2013-03-28 05:00:00,1.27834,1.2783,1.27937,1.27907
2013-03-28 06:00:00,1.27905,1.2785,1.28078,1.2798
2013-03-28 07:00:00,1.2798,1.27821,1.28136,1.2788
2013-03-28 08:00:00,1.2788,1.27553,1.2808,1.27596
2013-03-28 09:00:00,1.27596,1.27545,1.27757,1.27716
2013-03-28 10:00:00,1.27717,1.27712,1.28092,1.27979
2013-03-28 11:00:00,1.27979,1.27907,1.28172,1.28084
2013-03-28 12:00:00,1.28085,1.2794,1.28233,1.27941
2013-03-28 13:00:00,1.27942,1.27931,1.28331,1.28289
2013-03-28 14:00:00,1.28289,1.28227,1.284,1.28269
2013-03-28 15:00:00,1.28269,1.28119,1.2844,1.28411
2013-03-28 16:00:00,1.28413,1.28132,1.28413,1.28163
2013-03-28 17:00:00,1.28161,1.28099,1.28203,1.28193
2013-03-28 18:00:00,1.28196,1.2816,1.2828,1.28212
2013-03-28 19:00:00,1.28212,1.28149,1.28274,1.28176
2013-03-28 20:00:00,1.28173,1.28133,1.28217,1.28149
2013-03-28 21:00:00,1.28145,1.28115,1.2818,1.28134
2013-03-28 22:00:00,1.2813,1.28092,1.28171,1.28142
2013-03-28 23:00:00,1.28142,1.28109,1.28209,1.28126
2013-03-29 00:00:00,1.28129,1.28108,1.28363,1.28287
2013-03-29 01:00:00,1.28288,1.28186,1.28289,1.28226
2013-03-29 02:00:00,1.28225,1.28204,1.28333,1.28283
2013-03-29 03:00:00,1.28284,1.28247,1.28325,1.28266
2013-03-29 04:00:00,1.28266,1.28207,1.28315,1.28254
2013-03-29 05:00:00,1.28255,1.27973,1.28279,1.27998
2013-03-29 06:00:00,1.27999,1.27907,1.28094,1.28053
2013-03-29 07:00:00,1.28055,1.28017,1.28177,1.2811
2013-03-29 08:00:00,1.28111,1.28111,1.28254,1.28186
2013-03-29 09:00:00,1.28186,1.28168,1.28237,1.28177
2013-03-29 10:00:00,1.28176,1.28134,1.28193,1.28174
2013-03-29 11:00:00,1.28172,1.2815,1.28254,1.28224
2013-03-29 12:00:00,1.28224,1.28161,1.2824,1.28197
2013-03-29 13:00:00,1.28196,1.28109,1.28216,1.28118
2013-03-29 14:00:00,1.28116,1.28116,1.28229,1.28194
2013-03-29 15:00:00,1.28196,1.28135,1.28207,1.2814
2013-03-29 16:00:00,1.2814,1.28106,1.28167,1.2814
2013-03-29 17:00:00,1.28141,1.28119,1.28197,1.28187
2013-03-29 18:00:00,1.28185,1.28152,1.2822,1.28208
2013-03-29 19:00:00,1.28207,1.28186,1.28239,1.28198
2013-03-29 20:00:00,1.28197,1.28142,1.28215,1.28163
2013-03-31 21:00:00,1.28018,1.28,1.28118,1.28097
2013-03-31 22:00:00,1.28097,1.27994,1.28114,1.28084
2013-03-31 23:00:00,1.28084,1.28027,1.28091,1.28046
2013-04-01 00:00:00,1.28046,1.27875,1.2806,1.27914
2013-04-01 01:00:00,1.27914,1.27706,1.27928,1.27767
2013-04-01 02:00:00,1.27765,1.27739,1.27851,1.27774
2013-04-01 03:00:00,1.27774,1.27774,1.27832,1.27809
2013-04-01 04:00:00,1.27809,1.27743,1.27837,1.27789
2013-04-01 05:00:00,1.27788,1.27788,1.27946,1.27902
2013-04-01 06:00:00,1.27902,1.27879,1.28007,1.28003
2013-04-01 07:00:00,1.28004,1.28002,1.28168,1.28136
2013-04-01 08:00:00,1.28137,1.28066,1.28169,1.28088
2013-04-01 09:00:00,1.28089,1.28089,1.28183,1.28153
2013-04-01 10:00:00,1.28155,1.28121,1.28261,1.28156
2013-04-01 11:00:00,1.28155,1.28074,1.28197,1.28122
2013-04-01 12:00:00,1.28125,1.28012,1.28237,1.28197
2013-04-01 13:00:00,1.28197,1.2813,1.28209,1.28166
2013-04-01 14:00:00,1.28167,1.28167,1.28535,1.28464
2013-04-01 15:00:00,1.28464,1.28436,1.28674,1.2856
2013-04-01 16:00:00,1.28557,1.28483,1.286,1.28508
2013-04-01 17:00:00,1.28505,1.28477,1.28562,1.28529
2013-04-01 18:00:00,1.28528,1.28476,1.28566,1.28477
2013-04-01 19:00:00,1.28474,1.28436,1.28554,1.28456
2013-04-01 20:00:00,1.28458,1.28456,1.28519,1.28475
2013-04-01 21:00:00,1.2847,1.28353,1.28476,1.28426
2013-04-01 22:00:00,1.28425,1.28419,1.28475,1.28467
2013-04-01 23:00:00,1.28465,1.28425,1.2848,1.28477
2013-04-02 00:00:00,1.28475,1.28453,1.28701,1.28657
2013-04-02 01:00:00,1.28657,1.28647,1.28752,1.28687
2013-04-02 02:00:00,1.28688,1.28653,1.28696,1.2867
2013-04-02 03:00:00,1.2867,1.28635,1.2877,1.28673
2013-04-02 04:00:00,1.28673,1.28595,1.28709,1.28618
2013-04-02 05:00:00,1.28618,1.28537,1.28659,1.28542
2013-04-02 06:00:00,1.28542,1.28463,1.2862,1.28568
2013-04-02 07:00:00,1.28569,1.28428,1.28725,1.28546
2013-04-02 08:00:00,1.28547,1.28278,1.28621,1.28444
2013-04-02 09:00:00,1.28444,1.28238,1.28471,1.28421
2013-04-02 10:00:00,1.2842,1.28318,1.28556,1.28344
2013-04-02 11:00:00,1.28343,1.28279,1.28394,1.28342
2013-04-02 12:00:00,1.28342,1.28275,1.28445,1.2832
2013-04-02 13:00:00,1.2832,1.28115,1.28341,1.28241
2013-04-02 14:00:00,1.28242,1.2813,1.28394,1.28384
2013-04-02 15:00:00,1.28385,1.28314,1.2846,1.28352
2013-04-02 16:00:00,1.28351,1.28233,1.28366,1.28251
2013-04-02 17:00:00,1.28252,1.28166,1.28268,1.28199
2013-04-02 18:00:00,1.282,1.28128,1.28231,1.28148
2013-04-02 19:00:00,1.28148,1.2808,1.28177,1.28149
2013-04-02 20:00:00,1.28148,1.28131,1.28205,1.28184
2013-04-02 21:00:00,1.28187,1.28106,1.2825,1.28215
2013-04-02 22:00:00,1.28217,1.28192,1.28258,1.2825
2013-04-02 23:00:00,1.28252,1.28148,1.28252,1.28186
2013-04-03 00:00:00,1.28187,1.28042,1.28196,1.28066
2013-04-03 01:00:00,1.28063,1.27945,1.28078,1.28004
2013-04-03 02:00:00,1.28005,1.27983,1.28037,1.28026
2013-04-03 03:00:00,1.28026,1.28002,1.28072,1.28052
2013-04-03 04:00:00,1.28052,1.28015,1.28053,1.28045
2013-04-03 05:00:00,1.28048,1.28034,1.28099,1.28046
2013-04-03 06:00:00,1.28045,1.2789,1.28045,1.28018
2013-04-03 07:00:00,1.2802,1.27915,1.28044,1.28024
2013-04-03 08:00:00,1.28026,1.28011,1.28169,1.2815
2013-04-03 09:00:00,1.28149,1.28131,1.28373,1.28277
2013-04-03 10:00:00,1.28277,1.28158,1.28291,1.28183
2013-04-03 11:00:00,1.28184,1.2808,1.28332,1.28279
2013-04-03 12:00:00,1.28278,1.28255,1.28438,1.28378
2013-04-03 13:00:00,1.2838,1.28241,1.28534,1.28505
2013-04-03 14:00:00,1.28506,1.2835,1.28639,1.28478
2013-04-03 15:00:00,1.28478,1.28389,1.28539,1.28461
2013-04-03 16:00:00,1.28461,1.28351,1.28489,1.28445
2013-04-03 17:00:00,1.28447,1.28396,1.28509,1.28457
2013-04-03 18:00:00,1.28454,1.2842,1.28513,1.28451
2013-04-03 19:00:00,1.28451,1.28417,1.28527,1.28466
2013-04-03 20:00:00,1.28463,1.28432,1.28487,1.2848
2013-04-03 21:00:00,1.28483,1.28395,1.28484,1.28419
2013-04-03 22:00:00,1.28417,1.28405,1.28447,1.28441
2013-04-03 23:00:00,1.28441,1.2842,1.28532,1.28484
2013-04-04 00:00:00,1.28484,1.28419,1.28519,1.28445
2013-04-04 01:00:00,1.28443,1.28396,1.28449,1.28428
2013-04-04 02:00:00,1.28429,1.28403,1.28472,1.28462
2013-04-04 03:00:00,1.28462,1.28436,1.28485,1.28474
2013-04-04 04:00:00,1.28473,1.28315,1.28486,1.28326
2013-04-04 05:00:00,1.28325,1.28264,1.2838,1.28318
2013-04-04 06:00:00,1.28317,1.28208,1.28434,1.28256
2013-04-04 07:00:00,1.28256,1.27981,1.2837,1.27996
2013-04-04 08:00:00,1.27995,1.27824,1.27995,1.2792
2013-04-04 09:00:00,1.27919,1.27867,1.28054,1.27947
2013-04-04 10:00:00,1.27946,1.27898,1.28134,1.2806
2013-04-04 11:00:00,1.28061,1.27934,1.28215,1.28118
2013-04-04 12:00:00,1.28115,1.27442,1.28363,1.27726
2013-04-04 13:00:00,1.27724,1.27656,1.28599,1.28431
2013-04-04 14:00:00,1.2843,1.2843,1.28814,1.28529
2013-04-04 15:00:00,1.2853,1.28466,1.28639,1.2853
2013-04-04 16:00:00,1.28533,1.2849,1.28883,1.2876
2013-04-04 17:00:00,1.28759,1.28758,1.29485,1.2937
2013-04-04 18:00:00,1.29371,1.29329,1.29482,1.29368
2013-04-04 19:00:00,1.29368,1.29291,1.29417,1.29367
2013-04-04 20:00:00,1.29366,1.29316,1.29366,1.29348
2013-04-04 21:00:00,1.29349,1.29274,1.29349,1.29322
2013-04-04 22:00:00,1.29321,1.29262,1.2935,1.29263
2013-04-04 23:00:00,1.29261,1.29238,1.29299,1.29251
2013-04-05 00:00:00,1.29251,1.29211,1.29369,1.29333
2013-04-05 01:00:00,1.29334,1.29294,1.2936,1.29304
2013-04-05 02:00:00,1.29305,1.29193,1.29327,1.29246
2013-04-05 03:00:00,1.29246,1.29202,1.29305,1.29274
2013-04-05 04:00:00,1.29275,1.29241,1.29373,1.29259
2013-04-05 05:00:00,1.29257,1.29143,1.29298,1.29184
2013-04-05 06:00:00,1.29182,1.29039,1.29255,1.29072
2013-04-05 07:00:00,1.29072,1.29,1.29136,1.29079
2013-04-05 08:00:00,1.29077,1.29008,1.29315,1.29236
2013-04-05 09:00:00,1.29235,1.29129,1.29333,1.29177
2013-04-05 10:00:00,1.29177,1.29173,1.29386,1.29195
2013-04-05 11:00:00,1.29193,1.29154,1.29355,1.29317
2013-04-05 12:00:00,1.29318,1.29293,1.30282,1.29885
2013-04-05 13:00:00,1.29888,1.29851,1.30087,1.29989
2013-04-05 14:00:00,1.2999,1.29948,1.30394,1.30214
2013-04-05 15:00:00,1.30214,1.30148,1.30353,1.30267
2013-04-05 16:00:00,1.30267,1.30092,1.30291,1.30094
2013-04-05 17:00:00,1.30094,1.30093,1.30247,1.30158
2013-04-05 18:00:00,1.30158,1.30106,1.3019,1.3011
2013-04-05 19:00:00,1.3011,1.30022,1.30146,1.30084
2013-04-05 20:00:00,1.30084,1.29851,1.30101,1.29854
2013-04-07 21:00:00,1.29715,1.297,1.29996,1.29909
2013-04-07 22:00:00,1.29909,1.29891,1.30051,1.30033
2013-04-07 23:00:00,1.30033,1.29863,1.30036,1.29902
2013-04-08 00:00:00,1.29903,1.29865,1.29982,1.29877
2013-04-08 01:00:00,1.29878,1.29866,1.29946,1.29929
2013-04-08 02:00:00,1.29929,1.29863,1.29961,1.29896
2013-04-08 03:00:00,1.29896,1.29856,1.29936,1.29881
2013-04-08 04:00:00,1.2988,1.29834,1.29916,1.29863
2013-04-08 05:00:00,1.29863,1.29771,1.29864,1.29817
2013-04-08 06:00:00,1.29817,1.29675,1.29923,1.2991
2013-04-08 07:00:00,1.2991,1.29869,1.30011,1.29938
2013-04-08 08:00:00,1.29939,1.29932,1.3018,1.30109
2013-04-08 09:00:00,1.30109,1.29926,1.30161,1.30114
2013-04-08 10:00:00,1.30115,1.30028,1.30277,1.30229
2013-04-08 11:00:00,1.30231,1.30135,1.3037,1.30324
2013-04-08 12:00:00,1.30325,1.30165,1.30351,1.30262
2013-04-08 13:00:00,1.30261,1.30006,1.30272,1.3023
2013-04-08 14:00:00,1.30232,1.30083,1.30261,1.30167
2013-04-08 15:00:00,1.30166,1.29937,1.30185,1.30061
2013-04-08 16:00:00,1.30061,1.30061,1.30146,1.30081
2013-04-08 17:00:00,1.30081,1.3006,1.3019,1.30164
2013-04-08 18:00:00,1.30166,1.30022,1.3018,1.30033
2013-04-08 19:00:00,1.30033,1.29916,1.30065,1.30033
2013-04-08 20:00:00,1.30032,1.30002,1.30086,1.30075
2013-04-08 21:00:00,1.30073,1.30066,1.30177,1.30174
2013-04-08 22:00:00,1.30175,1.30095,1.30178,1.30174
2013-04-08 23:00:00,1.30174,1.30157,1.30299,1.30284
2013-04-09 00:00:00,1.30286,1.30267,1.30672,1.30581
2013-04-09 01:00:00,1.30582,1.30563,1.30644,1.30619
2013-04-09 02:00:00,1.30621,1.30531,1.30625,1.30535
2013-04-09 03:00:00,1.30535,1.30448,1.30552,1.30449
2013-04-09 04:00:00,1.30449,1.3041,1.30486,1.30421
2013-04-09 05:00:00,1.30422,1.30282,1.30516,1.30327
2013-04-09 06:00:00,1.30328,1.30196,1.30393,1.30343
2013-04-09 07:00:00,1.30341,1.30043,1.30346,1.30181
2013-04-09 08:00:00,1.30178,1.30135,1.30388,1.30285
2013-04-09 09:00:00,1.30286,1.30224,1.30498,1.30394
2013-04-09 10:00:00,1.30394,1.30318,1.30492,1.30359
2013-04-09 11:00:00,1.30359,1.3033,1.30503,1.30348
2013-04-09 12:00:00,1.30347,1.30347,1.30651,1.30601
2013-04-09 13:00:00,1.30602,1.30428,1.30736,1.30471
2013-04-09 14:00:00,1.30468,1.30278,1.3059,1.30571
2013-04-09 15:00:00,1.30572,1.30545,1.30982,1.30912
2013-04-09 16:00:00,1.30915,1.30812,1.30971,1.30816
2013-04-09 17:00:00,1.30817,1.30817,1.30999,1.30903
2013-04-09 18:00:00,1.30906,1.30865,1.31026,1.30987
2013-04-09 19:00:00,1.30989,1.30796,1.30993,1.30815
2013-04-09 20:00:00,1.30815,1.30791,1.3088,1.30816
2013-04-09 21:00:00,1.30818,1.30762,1.30842,1.30797
2013-04-09 22:00:00,1.30796,1.30758,1.3083,1.3083
2013-04-09 23:00:00,1.30829,1.30763,1.30852,1.30797
2013-04-10 00:00:00,1.30796,1.30745,1.30833,1.30831
2013-04-10 01:00:00,1.30831,1.30771,1.30864,1.30814
2013-04-10 02:00:00,1.30812,1.30788,1.30902,1.30875
2013-04-10 03:00:00,1.30875,1.30846,1.30896,1.30896
2013-04-10 04:00:00,1.30896,1.30842,1.30896,1.30873
2013-04-10 05:00:00,1.30871,1.30725,1.30881,1.30761
2013-04-10 06:00:00,1.30763,1.3074,1.3088,1.30866
2013-04-10 07:00:00,1.30867,1.30845,1.3115,1.31034
2013-04-10 08:00:00,1.31036,1.30959,1.31213,1.31007
2013-04-10 09:00:00,1.31009,1.30933,1.3105,1.30948
2013-04-10 10:00:00,1.30944,1.30938,1.31014,1.30964
2013-04-10 11:00:00,1.30965,1.30956,1.31087,1.30993
2013-04-10 12:00:00,1.30994,1.30637,1.31032,1.30738
2013-04-10 13:00:00,1.30738,1.30629,1.30962,1.30759
2013-04-10 14:00:00,1.3076,1.30675,1.3088,1.30849
2013-04-10 15:00:00,1.30847,1.30532,1.30853,1.30584
2013-04-10 16:00:00,1.30585,1.30542,1.30695,1.30611
2013-04-10 17:00:00,1.30613,1.30541,1.30677,1.30574
2013-04-10 18:00:00,1.30574,1.30555,1.3065,1.30583
2013-04-10 19:00:00,1.30582,1.3052,1.30687,1.30674
2013-04-10 20:00:00,1.30676,1.30641,1.30717,1.30684
2013-04-10 21:00:00,1.30683,1.30641,1.30717,1.30662
2013-04-10 22:00:00,1.30662,1.30641,1.30697,1.30657
2013-04-10 23:00:00,1.30657,1.30504,1.30662,1.30516
2013-04-11 00:00:00,1.30516,1.30431,1.3062,1.30482
2013-04-11 01:00:00,1.30481,1.3047,1.3059,1.30499
2013-04-11 02:00:00,1.30497,1.30493,1.30575,1.3054
2013-04-11 03:00:00,1.3054,1.30528,1.30591,1.30584
2013-04-11 04:00:00,1.30585,1.30567,1.30658,1.30639
2013-04-11 05:00:00,1.30638,1.30624,1.30706,1.30697
2013-04-11 06:00:00,1.30699,1.3065,1.30773,1.30696
2013-04-11 07:00:00,1.30694,1.3063,1.30885,1.30773
2013-04-11 08:00:00,1.30774,1.30753,1.30919,1.3082
2013-04-11 09:00:00,1.30821,1.30752,1.30975,1.30946
2013-04-11 10:00:00,1.30947,1.30941,1.31333,1.31241
2013-04-11 11:00:00,1.31243,1.31237,1.31378,1.3129
2013-04-11 12:00:00,1.3129,1.31065,1.31353,1.31078
2013-04-11 13:00:00,1.31077,1.30835,1.3108,1.30937
2013-04-11 14:00:00,1.30935,1.3093,1.31308,1.31258
2013-04-11 15:00:00,1.31261,1.31165,1.31371,1.31225
2013-04-11 16:00:00,1.31222,1.31185,1.31293,1.3123
2013-04-11 17:00:00,1.31231,1.31141,1.31257,1.31142
2013-04-11 18:00:00,1.31143,1.31054,1.31215,1.31114
2013-04-11 19:00:00,1.31114,1.31006,1.31143,1.31014
2013-04-11 20:00:00,1.31012,1.30883,1.3104,1.3098
2013-04-11 21:00:00,1.3098,1.30964,1.31068,1.31055
2013-04-11 22:00:00,1.31057,1.3102,1.31106,1.31102
2013-04-11 23:00:00,1.311,1.31069,1.31176,1.31154
2013-04-12 00:00:00,1.31155,1.31045,1.31156,1.31098
2013-04-12 01:00:00,1.31099,1.31073,1.31171,1.31134
2013-04-12 02:00:00,1.31133,1.31126,1.31193,1.31183
2013-04-12 03:00:00,1.31183,1.31085,1.31258,1.31125
2013-04-12 04:00:00,1.31125,1.31109,1.31187,1.31165
2013-04-12 05:00:00,1.31165,1.31089,1.31196,1.31122
2013-04-12 06:00:00,1.31123,1.30911,1.31123,1.30991
2013-04-12 07:00:00,1.30993,1.30617,1.30993,1.30641
2013-04-12 08:00:00,1.30641,1.30581,1.3076,1.3062
2013-04-12 09:00:00,1.30621,1.30395,1.30641,1.30442
2013-04-12 10:00:00,1.30441,1.30426,1.30697,1.30654
2013-04-12 11:00:00,1.30655,1.30502,1.30679,1.30515
2013-04-12 12:00:00,1.30513,1.30358,1.30737,1.30691
2013-04-12 13:00:00,1.30688,1.30665,1.30837,1.308
2013-04-12 14:00:00,1.30802,1.30755,1.31004,1.30968
2013-04-12 15:00:00,1.30969,1.30885,1.31006,1.30923
2013-04-12 16:00:00,1.30923,1.30896,1.30965,1.30942
2013-04-12 17:00:00,1.3094,1.30923,1.30987,1.30927
2013-04-12 18:00:00,1.30925,1.30781,1.30932,1.30792
2013-04-12 19:00:00,1.30789,1.30775,1.31082,1.3102
2013-04-12 20:00:00,1.31018,1.30993,1.31238,1.31082
2013-04-14 21:00:00,1.31132,1.31034,1.31132,1.31076
2013-04-14 22:00:00,1.31074,1.30982,1.3109,1.31055
2013-04-14 23:00:00,1.31052,1.3095,1.31052,1.30962
2013-04-15 00:00:00,1.30961,1.30921,1.31047,1.31004
2013-04-15 01:00:00,1.31006,1.30959,1.31072,1.31027
2013-04-15 02:00:00,1.31025,1.30706,1.31031,1.3076
2013-04-15 03:00:00,1.30758,1.30642,1.3079,1.30765
2013-04-15 04:00:00,1.30766,1.30691,1.30792,1.30784
2013-04-15 05:00:00,1.30784,1.30721,1.30824,1.30721
2013-04-15 06:00:00,1.30722,1.30636,1.30799,1.30742
2013-04-15 07:00:00,1.30742,1.30652,1.30919,1.30738
2013-04-15 08:00:00,1.3074,1.30516,1.30746,1.30544
2013-04-15 09:00:00,1.30542,1.30536,1.30756,1.30627
2013-04-15 10:00:00,1.30627,1.30563,1.30794,1.30759
2013-04-15 11:00:00,1.30758,1.30628,1.30804,1.30771
2013-04-15 12:00:00,1.30773,1.30749,1.31068,1.30963
2013-04-15 13:00:00,1.30962,1.30776,1.30987,1.30857
2013-04-15 14:00:00,1.30856,1.30712,1.30921,1.30844
2013-04-15 15:00:00,1.30842,1.30771,1.30889,1.30792
2013-04-15 16:00:00,1.30792,1.30674,1.30832,1.30699
2013-04-15 17:00:00,1.30699,1.30673,1.30731,1.30692
2013-04-15 18:00:00,1.30692,1.30345,1.30702,1.30399
2013-04-15 19:00:00,1.30396,1.30306,1.30611,1.30316
2013-04-15 20:00:00,1.30318,1.30208,1.30438,1.30343
2013-04-15 21:00:00,1.30343,1.3027,1.30477,1.30455
2013-04-15 22:00:00,1.30456,1.3043,1.30553,1.30502
2013-04-15 23:00:00,1.30502,1.30457,1.30555,1.30525
2013-04-16 00:00:00,1.30524,1.30388,1.30565,1.30438
2013-04-16 01:00:00,1.30439,1.30302,1.30475,1.30306
2013-04-16 02:00:00,1.30306,1.30301,1.30438,1.30384
2013-04-16 03:00:00,1.30384,1.30371,1.30684,1.30629
2013-04-16 04:00:00,1.3063,1.30623,1.30807,1.30767
2013-04-16 05:00:00,1.30765,1.3067,1.30799,1.30744
2013-04-16 06:00:00,1.30744,1.3062,1.30842,1.30693
2013-04-16 07:00:00,1.30695,1.30452,1.30807,1.30482
2013-04-16 08:00:00,1.3048,1.30389,1.30558,1.30389
2013-04-16 09:00:00,1.30385,1.30273,1.3089,1.30714
2013-04-16 10:00:00,1.30712,1.30697,1.31128,1.31034
2013-04-16 11:00:00,1.31033,1.31021,1.31231,1.31143
2013-04-16 12:00:00,1.31144,1.31144,1.31474,1.31358
2013-04-16 13:00:00,1.31355,1.31116,1.31358,1.31255
2013-04-16 14:00:00,1.31258,1.31257,1.31501,1.31296
2013-04-16 15:00:00,1.31294,1.31207,1.31407,1.31396
2013-04-16 16:00:00,1.31393,1.31354,1.31919,1.31729
2013-04-16 17:00:00,1.31728,1.31728,1.3198,1.31905
2013-04-16 18:00:00,1.31905,1.31865,1.32009,1.31907
2013-04-16 19:00:00,1.31906,1.31802,1.31906,1.31808
2013-04-16 20:00:00,1.31807,1.31735,1.3182,1.31755
2013-04-16 21:00:00,1.31754,1.31644,1.31823,1.31766
2013-04-16 22:00:00,1.31769,1.31721,1.31866,1.31778
2013-04-16 23:00:00,1.31778,1.31743,1.31825,1.3177
2013-04-17 00:00:00,1.3177,1.31736,1.31819,1.31795
2013-04-17 01:00:00,1.31795,1.31778,1.31869,1.31794
2013-04-17 02:00:00,1.31793,1.31734,1.31809,1.31766
2013-04-17 03:00:00,1.31766,1.31708,1.31767,1.31726
2013-04-17 04:00:00,1.31726,1.31698,1.31827,1.31807
2013-04-17 05:00:00,1.31807,1.31704,1.3181,1.31753
2013-04-17 06:00:00,1.31753,1.31631,1.3183,1.31759
2013-04-17 07:00:00,1.3176,1.31523,1.31871,1.31585
2013-04-17 08:00:00,1.31586,1.31554,1.31992,1.31886
2013-04-17 09:00:00,1.31887,1.31527,1.31931,1.316
2013-04-17 10:00:00,1.316,1.31294,1.31641,1.31345
2013-04-17 11:00:00,1.31346,1.31198,1.31447,1.3122
2013-04-17 12:00:00,1.31223,1.31152,1.31395,1.31346
2013-04-17 13:00:00,1.31346,1.31077,1.31462,1.31114
2013-04-17 14:00:00,1.31112,1.30335,1.31134,1.30413
2013-04-17 15:00:00,1.30414,1.30395,1.30614,1.30477
2013-04-17 16:00:00,1.30477,1.30004,1.30509,1.30234
2013-04-17 17:00:00,1.30232,1.30157,1.30478,1.30362
2013-04-17 18:00:00,1.30363,1.30097,1.30381,1.30125
2013-04-17 19:00:00,1.30123,1.30109,1.30351,1.30272
2013-04-17 20:00:00,1.30272,1.30234,1.30335,1.30298
2013-04-17 21:00:00,1.30299,1.30265,1.30349,1.30343
2013-04-17 22:00:00,1.30342,1.30278,1.30367,1.30312
2013-04-17 23:00:00,1.30313,1.30293,1.30382,1.30329
2013-04-18 00:00:00,1.30332,1.30273,1.30366,1.30275
2013-04-18 01:00:00,1.30277,1.30204,1.30372,1.30329
2013-04-18 02:00:00,1.3033,1.30321,1.3048,1.30433
2013-04-18 03:00:00,1.30433,1.30424,1.3057,1.30543
2013-04-18 04:00:00,1.30543,1.30482,1.30603,1.30482
2013-04-18 05:00:00,1.3048,1.30378,1.305,1.30494
2013-04-18 06:00:00,1.30494,1.30409,1.30562,1.30506
2013-04-18 07:00:00,1.30505,1.30299,1.30573,1.3053
2013-04-18 08:00:00,1.30527,1.3037,1.3057,1.3047
2013-04-18 09:00:00,1.30469,1.30422,1.30735,1.30668
2013-04-18 10:00:00,1.30669,1.30528,1.30714,1.30574
2013-04-18 11:00:00,1.30576,1.30359,1.30685,1.30413
2013-04-18 12:00:00,1.30413,1.30403,1.30761,1.30624
2013-04-18 13:00:00,1.30623,1.3046,1.30661,1.30529
2013-04-18 14:00:00,1.30529,1.30256,1.30868,1.30796
2013-04-18 15:00:00,1.30795,1.30657,1.30872,1.30745
2013-04-18 16:00:00,1.30743,1.30741,1.30956,1.30779
2013-04-18 17:00:00,1.30782,1.30583,1.30835,1.30624
2013-04-18 18:00:00,1.30623,1.30424,1.30641,1.30491
2013-04-18 19:00:00,1.30491,1.30463,1.30571,1.30506
2013-04-18 20:00:00,1.30507,1.30467,1.30533,1.30494
2013-04-18 21:00:00,1.30495,1.30419,1.30536,1.30485
2013-04-18 22:00:00,1.30486,1.30486,1.30572,1.30572
2013-04-18 23:00:00,1.3057,1.30481,1.30604,1.30523
2013-04-19 00:00:00,1.3052,1.30497,1.30555,1.30533
2013-04-19 01:00:00,1.30535,1.30516,1.30605,1.30586
2013-04-19 02:00:00,1.30588,1.30588,1.30749,1.30608
2013-04-19 03:00:00,1.30606,1.30598,1.30675,1.30652
2013-04-19 04:00:00,1.3065,1.30626,1.30682,1.30658
2013-04-19 05:00:00,1.30658,1.30623,1.30722,1.3066
2013-04-19 06:00:00,1.30659,1.3063,1.30834,1.3074
2013-04-19 07:00:00,1.30743,1.30581,1.30786,1.30727
2013-04-19 08:00:00,1.30729,1.30624,1.30969,1.30957
2013-04-19 09:00:00,1.30955,1.30818,1.30957,1.3093
2013-04-19 10:00:00,1.3093,1.30821,1.30972,1.30874
2013-04-19 11:00:00,1.30877,1.30781,1.30901,1.30833
2013-04-19 12:00:00,1.30835,1.30709,1.31171,1.30798
2013-04-19 13:00:00,1.30796,1.30709,1.31282,1.31122
2013-04-19 14:00:00,1.31121,1.30766,1.31185,1.30803
2013-04-19 15:00:00,1.30804,1.30625,1.30907,1.30648
2013-04-19 16:00:00,1.30648,1.30526,1.30722,1.30673
2013-04-19 17:00:00,1.3067,1.30642,1.30805,1.30746
2013-04-19 18:00:00,1.30745,1.30539,1.30786,1.30617
2013-04-19 19:00:00,1.30617,1.30534,1.30631,1.30586
2013-04-19 20:00:00,1.30588,1.30457,1.30591,1.30488
2013-04-21 21:00:00,1.30719,1.30635,1.30745,1.30661
2013-04-21 22:00:00,1.30666,1.30579,1.3069,1.30626
2013-04-21 23:00:00,1.30626,1.30526,1.30649,1.30566
2013-04-22 00:00:00,1.30567,1.30538,1.30658,1.3062
2013-04-22 01:00:00,1.3062,1.30608,1.30823,1.3075
2013-04-22 02:00:00,1.30749,1.30717,1.30834,1.30744
2013-04-22 03:00:00,1.30742,1.30721,1.30767,1.30754
2013-04-22 04:00:00,1.30754,1.30686,1.30754,1.30693
2013-04-22 05:00:00,1.30692,1.30617,1.30716,1.30705
2013-04-22 06:00:00,1.30705,1.30489,1.30719,1.30678
2013-04-22 07:00:00,1.30677,1.30365,1.30751,1.30371
2013-04-22 08:00:00,1.30372,1.3031,1.30522,1.30472
2013-04-22 09:00:00,1.30473,1.30391,1.30526,1.30437
2013-04-22 10:00:00,1.30435,1.30367,1.30553,1.3037
2013-04-22 11:00:00,1.30373,1.30371,1.30508,1.30474
2013-04-22 12:00:00,1.30472,1.30216,1.30483,1.3027
2013-04-22 13:00:00,1.30271,1.30146,1.30319,1.30307
2013-04-22 14:00:00,1.30304,1.3021,1.30407,1.30299
2013-04-22 15:00:00,1.30299,1.30231,1.30524,1.30499
2013-04-22 16:00:00,1.30497,1.30421,1.30553,1.30472
2013-04-22 17:00:00,1.30475,1.30439,1.3054,1.30467
2013-04-22 18:00:00,1.30467,1.30458,1.30661,1.3058
2013-04-22 19:00:00,1.3058,1.30578,1.30681,1.30611
2013-04-22 20:00:00,1.30611,1.30585,1.30659,1.30652
2013-04-22 21:00:00,1.30649,1.30513,1.30666,1.306
2013-04-22 22:00:00,1.30602,1.30574,1.30655,1.30655
2013-04-22 23:00:00,1.30656,1.30571,1.3066,1.30588
2013-04-23 00:00:00,1.30588,1.3054,1.30638,1.3054
2013-04-23 01:00:00,1.30537,1.30408,1.30544,1.30455
2013-04-23 02:00:00,1.30454,1.30399,1.30546,1.30465
2013-04-23 03:00:00,1.30464,1.30321,1.30535,1.30333
2013-04-23 04:00:00,1.30335,1.30324,1.30447,1.30433
2013-04-23 05:00:00,1.30434,1.30371,1.30492,1.30464
2013-04-23 06:00:00,1.30463,1.30339,1.30618,1.30609
2013-04-23 07:00:00,1.3061,1.29789,1.30835,1.29905
2013-04-23 08:00:00,1.29905,1.29728,1.29963,1.29822
2013-04-23 09:00:00,1.29819,1.29724,1.299,1.29866
2013-04-23 10:00:00,1.29866,1.298,1.29916,1.29825
2013-04-23 11:00:00,1.29825,1.29825,1.30004,1.29962
2013-04-23 12:00:00,1.2996,1.29759,1.3,1.29807
2013-04-23 13:00:00,1.29808,1.29802,1.30226,1.30188
2013-04-23 14:00:00,1.30185,1.30129,1.30278,1.30139
2013-04-23 15:00:00,1.30141,1.30034,1.30174,1.30112
2013-04-23 16:00:00,1.30112,1.30027,1.30117,1.30097
2013-04-23 17:00:00,1.30095,1.29966,1.30112,1.30017
2013-04-23 18:00:00,1.30016,1.29867,1.30039,1.29904
2013-04-23 19:00:00,1.29904,1.29897,1.29997,1.29991
2013-04-23 20:00:00,1.29989,1.2989,1.30066,1.29905
2013-04-23 21:00:00,1.299,1.29895,1.3002,1.29998
2013-04-23 22:00:00,1.29999,1.29965,1.30022,1.3001
2013-04-23 23:00:00,1.30011,1.29892,1.30038,1.29935
2013-04-24 00:00:00,1.29936,1.29918,1.30055,1.29988
2013-04-24 01:00:00,1.2999,1.29909,1.30025,1.29945
2013-04-24 02:00:00,1.29946,1.2988,1.29962,1.29933
2013-04-24 03:00:00,1.29933,1.29898,1.30029,1.2999
2013-04-24 04:00:00,1.2999,1.29932,1.30004,1.29949
2013-04-24 05:00:00,1.29947,1.29939,1.30098,1.30033
2013-04-24 06:00:00,1.30032,1.29975,1.30061,1.30031
2013-04-24 07:00:00,1.30031,1.29815,1.30032,1.29872
2013-04-24 08:00:00,1.29876,1.29524,1.3017,1.30099
2013-04-24 09:00:00,1.30102,1.29978,1.3024,1.3024
2013-04-24 10:00:00,1.30243,1.30075,1.30333,1.30173
2013-04-24 11:00:00,1.30174,1.30065,1.30204,1.30117
2013-04-24 12:00:00,1.30117,1.29825,1.3013,1.2987
2013-04-24 13:00:00,1.29868,1.29782,1.29971,1.29911
2013-04-24 14:00:00,1.29913,1.29733,1.30136,1.29953
2013-04-24 15:00:00,1.29954,1.29875,1.30003,1.29953
2013-04-24 16:00:00,1.29953,1.29931,1.30056,1.30054
2013-04-24 17:00:00,1.30051,1.3005,1.30231,1.30158
2013-04-24 18:00:00,1.30156,1.30137,1.30238,1.3021
2013-04-24 19:00:00,1.3021,1.30153,1.30282,1.30155
2013-04-24 20:00:00,1.30156,1.30115,1.30166,1.30139
2013-04-24 21:00:00,1.30136,1.30079,1.30158,1.30102
2013-04-24 22:00:00,1.30102,1.30101,1.30148,1.30143
2013-04-24 23:00:00,1.30143,1.30121,1.30192,1.30148
2013-04-25 00:00:00,1.3015,1.30124,1.30272,1.30262
2013-04-25 01:00:00,1.30263,1.30248,1.30606,1.30495
2013-04-25 02:00:00,1.30496,1.30432,1.30531,1.30502
2013-04-25 03:00:00,1.30502,1.30432,1.30515,1.30452
2013-04-25 04:00:00,1.30452,1.30397,1.30454,1.30399
2013-04-25 05:00:00,1.30398,1.30385,1.30519,1.30423
2013-04-25 06:00:00,1.30423,1.30358,1.30493,1.30465
2013-04-25 07:00:00,1.30465,1.30265,1.30551,1.3032
2013-04-25 08:00:00,1.3032,1.30304,1.30661,1.30637
2013-04-25 09:00:00,1.30635,1.30574,1.3076,1.30607
2013-04-25 10:00:00,1.30606,1.3059,1.30753,1.30712
2013-04-25 11:00:00,1.30715,1.30646,1.30816,1.30693
2013-04-25 12:00:00,1.3069,1.30661,1.30928,1.30699
2013-04-25 13:00:00,1.30701,1.30103,1.30716,1.30148
2013-04-25 14:00:00,1.30148,1.29881,1.3015,1.30041
2013-04-25 15:00:00,1.30039,1.29963,1.30144,1.30027
2013-04-25 16:00:00,1.30029,1.29983,1.30079,1.30069
2013-04-25 17:00:00,1.30065,1.30022,1.30191,1.30174
2013-04-25 18:00:00,1.30173,1.30121,1.30209,1.30158
2013-04-25 19:00:00,1.30159,1.29989,1.3016,1.30028
2013-04-25 20:00:00,1.30031,1.30008,1.30119,1.30105
2013-04-25 21:00:00,1.30106,1.30069,1.30127,1.30078
2013-04-25 22:00:00,1.30078,1.30044,1.30126,1.30057
2013-04-25 23:00:00,1.30056,1.29973,1.30078,1.3003
2013-04-26 00:00:00,1.30031,1.29985,1.30094,1.30054
2013-04-26 01:00:00,1.30056,1.30055,1.30339,1.30338
2013-04-26 02:00:00,1.30337,1.30283,1.30466,1.30349
2013-04-26 03:00:00,1.30349,1.30292,1.30416,1.30343
2013-04-26 04:00:00,1.30341,1.30323,1.30442,1.30339
2013-04-26 05:00:00,1.30338,1.30182,1.30395,1.30188
2013-04-26 06:00:00,1.3019,1.30153,1.30291,1.30212
2013-04-26 07:00:00,1.30212,1.30172,1.30428,1.30375
2013-04-26 08:00:00,1.30376,1.30098,1.30439,1.30177
2013-04-26 09:00:00,1.30177,1.30056,1.3028,1.30237
2013-04-26 10:00:00,1.30236,1.29957,1.30236,1.30042
2013-04-26 11:00:00,1.30041,1.29946,1.30091,1.29975
2013-04-26 12:00:00,1.29975,1.29899,1.30351,1.30229
2013-04-26 13:00:00,1.30227,1.30055,1.30274,1.301
2013-04-26 14:00:00,1.301,1.30008,1.30345,1.30263
2013-04-26 15:00:00,1.3026,1.30197,1.30349,1.30235
2013-04-26 16:00:00,1.30237,1.30103,1.30335,1.30184
2013-04-26 17:00:00,1.30187,1.30178,1.30358,1.30252
2013-04-26 18:00:00,1.30252,1.30233,1.30318,1.30269
2013-04-26 19:00:00,1.30268,1.30189,1.30333,1.30332
2013-04-26 20:00:00,1.30332,1.30216,1.30333,1.30256
2013-04-28 21:00:00,1.30467,1.30427,1.30655,1.30587
2013-04-28 22:00:00,1.30586,1.30425,1.30587,1.30435
2013-04-28 23:00:00,1.30437,1.30383,1.3045,1.30398
2013-04-29 00:00:00,1.30398,1.3031,1.3044,1.30435
2013-04-29 01:00:00,1.30435,1.30434,1.30533,1.30503
2013-04-29 02:00:00,1.30505,1.30478,1.30536,1.30497
2013-04-29 03:00:00,1.30495,1.3044,1.30506,1.30477
2013-04-29 04:00:00,1.30477,1.30466,1.30528,1.30472
2013-04-29 05:00:00,1.30471,1.30418,1.305,1.30456
2013-04-29 06:00:00,1.30457,1.30454,1.30685,1.30634
2013-04-29 07:00:00,1.30634,1.30613,1.30996,1.30911
2013-04-29 08:00:00,1.30911,1.3081,1.30994,1.30881
2013-04-29 09:00:00,1.30882,1.30773,1.30944,1.30778
2013-04-29 10:00:00,1.30777,1.30777,1.30886,1.30809
2013-04-29 11:00:00,1.30807,1.30785,1.30937,1.30891
2013-04-29 12:00:00,1.30894,1.3087,1.3116,1.30876
2013-04-29 13:00:00,1.30877,1.30758,1.30908,1.30853
2013-04-29 14:00:00,1.30854,1.3081,1.31029,1.30998
2013-04-29 15:00:00,1.31,1.30883,1.31127,1.30887
2013-04-29 16:00:00,1.30888,1.30811,1.30931,1.3085
2013-04-29 17:00:00,1.30848,1.30837,1.31003,1.30956
2013-04-29 18:00:00,1.30956,1.30898,1.31004,1.30955
2013-04-29 19:00:00,1.30957,1.30915,1.31,1.30975
2013-04-29 20:00:00,1.30976,1.30944,1.31012,1.30974
2013-04-29 21:00:00,1.30975,1.30823,1.31016,1.30917
2013-04-29 22:00:00,1.30918,1.30914,1.30975,1.30961
2013-04-29 23:00:00,1.30963,1.30913,1.30981,1.30936
2013-04-30 00:00:00,1.30935,1.30895,1.3098,1.3092
2013-04-30 01:00:00,1.30919,1.30835,1.30939,1.30907
2013-04-30 02:00:00,1.30907,1.30875,1.30957,1.30897
2013-04-30 03:00:00,1.30897,1.30845,1.30958,1.30958
2013-04-30 04:00:00,1.30958,1.30925,1.30968,1.30937
2013-04-30 05:00:00,1.30937,1.30906,1.31203,1.31094
2013-04-30 06:00:00,1.31094,1.30737,1.31095,1.308
2013-04-30 07:00:00,1.30799,1.30661,1.30839,1.3078
2013-04-30 08:00:00,1.3078,1.30571,1.30886,1.30589
2013-04-30 09:00:00,1.30591,1.30518,1.30838,1.30762
2013-04-30 10:00:00,1.3076,1.30628,1.30783,1.30756
2013-04-30 11:00:00,1.30756,1.30688,1.30783,1.30748
2013-04-30 12:00:00,1.3075,1.30662,1.30789,1.30757
2013-04-30 13:00:00,1.30756,1.3073,1.31491,1.31423
2013-04-30 14:00:00,1.31424,1.31339,1.31853,1.31849
2013-04-30 15:00:00,1.31848,1.31641,1.31848,1.31695
2013-04-30 16:00:00,1.31695,1.31455,1.3171,1.31574
2013-04-30 17:00:00,1.31575,1.31462,1.31626,1.31569
2013-04-30 18:00:00,1.31567,1.3148,1.31627,1.31611
2013-04-30 19:00:00,1.31608,1.31554,1.317,1.31686
2013-04-30 20:00:00,1.31686,1.31649,1.31725,1.31656
2013-04-30 21:00:00,1.31659,1.31591,1.31682,1.3165
2013-04-30 22:00:00,1.31651,1.31629,1.31677,1.31676
2013-04-30 23:00:00,1.31675,1.31656,1.3171,1.31672
2013-05-01 00:00:00,1.31669,1.31647,1.31786,1.31764
2013-05-01 01:00:00,1.31761,1.31608,1.31766,1.31649
2013-05-01 02:00:00,1.31647,1.31628,1.31675,1.31648
2013-05-01 03:00:00,1.31648,1.31614,1.31659,1.31629
2013-05-01 04:00:00,1.31629,1.31598,1.31639,1.31616
2013-05-01 05:00:00,1.31617,1.31617,1.31697,1.31691
2013-05-01 06:00:00,1.3169,1.3164,1.31774,1.31709
2013-05-01 07:00:00,1.31708,1.3164,1.31762,1.31716
2013-05-01 08:00:00,1.31715,1.31712,1.31943,1.31911
2013-05-01 09:00:00,1.3191,1.31879,1.31995,1.31918
2013-05-01 10:00:00,1.3192,1.3186,1.31954,1.31939
2013-05-01 11:00:00,1.31937,1.31933,1.3227,1.3219
2013-05-01 12:00:00,1.32192,1.32167,1.32422,1.32254
2013-05-01 13:00:00,1.32256,1.32049,1.32282,1.32097
2013-05-01 14:00:00,1.32095,1.31858,1.32213,1.31924
2013-05-01 15:00:00,1.31924,1.31774,1.32004,1.31913
2013-05-01 16:00:00,1.31913,1.3189,1.32058,1.31899
2013-05-01 17:00:00,1.319,1.31896,1.31999,1.31919
2013-05-01 18:00:00,1.31919,1.31675,1.32229,1.321
2013-05-01 19:00:00,1.32102,1.31752,1.32115,1.31837
2013-05-01 20:00:00,1.31838,1.31777,1.31885,1.31777
2013-05-01 21:00:00,1.31778,1.31766,1.31845,1.31829
2013-05-01 22:00:00,1.31826,1.3173,1.3189,1.3178
2013-05-01 23:00:00,1.31778,1.31759,1.31827,1.31787
2013-05-02 00:00:00,1.31787,1.31693,1.318,1.31746
2013-05-02 01:00:00,1.31745,1.31717,1.3184,1.31788
2013-05-02 02:00:00,1.31789,1.31746,1.31809,1.31773
2013-05-02 03:00:00,1.31773,1.31659,1.31779,1.31678
2013-05-02 04:00:00,1.31678,1.31669,1.31726,1.31717
2013-05-02 05:00:00,1.31717,1.31657,1.31755,1.31745
2013-05-02 06:00:00,1.31745,1.31511,1.31787,1.31514
2013-05-02 07:00:00,1.31513,1.31468,1.31661,1.31619
2013-05-02 08:00:00,1.31621,1.3161,1.31737,1.31719
2013-05-02 09:00:00,1.31721,1.31608,1.31734,1.31671
2013-05-02 10:00:00,1.31672,1.31588,1.31802,1.31665
2013-05-02 11:00:00,1.31665,1.31127,1.32096,1.31929
2013-05-02 12:00:00,1.31928,1.31557,1.32172,1.31763
2013-05-02 13:00:00,1.31764,1.30601,1.31766,1.30783
2013-05-02 14:00:00,1.30783,1.30575,1.30917,1.3068
2013-05-02 15:00:00,1.30682,1.30365,1.30731,1.30652
2013-05-02 16:00:00,1.30654,1.30525,1.30707,1.30686
2013-05-02 17:00:00,1.30689,1.30625,1.30731,1.30671
2013-05-02 18:00:00,1.3067,1.30559,1.30679,1.30565
2013-05-02 19:00:00,1.30567,1.30544,1.30662,1.3065
2013-05-02 20:00:00,1.30652,1.30575,1.3066,1.30638
2013-05-02 21:00:00,1.30638,1.30525,1.30648,1.30612
2013-05-02 22:00:00,1.30613,1.30598,1.30663,1.30626
2013-05-02 23:00:00,1.30623,1.3062,1.30691,1.30657
2013-05-03 00:00:00,1.30655,1.3061,1.30718,1.30714
2013-05-03 01:00:00,1.30713,1.30684,1.30729,1.30722
2013-05-03 02:00:00,1.30723,1.30723,1.30771,1.30751
2013-05-03 03:00:00,1.30751,1.30719,1.30751,1.3072
2013-05-03 04:00:00,1.3072,1.307,1.30742,1.30706
2013-05-03 05:00:00,1.30706,1.30681,1.30748,1.30721
2013-05-03 06:00:00,1.30719,1.30636,1.31116,1.31047
2013-05-03 07:00:00,1.3105,1.30871,1.31078,1.31052
2013-05-03 08:00:00,1.31049,1.30995,1.31303,1.31277
2013-05-03 09:00:00,1.31276,1.31177,1.31368,1.31207
2013-05-03 10:00:00,1.31208,1.31169,1.31359,1.31187
2013-05-03 11:00:00,1.31185,1.30915,1.31276,1.31094
2013-05-03 12:00:00,1.31093,1.30321,1.31422,1.30438
2013-05-03 13:00:00,1.30436,1.30432,1.31258,1.31105
2013-05-03 14:00:00,1.31106,1.31106,1.31585,1.3115
2013-05-03 15:00:00,1.31149,1.31057,1.31242,1.31102
2013-05-03 16:00:00,1.31103,1.31015,1.31203,1.31063
2013-05-03 17:00:00,1.31064,1.31033,1.31126,1.31035
2013-05-03 18:00:00,1.31036,1.31021,1.31165,1.31086
2013-05-03 19:00:00,1.31086,1.31066,1.31174,1.31169
2013-05-03 20:00:00,1.31167,1.31116,1.31188,1.31125
2013-05-05 21:00:00,1.31192,1.31061,1.31223,1.31158
2013-05-05 22:00:00,1.31157,1.31082,1.31175,1.31124
2013-05-05 23:00:00,1.31125,1.31113,1.31252,1.31201
2013-05-06 00:00:00,1.31201,1.31159,1.3134,1.31333
2013-05-06 01:00:00,1.31335,1.31221,1.31403,1.31254
2013-05-06 02:00:00,1.31252,1.31191,1.31263,1.31222
2013-05-06 03:00:00,1.31222,1.31203,1.31247,1.31235
2013-05-06 04:00:00,1.31235,1.31168,1.31237,1.31206
2013-05-06 05:00:00,1.31206,1.31167,1.31217,1.3118
2013-05-06 06:00:00,1.31181,1.31033,1.31227,1.31054
2013-05-06 07:00:00,1.31052,1.30916,1.31147,1.31147
2013-05-06 08:00:00,1.31144,1.31008,1.31194,1.31072
2013-05-06 09:00:00,1.31071,1.30996,1.31139,1.31075
2013-05-06 10:00:00,1.31073,1.30978,1.31138,1.30986
2013-05-06 11:00:00,1.30988,1.30968,1.31096,1.31018
2013-05-06 12:00:00,1.31016,1.3101,1.31157,1.31076
2013-05-06 13:00:00,1.31073,1.30977,1.31094,1.30986
2013-05-06 14:00:00,1.30986,1.30547,1.31104,1.30565
2013-05-06 15:00:00,1.30565,1.30531,1.30731,1.30654
2013-05-06 16:00:00,1.30655,1.30648,1.30756,1.30744
2013-05-06 17:00:00,1.30743,1.30679,1.30806,1.30784
2013-05-06 18:00:00,1.30785,1.3074,1.30851,1.30769
2013-05-06 19:00:00,1.30772,1.30727,1.30788,1.30729
2013-05-06 20:00:00,1.30729,1.30719,1.3077,1.30752
2013-05-06 21:00:00,1.3075,1.30714,1.30763,1.30721
2013-05-06 22:00:00,1.30722,1.30703,1.30745,1.30736
2013-05-06 23:00:00,1.30735,1.30675,1.30757,1.30721
2013-05-07 00:00:00,1.30719,1.30673,1.30791,1.30772
2013-05-07 01:00:00,1.3077,1.30692,1.30809,1.30777
2013-05-07 02:00:00,1.30777,1.30743,1.30801,1.30787
2013-05-07 03:00:00,1.30787,1.30759,1.30805,1.30787
2013-05-07 04:00:00,1.30787,1.30774,1.30887,1.30816
2013-05-07 05:00:00,1.30816,1.30797,1.30938,1.30878
2013-05-07 06:00:00,1.30878,1.30676,1.30898,1.30723
2013-05-07 07:00:00,1.30724,1.30699,1.30888,1.30801
2013-05-07 08:00:00,1.30801,1.30729,1.30848,1.30789
2013-05-07 09:00:00,1.3079,1.30684,1.30821,1.30776
2013-05-07 10:00:00,1.30778,1.30778,1.31211,1.31184
2013-05-07 11:00:00,1.31184,1.31159,1.31311,1.31159
2013-05-07 12:00:00,1.31158,1.31037,1.31174,1.31147
2013-05-07 13:00:00,1.31146,1.31094,1.31265,1.31096
2013-05-07 14:00:00,1.31097,1.30729,1.31158,1.30848
2013-05-07 15:00:00,1.3085,1.30771,1.30921,1.30836
2013-05-07 16:00:00,1.30836,1.30813,1.30871,1.30826
2013-05-07 17:00:00,1.30827,1.30814,1.30879,1.30855
2013-05-07 18:00:00,1.30855,1.30798,1.30858,1.30858
2013-05-07 19:00:00,1.30858,1.30725,1.30859,1.30766
2013-05-07 20:00:00,1.30764,1.30752,1.30791,1.30779
2013-05-07 21:00:00,1.3078,1.30743,1.30783,1.30777
2013-05-07 22:00:00,1.30778,1.30718,1.30783,1.30752
2013-05-07 23:00:00,1.30755,1.30737,1.30781,1.30746
2013-05-08 00:00:00,1.30747,1.30708,1.30821,1.30749
2013-05-08 01:00:00,1.30748,1.30744,1.30969,1.30908
2013-05-08 02:00:00,1.3091,1.30866,1.30952,1.30878
2013-05-08 03:00:00,1.30878,1.30853,1.30909,1.30898
2013-05-08 04:00:00,1.30898,1.30876,1.30941,1.30917
2013-05-08 05:00:00,1.30917,1.30897,1.30942,1.30918
2013-05-08 06:00:00,1.30918,1.30913,1.31199,1.31133
2013-05-08 07:00:00,1.31131,1.30914,1.31148,1.30952
2013-05-08 08:00:00,1.3095,1.30864,1.31299,1.31211
2013-05-08 09:00:00,1.31214,1.31032,1.31257,1.31248
2013-05-08 10:00:00,1.31252,1.31219,1.31463,1.31259
2013-05-08 11:00:00,1.3126,1.31202,1.31345,1.31274
2013-05-08 12:00:00,1.31273,1.31271,1.31743,1.316
2013-05-08 13:00:00,1.31601,1.31584,1.31766,1.31704
2013-05-08 14:00:00,1.31703,1.3155,1.31834,1.31726
2013-05-08 15:00:00,1.31726,1.31709,1.31936,1.3176
2013-05-08 16:00:00,1.3176,1.31671,1.31829,1.31707
2013-05-08 17:00:00,1.31708,1.31624,1.31743,1.31635
2013-05-08 18:00:00,1.31636,1.3157,1.31645,1.31592
2013-05-08 19:00:00,1.31592,1.3151,1.31599,1.31547
2013-05-08 20:00:00,1.31544,1.31508,1.31571,1.31518
2013-05-08 21:00:00,1.31517,1.31494,1.31591,1.31587
2013-05-08 22:00:00,1.31589,1.31517,1.31608,1.31599
2013-05-08 23:00:00,1.316,1.31551,1.31617,1.31596
2013-05-09 00:00:00,1.31595,1.3158,1.31646,1.31588
2013-05-09 01:00:00,1.31588,1.31566,1.31668,1.31567
2013-05-09 02:00:00,1.31568,1.31539,1.31651,1.31651
2013-05-09 03:00:00,1.3165,1.31619,1.3167,1.31642
2013-05-09 04:00:00,1.31642,1.31548,1.31657,1.31608
2013-05-09 05:00:00,1.31607,1.31537,1.31607,1.31544
2013-05-09 06:00:00,1.31542,1.31534,1.31655,1.31579
2013-05-09 07:00:00,1.3158,1.31408,1.3171,1.31671
2013-05-09 08:00:00,1.3167,1.3149,1.31765,1.31542
2013-05-09 09:00:00,1.3154,1.31338,1.31573,1.31444
2013-05-09 10:00:00,1.31442,1.31399,1.31568,1.31507
2013-05-09 11:00:00,1.31508,1.31341,1.31513,1.31432
2013-05-09 12:00:00,1.31433,1.31211,1.31464,1.31321
2013-05-09 13:00:00,1.31322,1.30947,1.31425,1.30959
2013-05-09 14:00:00,1.30959,1.30855,1.31057,1.30947
2013-05-09 15:00:00,1.30945,1.30839,1.3106,1.31038
2013-05-09 16:00:00,1.31039,1.31017,1.31141,1.31109
2013-05-09 17:00:00,1.31109,1.3089,1.31124,1.31013
2013-05-09 18:00:00,1.31012,1.30124,1.31043,1.30161
2013-05-09 19:00:00,1.30162,1.30095,1.30444,1.30314
2013-05-09 20:00:00,1.30316,1.30307,1.30451,1.30406
2013-05-09 21:00:00,1.3041,1.30315,1.30439,1.30439
2013-05-09 22:00:00,1.30437,1.30343,1.30447,1.3039
2013-05-09 23:00:00,1.30388,1.30308,1.30396,1.30312
2013-05-10 00:00:00,1.30311,1.30207,1.30355,1.30283
2013-05-10 01:00:00,1.30284,1.30278,1.30443,1.30394
2013-05-10 02:00:00,1.30392,1.30354,1.30457,1.30398
2013-05-10 03:00:00,1.30398,1.30387,1.30436,1.30411
2013-05-10 04:00:00,1.30413,1.30379,1.30464,1.30385
2013-05-10 05:00:00,1.30386,1.30386,1.30504,1.30426
2013-05-10 06:00:00,1.30424,1.30199,1.30487,1.30333
2013-05-10 07:00:00,1.30334,1.30039,1.30373,1.30349
2013-05-10 08:00:00,1.30347,1.29902,1.30393,1.30009
2013-05-10 09:00:00,1.30007,1.29977,1.30188,1.30056
2013-05-10 10:00:00,1.30057,1.29927,1.30155,1.29982
2013-05-10 11:00:00,1.29982,1.29772,1.30087,1.29838
2013-05-10 12:00:00,1.29839,1.29781,1.30155,1.30149
2013-05-10 13:00:00,1.30148,1.29866,1.30148,1.29985
2013-05-10 14:00:00,1.29986,1.29566,1.2999,1.29711
2013-05-10 15:00:00,1.29709,1.29348,1.2975,1.29535
2013-05-10 16:00:00,1.29535,1.29522,1.29747,1.29731
2013-05-10 17:00:00,1.29732,1.2969,1.29835,1.29764
2013-05-10 18:00:00,1.29762,1.29757,1.29931,1.29816
2013-05-10 19:00:00,1.29816,1.29747,1.29848,1.29841
2013-05-10 20:00:00,1.29841,1.29803,1.29925,1.29858
2013-05-12 21:00:00,1.29674,1.29648,1.29766,1.29755
2013-05-12 22:00:00,1.29753,1.29626,1.29761,1.29668
2013-05-12 23:00:00,1.29669,1.29587,1.29714,1.29666
2013-05-13 00:00:00,1.29666,1.29628,1.29752,1.29646
2013-05-13 01:00:00,1.29644,1.29616,1.29732,1.29688
2013-05-13 02:00:00,1.29688,1.29682,1.29766,1.29727
2013-05-13 03:00:00,1.29727,1.29635,1.29741,1.29668
2013-05-13 04:00:00,1.29668,1.29634,1.2974,1.29738
2013-05-13 05:00:00,1.29738,1.29716,1.29871,1.29835
2013-05-13 06:00:00,1.29834,1.29724,1.29891,1.2985
2013-05-13 07:00:00,1.29851,1.29506,1.29909,1.29619
2013-05-13 08:00:00,1.29619,1.29545,1.29738,1.29697
2013-05-13 09:00:00,1.29696,1.29618,1.29804,1.29755
2013-05-13 10:00:00,1.29753,1.29738,1.29861,1.29834
2013-05-13 11:00:00,1.29834,1.29771,1.2995,1.29874
2013-05-13 12:00:00,1.29875,1.29408,1.29906,1.29801
2013-05-13 13:00:00,1.29803,1.29679,1.29946,1.29865
2013-05-13 14:00:00,1.29864,1.29762,1.29993,1.29836
2013-05-13 15:00:00,1.29838,1.29643,1.29934,1.29799
2013-05-13 16:00:00,1.29799,1.29641,1.2984,1.29754
2013-05-13 17:00:00,1.29753,1.29681,1.29834,1.29731
2013-05-13 18:00:00,1.2973,1.29675,1.29756,1.29703
2013-05-13 19:00:00,1.297,1.29664,1.29783,1.29687
2013-05-13 20:00:00,1.29687,1.29671,1.29767,1.2974
2013-05-13 21:00:00,1.2974,1.29687,1.29823,1.29814
2013-05-13 22:00:00,1.29815,1.29758,1.29817,1.29793
2013-05-13 23:00:00,1.29792,1.29759,1.29888,1.29862
2013-05-14 00:00:00,1.29863,1.2981,1.30256,1.30204
2013-05-14 01:00:00,1.30203,1.30131,1.30251,1.30149
2013-05-14 02:00:00,1.30147,1.30129,1.30188,1.30148
2013-05-14 03:00:00,1.30146,1.30049,1.30154,1.30071
2013-05-14 04:00:00,1.30071,1.30067,1.30151,1.30121
2013-05-14 05:00:00,1.30119,1.2997,1.3018,1.30056
2013-05-14 06:00:00,1.30056,1.29972,1.30072,1.30049
2013-05-14 07:00:00,1.30046,1.29862,1.30155,1.29998
2013-05-14 08:00:00,1.29999,1.29902,1.30094,1.29994
2013-05-14 09:00:00,1.2999,1.29818,1.30285,1.2986
2013-05-14 10:00:00,1.29859,1.29487,1.2986,1.29606
2013-05-14 11:00:00,1.29605,1.29463,1.29685,1.2963
2013-05-14 12:00:00,1.29628,1.29498,1.29772,1.29718
2013-05-14 13:00:00,1.2972,1.29604,1.29843,1.29732
2013-05-14 14:00:00,1.29734,1.29613,1.29807,1.29779
2013-05-14 15:00:00,1.29781,1.29648,1.29938,1.29681
2013-05-14 16:00:00,1.29684,1.29484,1.29805,1.29528
2013-05-14 17:00:00,1.29528,1.29297,1.29566,1.29421
2013-05-14 18:00:00,1.29424,1.29346,1.29448,1.29356
2013-05-14 19:00:00,1.29359,1.29351,1.29456,1.29356
2013-05-14 20:00:00,1.29357,1.29067,1.29397,1.29187
2013-05-14 21:00:00,1.29189,1.29183,1.29333,1.29309
2013-05-14 22:00:00,1.29309,1.293,1.2938,1.29336
2013-05-14 23:00:00,1.29336,1.29298,1.29399,1.29358
2013-05-15 00:00:00,1.29361,1.2932,1.29404,1.29401
2013-05-15 01:00:00,1.29403,1.29204,1.29406,1.29215
2013-05-15 02:00:00,1.29215,1.29207,1.29281,1.29274
2013-05-15 03:00:00,1.29274,1.29254,1.2937,1.29347
2013-05-15 04:00:00,1.29348,1.29307,1.29373,1.29352
2013-05-15 05:00:00,1.29352,1.29245,1.2942,1.29263
2013-05-15 06:00:00,1.29258,1.2896,1.29258,1.28977
2013-05-15 07:00:00,1.28975,1.28874,1.29105,1.29049
2013-05-15 08:00:00,1.29051,1.28944,1.2916,1.28994
2013-05-15 09:00:00,1.28995,1.28789,1.29063,1.28818
2013-05-15 10:00:00,1.28817,1.28514,1.28866,1.28555
2013-05-15 11:00:00,1.28554,1.28486,1.28675,1.28571
2013-05-15 12:00:00,1.28572,1.28426,1.28892,1.28722
2013-05-15 13:00:00,1.28722,1.28569,1.28857,1.28682
2013-05-15 14:00:00,1.28682,1.28503,1.28753,1.28598
2013-05-15 15:00:00,1.28598,1.28472,1.28724,1.28576
2013-05-15 16:00:00,1.28576,1.28466,1.28615,1.286
2013-05-15 17:00:00,1.28598,1.28547,1.28766,1.28717
2013-05-15 18:00:00,1.28717,1.28682,1.28783,1.28749
2013-05-15 19:00:00,1.28751,1.28702,1.28834,1.28783
2013-05-15 20:00:00,1.28783,1.28736,1.28874,1.28853
2013-05-15 21:00:00,1.28856,1.28758,1.28856,1.28795
2013-05-15 22:00:00,1.28797,1.28726,1.2881,1.2873
2013-05-15 23:00:00,1.28728,1.28724,1.28867,1.2882
2013-05-16 00:00:00,1.28819,1.28713,1.28883,1.28792
2013-05-16 01:00:00,1.28791,1.28706,1.28817,1.28717
2013-05-16 02:00:00,1.28718,1.287,1.2877,1.28722
2013-05-16 03:00:00,1.28722,1.28662,1.28737,1.2869
2013-05-16 04:00:00,1.2869,1.28659,1.2875,1.28728
2013-05-16 05:00:00,1.28725,1.2863,1.28798,1.28649
2013-05-16 06:00:00,1.28649,1.28559,1.28717,1.2868
2013-05-16 07:00:00,1.28678,1.28551,1.28702,1.28595
2013-05-16 08:00:00,1.28596,1.28458,1.28631,1.28596
2013-05-16 09:00:00,1.28597,1.28586,1.28823,1.28715
2013-05-16 10:00:00,1.28713,1.28609,1.28775,1.2865
2013-05-16 11:00:00,1.28653,1.28619,1.28852,1.28797
2013-05-16 12:00:00,1.28797,1.28767,1.2919,1.28957
2013-05-16 13:00:00,1.28956,1.28846,1.29078,1.29006
2013-05-16 14:00:00,1.29006,1.29004,1.29264,1.29154
2013-05-16 15:00:00,1.29156,1.28835,1.29292,1.28967
2013-05-16 16:00:00,1.28967,1.28838,1.2899,1.28969
2013-05-16 17:00:00,1.28967,1.28947,1.29102,1.29056
2013-05-16 18:00:00,1.29057,1.29006,1.29076,1.29069
2013-05-16 19:00:00,1.29068,1.28679,1.29121,1.28764
2013-05-16 20:00:00,1.28763,1.28763,1.28895,1.28806
2013-05-16 21:00:00,1.28807,1.28758,1.28876,1.28825
2013-05-16 22:00:00,1.28825,1.28785,1.28886,1.28885
2013-05-16 23:00:00,1.28886,1.28816,1.28892,1.28822
2013-05-17 00:00:00,1.28823,1.28777,1.28868,1.2881
2013-05-17 01:00:00,1.28808,1.28662,1.28835,1.28692
2013-05-17 02:00:00,1.28691,1.28558,1.28691,1.28611
2013-05-17 03:00:00,1.28611,1.28577,1.28625,1.28583
2013-05-17 04:00:00,1.28583,1.28546,1.28654,1.28638
2013-05-17 05:00:00,1.2864,1.28595,1.28681,1.28597
2013-05-17 06:00:00,1.28597,1.28498,1.28674,1.28635
2013-05-17 07:00:00,1.28637,1.28532,1.28821,1.28736
2013-05-17 08:00:00,1.28738,1.28579,1.28806,1.28627
2013-05-17 09:00:00,1.28626,1.28619,1.28855,1.2882
2013-05-17 10:00:00,1.28818,1.28582,1.28887,1.28587
2013-05-17 11:00:00,1.28587,1.28558,1.28801,1.28705
2013-05-17 12:00:00,1.28704,1.28161,1.2875,1.28254
2013-05-17 13:00:00,1.28252,1.27956,1.28289,1.2824
2013-05-17 14:00:00,1.28238,1.28056,1.28381,1.28218
2013-05-17 15:00:00,1.2822,1.28028,1.28323,1.28178
2013-05-17 16:00:00,1.28179,1.28135,1.28304,1.28265
2013-05-17 17:00:00,1.28265,1.28231,1.28381,1.28339
2013-05-17 18:00:00,1.28338,1.28256,1.2837,1.2828
2013-05-17 19:00:00,1.28278,1.28259,1.28338,1.28264
2013-05-17 20:00:00,1.28264,1.28248,1.28378,1.2836
2013-05-19 21:00:00,1.28418,1.28361,1.28465,1.28434
2013-05-19 22:00:00,1.28435,1.28271,1.28458,1.28287
2013-05-19 23:00:00,1.28286,1.28272,1.28462,1.28303
2013-05-20 00:00:00,1.28305,1.28187,1.2834,1.28191
2013-05-20 01:00:00,1.2819,1.2819,1.28323,1.28322
2013-05-20 02:00:00,1.28324,1.28294,1.28361,1.28348
2013-05-20 03:00:00,1.28348,1.28327,1.28451,1.28422
2013-05-20 04:00:00,1.28422,1.28366,1.28512,1.28409
2013-05-20 05:00:00,1.28409,1.28397,1.28522,1.28409
2013-05-20 06:00:00,1.28409,1.28361,1.28492,1.28458
2013-05-20 07:00:00,1.28458,1.2843,1.28658,1.28638
2013-05-20 08:00:00,1.28638,1.28614,1.28777,1.28708
2013-05-20 09:00:00,1.28709,1.28575,1.28721,1.28644
2013-05-20 10:00:00,1.28642,1.28473,1.28661,1.28618
2013-05-20 11:00:00,1.28616,1.28549,1.28673,1.28618
2013-05-20 12:00:00,1.28619,1.28437,1.28683,1.28506
2013-05-20 13:00:00,1.28507,1.28417,1.28541,1.28478
2013-05-20 14:00:00,1.2848,1.28448,1.28642,1.28544
2013-05-20 15:00:00,1.28545,1.28545,1.28699,1.28637
2013-05-20 16:00:00,1.28637,1.28621,1.28785,1.2873
2013-05-20 17:00:00,1.28732,1.2863,1.28821,1.28758
2013-05-20 18:00:00,1.28756,1.28751,1.28969,1.28963
2013-05-20 19:00:00,1.28965,1.28857,1.29004,1.28881
2013-05-20 20:00:00,1.28882,1.2878,1.28889,1.28817
2013-05-20 21:00:00,1.28817,1.28805,1.28854,1.28825
2013-05-20 22:00:00,1.28825,1.28825,1.29031,1.28968
2013-05-20 23:00:00,1.28968,1.28827,1.28968,1.28899
2013-05-21 00:00:00,1.28899,1.28659,1.28907,1.28671
2013-05-21 01:00:00,1.28671,1.28615,1.28835,1.28812
2013-05-21 02:00:00,1.28813,1.28781,1.28916,1.28884
2013-05-21 03:00:00,1.28886,1.28868,1.28946,1.28872
2013-05-21 04:00:00,1.28872,1.28803,1.289,1.28874
2013-05-21 05:00:00,1.28874,1.28835,1.28942,1.28894
2013-05-21 06:00:00,1.28894,1.28806,1.29009,1.28826
2013-05-21 07:00:00,1.28829,1.2874,1.2895,1.2878
2013-05-21 08:00:00,1.2878,1.28532,1.28857,1.28703
2013-05-21 09:00:00,1.28702,1.28643,1.28872,1.2868
2013-05-21 10:00:00,1.28681,1.28532,1.28715,1.2865
2013-05-21 11:00:00,1.2865,1.28404,1.28655,1.28601
2013-05-21 12:00:00,1.28604,1.28588,1.28751,1.28678
2013-05-21 13:00:00,1.28676,1.28571,1.28723,1.28596
2013-05-21 14:00:00,1.28593,1.28437,1.28736,1.28716
2013-05-21 15:00:00,1.28718,1.28654,1.29174,1.29094
2013-05-21 16:00:00,1.29091,1.29008,1.29197,1.29131
2013-05-21 17:00:00,1.29133,1.28984,1.29329,1.28987
2013-05-21 18:00:00,1.28988,1.28961,1.29042,1.28999
2013-05-21 19:00:00,1.28998,1.28993,1.29124,1.29051
2013-05-21 20:00:00,1.29051,1.29022,1.29101,1.29054
2013-05-21 21:00:00,1.29054,1.29021,1.29078,1.29051
2013-05-21 22:00:00,1.29052,1.29045,1.29234,1.29159
2013-05-21 23:00:00,1.2916,1.29117,1.29226,1.2919
2013-05-22 00:00:00,1.2919,1.29183,1.2938,1.29261
2013-05-22 01:00:00,1.2926,1.29177,1.29266,1.29246
2013-05-22 02:00:00,1.29243,1.29207,1.29257,1.29233
2013-05-22 03:00:00,1.29236,1.29175,1.29291,1.29199
2013-05-22 04:00:00,1.29197,1.29136,1.29222,1.29142
2013-05-22 05:00:00,1.29141,1.29067,1.29181,1.29089
2013-05-22 06:00:00,1.29091,1.29027,1.29164,1.29164
2013-05-22 07:00:00,1.29163,1.29159,1.29439,1.29336
2013-05-22 08:00:00,1.29339,1.2925,1.29383,1.29332
2013-05-22 09:00:00,1.29331,1.29239,1.29402,1.29356
2013-05-22 10:00:00,1.29354,1.29271,1.29553,1.29301
2013-05-22 11:00:00,1.293,1.29237,1.29382,1.29309
2013-05-22 12:00:00,1.29308,1.29148,1.29331,1.2933
2013-05-22 13:00:00,1.2933,1.29301,1.29582,1.29444
2013-05-22 14:00:00,1.29444,1.28744,1.29975,1.28782
2013-05-22 15:00:00,1.28781,1.28621,1.28976,1.28648
2013-05-22 16:00:00,1.28646,1.28424,1.28687,1.28663
2013-05-22 17:00:00,1.28661,1.28429,1.2874,1.28557
2013-05-22 18:00:00,1.28555,1.28329,1.28709,1.28424
2013-05-22 19:00:00,1.28423,1.28381,1.28557,1.28539
2013-05-22 20:00:00,1.2854,1.2851,1.28601,1.28569
2013-05-22 21:00:00,1.28571,1.2849,1.28582,1.28517
2013-05-22 22:00:00,1.28519,1.28452,1.28553,1.28479
2013-05-22 23:00:00,1.28478,1.28358,1.28485,1.28417
2013-05-23 00:00:00,1.28418,1.2827,1.28437,1.28273
2013-05-23 01:00:00,1.28275,1.28238,1.28412,1.28348
2013-05-23 02:00:00,1.28347,1.28345,1.28478,1.28448
2013-05-23 03:00:00,1.28447,1.2839,1.2855,1.28474
2013-05-23 04:00:00,1.28472,1.28438,1.28544,1.28506
2013-05-23 05:00:00,1.28505,1.28359,1.28534,1.28383
2013-05-23 06:00:00,1.28383,1.28207,1.28466,1.28344
2013-05-23 07:00:00,1.28346,1.28344,1.28773,1.28638
2013-05-23 08:00:00,1.28636,1.28614,1.29038,1.2893
2013-05-23 09:00:00,1.28932,1.28772,1.28977,1.288
2013-05-23 10:00:00,1.288,1.28754,1.2903,1.28868
2013-05-23 11:00:00,1.28868,1.28766,1.28905,1.289
2013-05-23 12:00:00,1.28898,1.28818,1.29155,1.28972
2013-05-23 13:00:00,1.28974,1.28961,1.29207,1.29027
2013-05-23 14:00:00,1.29028,1.28943,1.2916,1.29017
2013-05-23 15:00:00,1.29016,1.28997,1.29561,1.29375
2013-05-23 16:00:00,1.29373,1.29321,1.29504,1.29324
2013-05-23 17:00:00,1.29324,1.29307,1.29397,1.29336
2013-05-23 18:00:00,1.29338,1.29294,1.29468,1.29314
2013-05-23 19:00:00,1.29312,1.29292,1.29404,1.29378
2013-05-23 20:00:00,1.29376,1.29303,1.29387,1.29321
2013-05-23 21:00:00,1.2932,1.29285,1.29365,1.29315
2013-05-23 22:00:00,1.29315,1.29291,1.29342,1.29313
2013-05-23 23:00:00,1.29311,1.29212,1.29316,1.29223
2013-05-24 00:00:00,1.2922,1.29038,1.29248,1.29151
2013-05-24 01:00:00,1.29153,1.29099,1.29189,1.29136
2013-05-24 02:00:00,1.29137,1.29121,1.29228,1.29163
2013-05-24 03:00:00,1.29164,1.29071,1.29219,1.292
2013-05-24 04:00:00,1.29198,1.29148,1.2935,1.29259
2013-05-24 05:00:00,1.29258,1.29177,1.29361,1.29304
2013-05-24 06:00:00,1.29306,1.29252,1.29431,1.29362
2013-05-24 07:00:00,1.29365,1.29222,1.29427,1.29248
2013-05-24 08:00:00,1.29248,1.29227,1.29865,1.29781
2013-05-24 09:00:00,1.29781,1.29544,1.299,1.29601
2013-05-24 10:00:00,1.29599,1.2956,1.29929,1.29572
2013-05-24 11:00:00,1.29572,1.29563,1.29746,1.29583
2013-05-24 12:00:00,1.29581,1.29124,1.29589,1.29312
2013-05-24 13:00:00,1.2931,1.29235,1.29536,1.29534
2013-05-24 14:00:00,1.29536,1.29285,1.29577,1.29285
2013-05-24 15:00:00,1.29287,1.29099,1.29292,1.29181
2013-05-24 16:00:00,1.29181,1.29114,1.2926,1.29188
2013-05-24 17:00:00,1.29185,1.29151,1.29264,1.29204
2013-05-24 18:00:00,1.29202,1.29188,1.29354,1.29322
2013-05-24 19:00:00,1.29325,1.29281,1.29367,1.29346
2013-05-24 20:00:00,1.29346,1.29251,1.29358,1.29275
2013-05-26 21:00:00,1.29302,1.29293,1.29372,1.29349
2013-05-26 22:00:00,1.2935,1.29346,1.29428,1.29373
2013-05-26 23:00:00,1.29376,1.29329,1.29396,1.29355
2013-05-27 00:00:00,1.29353,1.29145,1.29353,1.29218
2013-05-27 01:00:00,1.29219,1.29172,1.29261,1.292
2013-05-27 02:00:00,1.292,1.29194,1.29289,1.29265
2013-05-27 03:00:00,1.29266,1.29186,1.29277,1.2921
2013-05-27 04:00:00,1.29211,1.29197,1.2926,1.29227
2013-05-27 05:00:00,1.29228,1.29219,1.29317,1.29314
2013-05-27 06:00:00,1.29311,1.29264,1.29383,1.29314
2013-05-27 07:00:00,1.29313,1.29313,1.29461,1.29395
2013-05-27 08:00:00,1.29393,1.29384,1.29477,1.29413
2013-05-27 09:00:00,1.29414,1.29399,1.29478,1.29447
2013-05-27 10:00:00,1.29448,1.29409,1.29479,1.29445
2013-05-27 11:00:00,1.29444,1.29384,1.29468,1.29406
2013-05-27 12:00:00,1.29409,1.29306,1.2943,1.29385
2013-05-27 13:00:00,1.29387,1.29324,1.29443,1.29398
2013-05-27 14:00:00,1.294,1.29356,1.2942,1.29378
2013-05-27 15:00:00,1.29378,1.29278,1.29396,1.2935
2013-05-27 16:00:00,1.29348,1.29204,1.29357,1.29287
2013-05-27 17:00:00,1.29288,1.29228,1.2932,1.29274
2013-05-27 18:00:00,1.29274,1.29266,1.29331,1.29326
2013-05-27 19:00:00,1.29325,1.29295,1.29367,1.29333
2013-05-27 20:00:00,1.29333,1.29269,1.29367,1.29275
2013-05-27 21:00:00,1.29275,1.29233,1.29367,1.29318
2013-05-27 22:00:00,1.29319,1.29231,1.29325,1.29299
2013-05-27 23:00:00,1.293,1.29296,1.29346,1.29335
2013-05-28 00:00:00,1.29334,1.28868,1.29334,1.28969
2013-05-28 01:00:00,1.28966,1.28836,1.29085,1.29028
2013-05-28 02:00:00,1.29028,1.28968,1.2906,1.28997
2013-05-28 03:00:00,1.28997,1.28993,1.29228,1.29166
2013-05-28 04:00:00,1.29168,1.29136,1.29205,1.29156
2013-05-28 05:00:00,1.29155,1.29155,1.29286,1.29244
2013-05-28 06:00:00,1.29247,1.29004,1.29277,1.29018
2013-05-28 07:00:00,1.29019,1.28921,1.29157,1.29026
2013-05-28 08:00:00,1.29027,1.29014,1.29132,1.29088
2013-05-28 09:00:00,1.29089,1.28947,1.29299,1.29282
2013-05-28 10:00:00,1.29281,1.29207,1.2936,1.29289
2013-05-28 11:00:00,1.29286,1.29286,1.29489,1.29322
2013-05-28 12:00:00,1.29323,1.29249,1.29426,1.29308
2013-05-28 13:00:00,1.29308,1.29065,1.29314,1.29065
2013-05-28 14:00:00,1.29063,1.28547,1.29121,1.28551
2013-05-28 15:00:00,1.2855,1.28518,1.28781,1.28692
2013-05-28 16:00:00,1.28693,1.28604,1.28729,1.28648
2013-05-28 17:00:00,1.28645,1.28544,1.2868,1.28634
2013-05-28 18:00:00,1.28637,1.28633,1.28789,1.28743
2013-05-28 19:00:00,1.28743,1.28612,1.28784,1.28617
2013-05-28 20:00:00,1.28614,1.28486,1.28618,1.28543
2013-05-28 21:00:00,1.2854,1.28482,1.28567,1.28513
2013-05-28 22:00:00,1.28514,1.28484,1.28545,1.28539
2013-05-28 23:00:00,1.28537,1.28408,1.28554,1.2844
2013-05-29 00:00:00,1.28442,1.28413,1.28581,1.28542
2013-05-29 01:00:00,1.28543,1.28476,1.28581,1.28529
2013-05-29 02:00:00,1.28528,1.28513,1.28605,1.286
2013-05-29 03:00:00,1.28599,1.28532,1.28639,1.28552
2013-05-29 04:00:00,1.28552,1.2849,1.28569,1.28508
2013-05-29 05:00:00,1.28508,1.2837,1.2854,1.28474
2013-05-29 06:00:00,1.28475,1.2846,1.28649,1.28547
2013-05-29 07:00:00,1.28549,1.28514,1.28771,1.28618
2013-05-29 08:00:00,1.28618,1.28617,1.28909,1.28891
2013-05-29 09:00:00,1.28893,1.28806,1.28966,1.28914
2013-05-29 10:00:00,1.28914,1.28824,1.29406,1.29319
2013-05-29 11:00:00,1.29319,1.29319,1.2977,1.294
2013-05-29 12:00:00,1.29401,1.29319,1.29617,1.29454
2013-05-29 13:00:00,1.29454,1.29256,1.2954,1.2948
2013-05-29 14:00:00,1.29477,1.29348,1.29678,1.29651
2013-05-29 15:00:00,1.29649,1.29367,1.29691,1.29429
2013-05-29 16:00:00,1.29428,1.29344,1.29475,1.29353
2013-05-29 17:00:00,1.29356,1.29184,1.29494,1.29315
2013-05-29 18:00:00,1.29313,1.29262,1.29359,1.29339
2013-05-29 19:00:00,1.29338,1.29314,1.29432,1.29403
2013-05-29 20:00:00,1.29402,1.29357,1.2942,1.29387
2013-05-29 21:00:00,1.29386,1.29351,1.29446,1.29391
2013-05-29 22:00:00,1.2939,1.29369,1.29437,1.29378
2013-05-29 23:00:00,1.29378,1.29362,1.29549,1.2946
2013-05-30 00:00:00,1.29459,1.29329,1.29559,1.29406
2013-05-30 01:00:00,1.29407,1.29398,1.29631,1.2959
2013-05-30 02:00:00,1.29591,1.29545,1.29621,1.2957
2013-05-30 03:00:00,1.2957,1.29494,1.29634,1.29617
2013-05-30 04:00:00,1.29618,1.29576,1.29651,1.29649
2013-05-30 05:00:00,1.29648,1.29596,1.29848,1.29731
2013-05-30 06:00:00,1.2973,1.29505,1.29826,1.29531
2013-05-30 07:00:00,1.29532,1.2953,1.2969,1.29628
2013-05-30 08:00:00,1.2963,1.29595,1.29833,1.29621
2013-05-30 09:00:00,1.29622,1.29615,1.30058,1.29961
2013-05-30 10:00:00,1.2996,1.29714,1.29966,1.29834
2013-05-30 11:00:00,1.29834,1.29408,1.29855,1.29529
2013-05-30 12:00:00,1.29528,1.29424,1.29943,1.29867
2013-05-30 13:00:00,1.2987,1.29713,1.30486,1.30307
2013-05-30 14:00:00,1.30306,1.30265,1.30609,1.3054
2013-05-30 15:00:00,1.30538,1.30355,1.30538,1.3041
2013-05-30 16:00:00,1.30409,1.30388,1.30507,1.30451
2013-05-30 17:00:00,1.30454,1.30435,1.3056,1.30536
2013-05-30 18:00:00,1.30535,1.30412,1.30542,1.30444
2013-05-30 19:00:00,1.30442,1.30382,1.30497,1.30399
2013-05-30 20:00:00,1.30398,1.30382,1.30486,1.30484
2013-05-30 21:00:00,1.30485,1.30419,1.30514,1.30429
2013-05-30 22:00:00,1.30431,1.30425,1.30586,1.30431
2013-05-30 23:00:00,1.30434,1.30381,1.30457,1.30411
2013-05-31 00:00:00,1.30411,1.3035,1.30478,1.30374
2013-05-31 01:00:00,1.3037,1.30363,1.30469,1.30433
2013-05-31 02:00:00,1.30436,1.30332,1.30444,1.30335
2013-05-31 03:00:00,1.30335,1.30304,1.30408,1.3035
2013-05-31 04:00:00,1.3035,1.30318,1.30392,1.30323
2013-05-31 05:00:00,1.30323,1.30301,1.3041,1.30331
2013-05-31 06:00:00,1.30329,1.30324,1.30464,1.30399
2013-05-31 07:00:00,1.304,1.30165,1.304,1.30324
2013-05-31 08:00:00,1.30325,1.30059,1.30409,1.30158
2013-05-31 09:00:00,1.30156,1.29742,1.30167,1.29798
2013-05-31 10:00:00,1.298,1.29675,1.29994,1.29896
2013-05-31 11:00:00,1.29897,1.29806,1.3005,1.29871
2013-05-31 12:00:00,1.29872,1.29822,1.30159,1.29889
2013-05-31 13:00:00,1.29889,1.2966,1.29936,1.29741
2013-05-31 14:00:00,1.29738,1.29521,1.29809,1.29587
2013-05-31 15:00:00,1.29588,1.29434,1.29874,1.29858
2013-05-31 16:00:00,1.29856,1.29647,1.29856,1.29709
2013-05-31 17:00:00,1.29712,1.29623,1.29721,1.29677
2013-05-31 18:00:00,1.29678,1.29642,1.29863,1.29787
2013-05-31 19:00:00,1.29787,1.29787,1.30017,1.29956
2013-05-31 20:00:00,1.29956,1.29902,1.29983,1.29936
2013-06-02 21:00:00,1.29919,1.29811,1.29941,1.29907
2013-06-02 22:00:00,1.29907,1.29827,1.29965,1.29905
2013-06-02 23:00:00,1.29907,1.29898,1.29995,1.29938
2013-06-03 00:00:00,1.29937,1.29867,1.30063,1.30039
2013-06-03 01:00:00,1.30039,1.29907,1.30075,1.29987
2013-06-03 02:00:00,1.2999,1.29978,1.30102,1.3005
2013-06-03 03:00:00,1.30049,1.30021,1.30151,1.30141
2013-06-03 04:00:00,1.30139,1.3005,1.30139,1.30118
2013-06-03 05:00:00,1.3012,1.30067,1.30162,1.30126
2013-06-03 06:00:00,1.30127,1.30113,1.30314,1.30226
2013-06-03 07:00:00,1.30226,1.30089,1.3036,1.30284
2013-06-03 08:00:00,1.30285,1.30159,1.30424,1.30187
2013-06-03 09:00:00,1.30186,1.30146,1.30294,1.30238
2013-06-03 10:00:00,1.30239,1.30078,1.30291,1.30131
2013-06-03 11:00:00,1.30131,1.29909,1.30176,1.29985
2013-06-03 12:00:00,1.29985,1.2994,1.30134,1.29976
2013-06-03 13:00:00,1.29978,1.29548,1.30025,1.29618
2013-06-03 14:00:00,1.29622,1.29602,1.30381,1.30282
2013-06-03 15:00:00,1.3028,1.30251,1.31071,1.30957
2013-06-03 16:00:00,1.30958,1.30785,1.30981,1.30829
2013-06-03 17:00:00,1.30831,1.30809,1.31023,1.30901
2013-06-03 18:00:00,1.30901,1.30692,1.30902,1.30736
2013-06-03 19:00:00,1.30738,1.30691,1.30759,1.30703
2013-06-03 20:00:00,1.30703,1.30671,1.30775,1.30752
2013-06-03 21:00:00,1.30744,1.3068,1.30776,1.30694
2013-06-03 22:00:00,1.30693,1.30645,1.30732,1.30706
2013-06-03 23:00:00,1.30707,1.30647,1.30744,1.30701
2013-06-04 00:00:00,1.30699,1.30638,1.30799,1.30797
2013-06-04 01:00:00,1.30795,1.30628,1.30795,1.30647
2013-06-04 02:00:00,1.30645,1.30599,1.30686,1.30627
2013-06-04 03:00:00,1.30625,1.30559,1.30639,1.30573
2013-06-04 04:00:00,1.30572,1.3057,1.30637,1.30606
2013-06-04 05:00:00,1.30605,1.30561,1.30672,1.3066
2013-06-04 06:00:00,1.30661,1.30515,1.30672,1.30639
2013-06-04 07:00:00,1.30638,1.30594,1.30857,1.30649
2013-06-04 08:00:00,1.30649,1.30647,1.30877,1.3068
2013-06-04 09:00:00,1.30681,1.30672,1.30841,1.30755
2013-06-04 10:00:00,1.30757,1.30727,1.30942,1.30872
2013-06-04 11:00:00,1.30872,1.30796,1.30973,1.30813
2013-06-04 12:00:00,1.30813,1.30647,1.3101,1.30702
2013-06-04 13:00:00,1.30701,1.30558,1.30768,1.30649
2013-06-04 14:00:00,1.30647,1.30415,1.30735,1.30705
2013-06-04 15:00:00,1.30706,1.30677,1.30885,1.30736
2013-06-04 16:00:00,1.30736,1.30591,1.30753,1.30698
2013-06-04 17:00:00,1.30698,1.30602,1.3071,1.3069
2013-06-04 18:00:00,1.30688,1.30656,1.30844,1.30809
2013-06-04 19:00:00,1.30808,1.30759,1.30861,1.30804
2013-06-04 20:00:00,1.30804,1.30781,1.30889,1.308
2013-06-04 21:00:00,1.30798,1.30771,1.30878,1.30812
2013-06-04 22:00:00,1.30812,1.3076,1.30813,1.30778
2013-06-04 23:00:00,1.30776,1.30705,1.30805,1.30713
2013-06-05 00:00:00,1.30711,1.30647,1.30762,1.30683
2013-06-05 01:00:00,1.30681,1.30669,1.30745,1.30733
2013-06-05 02:00:00,1.30731,1.3071,1.30916,1.30838
2013-06-05 03:00:00,1.30837,1.30789,1.30943,1.30891
2013-06-05 04:00:00,1.3089,1.30838,1.30959,1.30894
2013-06-05 05:00:00,1.30893,1.30837,1.30919,1.30868
2013-06-05 06:00:00,1.30867,1.30738,1.31065,1.30748
2013-06-05 07:00:00,1.30751,1.30658,1.30868,1.30781
2013-06-05 08:00:00,1.30781,1.30557,1.3082,1.30616
2013-06-05 09:00:00,1.30615,1.30524,1.30733,1.30624
2013-06-05 10:00:00,1.30626,1.30546,1.30675,1.30625
2013-06-05 11:00:00,1.30626,1.30589,1.30719,1.30668
2013-06-05 12:00:00,1.30668,1.30612,1.3114,1.30699
2013-06-05 13:00:00,1.30701,1.30594,1.30826,1.30716
2013-06-05 14:00:00,1.30715,1.30575,1.30956,1.30842
2013-06-05 15:00:00,1.30844,1.30733,1.30988,1.30878
2013-06-05 16:00:00,1.30878,1.30853,1.31015,1.30882
2013-06-05 17:00:00,1.30885,1.30818,1.30936,1.30894
2013-06-05 18:00:00,1.30894,1.30794,1.30911,1.3086
2013-06-05 19:00:00,1.30858,1.30844,1.31003,1.30901
2013-06-05 20:00:00,1.30902,1.30868,1.30946,1.30916
2013-06-05 21:00:00,1.30917,1.30887,1.30949,1.30915
2013-06-05 22:00:00,1.30917,1.3086,1.30924,1.30915
2013-06-05 23:00:00,1.30914,1.30861,1.30969,1.30861
2013-06-06 00:00:00,1.3086,1.30743,1.30912,1.30793
2013-06-06 01:00:00,1.30792,1.30773,1.30963,1.30912
2013-06-06 02:00:00,1.30911,1.3089,1.3097,1.30899
2013-06-06 03:00:00,1.30899,1.30891,1.30965,1.30951
2013-06-06 04:00:00,1.30952,1.30941,1.31061,1.31033
2013-06-06 05:00:00,1.31034,1.30965,1.31083,1.31004
2013-06-06 06:00:00,1.31005,1.30989,1.31263,1.31227
2013-06-06 07:00:00,1.31229,1.3112,1.31298,1.31177
2013-06-06 08:00:00,1.31179,1.3116,1.31292,1.31248
2013-06-06 09:00:00,1.31248,1.31124,1.3125,1.31144
2013-06-06 10:00:00,1.31141,1.31044,1.31193,1.31114
2013-06-06 11:00:00,1.31112,1.3106,1.31244,1.31189
2013-06-06 12:00:00,1.3119,1.30893,1.31651,1.31495
2013-06-06 13:00:00,1.31498,1.31319,1.31684,1.3165
2013-06-06 14:00:00,1.3165,1.31617,1.31958,1.31935
2013-06-06 15:00:00,1.31934,1.31808,1.3277,1.32454
2013-06-06 16:00:00,1.32454,1.32361,1.3305,1.32498
2013-06-06 17:00:00,1.32498,1.32266,1.32536,1.32454
2013-06-06 18:00:00,1.32454,1.32347,1.32534,1.32446
2013-06-06 19:00:00,1.32447,1.32406,1.32471,1.32441
2013-06-06 20:00:00,1.32439,1.32419,1.32472,1.32442
2013-06-06 21:00:00,1.32442,1.32356,1.32463,1.3238
2013-06-06 22:00:00,1.32378,1.32357,1.3245,1.32391
2013-06-06 23:00:00,1.32392,1.32392,1.32467,1.32413
2013-06-07 00:00:00,1.32414,1.32347,1.32428,1.32381
2013-06-07 01:00:00,1.32381,1.32373,1.3252,1.32396
2013-06-07 02:00:00,1.32394,1.32391,1.32588,1.32532
2013-06-07 03:00:00,1.32529,1.325,1.32628,1.32559
2013-06-07 04:00:00,1.32561,1.32537,1.32678,1.32606
2013-06-07 05:00:00,1.32606,1.32457,1.32618,1.32497
2013-06-07 06:00:00,1.32498,1.32436,1.32613,1.3256
2013-06-07 07:00:00,1.32558,1.3239,1.32578,1.3246
2013-06-07 08:00:00,1.32457,1.32239,1.32492,1.32304
2013-06-07 09:00:00,1.32301,1.32259,1.32533,1.32508
2013-06-07 10:00:00,1.32509,1.32345,1.32582,1.325
2013-06-07 11:00:00,1.32498,1.32482,1.32701,1.32561
2013-06-07 12:00:00,1.3256,1.31994,1.32843,1.32021
2013-06-07 13:00:00,1.3202,1.31907,1.32241,1.32024
2013-06-07 14:00:00,1.32021,1.31946,1.32258,1.32202
2013-06-07 15:00:00,1.32201,1.32047,1.32418,1.32414
2013-06-07 16:00:00,1.32413,1.32072,1.32416,1.32209
2013-06-07 17:00:00,1.32212,1.32172,1.32297,1.32227
2013-06-07 18:00:00,1.32225,1.322,1.32275,1.3223
2013-06-07 19:00:00,1.32231,1.3216,1.32244,1.32178
2013-06-07 20:00:00,1.32178,1.32093,1.32258,1.32146
2013-06-09 21:00:00,1.31878,1.31828,1.31987,1.3196
2013-06-09 22:00:00,1.3196,1.31877,1.32141,1.32045
2013-06-09 23:00:00,1.32044,1.31995,1.32099,1.32017
2013-06-10 00:00:00,1.32016,1.31975,1.3228,1.32238
2013-06-10 01:00:00,1.32238,1.32139,1.32238,1.32154
2013-06-10 02:00:00,1.32153,1.32018,1.32167,1.32045
2013-06-10 03:00:00,1.32043,1.31973,1.32087,1.32005
2013-06-10 04:00:00,1.32004,1.31921,1.32017,1.3196
2013-06-10 05:00:00,1.31961,1.31907,1.31985,1.31946
2013-06-10 06:00:00,1.31947,1.31854,1.3203,1.31882
2013-06-10 07:00:00,1.31882,1.3177,1.32118,1.32092
2013-06-10 08:00:00,1.32089,1.3198,1.32199,1.32167
2013-06-10 09:00:00,1.32167,1.32059,1.32295,1.32219
2013-06-10 10:00:00,1.32217,1.32131,1.32265,1.32194
2013-06-10 11:00:00,1.32191,1.32072,1.32218,1.32144
2013-06-10 12:00:00,1.32143,1.31977,1.32252,1.31999
2013-06-10 13:00:00,1.31998,1.31821,1.32062,1.31914
2013-06-10 14:00:00,1.31916,1.31903,1.32087,1.31938
2013-06-10 15:00:00,1.31938,1.3192,1.32419,1.32332
2013-06-10 16:00:00,1.3233,1.32236,1.32384,1.32322
2013-06-10 17:00:00,1.32324,1.32284,1.32685,1.32604
2013-06-10 18:00:00,1.32602,1.32504,1.32675,1.32602
2013-06-10 19:00:00,1.32601,1.32548,1.3263,1.32555
2013-06-10 20:00:00,1.32557,1.32533,1.3259,1.32561
2013-06-10 21:00:00,1.32563,1.32501,1.32565,1.32551
2013-06-10 22:00:00,1.32549,1.32537,1.32576,1.32555
2013-06-10 23:00:00,1.32556,1.32496,1.32575,1.32522
2013-06-11 00:00:00,1.32522,1.32514,1.32608,1.3259
2013-06-11 01:00:00,1.32591,1.32471,1.32615,1.32506
2013-06-11 02:00:00,1.32505,1.3249,1.32787,1.32774
2013-06-11 03:00:00,1.32775,1.3269,1.32913,1.32719
2013-06-11 04:00:00,1.32721,1.32671,1.32761,1.327
2013-06-11 05:00:00,1.327,1.32609,1.3272,1.32621
2013-06-11 06:00:00,1.32619,1.3261,1.32767,1.32657
2013-06-11 07:00:00,1.32657,1.32559,1.32728,1.32679
2013-06-11 08:00:00,1.32677,1.32628,1.32831,1.32802
2013-06-11 09:00:00,1.32802,1.32718,1.32987,1.32808
2013-06-11 10:00:00,1.32808,1.32679,1.3289,1.32689
2013-06-11 11:00:00,1.3269,1.32688,1.32943,1.3281
2013-06-11 12:00:00,1.32809,1.32344,1.32809,1.32389
2013-06-11 13:00:00,1.32388,1.32311,1.32759,1.32695
2013-06-11 14:00:00,1.32693,1.32559,1.33149,1.32731
2013-06-11 15:00:00,1.32731,1.32546,1.32885,1.32774
2013-06-11 16:00:00,1.32776,1.32706,1.32885,1.32773
2013-06-11 17:00:00,1.32776,1.32698,1.33017,1.32955
2013-06-11 18:00:00,1.32953,1.32844,1.33119,1.33063
2013-06-11 19:00:00,1.33064,1.33001,1.33169,1.33148
2013-06-11 20:00:00,1.33148,1.33085,1.33158,1.33118
2013-06-11 21:00:00,1.33117,1.3307,1.33157,1.33121
2013-06-11 22:00:00,1.3312,1.33076,1.33163,1.33135
2013-06-11 23:00:00,1.33136,1.33077,1.33143,1.33115
2013-06-12 00:00:00,1.33116,1.3307,1.33159,1.33144
2013-06-12 01:00:00,1.33142,1.33062,1.33165,1.33095
2013-06-12 02:00:00,1.33097,1.33064,1.33131,1.33092
2013-06-12 03:00:00,1.33092,1.33086,1.33145,1.3311
2013-06-12 04:00:00,1.3311,1.33014,1.33112,1.33056
2013-06-12 05:00:00,1.33059,1.32922,1.33069,1.32948
2013-06-12 06:00:00,1.32945,1.32935,1.3312,1.33115
2013-06-12 07:00:00,1.33118,1.33049,1.33343,1.33061
2013-06-12 08:00:00,1.33061,1.3278,1.3309,1.32963
2013-06-12 09:00:00,1.32964,1.32729,1.32965,1.32785
2013-06-12 10:00:00,1.32785,1.32711,1.32946,1.3282
2013-06-12 11:00:00,1.32819,1.3265,1.3283,1.3271
2013-06-12 12:00:00,1.32711,1.32675,1.32975,1.32902
2013-06-12 13:00:00,1.32903,1.32816,1.33135,1.33135
2013-06-12 14:00:00,1.33137,1.33121,1.3342,1.33356
2013-06-12 15:00:00,1.33359,1.33147,1.33589,1.33536
2013-06-12 16:00:00,1.33536,1.33376,1.33564,1.3339
2013-06-12 17:00:00,1.3339,1.33214,1.33422,1.33261
2013-06-12 18:00:00,1.33263,1.33241,1.33348,1.33287
2013-06-12 19:00:00,1.33288,1.33225,1.33368,1.33326
2013-06-12 20:00:00,1.33323,1.33302,1.33396,1.33356
2013-06-12 21:00:00,1.33357,1.3328,1.3337,1.3337
2013-06-12 22:00:00,1.33368,1.33328,1.33383,1.33383
2013-06-12 23:00:00,1.33384,1.33367,1.33524,1.33435
2013-06-13 00:00:00,1.33434,1.33417,1.33666,1.33588
2013-06-13 01:00:00,1.33589,1.33454,1.33693,1.33548
2013-06-13 02:00:00,1.33547,1.33546,1.33664,1.33576
2013-06-13 03:00:00,1.33577,1.33487,1.33629,1.33546
2013-06-13 04:00:00,1.33548,1.33507,1.33563,1.33549
2013-06-13 05:00:00,1.33548,1.33505,1.33622,1.33585
2013-06-13 06:00:00,1.33587,1.33534,1.33895,1.33694
2013-06-13 07:00:00,1.33697,1.33429,1.33729,1.33455
2013-06-13 08:00:00,1.33457,1.33328,1.33494,1.33386
2013-06-13 09:00:00,1.33385,1.33222,1.33466,1.3327
2013-06-13 10:00:00,1.33271,1.33269,1.3341,1.33279
2013-06-13 11:00:00,1.3328,1.33116,1.33362,1.33132
2013-06-13 12:00:00,1.33134,1.32931,1.33256,1.33105
2013-06-13 13:00:00,1.33106,1.32865,1.33149,1.33057
2013-06-13 14:00:00,1.33055,1.32779,1.33099,1.32995
2013-06-13 15:00:00,1.32995,1.32977,1.33456,1.33132
2013-06-13 16:00:00,1.33132,1.33056,1.33274,1.33256
2013-06-13 17:00:00,1.33256,1.33166,1.33473,1.33395
2013-06-13 18:00:00,1.33395,1.33368,1.33471,1.33447
2013-06-13 19:00:00,1.33448,1.33438,1.33779,1.33595
2013-06-13 20:00:00,1.33598,1.33583,1.33775,1.33711
2013-06-13 21:00:00,1.3371,1.33662,1.33727,1.33716
2013-06-13 22:00:00,1.33716,1.33628,1.33721,1.33657
2013-06-13 23:00:00,1.33657,1.33552,1.33657,1.33578
2013-06-14 00:00:00,1.33579,1.3355,1.33723,1.33661
2013-06-14 01:00:00,1.33661,1.33553,1.33695,1.33577
2013-06-14 02:00:00,1.33578,1.33521,1.33582,1.33522
2013-06-14 03:00:00,1.33524,1.33476,1.33553,1.33478
2013-06-14 04:00:00,1.33479,1.33419,1.33519,1.33439
2013-06-14 05:00:00,1.33437,1.33419,1.33539,1.33518
2013-06-14 06:00:00,1.33521,1.33322,1.33533,1.33345
2013-06-14 07:00:00,1.33346,1.332,1.33485,1.33231
2013-06-14 08:00:00,1.3323,1.3321,1.33401,1.33296
2013-06-14 09:00:00,1.33297,1.33128,1.333,1.33151
2013-06-14 10:00:00,1.33152,1.3314,1.3325,1.33176
2013-06-14 11:00:00,1.33178,1.33066,1.33262,1.33078
2013-06-14 12:00:00,1.3308,1.3294,1.33154,1.33146
2013-06-14 13:00:00,1.33148,1.33069,1.3329,1.33243
2013-06-14 14:00:00,1.33242,1.33216,1.33443,1.33387
2013-06-14 15:00:00,1.33385,1.33276,1.33497,1.33287
2013-06-14 16:00:00,1.33285,1.33128,1.33308,1.33198
2013-06-14 17:00:00,1.332,1.3319,1.33344,1.33312
2013-06-14 18:00:00,1.33313,1.33308,1.33408,1.33394
2013-06-14 19:00:00,1.33393,1.33354,1.33488,1.3346
2013-06-14 20:00:00,1.33459,1.33388,1.33477,1.33422
2013-06-16 21:00:00,1.33461,1.33437,1.33481,1.33479
2013-06-16 22:00:00,1.3348,1.33425,1.33485,1.33472
2013-06-16 23:00:00,1.33472,1.33442,1.33569,1.33536
2013-06-17 00:00:00,1.33534,1.33292,1.33534,1.33338
2013-06-17 01:00:00,1.33341,1.33288,1.33386,1.33317
2013-06-17 02:00:00,1.33318,1.33289,1.33345,1.33292
2013-06-17 03:00:00,1.33294,1.33201,1.33299,1.33208
2013-06-17 04:00:00,1.33209,1.33182,1.33238,1.33199
2013-06-17 05:00:00,1.332,1.3318,1.33287,1.33285
2013-06-17 06:00:00,1.33288,1.33208,1.33325,1.33226
2013-06-17 07:00:00,1.33229,1.33187,1.33467,1.33462
2013-06-17 08:00:00,1.33465,1.33353,1.33484,1.33403
2013-06-17 09:00:00,1.33402,1.33363,1.33505,1.3341
2013-06-17 10:00:00,1.3341,1.33336,1.3342,1.33397
2013-06-17 11:00:00,1.33399,1.33319,1.33484,1.33387
2013-06-17 12:00:00,1.33386,1.33265,1.33491,1.33401
2013-06-17 13:00:00,1.33401,1.33395,1.33584,1.33518
2013-06-17 14:00:00,1.33516,1.33357,1.33516,1.33475
2013-06-17 15:00:00,1.33475,1.33286,1.33475,1.33393
2013-06-17 16:00:00,1.33393,1.33286,1.33427,1.33312
2013-06-17 17:00:00,1.33315,1.33315,1.33373,1.33354
2013-06-17 18:00:00,1.33352,1.3327,1.33433,1.33406
2013-06-17 19:00:00,1.33406,1.33375,1.3381,1.3379
2013-06-17 20:00:00,1.33789,1.33618,1.33793,1.33648
2013-06-17 21:00:00,1.33649,1.33601,1.33666,1.33608
2013-06-17 22:00:00,1.3361,1.33589,1.33632,1.33604
2013-06-17 23:00:00,1.33606,1.33588,1.33663,1.33612
2013-06-18 00:00:00,1.33613,1.33581,1.33646,1.33633
2013-06-18 01:00:00,1.33633,1.33535,1.33646,1.33583
2013-06-18 02:00:00,1.33584,1.33538,1.33608,1.33562
2013-06-18 03:00:00,1.33562,1.33533,1.3358,1.33536
2013-06-18 04:00:00,1.33536,1.33463,1.33566,1.33478
2013-06-18 05:00:00,1.33481,1.33463,1.33579,1.33485
2013-06-18 06:00:00,1.33485,1.33251,1.33491,1.33334
2013-06-18 07:00:00,1.33335,1.33318,1.33783,1.33726
2013-06-18 08:00:00,1.33726,1.33726,1.33935,1.33793
2013-06-18 09:00:00,1.33795,1.33638,1.33983,1.33755
2013-06-18 10:00:00,1.33758,1.33705,1.33871,1.33803
2013-06-18 11:00:00,1.33803,1.33651,1.33803,1.33737
2013-06-18 12:00:00,1.33737,1.33399,1.33983,1.33529
2013-06-18 13:00:00,1.33527,1.33374,1.34002,1.33846
2013-06-18 14:00:00,1.33844,1.33783,1.33966,1.33908
2013-06-18 15:00:00,1.33908,1.33907,1.34152,1.34059
2013-06-18 16:00:00,1.34057,1.3393,1.3413,1.33946
2013-06-18 17:00:00,1.33948,1.33944,1.34118,1.34077
2013-06-18 18:00:00,1.34078,1.33996,1.341,1.34036
2013-06-18 19:00:00,1.34036,1.3395,1.34064,1.33958
2013-06-18 20:00:00,1.33959,1.33912,1.3399,1.33914
2013-06-18 21:00:00,1.33915,1.33817,1.3396,1.33928
2013-06-18 22:00:00,1.33931,1.33845,1.33944,1.33854
2013-06-18 23:00:00,1.33857,1.33849,1.33934,1.33925
2013-06-19 00:00:00,1.33923,1.33888,1.34017,1.33935
2013-06-19 01:00:00,1.33933,1.33921,1.33997,1.33921
2013-06-19 02:00:00,1.33921,1.33837,1.33929,1.33886
2013-06-19 03:00:00,1.33883,1.33874,1.33933,1.33901
2013-06-19 04:00:00,1.33899,1.33886,1.33932,1.33927
2013-06-19 05:00:00,1.33924,1.33867,1.33947,1.33908
2013-06-19 06:00:00,1.3391,1.33894,1.34107,1.34028
2013-06-19 07:00:00,1.34027,1.33865,1.34095,1.33912
2013-06-19 08:00:00,1.33915,1.3388,1.34043,1.33919
2013-06-19 09:00:00,1.33917,1.33849,1.33953,1.3388
2013-06-19 10:00:00,1.33881,1.33861,1.33961,1.33917
2013-06-19 11:00:00,1.33919,1.33885,1.34,1.33996
2013-06-19 12:00:00,1.33998,1.3395,1.34068,1.33958
2013-06-19 13:00:00,1.3396,1.33878,1.34016,1.339
2013-06-19 14:00:00,1.33901,1.33891,1.34036,1.34027
2013-06-19 15:00:00,1.3403,1.33986,1.34121,1.34028
2013-06-19 16:00:00,1.34025,1.33998,1.34089,1.34013
2013-06-19 17:00:00,1.34011,1.33952,1.34107,1.34
2013-06-19 18:00:00,1.3401,1.32612,1.34109,1.32723
2013-06-19 19:00:00,1.32723,1.32629,1.32907,1.3279
2013-06-19 20:00:00,1.3279,1.32706,1.3298,1.32933
2013-06-19 21:00:00,1.32933,1.3287,1.3295,1.32948
2013-06-19 22:00:00,1.32948,1.32838,1.33004,1.32866
2013-06-19 23:00:00,1.32868,1.32757,1.32871,1.32812
2013-06-20 00:00:00,1.32811,1.32811,1.32998,1.32858
2013-06-20 01:00:00,1.32858,1.32623,1.32901,1.32721
2013-06-20 02:00:00,1.32722,1.32682,1.32788,1.327
2013-06-20 03:00:00,1.32699,1.32531,1.32708,1.32557
2013-06-20 04:00:00,1.32555,1.32511,1.32597,1.32521
2013-06-20 05:00:00,1.32521,1.3247,1.32581,1.32523
2013-06-20 06:00:00,1.32525,1.32326,1.32672,1.32461
2013-06-20 07:00:00,1.32459,1.32129,1.32622,1.32237
2013-06-20 08:00:00,1.32237,1.31919,1.32275,1.32202
2013-06-20 09:00:00,1.322,1.3182,1.32245,1.31941
2013-06-20 10:00:00,1.31941,1.31796,1.32024,1.31934
2013-06-20 11:00:00,1.31933,1.31918,1.32146,1.32109
2013-06-20 12:00:00,1.32107,1.31937,1.32194,1.31963
2013-06-20 13:00:00,1.31959,1.31859,1.3222,1.31981
2013-06-20 14:00:00,1.31982,1.31607,1.31982,1.31751
2013-06-20 15:00:00,1.31749,1.31714,1.32168,1.32129
2013-06-20 16:00:00,1.32128,1.32112,1.3239,1.3238
2013-06-20 17:00:00,1.3238,1.32158,1.3238,1.32242
2013-06-20 18:00:00,1.32244,1.31937,1.32301,1.31949
2013-06-20 19:00:00,1.31947,1.31933,1.32233,1.32147
2013-06-20 20:00:00,1.32147,1.32133,1.32292,1.32177
2013-06-20 21:00:00,1.32176,1.32161,1.32301,1.32242
2013-06-20 22:00:00,1.32239,1.32221,1.32363,1.32327
2013-06-20 23:00:00,1.32326,1.32247,1.32451,1.32271
2013-06-21 00:00:00,1.32269,1.31922,1.32365,1.3218
2013-06-21 01:00:00,1.32179,1.32139,1.32313,1.32302
2013-06-21 02:00:00,1.32302,1.323,1.32536,1.32501
2013-06-21 03:00:00,1.32499,1.32343,1.32507,1.3236
2013-06-21 04:00:00,1.32358,1.32271,1.32377,1.32278
2013-06-21 05:00:00,1.32279,1.32269,1.324,1.32389
2013-06-21 06:00:00,1.32389,1.32304,1.3249,1.3234
2013-06-21 07:00:00,1.32342,1.32097,1.32406,1.32235
2013-06-21 08:00:00,1.32236,1.32156,1.32264,1.32175
2013-06-21 09:00:00,1.32173,1.32101,1.32277,1.32231
2013-06-21 10:00:00,1.32229,1.32115,1.32281,1.32121
2013-06-21 11:00:00,1.32122,1.32004,1.32153,1.32032
2013-06-21 12:00:00,1.32034,1.31456,1.32041,1.31581
2013-06-21 13:00:00,1.31583,1.3155,1.3176,1.31626
2013-06-21 14:00:00,1.31627,1.31237,1.31664,1.31363
2013-06-21 15:00:00,1.31362,1.31102,1.31383,1.31122
2013-06-21 16:00:00,1.31123,1.3098,1.31417,1.3141
2013-06-21 17:00:00,1.31412,1.3131,1.31584,1.31422
2013-06-21 18:00:00,1.31422,1.31349,1.31459,1.3139
2013-06-21 19:00:00,1.31388,1.31224,1.31415,1.31227
2013-06-21 20:00:00,1.31228,1.31082,1.31268,1.31173
2013-06-23 21:00:00,1.3089,1.30817,1.3106,1.31007
2013-06-23 22:00:00,1.31009,1.30977,1.31128,1.31025
2013-06-23 23:00:00,1.31023,1.31023,1.31111,1.31059
2013-06-24 00:00:00,1.31059,1.31034,1.31116,1.31086
2013-06-24 01:00:00,1.31088,1.31031,1.31129,1.31055
2013-06-24 02:00:00,1.31056,1.30886,1.31064,1.30905
2013-06-24 03:00:00,1.30906,1.30883,1.30997,1.30986
2013-06-24 04:00:00,1.30986,1.30933,1.31067,1.31065
2013-06-24 05:00:00,1.31064,1.30979,1.31106,1.30981
2013-06-24 06:00:00,1.30981,1.3091,1.31076,1.30976
2013-06-24 07:00:00,1.30976,1.3078,1.3114,1.31077
2013-06-24 08:00:00,1.31078,1.30849,1.31211,1.31019
2013-06-24 09:00:00,1.3102,1.30981,1.31232,1.31051
2013-06-24 10:00:00,1.31051,1.31035,1.31138,1.31061
2013-06-24 11:00:00,1.3106,1.30951,1.31105,1.30957
2013-06-24 12:00:00,1.30959,1.30584,1.31035,1.30999
2013-06-24 13:00:00,1.30998,1.3065,1.31055,1.30941
2013-06-24 14:00:00,1.3094,1.30707,1.3111,1.30932
2013-06-24 15:00:00,1.30932,1.30777,1.31134,1.30897
2013-06-24 16:00:00,1.30897,1.30846,1.31027,1.30957
2013-06-24 17:00:00,1.30955,1.30938,1.31229,1.31224
2013-06-24 18:00:00,1.31227,1.31211,1.31433,1.31223
2013-06-24 19:00:00,1.31225,1.31218,1.31334,1.31219
2013-06-24 20:00:00,1.31217,1.31152,1.3126,1.31185
2013-06-24 21:00:00,1.31183,1.31116,1.31236,1.31222
2013-06-24 22:00:00,1.31224,1.31173,1.31315,1.31305
2013-06-24 23:00:00,1.31305,1.31241,1.3135,1.31344
2013-06-25 00:00:00,1.31347,1.31218,1.31352,1.3126
2013-06-25 01:00:00,1.31262,1.31168,1.31296,1.31209
2013-06-25 02:00:00,1.31208,1.31175,1.31235,1.31229
2013-06-25 03:00:00,1.31226,1.31098,1.31237,1.31122
2013-06-25 04:00:00,1.31122,1.31104,1.31165,1.31121
2013-06-25 05:00:00,1.31119,1.31079,1.31183,1.31158
2013-06-25 06:00:00,1.31159,1.31143,1.31503,1.31462
2013-06-25 07:00:00,1.31464,1.3125,1.31467,1.31435
2013-06-25 08:00:00,1.31437,1.31167,1.3144,1.31293
2013-06-25 09:00:00,1.31291,1.31132,1.31292,1.31168
2013-06-25 10:00:00,1.31167,1.31128,1.31291,1.31269
2013-06-25 11:00:00,1.31266,1.31245,1.31417,1.31417
2013-06-25 12:00:00,1.3142,1.3083,1.31426,1.30946
2013-06-25 13:00:00,1.30945,1.3083,1.31135,1.3096
2013-06-25 14:00:00,1.30957,1.30643,1.30961,1.30735
2013-06-25 15:00:00,1.30736,1.30648,1.3087,1.30791
2013-06-25 16:00:00,1.30793,1.30771,1.31032,1.30981
2013-06-25 17:00:00,1.3098,1.30862,1.30992,1.30908
2013-06-25 18:00:00,1.30904,1.30864,1.30993,1.30899
2013-06-25 19:00:00,1.30896,1.30877,1.3098,1.30973
2013-06-25 20:00:00,1.30975,1.30738,1.30975,1.30746
2013-06-25 21:00:00,1.30741,1.30714,1.30838,1.3081
2013-06-25 22:00:00,1.30811,1.30735,1.30827,1.30789
2013-06-25 23:00:00,1.30789,1.30696,1.30795,1.30747
2013-06-26 00:00:00,1.30749,1.30739,1.30865,1.3086
2013-06-26 01:00:00,1.3086,1.30758,1.30865,1.30799
2013-06-26 02:00:00,1.308,1.30605,1.3082,1.30616
2013-06-26 03:00:00,1.30613,1.30561,1.30695,1.30666
2013-06-26 04:00:00,1.30665,1.306,1.30691,1.30687
2013-06-26 05:00:00,1.30686,1.30657,1.30741,1.30739
2013-06-26 06:00:00,1.30739,1.30544,1.3078,1.3071
2013-06-26 07:00:00,1.30709,1.30633,1.30825,1.30731
2013-06-26 08:00:00,1.30732,1.30422,1.3077,1.30451
2013-06-26 09:00:00,1.30449,1.30266,1.30482,1.30297
2013-06-26 10:00:00,1.30298,1.30132,1.30352,1.30195
2013-06-26 11:00:00,1.30195,1.3015,1.30298,1.30232
2013-06-26 12:00:00,1.30232,1.30183,1.30548,1.30438
2013-06-26 13:00:00,1.30436,1.30298,1.30494,1.30353
2013-06-26 14:00:00,1.30353,1.30002,1.30393,1.30015
2013-06-26 15:00:00,1.30014,1.29841,1.30064,1.30047
2013-06-26 16:00:00,1.30047,1.29969,1.30095,1.3007
2013-06-26 17:00:00,1.30069,1.30025,1.30095,1.30057
2013-06-26 18:00:00,1.30056,1.29944,1.30081,1.30024
2013-06-26 19:00:00,1.30026,1.30026,1.30141,1.30069
2013-06-26 20:00:00,1.30069,1.30033,1.30126,1.30101
2013-06-26 21:00:00,1.30101,1.29994,1.30155,1.30056
2013-06-26 22:00:00,1.30058,1.30038,1.30142,1.30127
2013-06-26 23:00:00,1.30127,1.3009,1.30159,1.30159
2013-06-27 00:00:00,1.30157,1.30115,1.30244,1.30239
2013-06-27 01:00:00,1.30237,1.30203,1.30281,1.30268
2013-06-27 02:00:00,1.30271,1.30266,1.30339,1.30289
2013-06-27 03:00:00,1.3029,1.30282,1.30338,1.30283
2013-06-27 04:00:00,1.30282,1.3026,1.30346,1.30317
2013-06-27 05:00:00,1.30319,1.30297,1.30376,1.30305
2013-06-27 06:00:00,1.30303,1.30218,1.30409,1.30296
2013-06-27 07:00:00,1.30298,1.30164,1.30386,1.30356
2013-06-27 08:00:00,1.30357,1.30266,1.30399,1.30301
2013-06-27 09:00:00,1.30303,1.30124,1.30347,1.30166
2013-06-27 10:00:00,1.30167,1.3012,1.30257,1.30212
2013-06-27 11:00:00,1.30212,1.30207,1.30428,1.30377
2013-06-27 12:00:00,1.30376,1.30201,1.30399,1.30298
2013-06-27 13:00:00,1.303,1.30253,1.30492,1.30317
2013-06-27 14:00:00,1.30314,1.30009,1.30441,1.30013
2013-06-27 15:00:00,1.30015,1.29997,1.3019,1.30156
2013-06-27 16:00:00,1.30154,1.30138,1.30563,1.30336
2013-06-27 17:00:00,1.30335,1.30321,1.30407,1.30346
2013-06-27 18:00:00,1.30344,1.30265,1.30484,1.30468
2013-06-27 19:00:00,1.3047,1.30361,1.30522,1.30398
2013-06-27 20:00:00,1.30395,1.30348,1.30451,1.30366
2013-06-27 21:00:00,1.3036,1.30323,1.30395,1.30357
2013-06-27 22:00:00,1.30357,1.30319,1.30367,1.30331
2013-06-27 23:00:00,1.3033,1.30296,1.30384,1.30358
2013-06-28 00:00:00,1.30355,1.30308,1.30418,1.3033
2013-06-28 01:00:00,1.30329,1.30325,1.30624,1.30607
2013-06-28 02:00:00,1.30607,1.30571,1.30743,1.30706
2013-06-28 03:00:00,1.30704,1.3064,1.30706,1.30672
2013-06-28 04:00:00,1.30674,1.30629,1.3071,1.30658
2013-06-28 05:00:00,1.30658,1.30593,1.30728,1.30726
2013-06-28 06:00:00,1.30726,1.30442,1.30756,1.30495
2013-06-28 07:00:00,1.30495,1.30408,1.30516,1.30459
2013-06-28 08:00:00,1.30458,1.30424,1.3055,1.30502
2013-06-28 09:00:00,1.30503,1.30454,1.30602,1.30595
2013-06-28 10:00:00,1.30594,1.30542,1.30687,1.30667
2013-06-28 11:00:00,1.30667,1.30645,1.30787,1.30695
2013-06-28 12:00:00,1.30697,1.30681,1.31026,1.30865
2013-06-28 13:00:00,1.30864,1.30264,1.30868,1.30298
2013-06-28 14:00:00,1.30296,1.29943,1.30366,1.2999
2013-06-28 15:00:00,1.29992,1.29907,1.30132,1.30088
2013-06-28 16:00:00,1.30088,1.29963,1.30097,1.30045
2013-06-28 17:00:00,1.30047,1.29927,1.30128,1.30128
2013-06-28 18:00:00,1.30131,1.30084,1.3019,1.30187
2013-06-28 19:00:00,1.30185,1.30084,1.30185,1.30154
2013-06-28 20:00:00,1.30154,1.30068,1.30166,1.30071
2013-06-30 21:00:00,1.30087,1.30032,1.30131,1.30106
2013-06-30 22:00:00,1.30108,1.30047,1.3013,1.30127
2013-06-30 23:00:00,1.30126,1.30049,1.30127,1.30072
2013-07-01 00:00:00,1.3007,1.30065,1.3016,1.30121
2013-07-01 01:00:00,1.3012,1.30103,1.30219,1.30196
2013-07-01 02:00:00,1.30198,1.30175,1.30239,1.30217
2013-07-01 03:00:00,1.30219,1.30205,1.30253,1.30228
2013-07-01 04:00:00,1.3023,1.30219,1.30322,1.30269
2013-07-01 05:00:00,1.30269,1.30236,1.30313,1.3029
2013-07-01 06:00:00,1.30291,1.30217,1.30342,1.30227
2013-07-01 07:00:00,1.30225,1.30174,1.30525,1.3044
2013-07-01 08:00:00,1.30439,1.30336,1.30486,1.30443
2013-07-01 09:00:00,1.30442,1.30376,1.30601,1.30527
2013-07-01 10:00:00,1.30526,1.30426,1.30572,1.30428
2013-07-01 11:00:00,1.30426,1.30363,1.30499,1.30379
2013-07-01 12:00:00,1.30378,1.30261,1.30434,1.30295
2013-07-01 13:00:00,1.30293,1.30279,1.30386,1.30331
2013-07-01 14:00:00,1.30332,1.30134,1.3038,1.30351
2013-07-01 15:00:00,1.30349,1.30328,1.30661,1.3059
2013-07-01 16:00:00,1.30592,1.30522,1.3066,1.3053
2013-07-01 17:00:00,1.3053,1.30506,1.3066,1.30621
2013-07-01 18:00:00,1.30619,1.30542,1.30637,1.30586
2013-07-01 19:00:00,1.30585,1.30577,1.30659,1.30636
2013-07-01 20:00:00,1.30635,1.30597,1.3065,1.30624
2013-07-01 21:00:00,1.30624,1.30576,1.30688,1.3061
2013-07-01 22:00:00,1.3061,1.30584,1.30674,1.30671
2013-07-01 23:00:00,1.3067,1.30644,1.30701,1.30675
2013-07-02 00:00:00,1.30674,1.3059,1.30674,1.30608
2013-07-02 01:00:00,1.30606,1.30526,1.30614,1.30527
2013-07-02 02:00:00,1.30528,1.30489,1.30591,1.30583
2013-07-02 03:00:00,1.30584,1.30567,1.30643,1.30608
2013-07-02 04:00:00,1.30609,1.30541,1.30645,1.30563
2013-07-02 05:00:00,1.30563,1.30549,1.30665,1.30639
2013-07-02 06:00:00,1.30636,1.30589,1.30775,1.3075
2013-07-02 07:00:00,1.30749,1.30529,1.30763,1.30561
2013-07-02 08:00:00,1.30563,1.30205,1.30641,1.30214
2013-07-02 09:00:00,1.30216,1.30171,1.30335,1.30256
2013-07-02 10:00:00,1.30254,1.30237,1.30333,1.30285
2013-07-02 11:00:00,1.30285,1.30199,1.30312,1.3028
2013-07-02 12:00:00,1.30281,1.29916,1.30293,1.30019
2013-07-02 13:00:00,1.30021,1.29897,1.30116,1.30039
2013-07-02 14:00:00,1.30038,1.29992,1.30353,1.30327
2013-07-02 15:00:00,1.30328,1.30119,1.3037,1.30162
2013-07-02 16:00:00,1.3016,1.30047,1.30241,1.30187
2013-07-02 17:00:00,1.30187,1.2994,1.30216,1.30024
2013-07-02 18:00:00,1.30024,1.29686,1.3003,1.29769
2013-07-02 19:00:00,1.29766,1.29627,1.29807,1.29749
2013-07-02 20:00:00,1.29747,1.29717,1.2979,1.29776
2013-07-02 21:00:00,1.29777,1.29753,1.29818,1.2981
2013-07-02 22:00:00,1.2981,1.29761,1.29828,1.29767
2013-07-02 23:00:00,1.29769,1.29714,1.29786,1.29742
2013-07-03 00:00:00,1.2974,1.29654,1.2976,1.29659
2013-07-03 01:00:00,1.2966,1.29656,1.29805,1.29719
2013-07-03 02:00:00,1.29719,1.29693,1.2977,1.29721
2013-07-03 03:00:00,1.29719,1.2968,1.2974,1.29721
2013-07-03 04:00:00,1.2972,1.2967,1.29745,1.29736
2013-07-03 05:00:00,1.29737,1.29615,1.29746,1.29639
2013-07-03 06:00:00,1.29639,1.29635,1.29794,1.29765
2013-07-03 07:00:00,1.29766,1.29223,1.29769,1.29283
2013-07-03 08:00:00,1.29281,1.2927,1.2956,1.29546
2013-07-03 09:00:00,1.29546,1.29477,1.29654,1.29588
2013-07-03 10:00:00,1.29586,1.2953,1.29707,1.29593
2013-07-03 11:00:00,1.29592,1.29531,1.29732,1.2959
2013-07-03 12:00:00,1.29592,1.29364,1.29833,1.29725
2013-07-03 13:00:00,1.29725,1.2955,1.2974,1.29672
2013-07-03 14:00:00,1.29676,1.2967,1.29889,1.29709
2013-07-03 15:00:00,1.29711,1.29706,1.30318,1.30036
2013-07-03 16:00:00,1.30036,1.30022,1.30149,1.30122
2013-07-03 17:00:00,1.3012,1.30036,1.30126,1.3006
2013-07-03 18:00:00,1.30059,1.29962,1.30127,1.30004
2013-07-03 19:00:00,1.30003,1.29987,1.30136,1.30112
2013-07-03 20:00:00,1.30109,1.30046,1.30125,1.30072
2013-07-03 21:00:00,1.3007,1.30048,1.30122,1.30075
2013-07-03 22:00:00,1.30074,1.30029,1.3011,1.30082
2013-07-03 23:00:00,1.30082,1.30072,1.30227,1.30203
2013-07-04 00:00:00,1.30202,1.30005,1.30202,1.30034
2013-07-04 01:00:00,1.30037,1.2997,1.30051,1.29974
2013-07-04 02:00:00,1.29975,1.29903,1.29988,1.29948
2013-07-04 03:00:00,1.29949,1.29934,1.30049,1.29945
2013-07-04 04:00:00,1.29947,1.29874,1.29952,1.29889
2013-07-04 05:00:00,1.29891,1.29879,1.30018,1.29967
2013-07-04 06:00:00,1.29967,1.29902,1.3004,1.30004
2013-07-04 07:00:00,1.30001,1.29832,1.30005,1.29898
2013-07-04 08:00:00,1.29899,1.29858,1.30038,1.29964
2013-07-04 09:00:00,1.29963,1.2993,1.30068,1.30002
2013-07-04 10:00:00,1.30002,1.29976,1.30072,1.30036
2013-07-04 11:00:00,1.30035,1.29795,1.3017,1.29851
2013-07-04 12:00:00,1.2985,1.28832,1.29934,1.28868
2013-07-04 13:00:00,1.28868,1.28822,1.29162,1.29138
2013-07-04 14:00:00,1.29139,1.28978,1.29157,1.2912
2013-07-04 15:00:00,1.29121,1.29112,1.29278,1.29165
2013-07-04 16:00:00,1.29164,1.29161,1.29316,1.2921
2013-07-04 17:00:00,1.29211,1.29105,1.29235,1.29138
2013-07-04 18:00:00,1.29137,1.29112,1.29204,1.29159
2013-07-04 19:00:00,1.29157,1.29085,1.29198,1.29112
2013-07-04 20:00:00,1.29111,1.2909,1.29175,1.29121
2013-07-04 21:00:00,1.29112,1.29093,1.29138,1.29112
2013-07-04 22:00:00,1.29112,1.29036,1.29158,1.29036
2013-07-04 23:00:00,1.29034,1.28875,1.2907,1.28919
2013-07-05 00:00:00,1.28917,1.28912,1.29038,1.2897
2013-07-05 01:00:00,1.2897,1.2893,1.29049,1.29023
2013-07-05 02:00:00,1.29022,1.28959,1.29024,1.28975
2013-07-05 03:00:00,1.28974,1.28949,1.2901,1.28976
2013-07-05 04:00:00,1.28976,1.28971,1.29025,1.29023
2013-07-05 05:00:00,1.29024,1.28902,1.29026,1.2895
2013-07-05 06:00:00,1.28952,1.28911,1.28994,1.28944
2013-07-05 07:00:00,1.28945,1.28776,1.2897,1.2883
2013-07-05 08:00:00,1.28832,1.28688,1.28897,1.28801
2013-07-05 09:00:00,1.28803,1.28698,1.28812,1.28774
2013-07-05 10:00:00,1.28772,1.28664,1.2887,1.28823
2013-07-05 11:00:00,1.28823,1.28711,1.28894,1.28837
2013-07-05 12:00:00,1.28839,1.28076,1.28966,1.28246
2013-07-05 13:00:00,1.28247,1.28054,1.28427,1.28266
2013-07-05 14:00:00,1.28266,1.28256,1.28439,1.28344
2013-07-05 15:00:00,1.28345,1.28293,1.2839,1.28302
2013-07-05 16:00:00,1.28302,1.28167,1.28326,1.28315
2013-07-05 17:00:00,1.28315,1.28261,1.28356,1.2833
2013-07-05 18:00:00,1.28332,1.28265,1.28337,1.283
2013-07-05 19:00:00,1.28302,1.28271,1.28326,1.28292
2013-07-05 20:00:00,1.28292,1.28249,1.28335,1.28251
2013-07-07 21:00:00,1.28085,1.2808,1.28219,1.28106
2013-07-07 22:00:00,1.28111,1.28093,1.28317,1.28267
2013-07-07 23:00:00,1.28269,1.2812,1.28273,1.28121
2013-07-08 00:00:00,1.2812,1.2812,1.28272,1.28249
2013-07-08 01:00:00,1.28249,1.2818,1.2827,1.28233
2013-07-08 02:00:00,1.28233,1.2821,1.28269,1.28241
2013-07-08 03:00:00,1.2824,1.28161,1.28256,1.282
2013-07-08 04:00:00,1.28203,1.28114,1.28214,1.28121
2013-07-08 05:00:00,1.28123,1.28114,1.28195,1.28194
2013-07-08 06:00:00,1.28194,1.28138,1.28298,1.2826
2013-07-08 07:00:00,1.28258,1.2824,1.28391,1.28303
2013-07-08 08:00:00,1.28303,1.28272,1.28386,1.28379
2013-07-08 09:00:00,1.28378,1.28364,1.28503,1.28466
2013-07-08 10:00:00,1.28465,1.28433,1.28598,1.28509
2013-07-08 11:00:00,1.28511,1.28381,1.28529,1.28428
2013-07-08 12:00:00,1.28425,1.2841,1.28548,1.28453
2013-07-08 13:00:00,1.28451,1.28427,1.28706,1.28678
2013-07-08 14:00:00,1.28678,1.28521,1.28744,1.28638
2013-07-08 15:00:00,1.28638,1.28589,1.28782,1.28627
2013-07-08 16:00:00,1.28627,1.28586,1.28744,1.28667
2013-07-08 17:00:00,1.28664,1.28553,1.28695,1.28592
2013-07-08 18:00:00,1.2859,1.28586,1.28748,1.2874
2013-07-08 19:00:00,1.28742,1.28685,1.28814,1.28711
2013-07-08 20:00:00,1.2871,1.28657,1.28725,1.2869
2013-07-08 21:00:00,1.2869,1.28633,1.2869,1.2867
2013-07-08 22:00:00,1.2867,1.28639,1.28706,1.28677
2013-07-08 23:00:00,1.28678,1.28592,1.2868,1.28601
2013-07-09 00:00:00,1.28601,1.28457,1.28629,1.28492
2013-07-09 01:00:00,1.28493,1.28468,1.28573,1.28537
2013-07-09 02:00:00,1.28536,1.28478,1.286,1.28504
2013-07-09 03:00:00,1.28504,1.28502,1.28618,1.28607
2013-07-09 04:00:00,1.28605,1.28569,1.28627,1.28594
2013-07-09 05:00:00,1.28597,1.28597,1.28881,1.28841
2013-07-09 06:00:00,1.2884,1.28795,1.28977,1.28935
2013-07-09 07:00:00,1.28934,1.28701,1.28951,1.28758
2013-07-09 08:00:00,1.28756,1.28664,1.28872,1.2873
2013-07-09 09:00:00,1.2873,1.2867,1.2879,1.28695
2013-07-09 10:00:00,1.28694,1.28578,1.28708,1.2862
2013-07-09 11:00:00,1.28618,1.28573,1.28705,1.28643
2013-07-09 12:00:00,1.28645,1.28511,1.28648,1.28575
2013-07-09 13:00:00,1.28575,1.2851,1.28641,1.28526
2013-07-09 14:00:00,1.28528,1.27759,1.28539,1.27853
2013-07-09 15:00:00,1.27853,1.27618,1.27919,1.27731
2013-07-09 16:00:00,1.27731,1.27717,1.27936,1.27908
2013-07-09 17:00:00,1.27907,1.27539,1.27907,1.27699
2013-07-09 18:00:00,1.27702,1.277,1.27895,1.27866
2013-07-09 19:00:00,1.27866,1.27818,1.27909,1.27852
2013-07-09 20:00:00,1.2785,1.27779,1.27853,1.27799
2013-07-09 21:00:00,1.27798,1.2778,1.27863,1.27855
2013-07-09 22:00:00,1.27854,1.2778,1.27854,1.27819
2013-07-09 23:00:00,1.27819,1.27741,1.27826,1.2776
2013-07-10 00:00:00,1.27762,1.27725,1.27845,1.27767
2013-07-10 01:00:00,1.27769,1.2772,1.27831,1.27812
2013-07-10 02:00:00,1.27809,1.27644,1.27809,1.27749
2013-07-10 03:00:00,1.27751,1.27742,1.27808,1.27781
2013-07-10 04:00:00,1.27779,1.27756,1.27811,1.27775
2013-07-10 05:00:00,1.27774,1.27735,1.27991,1.2791
2013-07-10 06:00:00,1.2791,1.27824,1.28009,1.279
2013-07-10 07:00:00,1.27899,1.27807,1.28122,1.28098
2013-07-10 08:00:00,1.28097,1.2805,1.28292,1.28228
2013-07-10 09:00:00,1.28228,1.28105,1.28353,1.28126
2013-07-10 10:00:00,1.28127,1.28126,1.2822,1.28181
2013-07-10 11:00:00,1.28183,1.28163,1.28314,1.28236
2013-07-10 12:00:00,1.28233,1.281,1.28261,1.28191
2013-07-10 13:00:00,1.28191,1.28134,1.28302,1.28278
2013-07-10 14:00:00,1.28277,1.28276,1.2857,1.28567
2013-07-10 15:00:00,1.28567,1.28338,1.28611,1.28455
2013-07-10 16:00:00,1.28458,1.28396,1.28563,1.28509
2013-07-10 17:00:00,1.28512,1.28452,1.28659,1.28463
2013-07-10 18:00:00,1.28464,1.28417,1.29475,1.2881
2013-07-10 19:00:00,1.28808,1.28764,1.29026,1.28818
2013-07-10 20:00:00,1.28821,1.28813,1.29792,1.29723
2013-07-10 21:00:00,1.29723,1.2956,1.30226,1.30222
2013-07-10 22:00:00,1.30219,1.3006,1.32041,1.31745
2013-07-10 23:00:00,1.31746,1.31058,1.31755,1.31157
2013-07-11 00:00:00,1.31157,1.30833,1.31169,1.30913
2013-07-11 01:00:00,1.30914,1.30682,1.30962,1.30736
2013-07-11 02:00:00,1.30738,1.30723,1.31148,1.31085
2013-07-11 03:00:00,1.31083,1.3091,1.31463,1.31335
2013-07-11 04:00:00,1.31334,1.31209,1.31435,1.31342
2013-07-11 05:00:00,1.31343,1.31074,1.31455,1.31205
2013-07-11 06:00:00,1.31202,1.30515,1.31239,1.30563
2013-07-11 07:00:00,1.30561,1.30202,1.30626,1.30285
2013-07-11 08:00:00,1.30284,1.30284,1.30634,1.30455
2013-07-11 09:00:00,1.30457,1.30356,1.30502,1.30417
2013-07-11 10:00:00,1.30419,1.30386,1.30769,1.30545
2013-07-11 11:00:00,1.30545,1.30533,1.30709,1.30594
2013-07-11 12:00:00,1.30593,1.30091,1.30683,1.30145
2013-07-11 13:00:00,1.30143,1.30051,1.30444,1.30228
2013-07-11 14:00:00,1.30228,1.30109,1.3067,1.30403
2013-07-11 15:00:00,1.30403,1.30173,1.30534,1.30462
2013-07-11 16:00:00,1.30463,1.30145,1.30508,1.3021
2013-07-11 17:00:00,1.3021,1.30205,1.30482,1.30481
2013-07-11 18:00:00,1.30481,1.30437,1.3098,1.30962
2013-07-11 19:00:00,1.30964,1.30851,1.31214,1.31003
2013-07-11 20:00:00,1.31003,1.30867,1.31033,1.30955
2013-07-11 21:00:00,1.3096,1.30871,1.30973,1.30927
2013-07-11 22:00:00,1.30927,1.30907,1.30975,1.30964
2013-07-11 23:00:00,1.30962,1.30861,1.30985,1.30861
2013-07-12 00:00:00,1.30861,1.30861,1.30996,1.30927
2013-07-12 01:00:00,1.30926,1.30757,1.3096,1.30793
2013-07-12 02:00:00,1.30793,1.30793,1.3094,1.30895
2013-07-12 03:00:00,1.30896,1.30819,1.30928,1.30824
2013-07-12 04:00:00,1.30823,1.30755,1.30851,1.30813
2013-07-12 05:00:00,1.3081,1.30724,1.3083,1.3074
2013-07-12 06:00:00,1.30737,1.30588,1.3079,1.30654
2013-07-12 07:00:00,1.30653,1.30356,1.3072,1.30378
2013-07-12 08:00:00,1.3038,1.30355,1.30485,1.30377
2013-07-12 09:00:00,1.30378,1.30369,1.30583,1.30525
2013-07-12 10:00:00,1.30528,1.30418,1.30614,1.30425
2013-07-12 11:00:00,1.30425,1.3022,1.3043,1.30247
2013-07-12 12:00:00,1.30246,1.30237,1.30474,1.30295
2013-07-12 13:00:00,1.30297,1.29986,1.30401,1.30335
2013-07-12 14:00:00,1.30337,1.30246,1.30638,1.30524
2013-07-12 15:00:00,1.30526,1.30351,1.30587,1.30461
2013-07-12 16:00:00,1.30461,1.30419,1.30865,1.3075
2013-07-12 17:00:00,1.30752,1.30304,1.30902,1.30582
2013-07-12 18:00:00,1.30584,1.30552,1.30657,1.30602
2013-07-12 19:00:00,1.30604,1.30588,1.30714,1.30667
2013-07-12 20:00:00,1.30666,1.30595,1.30723,1.30637
2013-07-14 21:00:00,1.30742,1.30536,1.30772,1.30647
2013-07-14 22:00:00,1.30649,1.30556,1.3067,1.30598
2013-07-14 23:00:00,1.30598,1.30573,1.30668,1.30601
2013-07-15 00:00:00,1.30603,1.30524,1.30658,1.30611
2013-07-15 01:00:00,1.3061,1.30547,1.30637,1.30568
2013-07-15 02:00:00,1.30573,1.30568,1.30756,1.30681
2013-07-15 03:00:00,1.30682,1.3064,1.30715,1.30676
2013-07-15 04:00:00,1.30678,1.30665,1.30734,1.30733
2013-07-15 05:00:00,1.30733,1.30679,1.30787,1.30717
2013-07-15 06:00:00,1.30715,1.3045,1.30753,1.30487
2013-07-15 07:00:00,1.30483,1.30427,1.30616,1.30543
2013-07-15 08:00:00,1.30543,1.30199,1.30577,1.30256
2013-07-15 09:00:00,1.30255,1.30238,1.30385,1.3032
2013-07-15 10:00:00,1.30318,1.30188,1.30344,1.30224
2013-07-15 11:00:00,1.30223,1.29925,1.30318,1.30036
2013-07-15 12:00:00,1.30036,1.30022,1.30538,1.30454
2013-07-15 13:00:00,1.30456,1.30387,1.30576,1.30449
2013-07-15 14:00:00,1.30451,1.30253,1.30565,1.30462
2013-07-15 15:00:00,1.3046,1.30329,1.30511,1.30382
2013-07-15 16:00:00,1.30382,1.30332,1.30747,1.30506
2013-07-15 17:00:00,1.30504,1.30493,1.3077,1.3059
2013-07-15 18:00:00,1.30589,1.30548,1.30691,1.30651
2013-07-15 19:00:00,1.30653,1.30619,1.30734,1.30686
2013-07-15 20:00:00,1.30686,1.30606,1.30689,1.30608
2013-07-15 21:00:00,1.30606,1.30556,1.30655,1.30651
2013-07-15 22:00:00,1.30649,1.30562,1.30682,1.30594
2013-07-15 23:00:00,1.30596,1.30519,1.30605,1.30574
2013-07-16 00:00:00,1.30575,1.30563,1.30733,1.30604
2013-07-16 01:00:00,1.30604,1.30577,1.30678,1.30662
2013-07-16 02:00:00,1.30663,1.30647,1.30752,1.30692
2013-07-16 03:00:00,1.30693,1.30659,1.30733,1.30691
2013-07-16 04:00:00,1.30691,1.30677,1.30743,1.30734
2013-07-16 05:00:00,1.30735,1.30693,1.30909,1.30902
2013-07-16 06:00:00,1.30904,1.30771,1.3095,1.30809
2013-07-16 07:00:00,1.30809,1.30699,1.30983,1.307
2013-07-16 08:00:00,1.307,1.30613,1.30811,1.30662
2013-07-16 09:00:00,1.30664,1.30451,1.30878,1.30772
2013-07-16 10:00:00,1.30774,1.30738,1.31235,1.31107
2013-07-16 11:00:00,1.31107,1.31104,1.31302,1.31146
2013-07-16 12:00:00,1.31144,1.30959,1.31369,1.31287
2013-07-16 13:00:00,1.31287,1.30945,1.31291,1.31235
2013-07-16 14:00:00,1.31232,1.31051,1.31376,1.31364
2013-07-16 15:00:00,1.31364,1.31262,1.31543,1.31427
2013-07-16 16:00:00,1.31427,1.31336,1.31564,1.31431
2013-07-16 17:00:00,1.31429,1.31381,1.31492,1.31465
2013-07-16 18:00:00,1.31465,1.31424,1.31657,1.31604
2013-07-16 19:00:00,1.31603,1.3149,1.31739,1.31664
2013-07-16 20:00:00,1.31661,1.31597,1.31675,1.31609
2013-07-16 21:00:00,1.3161,1.31482,1.31613,1.31524
2013-07-16 22:00:00,1.31525,1.31493,1.3156,1.31505
2013-07-16 23:00:00,1.31503,1.3147,1.3154,1.31471
2013-07-17 00:00:00,1.31473,1.31386,1.315,1.31424
2013-07-17 01:00:00,1.31427,1.31353,1.31441,1.31377
2013-07-17 02:00:00,1.31377,1.31354,1.31409,1.31407
2013-07-17 03:00:00,1.31407,1.31392,1.3142,1.31399
2013-07-17 04:00:00,1.31399,1.31377,1.31418,1.31394
2013-07-17 05:00:00,1.31397,1.31291,1.31422,1.31298
2013-07-17 06:00:00,1.31299,1.31276,1.3142,1.31333
2013-07-17 07:00:00,1.31331,1.31214,1.31503,1.31458
2013-07-17 08:00:00,1.3146,1.31412,1.3165,1.31488
2013-07-17 09:00:00,1.31489,1.31361,1.31529,1.31478
2013-07-17 10:00:00,1.31477,1.3144,1.31538,1.31444
2013-07-17 11:00:00,1.31447,1.31236,1.31471,1.31298
2013-07-17 12:00:00,1.313,1.3125,1.31769,1.31484
2013-07-17 13:00:00,1.31486,1.31317,1.3174,1.31401
2013-07-17 14:00:00,1.31398,1.30841,1.315,1.30927
2013-07-17 15:00:00,1.30928,1.30823,1.3111,1.30934
2013-07-17 16:00:00,1.30933,1.309,1.31508,1.31386
2013-07-17 17:00:00,1.31383,1.31333,1.31589,1.31398
2013-07-17 18:00:00,1.31399,1.3106,1.31418,1.31118
2013-07-17 19:00:00,1.31121,1.31114,1.3125,1.31193
2013-07-17 20:00:00,1.31193,1.31188,1.31258,1.31237
2013-07-17 21:00:00,1.31235,1.31168,1.31263,1.31219
2013-07-17 22:00:00,1.31218,1.31057,1.3122,1.31142
2013-07-17 23:00:00,1.31141,1.31131,1.31219,1.31158
2013-07-18 00:00:00,1.31157,1.31132,1.31253,1.31142
2013-07-18 01:00:00,1.31142,1.31069,1.31182,1.31073
2013-07-18 02:00:00,1.31074,1.31062,1.31128,1.31103
2013-07-18 03:00:00,1.31104,1.30928,1.31113,1.30949
2013-07-18 04:00:00,1.30951,1.30906,1.30986,1.30939
2013-07-18 05:00:00,1.30939,1.30901,1.31011,1.30965
2013-07-18 06:00:00,1.30964,1.30917,1.31061,1.30978
2013-07-18 07:00:00,1.3098,1.30929,1.31066,1.30993
2013-07-18 08:00:00,1.3099,1.30987,1.31217,1.31202
2013-07-18 09:00:00,1.31201,1.31037,1.31203,1.31061
2013-07-18 10:00:00,1.31058,1.30993,1.31125,1.30993
2013-07-18 11:00:00,1.30994,1.30954,1.31115,1.31028
2013-07-18 12:00:00,1.31029,1.30718,1.31063,1.30785
2013-07-18 13:00:00,1.30784,1.30694,1.30937,1.30878
2013-07-18 14:00:00,1.30879,1.30704,1.31014,1.30898
2013-07-18 15:00:00,1.30899,1.30756,1.30921,1.30756
2013-07-18 16:00:00,1.30756,1.30653,1.30856,1.3084
2013-07-18 17:00:00,1.30842,1.30802,1.3119,1.31111
2013-07-18 18:00:00,1.3111,1.30967,1.31149,1.31021
2013-07-18 19:00:00,1.3102,1.30992,1.31145,1.31108
2013-07-18 20:00:00,1.31108,1.31019,1.31129,1.31077
2013-07-18 21:00:00,1.31078,1.31044,1.31141,1.31105
2013-07-18 22:00:00,1.31105,1.31058,1.31117,1.31094
2013-07-18 23:00:00,1.31095,1.31069,1.31142,1.31082
2013-07-19 00:00:00,1.31082,1.30888,1.31091,1.30944
2013-07-19 01:00:00,1.30945,1.30927,1.31109,1.31068
2013-07-19 02:00:00,1.31071,1.31071,1.31424,1.31369
2013-07-19 03:00:00,1.3137,1.31342,1.31499,1.31355
2013-07-19 04:00:00,1.31356,1.31327,1.31415,1.31372
2013-07-19 05:00:00,1.31373,1.31327,1.31472,1.31347
2013-07-19 06:00:00,1.31347,1.3127,1.31384,1.31384
2013-07-19 07:00:00,1.31382,1.31228,1.31404,1.31262
2013-07-19 08:00:00,1.3126,1.3123,1.31335,1.31238
2013-07-19 09:00:00,1.31238,1.30955,1.31238,1.31018
2013-07-19 10:00:00,1.31018,1.30996,1.31186,1.31099
2013-07-19 11:00:00,1.31099,1.31096,1.31354,1.31247
2013-07-19 12:00:00,1.31248,1.31063,1.31261,1.31143
2013-07-19 13:00:00,1.31142,1.31015,1.31223,1.31203
2013-07-19 14:00:00,1.31204,1.31198,1.31501,1.31369
2013-07-19 15:00:00,1.31371,1.31343,1.31445,1.31401
2013-07-19 16:00:00,1.31403,1.31357,1.31426,1.31386
2013-07-19 17:00:00,1.31384,1.31359,1.31441,1.31363
2013-07-19 18:00:00,1.31363,1.31264,1.31413,1.31346
2013-07-19 19:00:00,1.31346,1.31337,1.31539,1.31428
2013-07-19 20:00:00,1.31429,1.31268,1.3145,1.31394
2013-07-21 21:00:00,1.31335,1.31333,1.31379,1.31341
2013-07-21 22:00:00,1.31339,1.31338,1.31463,1.31463
2013-07-21 23:00:00,1.31463,1.31443,1.31597,1.31572
2013-07-22 00:00:00,1.31573,1.31515,1.31684,1.31616
2013-07-22 01:00:00,1.31617,1.31496,1.31619,1.31529
2013-07-22 02:00:00,1.31528,1.31509,1.3159,1.3159
2013-07-22 03:00:00,1.31591,1.3154,1.31605,1.31553
2013-07-22 04:00:00,1.31552,1.31492,1.3157,1.31522
2013-07-22 05:00:00,1.31523,1.31499,1.31563,1.31525
2013-07-22 06:00:00,1.31526,1.31434,1.31549,1.31494
2013-07-22 07:00:00,1.31495,1.3148,1.31638,1.3157
2013-07-22 08:00:00,1.31573,1.31546,1.31643,1.3159
2013-07-22 09:00:00,1.3159,1.31554,1.31906,1.31812
2013-07-22 10:00:00,1.31813,1.31788,1.31915,1.31824
2013-07-22 11:00:00,1.31822,1.3168,1.31828,1.31683
2013-07-22 12:00:00,1.31682,1.31596,1.31707,1.31635
2013-07-22 13:00:00,1.31634,1.31621,1.31982,1.31962
2013-07-22 14:00:00,1.31965,1.31899,1.32176,1.3192
2013-07-22 15:00:00,1.31922,1.31836,1.32002,1.31914
2013-07-22 16:00:00,1.31914,1.31883,1.32011,1.31919
2013-07-22 17:00:00,1.31919,1.31888,1.32004,1.31911
2013-07-22 18:00:00,1.31911,1.31818,1.31931,1.31888
2013-07-22 19:00:00,1.3189,1.31825,1.31894,1.3185
2013-07-22 20:00:00,1.31848,1.3183,1.31882,1.31834
2013-07-22 21:00:00,1.31834,1.31822,1.31874,1.31828
2013-07-22 22:00:00,1.31825,1.31823,1.31864,1.31827
2013-07-22 23:00:00,1.31827,1.31823,1.3193,1.31902
2013-07-23 00:00:00,1.31902,1.3186,1.3195,1.3189
2013-07-23 01:00:00,1.31892,1.31869,1.31951,1.31922
2013-07-23 02:00:00,1.31922,1.31913,1.32068,1.31993
2013-07-23 03:00:00,1.31993,1.31968,1.32029,1.31984
2013-07-23 04:00:00,1.31982,1.31951,1.32007,1.3198
2013-07-23 05:00:00,1.31981,1.31849,1.32,1.31867
2013-07-23 06:00:00,1.31867,1.31786,1.31914,1.31831
2013-07-23 07:00:00,1.3183,1.3183,1.32063,1.31936
2013-07-23 08:00:00,1.31936,1.31835,1.31983,1.31847
2013-07-23 09:00:00,1.31846,1.31631,1.31862,1.31716
2013-07-23 10:00:00,1.31714,1.31689,1.318,1.31717
2013-07-23 11:00:00,1.31714,1.31708,1.31843,1.31801
2013-07-23 12:00:00,1.31801,1.31737,1.31956,1.31872
2013-07-23 13:00:00,1.31873,1.31795,1.31942,1.3181
2013-07-23 14:00:00,1.3181,1.31799,1.32298,1.32169
2013-07-23 15:00:00,1.32169,1.32081,1.32237,1.32107
2013-07-23 16:00:00,1.32106,1.32069,1.32175,1.32119
2013-07-23 17:00:00,1.32119,1.32087,1.32254,1.32193
2013-07-23 18:00:00,1.32192,1.32102,1.32383,1.32328
2013-07-23 19:00:00,1.32328,1.32169,1.32331,1.32228
2013-07-23 20:00:00,1.3223,1.32215,1.32268,1.32215
2013-07-23 21:00:00,1.32207,1.32168,1.32246,1.32224
2013-07-23 22:00:00,1.32223,1.32181,1.32231,1.32214
2013-07-23 23:00:00,1.32213,1.32181,1.32261,1.32205
2013-07-24 00:00:00,1.32205,1.32174,1.32254,1.32181
2013-07-24 01:00:00,1.32181,1.31976,1.32215,1.32018
2013-07-24 02:00:00,1.32017,1.31983,1.32093,1.32052
2013-07-24 03:00:00,1.32052,1.32044,1.32094,1.32086
2013-07-24 04:00:00,1.32084,1.3207,1.32111,1.32085
2013-07-24 05:00:00,1.32087,1.32013,1.32097,1.32016
2013-07-24 06:00:00,1.32016,1.31902,1.32193,1.32162
2013-07-24 07:00:00,1.32164,1.32078,1.32538,1.32424
2013-07-24 08:00:00,1.32424,1.32278,1.32454,1.32367
2013-07-24 09:00:00,1.32367,1.32296,1.32414,1.32331
2013-07-24 10:00:00,1.32331,1.32278,1.32398,1.32354
2013-07-24 11:00:00,1.32356,1.3233,1.32498,1.32498
2013-07-24 12:00:00,1.325,1.32111,1.32558,1.32114
2013-07-24 13:00:00,1.32112,1.32037,1.32271,1.32253
2013-07-24 14:00:00,1.32253,1.31983,1.32431,1.32336
2013-07-24 15:00:00,1.32334,1.32242,1.32369,1.3227
2013-07-24 16:00:00,1.32267,1.31968,1.32267,1.32053
2013-07-24 17:00:00,1.32054,1.31758,1.32091,1.31833
2013-07-24 18:00:00,1.31834,1.31815,1.31973,1.31942
2013-07-24 19:00:00,1.31942,1.31896,1.31987,1.31972
2013-07-24 20:00:00,1.31973,1.31937,1.32038,1.31991
2013-07-24 21:00:00,1.31989,1.31937,1.32005,1.31958
2013-07-24 22:00:00,1.31957,1.31881,1.31981,1.31945
2013-07-24 23:00:00,1.31945,1.31872,1.31958,1.31898
2013-07-25 00:00:00,1.31899,1.31883,1.31981,1.31935
2013-07-25 01:00:00,1.31934,1.31932,1.3201,1.31984
2013-07-25 02:00:00,1.31984,1.31957,1.32028,1.32028
2013-07-25 03:00:00,1.32028,1.32023,1.32088,1.32048
2013-07-25 04:00:00,1.32049,1.3202,1.32107,1.32107
2013-07-25 05:00:00,1.32107,1.32081,1.32201,1.32134
2013-07-25 06:00:00,1.32131,1.32049,1.32196,1.32169
2013-07-25 07:00:00,1.32171,1.32083,1.32285,1.32238
2013-07-25 08:00:00,1.32239,1.31798,1.32343,1.31854
2013-07-25 09:00:00,1.31852,1.31655,1.31888,1.31742
2013-07-25 10:00:00,1.31742,1.31717,1.32021,1.31949
2013-07-25 11:00:00,1.31948,1.31933,1.32156,1.32136
2013-07-25 12:00:00,1.32136,1.31878,1.32383,1.32247
2013-07-25 13:00:00,1.32248,1.32093,1.32304,1.32198
2013-07-25 14:00:00,1.322,1.32195,1.32352,1.32329
2013-07-25 15:00:00,1.32326,1.3225,1.32395,1.3233
2013-07-25 16:00:00,1.32328,1.32217,1.32345,1.32283
2013-07-25 17:00:00,1.32283,1.32261,1.32525,1.32451
2013-07-25 18:00:00,1.32454,1.3236,1.32553,1.32427
2013-07-25 19:00:00,1.32425,1.32387,1.32889,1.32841
2013-07-25 20:00:00,1.32844,1.32728,1.32951,1.32757
2013-07-25 21:00:00,1.32757,1.32716,1.32771,1.32748
2013-07-25 22:00:00,1.32747,1.3273,1.32814,1.32814
2013-07-25 23:00:00,1.32814,1.3271,1.32817,1.32732
2013-07-26 00:00:00,1.32734,1.32682,1.3276,1.32738
2013-07-26 01:00:00,1.32738,1.327,1.3279,1.32762
2013-07-26 02:00:00,1.32765,1.32765,1.32883,1.32833
2013-07-26 03:00:00,1.32836,1.3275,1.32836,1.32811
2013-07-26 04:00:00,1.32811,1.32752,1.32821,1.32787
2013-07-26 05:00:00,1.32786,1.3276,1.32851,1.32779
2013-07-26 06:00:00,1.32777,1.32719,1.3285,1.32772
2013-07-26 07:00:00,1.32772,1.32745,1.32907,1.32864
2013-07-26 08:00:00,1.32863,1.32802,1.32964,1.32869
2013-07-26 09:00:00,1.32871,1.32801,1.32938,1.3281
2013-07-26 10:00:00,1.3281,1.32602,1.32836,1.32706
2013-07-26 11:00:00,1.32706,1.3265,1.3281,1.32651
2013-07-26 12:00:00,1.32649,1.32521,1.32667,1.32608
2013-07-26 13:00:00,1.32605,1.32546,1.32895,1.32799
2013-07-26 14:00:00,1.32799,1.32626,1.3294,1.32628
2013-07-26 15:00:00,1.32628,1.32546,1.32764,1.3268
2013-07-26 16:00:00,1.32678,1.32678,1.32807,1.32796
2013-07-26 17:00:00,1.32792,1.32692,1.32865,1.32828
2013-07-26 18:00:00,1.3283,1.32737,1.32894,1.3275
2013-07-26 19:00:00,1.32747,1.32729,1.32816,1.32813
2013-07-26 20:00:00,1.32813,1.32683,1.32814,1.32764
2013-07-28 21:00:00,1.3283,1.32725,1.3283,1.32775
2013-07-28 22:00:00,1.32774,1.3274,1.32865,1.32865
2013-07-28 23:00:00,1.32863,1.32845,1.32932,1.32852
2013-07-29 00:00:00,1.32851,1.32813,1.32898,1.32885
2013-07-29 01:00:00,1.32887,1.32857,1.32922,1.32868
2013-07-29 02:00:00,1.32866,1.32855,1.32917,1.32916
2013-07-29 03:00:00,1.32917,1.32825,1.32919,1.3283
2013-07-29 04:00:00,1.32828,1.32741,1.3286,1.3278
2013-07-29 05:00:00,1.3278,1.32729,1.32821,1.32788
2013-07-29 06:00:00,1.32789,1.32622,1.32819,1.32643
2013-07-29 07:00:00,1.32643,1.32605,1.32763,1.32681
2013-07-29 08:00:00,1.32682,1.32659,1.32913,1.32851
2013-07-29 09:00:00,1.32851,1.32835,1.32932,1.32885
2013-07-29 10:00:00,1.32885,1.32858,1.32948,1.32868
2013-07-29 11:00:00,1.32868,1.32713,1.32878,1.32739
2013-07-29 12:00:00,1.32739,1.3248,1.32746,1.32586
2013-07-29 13:00:00,1.32585,1.32408,1.32637,1.3246
2013-07-29 14:00:00,1.32461,1.32384,1.32581,1.32525
2013-07-29 15:00:00,1.32525,1.32439,1.32624,1.32615
2013-07-29 16:00:00,1.32618,1.32577,1.32709,1.32616
2013-07-29 17:00:00,1.32613,1.32532,1.32626,1.32577
2013-07-29 18:00:00,1.32578,1.32569,1.32713,1.32654
2013-07-29 19:00:00,1.32654,1.32622,1.32712,1.32652
2013-07-29 20:00:00,1.32652,1.32591,1.32684,1.32611
2013-07-29 21:00:00,1.32608,1.32576,1.32637,1.32611
2013-07-29 22:00:00,1.32609,1.32577,1.32628,1.32597
2013-07-29 23:00:00,1.32596,1.32588,1.32656,1.32626
2013-07-30 00:00:00,1.32627,1.32528,1.32627,1.32584
2013-07-30 01:00:00,1.32587,1.32534,1.32616,1.32578
2013-07-30 02:00:00,1.32579,1.32491,1.32586,1.3254
2013-07-30 03:00:00,1.3254,1.32469,1.32545,1.32532
2013-07-30 04:00:00,1.32531,1.32522,1.32576,1.32559
2013-07-30 05:00:00,1.32557,1.32547,1.32639,1.32577
2013-07-30 06:00:00,1.32576,1.32507,1.32609,1.32605
2013-07-30 07:00:00,1.32602,1.32589,1.32712,1.32705
2013-07-30 08:00:00,1.32707,1.32679,1.32783,1.327
2013-07-30 09:00:00,1.327,1.32631,1.32768,1.32664
2013-07-30 10:00:00,1.32663,1.32622,1.32713,1.32662
2013-07-30 11:00:00,1.32664,1.32663,1.33013,1.3289
2013-07-30 12:00:00,1.3289,1.3281,1.32929,1.32858
2013-07-30 13:00:00,1.32856,1.32652,1.32947,1.32685
2013-07-30 14:00:00,1.32686,1.32337,1.32763,1.32492
2013-07-30 15:00:00,1.3249,1.32476,1.32688,1.32654
2013-07-30 16:00:00,1.32654,1.32496,1.32703,1.32527
2013-07-30 17:00:00,1.32528,1.32456,1.3258,1.3252
2013-07-30 18:00:00,1.32523,1.32522,1.32654,1.32633
2013-07-30 19:00:00,1.32636,1.32606,1.327,1.32615
2013-07-30 20:00:00,1.32615,1.32604,1.32648,1.3261
2013-07-30 21:00:00,1.3261,1.32574,1.32632,1.32622
2013-07-30 22:00:00,1.32621,1.32597,1.32637,1.32602
2013-07-30 23:00:00,1.32602,1.32559,1.32661,1.32652
2013-07-31 00:00:00,1.3265,1.32568,1.32678,1.32596
2013-07-31 01:00:00,1.32596,1.32585,1.32641,1.32614
2013-07-31 02:00:00,1.32613,1.32611,1.32659,1.3263
2013-07-31 03:00:00,1.3263,1.32514,1.32638,1.32549
2013-07-31 04:00:00,1.32551,1.32548,1.32596,1.3258
2013-07-31 05:00:00,1.3258,1.32538,1.32592,1.32549
2013-07-31 06:00:00,1.32548,1.32402,1.32581,1.32494
2013-07-31 07:00:00,1.32494,1.32466,1.32841,1.32799
2013-07-31 08:00:00,1.32799,1.32771,1.32998,1.32874
2013-07-31 09:00:00,1.32877,1.32709,1.32894,1.32741
2013-07-31 10:00:00,1.3274,1.32488,1.3276,1.3253
2013-07-31 11:00:00,1.32532,1.32499,1.32734,1.32729
2013-07-31 12:00:00,1.32732,1.32014,1.32742,1.32231
2013-07-31 13:00:00,1.32229,1.3216,1.3236,1.3221
2013-07-31 14:00:00,1.32209,1.32204,1.32795,1.32772
2013-07-31 15:00:00,1.32773,1.32605,1.32969,1.32933
2013-07-31 16:00:00,1.32931,1.32724,1.32984,1.32756
2013-07-31 17:00:00,1.32758,1.32743,1.32895,1.32873
2013-07-31 18:00:00,1.32875,1.32643,1.33379,1.33377
2013-07-31 19:00:00,1.33378,1.32921,1.33442,1.33026
2013-07-31 20:00:00,1.33026,1.32982,1.33053,1.33004
2013-07-31 21:00:00,1.33004,1.32939,1.33071,1.32956
2013-07-31 22:00:00,1.32954,1.32891,1.33004,1.32939
2013-07-31 23:00:00,1.32938,1.32935,1.3304,1.32998
2013-08-01 00:00:00,1.32998,1.32995,1.33103,1.33059
2013-08-01 01:00:00,1.33059,1.32834,1.33059,1.32859
2013-08-01 02:00:00,1.32857,1.32708,1.32878,1.32758
2013-08-01 03:00:00,1.32759,1.32724,1.32783,1.32748
2013-08-01 04:00:00,1.3275,1.32723,1.32772,1.3273
2013-08-01 05:00:00,1.32728,1.32657,1.32741,1.32721
2013-08-01 06:00:00,1.32722,1.32511,1.32758,1.32525
2013-08-01 07:00:00,1.32524,1.32353,1.32527,1.32362
2013-08-01 08:00:00,1.32361,1.32265,1.32478,1.32456
2013-08-01 09:00:00,1.32454,1.32347,1.32532,1.32364
2013-08-01 10:00:00,1.32362,1.32277,1.32434,1.32322
2013-08-01 11:00:00,1.32324,1.3232,1.32452,1.32341
2013-08-01 12:00:00,1.32341,1.31912,1.32443,1.32408
2013-08-01 13:00:00,1.32405,1.32171,1.32665,1.32492
2013-08-01 14:00:00,1.32493,1.3209,1.32493,1.32329
2013-08-01 15:00:00,1.32329,1.32149,1.32395,1.32163
2013-08-01 16:00:00,1.32162,1.32095,1.32192,1.32128
2013-08-01 17:00:00,1.32131,1.32032,1.32204,1.32198
2013-08-01 18:00:00,1.32199,1.3211,1.32228,1.32139
2013-08-01 19:00:00,1.32139,1.31976,1.32167,1.32056
2013-08-01 20:00:00,1.32055,1.32038,1.32139,1.32055
2013-08-01 21:00:00,1.32055,1.31974,1.32119,1.32077
2013-08-01 22:00:00,1.32076,1.32021,1.32125,1.32123
2013-08-01 23:00:00,1.3212,1.3204,1.32138,1.3211
2013-08-02 00:00:00,1.3211,1.32029,1.32145,1.3205
2013-08-02 01:00:00,1.32051,1.31887,1.32051,1.3195
2013-08-02 02:00:00,1.31952,1.31952,1.32151,1.32115
2013-08-02 03:00:00,1.32116,1.32074,1.3223,1.32174
2013-08-02 04:00:00,1.32174,1.32075,1.32183,1.32119
2013-08-02 05:00:00,1.32117,1.32057,1.32142,1.3211
2013-08-02 06:00:00,1.32111,1.32099,1.32231,1.32185
2013-08-02 07:00:00,1.32185,1.3202,1.32231,1.32186
2013-08-02 08:00:00,1.32187,1.32136,1.32261,1.3215
2013-08-02 09:00:00,1.32151,1.32098,1.32241,1.32117
2013-08-02 10:00:00,1.32115,1.31994,1.32207,1.31997
2013-08-02 11:00:00,1.32,1.31988,1.32132,1.32108
2013-08-02 12:00:00,1.32106,1.31816,1.32837,1.32679
2013-08-02 13:00:00,1.32679,1.32318,1.3279,1.32578
2013-08-02 14:00:00,1.32575,1.32575,1.32935,1.32832
2013-08-02 15:00:00,1.32834,1.32666,1.32931,1.32688
2013-08-02 16:00:00,1.32686,1.32652,1.32833,1.32763
2013-08-02 17:00:00,1.32765,1.32639,1.32874,1.32871
2013-08-02 18:00:00,1.32871,1.32759,1.32878,1.32846
2013-08-02 19:00:00,1.32844,1.32755,1.3285,1.32836
2013-08-02 20:00:00,1.32838,1.32771,1.32858,1.32777
2013-08-04 21:00:00,1.32767,1.32722,1.32848,1.32784
2013-08-04 22:00:00,1.32785,1.32748,1.32836,1.32779
2013-08-04 23:00:00,1.32777,1.32732,1.32777,1.32764
2013-08-05 00:00:00,1.32766,1.32649,1.328,1.32674
2013-08-05 01:00:00,1.32674,1.32628,1.32789,1.32758
2013-08-05 02:00:00,1.32758,1.32708,1.3277,1.32733
2013-08-05 03:00:00,1.32733,1.32716,1.32788,1.32742
2013-08-05 04:00:00,1.32744,1.32727,1.32786,1.32761
2013-08-05 05:00:00,1.32763,1.32737,1.32823,1.3282
2013-08-05 06:00:00,1.32819,1.32696,1.32847,1.32699
2013-08-05 07:00:00,1.32696,1.32638,1.32996,1.32879
2013-08-05 08:00:00,1.32878,1.32725,1.32978,1.32839
2013-08-05 09:00:00,1.32839,1.32776,1.3292,1.32819
2013-08-05 10:00:00,1.3282,1.32661,1.32824,1.32689
2013-08-05 11:00:00,1.32688,1.32552,1.32701,1.32592
2013-08-05 12:00:00,1.32592,1.32423,1.32602,1.32479
2013-08-05 13:00:00,1.32482,1.32416,1.32603,1.32507
2013-08-05 14:00:00,1.32506,1.3232,1.32506,1.32396
2013-08-05 15:00:00,1.32397,1.32388,1.32594,1.32557
2013-08-05 16:00:00,1.32558,1.32487,1.32647,1.32611
2013-08-05 17:00:00,1.32613,1.32543,1.32653,1.32592
2013-08-05 18:00:00,1.32593,1.3256,1.32654,1.32577
2013-08-05 19:00:00,1.32576,1.32507,1.32599,1.32593
2013-08-05 20:00:00,1.32595,1.32534,1.32598,1.32574
2013-08-05 21:00:00,1.3257,1.32543,1.32631,1.32603
2013-08-05 22:00:00,1.32602,1.3256,1.32603,1.32572
2013-08-05 23:00:00,1.32574,1.32522,1.3258,1.32567
2013-08-06 00:00:00,1.32568,1.32551,1.32708,1.32609
2013-08-06 01:00:00,1.32612,1.32596,1.32684,1.32651
2013-08-06 02:00:00,1.32652,1.32607,1.32659,1.32637
2013-08-06 03:00:00,1.32635,1.32612,1.32673,1.32616
2013-08-06 04:00:00,1.32614,1.32574,1.32652,1.32601
2013-08-06 05:00:00,1.32603,1.32474,1.32631,1.32527
2013-08-06 06:00:00,1.32526,1.32455,1.32582,1.32553
2013-08-06 07:00:00,1.32552,1.32516,1.32631,1.32584
2013-08-06 08:00:00,1.32583,1.32583,1.32675,1.32641
2013-08-06 09:00:00,1.32644,1.32635,1.32874,1.32863
2013-08-06 10:00:00,1.32861,1.32711,1.32928,1.32714
2013-08-06 11:00:00,1.32714,1.32653,1.3278,1.32753
2013-08-06 12:00:00,1.32755,1.32699,1.33058,1.32947
2013-08-06 13:00:00,1.32945,1.32855,1.32981,1.32937
2013-08-06 14:00:00,1.32938,1.32887,1.33224,1.33083
2013-08-06 15:00:00,1.33084,1.32925,1.33139,1.32935
2013-08-06 16:00:00,1.32936,1.32799,1.33009,1.3298
2013-08-06 17:00:00,1.3298,1.32958,1.33135,1.33102
2013-08-06 18:00:00,1.33103,1.33015,1.33106,1.33048
2013-08-06 19:00:00,1.33049,1.32992,1.33111,1.33071
2013-08-06 20:00:00,1.33071,1.33012,1.33099,1.33036
2013-08-06 21:00:00,1.33035,1.33022,1.33101,1.33067
2013-08-06 22:00:00,1.33068,1.33032,1.33084,1.33051
2013-08-06 23:00:00,1.33049,1.33031,1.33149,1.33065
2013-08-07 00:00:00,1.33063,1.32959,1.33063,1.3299
2013-08-07 01:00:00,1.32993,1.3292,1.33017,1.3294
2013-08-07 02:00:00,1.32939,1.32923,1.3299,1.32932
2013-08-07 03:00:00,1.32931,1.3292,1.32975,1.32961
2013-08-07 04:00:00,1.32963,1.32938,1.33028,1.33007
2013-08-07 05:00:00,1.33007,1.32971,1.33068,1.33058
2013-08-07 06:00:00,1.33059,1.32978,1.33114,1.33073
2013-08-07 07:00:00,1.33073,1.32747,1.33088,1.32804
2013-08-07 08:00:00,1.32802,1.3272,1.3287,1.32833
2013-08-07 09:00:00,1.32835,1.32653,1.32895,1.32846
2013-08-07 10:00:00,1.32847,1.32814,1.33243,1.3291
2013-08-07 11:00:00,1.32909,1.32901,1.33072,1.3305
2013-08-07 12:00:00,1.33051,1.3293,1.33098,1.33052
2013-08-07 13:00:00,1.33052,1.32901,1.33162,1.33054
2013-08-07 14:00:00,1.33053,1.33008,1.33285,1.33171
2013-08-07 15:00:00,1.3317,1.33154,1.3334,1.33269
2013-08-07 16:00:00,1.33269,1.33167,1.33281,1.33271
2013-08-07 17:00:00,1.33273,1.33272,1.33418,1.33405
2013-08-07 18:00:00,1.33405,1.33283,1.33409,1.33315
2013-08-07 19:00:00,1.33315,1.333,1.33417,1.33375
2013-08-07 20:00:00,1.33375,1.33336,1.33448,1.33343
2013-08-07 21:00:00,1.33327,1.33318,1.33391,1.33355
2013-08-07 22:00:00,1.33356,1.33343,1.33394,1.33348
2013-08-07 23:00:00,1.33348,1.33348,1.33431,1.33393
2013-08-08 00:00:00,1.33391,1.3331,1.33392,1.33385
2013-08-08 01:00:00,1.33384,1.33298,1.33391,1.33321
2013-08-08 02:00:00,1.33319,1.33276,1.33339,1.33304
2013-08-08 03:00:00,1.33304,1.33276,1.33373,1.33358
2013-08-08 04:00:00,1.33358,1.3331,1.33429,1.33413
2013-08-08 05:00:00,1.33414,1.33344,1.3352,1.33453
2013-08-08 06:00:00,1.33455,1.33342,1.33508,1.33508
2013-08-08 07:00:00,1.33509,1.33425,1.33686,1.33451
2013-08-08 08:00:00,1.33452,1.33399,1.33536,1.33461
2013-08-08 09:00:00,1.33461,1.33455,1.33612,1.3361
2013-08-08 10:00:00,1.33607,1.33553,1.33636,1.33583
2013-08-08 11:00:00,1.33585,1.33566,1.33619,1.33593
2013-08-08 12:00:00,1.33596,1.33498,1.33671,1.33597
2013-08-08 13:00:00,1.33596,1.33558,1.33751,1.33707
2013-08-08 14:00:00,1.33708,1.33695,1.33942,1.33841
2013-08-08 15:00:00,1.3384,1.33829,1.33936,1.339
2013-08-08 16:00:00,1.339,1.33886,1.33997,1.33895
2013-08-08 17:00:00,1.33892,1.33831,1.33967,1.33863
2013-08-08 18:00:00,1.33866,1.3378,1.33901,1.33868
2013-08-08 19:00:00,1.33868,1.33798,1.33881,1.33855
2013-08-08 20:00:00,1.33853,1.33787,1.33888,1.338
2013-08-08 21:00:00,1.33801,1.33741,1.33826,1.33804
2013-08-08 22:00:00,1.33806,1.33782,1.33816,1.33803
2013-08-08 23:00:00,1.33805,1.33754,1.33843,1.33786
2013-08-09 00:00:00,1.33783,1.33753,1.33815,1.33803
2013-08-09 01:00:00,1.33803,1.33793,1.33861,1.33817
2013-08-09 02:00:00,1.33818,1.33772,1.33823,1.33789
2013-08-09 03:00:00,1.33791,1.3377,1.33826,1.33802
2013-08-09 04:00:00,1.33803,1.33793,1.33836,1.33831
2013-08-09 05:00:00,1.33831,1.33791,1.33843,1.33843
2013-08-09 06:00:00,1.33845,1.33781,1.33897,1.33869
2013-08-09 07:00:00,1.33869,1.33695,1.33869,1.33747
2013-08-09 08:00:00,1.33747,1.33676,1.33882,1.3382
2013-08-09 09:00:00,1.3382,1.3379,1.33895,1.33821
2013-08-09 10:00:00,1.33821,1.33722,1.33833,1.33733
2013-08-09 11:00:00,1.33729,1.33682,1.33771,1.33702
2013-08-09 12:00:00,1.337,1.33616,1.33778,1.33621
2013-08-09 13:00:00,1.33621,1.33489,1.3366,1.33569
2013-08-09 14:00:00,1.33568,1.33482,1.3363,1.33504
2013-08-09 15:00:00,1.33503,1.3332,1.33542,1.33374
2013-08-09 16:00:00,1.33374,1.33344,1.33467,1.33426
2013-08-09 17:00:00,1.33426,1.33368,1.33472,1.33459
2013-08-09 18:00:00,1.33457,1.3338,1.33471,1.33396
2013-08-09 19:00:00,1.33396,1.33387,1.33454,1.3344
2013-08-09 20:00:00,1.3344,1.33354,1.33452,1.33365
2013-08-11 21:00:00,1.33171,1.33164,1.33356,1.33343
2013-08-11 22:00:00,1.33345,1.33313,1.3337,1.33334
2013-08-11 23:00:00,1.33334,1.33328,1.33434,1.33376
2013-08-12 00:00:00,1.33377,1.3324,1.33396,1.33251
2013-08-12 01:00:00,1.33251,1.33232,1.33313,1.33299
2013-08-12 02:00:00,1.33298,1.3317,1.33304,1.33232
2013-08-12 03:00:00,1.33232,1.33207,1.33282,1.33222
2013-08-12 04:00:00,1.33223,1.3322,1.33275,1.33258
2013-08-12 05:00:00,1.33255,1.33207,1.33266,1.33251
2013-08-12 06:00:00,1.33249,1.33154,1.33327,1.33175
2013-08-12 07:00:00,1.33176,1.3302,1.33256,1.33068
2013-08-12 08:00:00,1.33066,1.32954,1.33085,1.33074
2013-08-12 09:00:00,1.33075,1.32866,1.33075,1.32901
2013-08-12 10:00:00,1.32901,1.32872,1.33019,1.32965
2013-08-12 11:00:00,1.32963,1.3287,1.32991,1.3287
2013-08-12 12:00:00,1.32869,1.32767,1.32902,1.32886
2013-08-12 13:00:00,1.32887,1.32833,1.32918,1.32841
2013-08-12 14:00:00,1.32843,1.32811,1.32949,1.32926
2013-08-12 15:00:00,1.32929,1.32925,1.33118,1.33116
2013-08-12 16:00:00,1.33116,1.3306,1.33118,1.3307
2013-08-12 17:00:00,1.33073,1.33035,1.33085,1.33071
2013-08-12 18:00:00,1.33074,1.32895,1.33123,1.33097
2013-08-12 19:00:00,1.33098,1.33029,1.33102,1.33036
2013-08-12 20:00:00,1.33037,1.32973,1.3304,1.32993
2013-08-12 21:00:00,1.32994,1.32939,1.32995,1.32981
2013-08-12 22:00:00,1.32982,1.32899,1.33007,1.32918
2013-08-12 23:00:00,1.32917,1.32886,1.32936,1.32909
2013-08-13 00:00:00,1.32908,1.32896,1.32944,1.32922
2013-08-13 01:00:00,1.32923,1.32916,1.32967,1.32936
2013-08-13 02:00:00,1.32939,1.32937,1.33081,1.33073
2013-08-13 03:00:00,1.33072,1.33063,1.33125,1.3309
2013-08-13 04:00:00,1.3309,1.33088,1.33118,1.33092
2013-08-13 05:00:00,1.33093,1.32929,1.33099,1.33044
2013-08-13 06:00:00,1.33045,1.33036,1.33159,1.33062
2013-08-13 07:00:00,1.33063,1.32838,1.33081,1.32924
2013-08-13 08:00:00,1.32924,1.32809,1.32981,1.329
2013-08-13 09:00:00,1.32903,1.32903,1.33166,1.33068
2013-08-13 10:00:00,1.3307,1.32919,1.33111,1.32949
2013-08-13 11:00:00,1.3295,1.3284,1.32986,1.32844
2013-08-13 12:00:00,1.32844,1.32503,1.32943,1.32563
2013-08-13 13:00:00,1.32561,1.32452,1.32641,1.3249
2013-08-13 14:00:00,1.32489,1.3233,1.32529,1.32353
2013-08-13 15:00:00,1.32353,1.32332,1.32457,1.32453
2013-08-13 16:00:00,1.32453,1.32438,1.32566,1.32519
2013-08-13 17:00:00,1.32521,1.32498,1.32596,1.32569
2013-08-13 18:00:00,1.3257,1.32529,1.32647,1.32596
2013-08-13 19:00:00,1.32594,1.32585,1.32691,1.3265
2013-08-13 20:00:00,1.3265,1.32601,1.32667,1.32615
2013-08-13 21:00:00,1.32615,1.32563,1.32636,1.3259
2013-08-13 22:00:00,1.32589,1.32589,1.32621,1.32607
2013-08-13 23:00:00,1.32607,1.32606,1.32664,1.32644
2013-08-14 00:00:00,1.32646,1.32561,1.3268,1.32607
2013-08-14 01:00:00,1.32608,1.32529,1.32627,1.32615
2013-08-14 02:00:00,1.32612,1.32585,1.32646,1.32604
2013-08-14 03:00:00,1.32604,1.32603,1.32641,1.32623
2013-08-14 04:00:00,1.32622,1.32575,1.32676,1.3258
2013-08-14 05:00:00,1.32579,1.32544,1.32751,1.32702
2013-08-14 06:00:00,1.32699,1.3256,1.32787,1.32605
2013-08-14 07:00:00,1.32605,1.3255,1.32773,1.32692
2013-08-14 08:00:00,1.32691,1.32577,1.32704,1.32673
2013-08-14 09:00:00,1.32673,1.32385,1.32689,1.32412
2013-08-14 10:00:00,1.32412,1.32386,1.32514,1.3246
2013-08-14 11:00:00,1.32462,1.32433,1.32511,1.32479
2013-08-14 12:00:00,1.32477,1.32396,1.32624,1.32559
2013-08-14 13:00:00,1.32561,1.3254,1.32675,1.3257
2013-08-14 14:00:00,1.3257,1.32527,1.32703,1.32644
2013-08-14 15:00:00,1.32644,1.32477,1.32668,1.32542
2013-08-14 16:00:00,1.32541,1.32519,1.32587,1.32554
2013-08-14 17:00:00,1.32556,1.32462,1.32607,1.32509
2013-08-14 18:00:00,1.3251,1.32509,1.32612,1.32581
2013-08-14 19:00:00,1.32581,1.32541,1.32613,1.32601
2013-08-14 20:00:00,1.32602,1.32532,1.32603,1.3254
2013-08-14 21:00:00,1.32541,1.32485,1.32572,1.32567
2013-08-14 22:00:00,1.32566,1.3254,1.32585,1.32585
2013-08-14 23:00:00,1.32587,1.32537,1.32641,1.32641
2013-08-15 00:00:00,1.32641,1.32607,1.32673,1.32646
2013-08-15 01:00:00,1.32648,1.32598,1.3268,1.32661
2013-08-15 02:00:00,1.32661,1.32659,1.33098,1.32991
2013-08-15 03:00:00,1.32992,1.32887,1.32994,1.32891
2013-08-15 04:00:00,1.32889,1.32863,1.3293,1.32903
2013-08-15 05:00:00,1.32905,1.3284,1.32914,1.32894
2013-08-15 06:00:00,1.32893,1.32844,1.32934,1.32884
2013-08-15 07:00:00,1.32882,1.32776,1.32908,1.32895
2013-08-15 08:00:00,1.32895,1.32866,1.32976,1.32882
2013-08-15 09:00:00,1.32881,1.32822,1.32956,1.32902
2013-08-15 10:00:00,1.32904,1.32808,1.32904,1.32841
2013-08-15 11:00:00,1.32842,1.32832,1.32988,1.32964
2013-08-15 12:00:00,1.32962,1.32221,1.33005,1.32325
2013-08-15 13:00:00,1.32325,1.32185,1.32457,1.32234
2013-08-15 14:00:00,1.32236,1.32047,1.32514,1.32503
2013-08-15 15:00:00,1.325,1.32464,1.32698,1.32622
2013-08-15 16:00:00,1.32622,1.32595,1.32681,1.32597
2013-08-15 17:00:00,1.32598,1.32598,1.33427,1.33348
2013-08-15 18:00:00,1.33349,1.33308,1.33534,1.3346
2013-08-15 19:00:00,1.33459,1.33454,1.33624,1.33542
2013-08-15 20:00:00,1.3354,1.33426,1.33586,1.33444
2013-08-15 21:00:00,1.33445,1.33439,1.33525,1.33499
2013-08-15 22:00:00,1.33497,1.33445,1.335,1.33447
2013-08-15 23:00:00,1.33445,1.33445,1.33519,1.33498
2013-08-16 00:00:00,1.33498,1.33454,1.33558,1.33522
2013-08-16 01:00:00,1.33524,1.33462,1.33528,1.33518
2013-08-16 02:00:00,1.33516,1.33452,1.33518,1.33476
2013-08-16 03:00:00,1.33474,1.33418,1.33498,1.33453
2013-08-16 04:00:00,1.33455,1.33389,1.33456,1.33425
2013-08-16 05:00:00,1.33424,1.33378,1.3345,1.33394
2013-08-16 06:00:00,1.33393,1.33248,1.33431,1.33251
2013-08-16 07:00:00,1.3325,1.3325,1.33512,1.33428
2013-08-16 08:00:00,1.33427,1.33327,1.3346,1.33373
2013-08-16 09:00:00,1.33374,1.33269,1.33401,1.3335
2013-08-16 10:00:00,1.33349,1.33345,1.33453,1.33353
2013-08-16 11:00:00,1.33353,1.33346,1.33433,1.33409
2013-08-16 12:00:00,1.3341,1.33354,1.3367,1.33633
2013-08-16 13:00:00,1.33633,1.33589,1.33794,1.33643
2013-08-16 14:00:00,1.33643,1.33209,1.33698,1.33319
2013-08-16 15:00:00,1.33321,1.33171,1.33364,1.33203
2013-08-16 16:00:00,1.33203,1.33142,1.33257,1.33182
2013-08-16 17:00:00,1.33182,1.33105,1.33241,1.33213
2013-08-16 18:00:00,1.33212,1.33211,1.33406,1.33352
2013-08-16 19:00:00,1.33352,1.33299,1.3339,1.33329
2013-08-16 20:00:00,1.33331,1.3322,1.33359,1.33241
2013-08-18 21:00:00,1.33302,1.33261,1.3341,1.33335
2013-08-18 22:00:00,1.33332,1.33215,1.3335,1.33223
2013-08-18 23:00:00,1.3322,1.33203,1.33286,1.33285
2013-08-19 00:00:00,1.33284,1.33253,1.33356,1.33327
2013-08-19 01:00:00,1.33325,1.33314,1.33395,1.33386
2013-08-19 02:00:00,1.33385,1.33312,1.33396,1.33334
2013-08-19 03:00:00,1.33333,1.3324,1.33336,1.33262
2013-08-19 04:00:00,1.3326,1.33216,1.3327,1.33251
2013-08-19 05:00:00,1.33251,1.33215,1.3327,1.33269
2013-08-19 06:00:00,1.3327,1.33146,1.33275,1.3324
2013-08-19 07:00:00,1.33241,1.3318,1.33307,1.33275
2013-08-19 08:00:00,1.33275,1.33239,1.33312,1.33288
2013-08-19 09:00:00,1.33287,1.33274,1.33387,1.33355
2013-08-19 10:00:00,1.33354,1.33349,1.33741,1.33583
2013-08-19 11:00:00,1.33583,1.33453,1.33599,1.33514
2013-08-19 12:00:00,1.33513,1.33418,1.33546,1.33457
2013-08-19 13:00:00,1.33456,1.33427,1.33603,1.33473
2013-08-19 14:00:00,1.3347,1.33431,1.33534,1.335
2013-08-19 15:00:00,1.33502,1.33425,1.33508,1.33469
2013-08-19 16:00:00,1.33469,1.33362,1.33482,1.33402
2013-08-19 17:00:00,1.33403,1.33381,1.33457,1.33434
2013-08-19 18:00:00,1.33434,1.33401,1.33466,1.33414
2013-08-19 19:00:00,1.33415,1.33366,1.33424,1.33376
2013-08-19 20:00:00,1.33373,1.33321,1.33382,1.33332
2013-08-19 21:00:00,1.33338,1.33308,1.33374,1.33349
2013-08-19 22:00:00,1.33347,1.33296,1.33362,1.33359
2013-08-19 23:00:00,1.33357,1.33318,1.33361,1.33327
2013-08-20 00:00:00,1.33329,1.33329,1.33403,1.33368
2013-08-20 01:00:00,1.33367,1.33318,1.33384,1.33348
2013-08-20 02:00:00,1.33346,1.33286,1.33376,1.33367
2013-08-20 03:00:00,1.33365,1.33352,1.33518,1.33496
2013-08-20 04:00:00,1.33494,1.33449,1.33517,1.33467
2013-08-20 05:00:00,1.33468,1.33444,1.33557,1.33527
2013-08-20 06:00:00,1.33526,1.33327,1.33528,1.33344
2013-08-20 07:00:00,1.33342,1.33229,1.3347,1.33426
2013-08-20 08:00:00,1.33425,1.33414,1.33854,1.33715
2013-08-20 09:00:00,1.33715,1.33638,1.33995,1.33918
2013-08-20 10:00:00,1.33918,1.33783,1.3406,1.33821
2013-08-20 11:00:00,1.33822,1.33723,1.33881,1.33795
2013-08-20 12:00:00,1.33796,1.33796,1.34364,1.34236
2013-08-20 13:00:00,1.34236,1.34168,1.34513,1.344
2013-08-20 14:00:00,1.344,1.34222,1.34408,1.34263
2013-08-20 15:00:00,1.34265,1.3423,1.34332,1.34246
2013-08-20 16:00:00,1.34249,1.34183,1.34322,1.34194
2013-08-20 17:00:00,1.34191,1.34141,1.34256,1.34175
2013-08-20 18:00:00,1.34177,1.34137,1.34206,1.3419
2013-08-20 19:00:00,1.34192,1.34166,1.34236,1.34209
2013-08-20 20:00:00,1.34209,1.3415,1.34223,1.34161
2013-08-20 21:00:00,1.3409,1.34088,1.34204,1.34169
2013-08-20 22:00:00,1.3417,1.34152,1.34199,1.34184
2013-08-20 23:00:00,1.34184,1.34172,1.34206,1.34201
2013-08-21 00:00:00,1.34201,1.3415,1.34254,1.34199
2013-08-21 01:00:00,1.34201,1.34182,1.34258,1.34231
2013-08-21 02:00:00,1.3423,1.34182,1.34265,1.34189
2013-08-21 03:00:00,1.34188,1.34171,1.34219,1.3421
2013-08-21 04:00:00,1.34209,1.34164,1.34241,1.34176
2013-08-21 05:00:00,1.34176,1.34062,1.34211,1.34143
2013-08-21 06:00:00,1.34145,1.34069,1.34195,1.34116
2013-08-21 07:00:00,1.34117,1.33855,1.34127,1.33916
2013-08-21 08:00:00,1.33916,1.33856,1.34,1.33863
2013-08-21 09:00:00,1.33864,1.33862,1.34077,1.3405
2013-08-21 10:00:00,1.34048,1.33803,1.34059,1.3388
2013-08-21 11:00:00,1.33881,1.33863,1.33982,1.33905
2013-08-21 12:00:00,1.33905,1.33812,1.33932,1.33857
2013-08-21 13:00:00,1.33855,1.33725,1.33937,1.33824
2013-08-21 14:00:00,1.33816,1.33708,1.33913,1.33762
2013-08-21 15:00:00,1.33763,1.33532,1.33763,1.33669
2013-08-21 16:00:00,1.33669,1.33655,1.33801,1.33732
2013-08-21 17:00:00,1.3373,1.33702,1.33788,1.33741
2013-08-21 18:00:00,1.33739,1.33344,1.33952,1.33756
2013-08-21 19:00:00,1.33758,1.33517,1.33834,1.33551
2013-08-21 20:00:00,1.3355,1.3341,1.33599,1.33531
2013-08-21 21:00:00,1.33528,1.3342,1.3357,1.33567
2013-08-21 22:00:00,1.33567,1.33426,1.33576,1.33456
2013-08-21 23:00:00,1.33458,1.33396,1.33516,1.33406
2013-08-22 00:00:00,1.33403,1.33308,1.33438,1.33364
2013-08-22 01:00:00,1.33362,1.33328,1.33412,1.33387
2013-08-22 02:00:00,1.33388,1.33324,1.33419,1.33349
2013-08-22 03:00:00,1.3335,1.33342,1.33428,1.33389
2013-08-22 04:00:00,1.33387,1.33354,1.33398,1.33391
2013-08-22 05:00:00,1.33393,1.33389,1.33451,1.33423
2013-08-22 06:00:00,1.33424,1.33328,1.33514,1.33346
2013-08-22 07:00:00,1.33346,1.33205,1.33535,1.33511
2013-08-22 08:00:00,1.33513,1.33455,1.33634,1.33544
2013-08-22 09:00:00,1.33546,1.33064,1.33585,1.33149
2013-08-22 10:00:00,1.33148,1.32978,1.33148,1.33124
2013-08-22 11:00:00,1.33123,1.33054,1.33169,1.33107
2013-08-22 12:00:00,1.33107,1.33103,1.33461,1.33406
2013-08-22 13:00:00,1.33405,1.33333,1.33505,1.33403
2013-08-22 14:00:00,1.33406,1.3325,1.3346,1.33457
2013-08-22 15:00:00,1.33458,1.33408,1.33715,1.33609
2013-08-22 16:00:00,1.33609,1.33534,1.33727,1.33576
2013-08-22 17:00:00,1.33578,1.33476,1.33655,1.33615
2013-08-22 18:00:00,1.33616,1.33514,1.33647,1.33523
2013-08-22 19:00:00,1.33522,1.33468,1.33579,1.33556
2013-08-22 20:00:00,1.33556,1.33535,1.33625,1.33548
2013-08-22 21:00:00,1.33547,1.33524,1.33587,1.33551
2013-08-22 22:00:00,1.33551,1.33543,1.33638,1.33591
2013-08-22 23:00:00,1.33592,1.33477,1.33673,1.33548
2013-08-23 00:00:00,1.33546,1.33393,1.3355,1.33467
2013-08-23 01:00:00,1.33467,1.33415,1.33599,1.33478
2013-08-23 02:00:00,1.3348,1.33434,1.33517,1.33478
2013-08-23 03:00:00,1.33476,1.33453,1.33498,1.33481
2013-08-23 04:00:00,1.33479,1.33404,1.33481,1.33407
2013-08-23 05:00:00,1.33405,1.33351,1.33451,1.33405
2013-08-23 06:00:00,1.33402,1.33344,1.33467,1.33449
2013-08-23 07:00:00,1.33447,1.33352,1.33481,1.33416
2013-08-23 08:00:00,1.33419,1.3341,1.33647,1.33631
2013-08-23 09:00:00,1.33633,1.3357,1.33699,1.33611
2013-08-23 10:00:00,1.33611,1.33541,1.33651,1.33552
2013-08-23 11:00:00,1.3355,1.33435,1.33598,1.33555
2013-08-23 12:00:00,1.33556,1.33445,1.33652,1.33565
2013-08-23 13:00:00,1.33564,1.33327,1.33571,1.3347
2013-08-23 14:00:00,1.33471,1.33466,1.34092,1.3401
2013-08-23 15:00:00,1.3401,1.33865,1.3404,1.339
2013-08-23 16:00:00,1.33899,1.33793,1.33935,1.33869
2013-08-23 17:00:00,1.33871,1.33832,1.33918,1.3386
2013-08-23 18:00:00,1.33857,1.33803,1.33868,1.33809
2013-08-23 19:00:00,1.33808,1.33779,1.33855,1.33841
2013-08-23 20:00:00,1.33839,1.33746,1.33847,1.33769
2013-08-25 21:00:00,1.33819,1.33799,1.33901,1.3383
2013-08-25 22:00:00,1.33827,1.3377,1.33843,1.33775
2013-08-25 23:00:00,1.33776,1.33763,1.33864,1.33861
2013-08-26 00:00:00,1.3386,1.33825,1.33884,1.33852
2013-08-26 01:00:00,1.33853,1.33801,1.339,1.33806
2013-08-26 02:00:00,1.33805,1.33771,1.33813,1.338
2013-08-26 03:00:00,1.33801,1.33797,1.33838,1.3382
2013-08-26 04:00:00,1.33818,1.33777,1.33822,1.33807
2013-08-26 05:00:00,1.33805,1.33791,1.3384,1.33826
2013-08-26 06:00:00,1.33825,1.33718,1.33825,1.33751
2013-08-26 07:00:00,1.33749,1.33642,1.33751,1.33675
2013-08-26 08:00:00,1.33677,1.33638,1.33712,1.3367
2013-08-26 09:00:00,1.33671,1.33667,1.3377,1.33748
2013-08-26 10:00:00,1.33746,1.33692,1.33759,1.33697
2013-08-26 11:00:00,1.33695,1.33681,1.33756,1.33699
2013-08-26 12:00:00,1.33697,1.33561,1.33936,1.33848
2013-08-26 13:00:00,1.33847,1.33787,1.33881,1.33835
2013-08-26 14:00:00,1.33834,1.33665,1.33859,1.33753
2013-08-26 15:00:00,1.33751,1.33644,1.33756,1.33675
2013-08-26 16:00:00,1.33675,1.33635,1.337,1.33668
2013-08-26 17:00:00,1.3367,1.33611,1.33685,1.3366
2013-08-26 18:00:00,1.3366,1.33649,1.33731,1.33724
2013-08-26 19:00:00,1.33726,1.33694,1.33786,1.33701
2013-08-26 20:00:00,1.337,1.33653,1.33719,1.33653
2013-08-26 21:00:00,1.3365,1.33644,1.33723,1.33689
2013-08-26 22:00:00,1.33689,1.33686,1.33732,1.3373
2013-08-26 23:00:00,1.33727,1.33727,1.33798,1.33775
2013-08-27 00:00:00,1.33775,1.33749,1.33897,1.338
2013-08-27 01:00:00,1.33801,1.33682,1.33814,1.33733
2013-08-27 02:00:00,1.33734,1.33693,1.33737,1.33722
2013-08-27 03:00:00,1.33722,1.33707,1.33752,1.33737
2013-08-27 04:00:00,1.33738,1.3373,1.33753,1.33741
2013-08-27 05:00:00,1.33738,1.33665,1.33761,1.33687
2013-08-27 06:00:00,1.33687,1.33548,1.33688,1.33617
2013-08-27 07:00:00,1.33619,1.33617,1.33829,1.33734
2013-08-27 08:00:00,1.33734,1.3321,1.33859,1.33366
2013-08-27 09:00:00,1.33365,1.33342,1.33448,1.33429
2013-08-27 10:00:00,1.33431,1.33397,1.33496,1.33446
2013-08-27 11:00:00,1.33447,1.33307,1.33477,1.33328
2013-08-27 12:00:00,1.3333,1.33277,1.3342,1.33404
2013-08-27 13:00:00,1.33404,1.33404,1.33972,1.33846
2013-08-27 14:00:00,1.33844,1.33687,1.33945,1.33942
2013-08-27 15:00:00,1.3394,1.3385,1.33981,1.33852
2013-08-27 16:00:00,1.33852,1.33848,1.33919,1.33873
2013-08-27 17:00:00,1.33874,1.33805,1.33935,1.33918
2013-08-27 18:00:00,1.33919,1.33842,1.33943,1.3385
2013-08-27 19:00:00,1.33852,1.33811,1.33913,1.33901
2013-08-27 20:00:00,1.33903,1.33855,1.33926,1.33908
2013-08-27 21:00:00,1.33909,1.33874,1.33924,1.33895
2013-08-27 22:00:00,1.33892,1.33844,1.33912,1.33908
2013-08-27 23:00:00,1.3391,1.33845,1.33922,1.33904
2013-08-28 00:00:00,1.33901,1.33798,1.33904,1.33804
2013-08-28 01:00:00,1.33803,1.33802,1.33893,1.33872
2013-08-28 02:00:00,1.33869,1.33869,1.33971,1.3389
2013-08-28 03:00:00,1.33887,1.33817,1.33891,1.33838
2013-08-28 04:00:00,1.33838,1.33737,1.33852,1.33738
2013-08-28 05:00:00,1.33736,1.33724,1.33787,1.3377
2013-08-28 06:00:00,1.33771,1.33736,1.3386,1.33833
2013-08-28 07:00:00,1.33834,1.33698,1.33836,1.33802
2013-08-28 08:00:00,1.338,1.33616,1.33808,1.3364
2013-08-28 09:00:00,1.3364,1.33612,1.33776,1.33733
2013-08-28 10:00:00,1.33734,1.33431,1.33735,1.33501
2013-08-28 11:00:00,1.33501,1.33357,1.33507,1.33444
2013-08-28 12:00:00,1.33444,1.33376,1.33675,1.33647
2013-08-28 13:00:00,1.33645,1.33043,1.33725,1.33131
2013-08-28 14:00:00,1.33129,1.33094,1.33417,1.33389
2013-08-28 15:00:00,1.33389,1.33178,1.334,1.3326
2013-08-28 16:00:00,1.33263,1.3324,1.33335,1.33322
2013-08-28 17:00:00,1.33319,1.33191,1.3333,1.33285
2013-08-28 18:00:00,1.33285,1.33278,1.33384,1.33382
2013-08-28 19:00:00,1.33381,1.33357,1.33444,1.33399
2013-08-28 20:00:00,1.33398,1.33366,1.3343,1.33384
2013-08-28 21:00:00,1.33384,1.33359,1.33413,1.33388
2013-08-28 22:00:00,1.33389,1.33363,1.3341,1.33407
2013-08-28 23:00:00,1.33408,1.33338,1.33425,1.33339
2013-08-29 00:00:00,1.33338,1.33276,1.3337,1.33284
2013-08-29 01:00:00,1.33283,1.33229,1.33319,1.33263
2013-08-29 02:00:00,1.33265,1.33232,1.33394,1.33391
2013-08-29 03:00:00,1.33388,1.33327,1.33392,1.33366
2013-08-29 04:00:00,1.33366,1.33219,1.33372,1.33244
2013-08-29 05:00:00,1.33244,1.33039,1.33261,1.33048
2013-08-29 06:00:00,1.33049,1.32625,1.3313,1.32712
2013-08-29 07:00:00,1.32711,1.32527,1.32785,1.32632
2013-08-29 08:00:00,1.32632,1.32528,1.32749,1.32643
2013-08-29 09:00:00,1.32644,1.32572,1.32704,1.32582
2013-08-29 10:00:00,1.32584,1.32421,1.32645,1.32563
2013-08-29 11:00:00,1.3256,1.32536,1.32632,1.32568
2013-08-29 12:00:00,1.32566,1.32322,1.32663,1.32397
2013-08-29 13:00:00,1.32397,1.32341,1.32502,1.32413
2013-08-29 14:00:00,1.3241,1.3222,1.32444,1.32242
2013-08-29 15:00:00,1.32242,1.3219,1.32317,1.32264
2013-08-29 16:00:00,1.32264,1.32262,1.32401,1.3239
2013-08-29 17:00:00,1.32392,1.32332,1.32479,1.32446
2013-08-29 18:00:00,1.32444,1.3236,1.32466,1.32433
2013-08-29 19:00:00,1.32431,1.3241,1.32492,1.32417
2013-08-29 20:00:00,1.32416,1.32374,1.32436,1.32395
2013-08-29 21:00:00,1.32366,1.32317,1.3241,1.32361
2013-08-29 22:00:00,1.32364,1.32334,1.32406,1.32374
2013-08-29 23:00:00,1.32374,1.32338,1.32392,1.32364
2013-08-30 00:00:00,1.32365,1.32333,1.32415,1.32394
2013-08-30 01:00:00,1.32395,1.32394,1.32541,1.32484
2013-08-30 02:00:00,1.32486,1.32424,1.32525,1.32469
2013-08-30 03:00:00,1.32467,1.32384,1.32468,1.32407
2013-08-30 04:00:00,1.32407,1.32349,1.32427,1.32416
2013-08-30 05:00:00,1.32415,1.32405,1.32479,1.32415
2013-08-30 06:00:00,1.32413,1.32266,1.32496,1.323
2013-08-30 07:00:00,1.32298,1.32215,1.32404,1.32362
2013-08-30 08:00:00,1.32363,1.3235,1.32474,1.32433
2013-08-30 09:00:00,1.32433,1.32304,1.32523,1.32337
2013-08-30 10:00:00,1.32338,1.32337,1.32414,1.3239
2013-08-30 11:00:00,1.3239,1.32357,1.32446,1.32361
2013-08-30 12:00:00,1.32363,1.32167,1.32425,1.32213
2013-08-30 13:00:00,1.32214,1.32093,1.32219,1.32136
2013-08-30 14:00:00,1.32139,1.31825,1.3217,1.31848
2013-08-30 15:00:00,1.31848,1.31723,1.32041,1.31953
2013-08-30 16:00:00,1.31955,1.31933,1.32065,1.32033
2013-08-30 17:00:00,1.32032,1.32001,1.32169,1.32113
2013-08-30 18:00:00,1.32114,1.32053,1.32147,1.32075
2013-08-30 19:00:00,1.32075,1.32058,1.32165,1.32156
2013-08-30 20:00:00,1.32156,1.32133,1.3222,1.32183
2013-09-01 21:00:00,1.3209,1.32022,1.3213,1.32105
2013-09-01 22:00:00,1.32106,1.31988,1.32131,1.32
2013-09-01 23:00:00,1.31999,1.31959,1.32097,1.32062
2013-09-02 00:00:00,1.32064,1.31914,1.32075,1.31965
2013-09-02 01:00:00,1.31968,1.31966,1.32098,1.32086
2013-09-02 02:00:00,1.32083,1.32003,1.32084,1.32027
2013-09-02 03:00:00,1.3203,1.32019,1.32096,1.32068
2013-09-02 04:00:00,1.32066,1.3196,1.32104,1.32008
2013-09-02 05:00:00,1.32008,1.32004,1.32138,1.321
2013-09-02 06:00:00,1.32098,1.32096,1.32237,1.3216
2013-09-02 07:00:00,1.3216,1.32091,1.32265,1.32097
2013-09-02 08:00:00,1.32095,1.32067,1.32186,1.32152
2013-09-02 09:00:00,1.32154,1.32126,1.32258,1.32212
2013-09-02 10:00:00,1.32212,1.32171,1.32256,1.32191
2013-09-02 11:00:00,1.32189,1.32117,1.32204,1.32131
2013-09-02 12:00:00,1.32132,1.32032,1.32136,1.32083
2013-09-02 13:00:00,1.32083,1.32006,1.32094,1.32041
2013-09-02 14:00:00,1.32042,1.31865,1.32047,1.31897
2013-09-02 15:00:00,1.31897,1.3183,1.31949,1.319
2013-09-02 16:00:00,1.319,1.31834,1.31939,1.31939
2013-09-02 17:00:00,1.31939,1.31907,1.3196,1.3195
2013-09-02 18:00:00,1.31952,1.31915,1.31952,1.31932
2013-09-02 19:00:00,1.31931,1.31929,1.3197,1.31966
2013-09-02 20:00:00,1.31966,1.31865,1.31981,1.31907
2013-09-02 21:00:00,1.31907,1.3188,1.31961,1.31942
2013-09-02 22:00:00,1.31945,1.31868,1.31946,1.31891
2013-09-02 23:00:00,1.31892,1.31858,1.31895,1.31887
2013-09-03 00:00:00,1.31887,1.31842,1.31908,1.31857
2013-09-03 01:00:00,1.3186,1.31856,1.31905,1.31904
2013-09-03 02:00:00,1.31904,1.31859,1.3191,1.31905
2013-09-03 03:00:00,1.31903,1.3186,1.31917,1.31897
2013-09-03 04:00:00,1.31897,1.31883,1.31964,1.31922
2013-09-03 05:00:00,1.31921,1.31686,1.31923,1.31726
2013-09-03 06:00:00,1.31725,1.31633,1.31797,1.3171
2013-09-03 07:00:00,1.31708,1.31603,1.31771,1.31727
2013-09-03 08:00:00,1.31729,1.31684,1.31792,1.31741
2013-09-03 09:00:00,1.31742,1.31672,1.31806,1.31791
2013-09-03 10:00:00,1.3179,1.3172,1.31866,1.31744
2013-09-03 11:00:00,1.31744,1.31578,1.31758,1.31698
2013-09-03 12:00:00,1.31697,1.31647,1.31761,1.31747
2013-09-03 13:00:00,1.31747,1.31648,1.31786,1.31679
2013-09-03 14:00:00,1.31676,1.31435,1.31695,1.31564
2013-09-03 15:00:00,1.31566,1.31381,1.31677,1.31628
2013-09-03 16:00:00,1.31626,1.31575,1.31729,1.31703
2013-09-03 17:00:00,1.31703,1.31623,1.31744,1.31722
2013-09-03 18:00:00,1.31724,1.31633,1.31743,1.31682
2013-09-03 19:00:00,1.31683,1.3166,1.3178,1.31764
2013-09-03 20:00:00,1.31765,1.31686,1.31773,1.31686
2013-09-03 21:00:00,1.31674,1.31633,1.3173,1.31656
2013-09-03 22:00:00,1.31657,1.31657,1.31703,1.31683
2013-09-03 23:00:00,1.31683,1.31683,1.3172,1.31711
2013-09-04 00:00:00,1.31709,1.31673,1.31755,1.31681
2013-09-04 01:00:00,1.31681,1.31628,1.31685,1.31646
2013-09-04 02:00:00,1.31648,1.31648,1.31695,1.31664
2013-09-04 03:00:00,1.31664,1.31633,1.31665,1.31655
2013-09-04 04:00:00,1.31654,1.31623,1.31669,1.31637
2013-09-04 05:00:00,1.31637,1.31614,1.31681,1.31656
2013-09-04 06:00:00,1.31657,1.31599,1.3177,1.31721
2013-09-04 07:00:00,1.31724,1.31562,1.31767,1.31593
2013-09-04 08:00:00,1.31591,1.31587,1.31768,1.3176
2013-09-04 09:00:00,1.31762,1.31673,1.31801,1.31745
2013-09-04 10:00:00,1.31742,1.3166,1.31862,1.31803
2013-09-04 11:00:00,1.31801,1.31693,1.31843,1.31722
2013-09-04 12:00:00,1.31722,1.31672,1.3174,1.31728
2013-09-04 13:00:00,1.31726,1.31638,1.31768,1.31766
2013-09-04 14:00:00,1.31766,1.31665,1.31971,1.31967
2013-09-04 15:00:00,1.31967,1.31909,1.32173,1.32113
2013-09-04 16:00:00,1.32114,1.3206,1.32168,1.32082
2013-09-04 17:00:00,1.32083,1.32038,1.32168,1.32081
2013-09-04 18:00:00,1.32082,1.32057,1.32157,1.32068
2013-09-04 19:00:00,1.32067,1.32053,1.32139,1.32101
2013-09-04 20:00:00,1.32101,1.32051,1.32132,1.32059
2013-09-04 21:00:00,1.32038,1.32002,1.32072,1.32034
2013-09-04 22:00:00,1.32032,1.32012,1.32067,1.32029
2013-09-04 23:00:00,1.32029,1.31975,1.32038,1.31989
2013-09-05 00:00:00,1.31989,1.31946,1.3202,1.31964
2013-09-05 01:00:00,1.31964,1.31955,1.32017,1.31971
2013-09-05 02:00:00,1.31972,1.31882,1.31975,1.31892
2013-09-05 03:00:00,1.31892,1.31881,1.3194,1.31905
2013-09-05 04:00:00,1.31905,1.31869,1.31925,1.31876
2013-09-05 05:00:00,1.31874,1.31623,1.31874,1.31716
2013-09-05 06:00:00,1.31718,1.3167,1.31756,1.31718
2013-09-05 07:00:00,1.31716,1.3165,1.318,1.3179
2013-09-05 08:00:00,1.3179,1.3173,1.31938,1.3188
2013-09-05 09:00:00,1.31878,1.31872,1.32049,1.31974
2013-09-05 10:00:00,1.31971,1.31921,1.32178,1.32125
2013-09-05 11:00:00,1.32128,1.32002,1.32142,1.32048
2013-09-05 12:00:00,1.32046,1.31348,1.32224,1.31539
2013-09-05 13:00:00,1.31539,1.31281,1.3172,1.31505
2013-09-05 14:00:00,1.31504,1.31099,1.31504,1.3119
2013-09-05 15:00:00,1.3119,1.31124,1.31271,1.31191
2013-09-05 16:00:00,1.31191,1.31169,1.31275,1.31267
2013-09-05 17:00:00,1.31268,1.31154,1.31268,1.31164
2013-09-05 18:00:00,1.31163,1.31148,1.31225,1.31193
2013-09-05 19:00:00,1.31194,1.3117,1.31246,1.31172
2013-09-05 20:00:00,1.3117,1.31165,1.31196,1.3119
2013-09-05 21:00:00,1.3119,1.31156,1.31203,1.3117
2013-09-05 22:00:00,1.31169,1.31164,1.31206,1.31205
2013-09-05 23:00:00,1.31202,1.31165,1.31206,1.31186
2013-09-06 00:00:00,1.31185,1.31173,1.31219,1.31206
2013-09-06 01:00:00,1.31207,1.312,1.31287,1.31287
2013-09-06 02:00:00,1.31285,1.31258,1.31351,1.31345
2013-09-06 03:00:00,1.31345,1.31332,1.31377,1.31333
2013-09-06 04:00:00,1.31331,1.31219,1.31339,1.31282
2013-09-06 05:00:00,1.31284,1.31282,1.31328,1.31304
2013-09-06 06:00:00,1.31301,1.31223,1.31336,1.31275
2013-09-06 07:00:00,1.31278,1.31186,1.31341,1.31209
2013-09-06 08:00:00,1.31212,1.31203,1.31324,1.31305
2013-09-06 09:00:00,1.31303,1.3109,1.3132,1.31119
2013-09-06 10:00:00,1.31119,1.31046,1.31185,1.31053
2013-09-06 11:00:00,1.31054,1.31044,1.31259,1.31182
2013-09-06 12:00:00,1.31184,1.31067,1.31785,1.31296
2013-09-06 13:00:00,1.31297,1.31251,1.31763,1.31712
2013-09-06 14:00:00,1.31712,1.31536,1.31886,1.3157
2013-09-06 15:00:00,1.31573,1.31572,1.31736,1.31654
2013-09-06 16:00:00,1.31652,1.31611,1.31681,1.31669
2013-09-06 17:00:00,1.31614,1.31599,1.31637,1.31623
2013-09-06 18:00:00,1.3162,1.31611,1.31814,1.31807
2013-09-06 19:00:00,1.31806,1.31747,1.31842,1.31748
2013-09-06 20:00:00,1.31748,1.31745,1.31824,1.31779
2013-09-08 21:00:00,1.31601,1.31554,1.31771,1.31726
2013-09-08 22:00:00,1.31726,1.31645,1.31737,1.31685
2013-09-08 23:00:00,1.31683,1.31657,1.31779,1.31715
2013-09-09 00:00:00,1.31713,1.3167,1.31808,1.31757
2013-09-09 01:00:00,1.31754,1.31714,1.31778,1.31726
2013-09-09 02:00:00,1.31724,1.31698,1.31749,1.31735
2013-09-09 03:00:00,1.31735,1.3168,1.31746,1.31707
2013-09-09 04:00:00,1.31709,1.31662,1.31718,1.31694
2013-09-09 05:00:00,1.31692,1.31691,1.31745,1.31724
2013-09-09 06:00:00,1.31721,1.31663,1.31841,1.31775
2013-09-09 07:00:00,1.31775,1.31684,1.3185,1.31778
2013-09-09 08:00:00,1.31775,1.31775,1.31975,1.31958
2013-09-09 09:00:00,1.31956,1.31866,1.31961,1.31883
2013-09-09 10:00:00,1.31881,1.31843,1.31948,1.31922
2013-09-09 11:00:00,1.31923,1.31893,1.31951,1.31919
2013-09-09 12:00:00,1.31916,1.31906,1.32119,1.32072
2013-09-09 13:00:00,1.32072,1.32072,1.322,1.32121
2013-09-09 14:00:00,1.32122,1.3211,1.32546,1.32532
2013-09-09 15:00:00,1.32532,1.32503,1.32627,1.32587
2013-09-09 16:00:00,1.32588,1.32539,1.32802,1.32576
2013-09-09 17:00:00,1.32579,1.32576,1.32691,1.32683
2013-09-09 18:00:00,1.32681,1.32584,1.32702,1.32584
2013-09-09 19:00:00,1.32583,1.32564,1.32629,1.32589
2013-09-09 20:00:00,1.32588,1.32497,1.32592,1.32536
2013-09-09 21:00:00,1.32536,1.32485,1.32548,1.32527
2013-09-09 22:00:00,1.32524,1.32505,1.32561,1.32514
2013-09-09 23:00:00,1.32513,1.32506,1.3256,1.32552
2013-09-10 00:00:00,1.32555,1.32514,1.32597,1.32536
2013-09-10 01:00:00,1.32534,1.32494,1.32611,1.32608
2013-09-10 02:00:00,1.32609,1.32559,1.32657,1.32592
2013-09-10 03:00:00,1.32592,1.32554,1.32621,1.32621
2013-09-10 04:00:00,1.32619,1.32619,1.32701,1.32658
2013-09-10 05:00:00,1.32659,1.32646,1.32719,1.32671
2013-09-10 06:00:00,1.32671,1.32543,1.32751,1.32543
2013-09-10 07:00:00,1.32541,1.3244,1.32597,1.32526
2013-09-10 08:00:00,1.32527,1.32422,1.32576,1.32488
2013-09-10 09:00:00,1.32489,1.32344,1.325,1.32432
2013-09-10 10:00:00,1.32432,1.32355,1.32461,1.32437
2013-09-10 11:00:00,1.3244,1.32298,1.32529,1.32339
2013-09-10 12:00:00,1.32337,1.32337,1.32501,1.32445
2013-09-10 13:00:00,1.32447,1.32439,1.32689,1.32602
2013-09-10 14:00:00,1.32604,1.32576,1.32716,1.32646
2013-09-10 15:00:00,1.32646,1.32509,1.32658,1.32597
2013-09-10 16:00:00,1.32597,1.32501,1.3263,1.32592
2013-09-10 17:00:00,1.3259,1.32586,1.32711,1.32711
2013-09-10 18:00:00,1.3271,1.32636,1.3275,1.32663
2013-09-10 19:00:00,1.32664,1.32648,1.32692,1.32667
2013-09-10 20:00:00,1.32666,1.32642,1.32691,1.32666
2013-09-10 21:00:00,1.32667,1.32625,1.32677,1.32647
2013-09-10 22:00:00,1.32648,1.32624,1.32654,1.32637
2013-09-10 23:00:00,1.32636,1.32633,1.32672,1.3267
2013-09-11 00:00:00,1.32668,1.32641,1.32747,1.32713
2013-09-11 01:00:00,1.32713,1.32646,1.32814,1.32768
2013-09-11 02:00:00,1.32768,1.32661,1.32789,1.32661
2013-09-11 03:00:00,1.32663,1.32544,1.32693,1.32562
2013-09-11 04:00:00,1.32562,1.32501,1.32568,1.32547
2013-09-11 05:00:00,1.32546,1.32451,1.32591,1.32454
2013-09-11 06:00:00,1.32455,1.32428,1.32546,1.32545
2013-09-11 07:00:00,1.32543,1.32526,1.32648,1.3253
2013-09-11 08:00:00,1.32529,1.32515,1.32747,1.32728
2013-09-11 09:00:00,1.32727,1.32562,1.32765,1.32607
2013-09-11 10:00:00,1.32608,1.32536,1.32714,1.32572
2013-09-11 11:00:00,1.32574,1.32537,1.32635,1.32603
2013-09-11 12:00:00,1.32606,1.32597,1.32728,1.32631
2013-09-11 13:00:00,1.32634,1.32612,1.33006,1.32931
2013-09-11 14:00:00,1.32932,1.32848,1.33019,1.33006
2013-09-11 15:00:00,1.33005,1.32966,1.33135,1.33
2013-09-11 16:00:00,1.32998,1.32895,1.33008,1.33007
2013-09-11 17:00:00,1.33008,1.32988,1.33241,1.33146
2013-09-11 18:00:00,1.33147,1.33072,1.33155,1.33094
2013-09-11 19:00:00,1.33094,1.33076,1.33139,1.33137
2013-09-11 20:00:00,1.33138,1.33077,1.33154,1.33099
2013-09-11 21:00:00,1.33097,1.33063,1.33124,1.33101
2013-09-11 22:00:00,1.33102,1.33074,1.33114,1.33076
2013-09-11 23:00:00,1.33075,1.33067,1.33164,1.33129
2013-09-12 00:00:00,1.3313,1.33119,1.33224,1.33173
2013-09-12 01:00:00,1.33176,1.3308,1.33226,1.33156
2013-09-12 02:00:00,1.33156,1.33062,1.33187,1.33187
2013-09-12 03:00:00,1.33187,1.33162,1.33238,1.332
2013-09-12 04:00:00,1.33198,1.33087,1.33201,1.33138
2013-09-12 05:00:00,1.33137,1.33033,1.33148,1.33056
2013-09-12 06:00:00,1.33055,1.32984,1.33148,1.32997
2013-09-12 07:00:00,1.33,1.32977,1.33103,1.33029
2013-09-12 08:00:00,1.33029,1.32866,1.33105,1.32869
2013-09-12 09:00:00,1.32866,1.32825,1.32942,1.3287
2013-09-12 10:00:00,1.32869,1.3286,1.32961,1.32957
2013-09-12 11:00:00,1.32957,1.32864,1.3298,1.32946
2013-09-12 12:00:00,1.32946,1.32494,1.3295,1.32771
2013-09-12 13:00:00,1.32772,1.32662,1.3293,1.32883
2013-09-12 14:00:00,1.32883,1.32748,1.33242,1.33072
2013-09-12 15:00:00,1.33074,1.33067,1.33188,1.33138
2013-09-12 16:00:00,1.33138,1.33091,1.33231,1.33103
2013-09-12 17:00:00,1.33104,1.32955,1.33158,1.33024
2013-09-12 18:00:00,1.33025,1.32943,1.33049,1.33028
2013-09-12 19:00:00,1.33028,1.32964,1.33028,1.32968
2013-09-12 20:00:00,1.32969,1.32968,1.33015,1.32982
2013-09-12 21:00:00,1.32979,1.32951,1.33015,1.32987
2013-09-12 22:00:00,1.32987,1.32962,1.32996,1.32967
2013-09-12 23:00:00,1.32964,1.32957,1.3299,1.32978
2013-09-13 00:00:00,1.3298,1.32919,1.3298,1.32959
2013-09-13 01:00:00,1.32958,1.32745,1.32962,1.32795
2013-09-13 02:00:00,1.32795,1.32775,1.3282,1.32817
2013-09-13 03:00:00,1.32817,1.32814,1.32854,1.32831
2013-09-13 04:00:00,1.3283,1.3276,1.32834,1.32763
2013-09-13 05:00:00,1.32761,1.32637,1.32802,1.32695
2013-09-13 06:00:00,1.32695,1.32676,1.32827,1.32777
2013-09-13 07:00:00,1.32778,1.32768,1.32945,1.32923
2013-09-13 08:00:00,1.32924,1.32847,1.32956,1.3287
2013-09-13 09:00:00,1.32872,1.32838,1.32912,1.32901
2013-09-13 10:00:00,1.32901,1.32835,1.32945,1.3287
2013-09-13 11:00:00,1.3287,1.32789,1.32884,1.32807
2013-09-13 12:00:00,1.32808,1.32798,1.3321,1.33099
2013-09-13 13:00:00,1.33098,1.3259,1.33103,1.32742
2013-09-13 14:00:00,1.32743,1.32533,1.32756,1.32586
2013-09-13 15:00:00,1.32586,1.32569,1.32842,1.32749
2013-09-13 16:00:00,1.32748,1.32748,1.329,1.32882
2013-09-13 17:00:00,1.32881,1.32878,1.3305,1.33026
2013-09-13 18:00:00,1.33029,1.32997,1.33095,1.33065
2013-09-13 19:00:00,1.33066,1.32989,1.33071,1.33025
2013-09-13 20:00:00,1.33024,1.32917,1.3303,1.32919
2013-09-15 21:00:00,1.33478,1.33478,1.33771,1.33678
2013-09-15 22:00:00,1.33677,1.33539,1.33812,1.33703
2013-09-15 23:00:00,1.33704,1.33564,1.33746,1.33578
2013-09-16 00:00:00,1.33576,1.33545,1.33672,1.33658
2013-09-16 01:00:00,1.3366,1.33555,1.33682,1.33643
2013-09-16 02:00:00,1.33643,1.33635,1.33704,1.33637
2013-09-16 03:00:00,1.33639,1.33627,1.33691,1.33691
2013-09-16 04:00:00,1.33692,1.33603,1.33692,1.3364
2013-09-16 05:00:00,1.33641,1.33549,1.33642,1.33561
2013-09-16 06:00:00,1.33561,1.33551,1.33708,1.33669
2013-09-16 07:00:00,1.3367,1.33552,1.33738,1.33592
2013-09-16 08:00:00,1.33592,1.33458,1.33683,1.33477
2013-09-16 09:00:00,1.33476,1.33413,1.33544,1.33518
2013-09-16 10:00:00,1.33519,1.334,1.33555,1.33433
2013-09-16 11:00:00,1.33434,1.33432,1.33572,1.33534
2013-09-16 12:00:00,1.33535,1.33522,1.33853,1.33825
2013-09-16 13:00:00,1.33825,1.3363,1.33827,1.33643
2013-09-16 14:00:00,1.33642,1.33503,1.33692,1.33521
2013-09-16 15:00:00,1.33522,1.33451,1.33586,1.33485
2013-09-16 16:00:00,1.33487,1.33364,1.33548,1.33384
2013-09-16 17:00:00,1.33385,1.33366,1.33447,1.33439
2013-09-16 18:00:00,1.3344,1.33302,1.3348,1.33325
2013-09-16 19:00:00,1.33327,1.33295,1.33402,1.33362
2013-09-16 20:00:00,1.33365,1.33326,1.33385,1.33329
2013-09-16 21:00:00,1.3333,1.33296,1.33391,1.33341
2013-09-16 22:00:00,1.33341,1.33325,1.33365,1.33356
2013-09-16 23:00:00,1.33357,1.33327,1.33363,1.33348
2013-09-17 00:00:00,1.33347,1.33269,1.33353,1.33309
2013-09-17 01:00:00,1.3331,1.3328,1.33338,1.33308
2013-09-17 02:00:00,1.33308,1.33246,1.33355,1.33271
2013-09-17 03:00:00,1.33271,1.3327,1.3336,1.33332
2013-09-17 04:00:00,1.3333,1.33286,1.33339,1.33322
2013-09-17 05:00:00,1.3332,1.33305,1.33428,1.33425
2013-09-17 06:00:00,1.33424,1.33401,1.33553,1.33529
2013-09-17 07:00:00,1.3353,1.33477,1.33573,1.33492
2013-09-17 08:00:00,1.33494,1.33429,1.33562,1.33495
2013-09-17 09:00:00,1.335,1.33466,1.3366,1.33599
2013-09-17 10:00:00,1.33598,1.33563,1.33647,1.33576
2013-09-17 11:00:00,1.33576,1.33497,1.33625,1.33527
2013-09-17 12:00:00,1.33526,1.33525,1.33689,1.33608
2013-09-17 13:00:00,1.3361,1.33447,1.33617,1.33504
2013-09-17 14:00:00,1.33504,1.33367,1.33524,1.33473
2013-09-17 15:00:00,1.33473,1.33465,1.33583,1.33549
2013-09-17 16:00:00,1.33549,1.33525,1.33569,1.33539
2013-09-17 17:00:00,1.33539,1.33538,1.33607,1.336
2013-09-17 18:00:00,1.336,1.33527,1.33605,1.33571
2013-09-17 19:00:00,1.33568,1.33524,1.3359,1.3359
2013-09-17 20:00:00,1.3359,1.33545,1.33594,1.33574
2013-09-17 21:00:00,1.33563,1.33534,1.33586,1.33569
2013-09-17 22:00:00,1.3357,1.33556,1.33577,1.3356
2013-09-17 23:00:00,1.3356,1.33545,1.33566,1.3356
2013-09-18 00:00:00,1.3356,1.3346,1.33561,1.33491
2013-09-18 01:00:00,1.33491,1.33466,1.33505,1.33479
2013-09-18 02:00:00,1.33477,1.33472,1.33514,1.33513
2013-09-18 03:00:00,1.33512,1.33493,1.33536,1.33514
2013-09-18 04:00:00,1.33516,1.33512,1.3359,1.33585
2013-09-18 05:00:00,1.33586,1.33577,1.33634,1.33578
2013-09-18 06:00:00,1.33577,1.33542,1.33624,1.33568
2013-09-18 07:00:00,1.33568,1.33482,1.33605,1.33503
2013-09-18 08:00:00,1.33504,1.33439,1.33586,1.33498
2013-09-18 09:00:00,1.335,1.3349,1.33586,1.33552
2013-09-18 10:00:00,1.33552,1.33458,1.33563,1.33511
2013-09-18 11:00:00,1.33513,1.33493,1.33545,1.33529
2013-09-18 12:00:00,1.33531,1.33428,1.33549,1.33464
2013-09-18 13:00:00,1.33464,1.33407,1.33488,1.33472
2013-09-18 14:00:00,1.33472,1.33378,1.33525,1.33456
2013-09-18 15:00:00,1.33455,1.33435,1.33579,1.33492
2013-09-18 16:00:00,1.33494,1.33486,1.3359,1.33575
2013-09-18 17:00:00,1.33575,1.3357,1.33827,1.33705
2013-09-18 18:00:00,1.33704,1.33693,1.35097,1.35073
2013-09-18 19:00:00,1.35076,1.34908,1.35112,1.3506
2013-09-18 20:00:00,1.35059,1.35036,1.3541,1.35205
2013-09-18 21:00:00,1.35195,1.35056,1.35215,1.35077
2013-09-18 22:00:00,1.35075,1.35001,1.35117,1.35088
2013-09-18 23:00:00,1.35087,1.3508,1.35339,1.35232
2013-09-19 00:00:00,1.35229,1.35167,1.35311,1.35241
2013-09-19 01:00:00,1.35241,1.35128,1.35266,1.35249
2013-09-19 02:00:00,1.3525,1.35228,1.35333,1.35273
2013-09-19 03:00:00,1.35272,1.35224,1.35325,1.35302
2013-09-19 04:00:00,1.35303,1.35237,1.35325,1.3529
2013-09-19 05:00:00,1.35291,1.3529,1.35354,1.35309
2013-09-19 06:00:00,1.35311,1.3523,1.35407,1.3533
2013-09-19 07:00:00,1.35332,1.35277,1.35511,1.35507
2013-09-19 08:00:00,1.35507,1.35452,1.35681,1.35551
2013-09-19 09:00:00,1.35551,1.35456,1.35651,1.35501
2013-09-19 10:00:00,1.35503,1.35491,1.35616,1.35494
2013-09-19 11:00:00,1.35496,1.35414,1.35576,1.3544
2013-09-19 12:00:00,1.35439,1.35182,1.35504,1.35406
2013-09-19 13:00:00,1.35407,1.35406,1.35562,1.35457
2013-09-19 14:00:00,1.35459,1.35316,1.3562,1.35413
2013-09-19 15:00:00,1.35415,1.35191,1.35444,1.35256
2013-09-19 16:00:00,1.35256,1.35088,1.35288,1.35146
2013-09-19 17:00:00,1.35145,1.3514,1.35339,1.35305
2013-09-19 18:00:00,1.35305,1.35206,1.35349,1.35264
2013-09-19 19:00:00,1.35265,1.35248,1.3535,1.35253
2013-09-19 20:00:00,1.35255,1.35252,1.35324,1.35281
2013-09-19 21:00:00,1.35286,1.3526,1.35332,1.35282
2013-09-19 22:00:00,1.35282,1.3527,1.35346,1.35288
2013-09-19 23:00:00,1.35288,1.35283,1.35345,1.3533
2013-09-20 00:00:00,1.35328,1.35315,1.3537,1.35351
2013-09-20 01:00:00,1.35354,1.35298,1.3536,1.35336
2013-09-20 02:00:00,1.35336,1.35332,1.35371,1.35366
2013-09-20 03:00:00,1.35365,1.35343,1.3539,1.35381
2013-09-20 04:00:00,1.35381,1.35338,1.35385,1.35347
2013-09-20 05:00:00,1.35343,1.35294,1.35366,1.35335
2013-09-20 06:00:00,1.35335,1.35264,1.35412,1.35323
2013-09-20 07:00:00,1.35323,1.35286,1.35376,1.35355
2013-09-20 08:00:00,1.35355,1.35175,1.35357,1.35281
2013-09-20 09:00:00,1.3528,1.35152,1.35283,1.35196
2013-09-20 10:00:00,1.35197,1.35197,1.35481,1.35364
2013-09-20 11:00:00,1.35363,1.3514,1.35449,1.35142
2013-09-20 12:00:00,1.35143,1.35068,1.35341,1.35251
2013-09-20 13:00:00,1.35251,1.35188,1.35373,1.35272
2013-09-20 14:00:00,1.35271,1.34974,1.35308,1.35095
2013-09-20 15:00:00,1.35094,1.35081,1.35252,1.3522
2013-09-20 16:00:00,1.35223,1.35189,1.353,1.35261
2013-09-20 17:00:00,1.3526,1.35248,1.35363,1.35347
2013-09-20 18:00:00,1.35346,1.35197,1.35352,1.352
2013-09-20 19:00:00,1.35201,1.35158,1.35254,1.35228
2013-09-20 20:00:00,1.35228,1.35178,1.35263,1.35211
2013-09-22 21:00:00,1.35455,1.35217,1.35457,1.35296
2013-09-22 22:00:00,1.35298,1.35256,1.35324,1.35268
2013-09-22 23:00:00,1.35268,1.35263,1.35332,1.35327
2013-09-23 00:00:00,1.35328,1.3531,1.35357,1.3533
2013-09-23 01:00:00,1.3533,1.35237,1.35363,1.35246
2013-09-23 02:00:00,1.35248,1.35196,1.35273,1.35208
2013-09-23 03:00:00,1.35208,1.35203,1.35297,1.35256
2013-09-23 04:00:00,1.35258,1.35236,1.35261,1.35254
2013-09-23 05:00:00,1.35254,1.35249,1.35349,1.35348
2013-09-23 06:00:00,1.35351,1.3529,1.3544,1.35369
2013-09-23 07:00:00,1.35371,1.35078,1.3542,1.35089
2013-09-23 08:00:00,1.35087,1.35084,1.3524,1.3523
2013-09-23 09:00:00,1.35229,1.35006,1.35236,1.35122
2013-09-23 10:00:00,1.35123,1.35031,1.35171,1.35129
2013-09-23 11:00:00,1.35129,1.35005,1.35162,1.35007
2013-09-23 12:00:00,1.35005,1.34988,1.35249,1.3507
2013-09-23 13:00:00,1.35068,1.34897,1.35145,1.34985
2013-09-23 14:00:00,1.34984,1.3479,1.35062,1.34919
2013-09-23 15:00:00,1.34919,1.3486,1.34982,1.34918
2013-09-23 16:00:00,1.34916,1.34914,1.3514,1.35138
2013-09-23 17:00:00,1.3514,1.3497,1.3514,1.35011
2013-09-23 18:00:00,1.35009,1.3493,1.35035,1.3495
2013-09-23 19:00:00,1.3495,1.3492,1.35019,1.34937
2013-09-23 20:00:00,1.34938,1.34894,1.34961,1.34923
2013-09-23 21:00:00,1.3492,1.34903,1.34939,1.34924
2013-09-23 22:00:00,1.34923,1.34905,1.34949,1.3493
2013-09-23 23:00:00,1.34931,1.34927,1.3498,1.34962
2013-09-24 00:00:00,1.34959,1.34902,1.34969,1.34934
2013-09-24 01:00:00,1.34935,1.34903,1.34966,1.34912
2013-09-24 02:00:00,1.34909,1.34884,1.34949,1.34933
2013-09-24 03:00:00,1.34934,1.34921,1.34946,1.34935
2013-09-24 04:00:00,1.34937,1.34918,1.34939,1.34927
2013-09-24 05:00:00,1.34926,1.34913,1.34973,1.34965
2013-09-24 06:00:00,1.34966,1.34963,1.35062,1.34986
2013-09-24 07:00:00,1.34989,1.34983,1.35182,1.35106
2013-09-24 08:00:00,1.35107,1.34905,1.35149,1.34933
2013-09-24 09:00:00,1.34933,1.34822,1.34969,1.34823
2013-09-24 10:00:00,1.34821,1.34742,1.34891,1.3482
2013-09-24 11:00:00,1.34823,1.34783,1.34893,1.34844
2013-09-24 12:00:00,1.34845,1.3464,1.34846,1.34709
2013-09-24 13:00:00,1.34709,1.34693,1.34911,1.34861
2013-09-24 14:00:00,1.34863,1.34697,1.34942,1.34915
2013-09-24 15:00:00,1.34914,1.34831,1.34957,1.34879
2013-09-24 16:00:00,1.34877,1.34838,1.3495,1.34929
2013-09-24 17:00:00,1.34927,1.34815,1.3494,1.3482
2013-09-24 18:00:00,1.34821,1.34742,1.34851,1.34761
2013-09-24 19:00:00,1.34759,1.34713,1.348,1.34722
2013-09-24 20:00:00,1.34724,1.34686,1.34749,1.34727
2013-09-24 21:00:00,1.34726,1.34687,1.34728,1.34692
2013-09-24 22:00:00,1.34695,1.34689,1.34729,1.34716
2013-09-24 23:00:00,1.34716,1.34689,1.34729,1.34727
2013-09-25 00:00:00,1.34725,1.34691,1.34742,1.34733
2013-09-25 01:00:00,1.3473,1.34726,1.34804,1.3479
2013-09-25 02:00:00,1.34789,1.34731,1.34793,1.3476
2013-09-25 03:00:00,1.34759,1.34611,1.34761,1.34661
2013-09-25 04:00:00,1.34663,1.3464,1.3468,1.3468
2013-09-25 05:00:00,1.34683,1.34662,1.34732,1.34716
2013-09-25 06:00:00,1.34714,1.34661,1.34755,1.34712
2013-09-25 07:00:00,1.34712,1.34695,1.34866,1.34843
2013-09-25 08:00:00,1.34846,1.34846,1.34976,1.34965
2013-09-25 09:00:00,1.34966,1.34937,1.35146,1.35091
2013-09-25 10:00:00,1.35094,1.35002,1.35148,1.35079
2013-09-25 11:00:00,1.35081,1.35047,1.35191,1.35104
2013-09-25 12:00:00,1.35103,1.34968,1.35142,1.35047
2013-09-25 13:00:00,1.3505,1.34941,1.35077,1.34998
2013-09-25 14:00:00,1.35001,1.34977,1.3514,1.35066
2013-09-25 15:00:00,1.35065,1.35062,1.35369,1.35346
2013-09-25 16:00:00,1.35346,1.35228,1.35349,1.35278
2013-09-25 17:00:00,1.35281,1.35221,1.35309,1.35247
2013-09-25 18:00:00,1.35245,1.35193,1.35246,1.3522
2013-09-25 19:00:00,1.3522,1.35206,1.35319,1.35272
2013-09-25 20:00:00,1.35271,1.3523,1.35292,1.35249
2013-09-25 21:00:00,1.35249,1.35185,1.35284,1.35213
2013-09-25 22:00:00,1.35213,1.35179,1.35223,1.35196
2013-09-25 23:00:00,1.35197,1.35117,1.35205,1.35165
2013-09-26 00:00:00,1.35165,1.35136,1.3525,1.35209
2013-09-26 01:00:00,1.35207,1.35128,1.35225,1.35157
2013-09-26 02:00:00,1.35158,1.3511,1.35181,1.35174
2013-09-26 03:00:00,1.35174,1.35163,1.35239,1.35226
2013-09-26 04:00:00,1.35227,1.35205,1.35253,1.35231
2013-09-26 05:00:00,1.35229,1.3517,1.35238,1.35231
2013-09-26 06:00:00,1.35232,1.35131,1.35243,1.35183
2013-09-26 07:00:00,1.35185,1.35149,1.35259,1.35181
2013-09-26 08:00:00,1.35179,1.3503,1.35181,1.35132
2013-09-26 09:00:00,1.35133,1.34847,1.35147,1.34909
2013-09-26 10:00:00,1.34907,1.34898,1.35092,1.35038
2013-09-26 11:00:00,1.3504,1.34933,1.35048,1.34976
2013-09-26 12:00:00,1.34978,1.34878,1.35051,1.35034
2013-09-26 13:00:00,1.35033,1.34911,1.35045,1.35003
2013-09-26 14:00:00,1.35004,1.34791,1.35108,1.34805
2013-09-26 15:00:00,1.34806,1.34745,1.34925,1.34831
2013-09-26 16:00:00,1.34829,1.34719,1.34841,1.34722
2013-09-26 17:00:00,1.34721,1.34713,1.34839,1.3478
2013-09-26 18:00:00,1.3478,1.34753,1.34873,1.34869
2013-09-26 19:00:00,1.34871,1.34792,1.34885,1.3484
2013-09-26 20:00:00,1.34841,1.34812,1.34889,1.34874
2013-09-26 21:00:00,1.34878,1.34775,1.34879,1.34858
2013-09-26 22:00:00,1.34859,1.34851,1.34902,1.3486
2013-09-26 23:00:00,1.34858,1.34848,1.34899,1.34868
2013-09-27 00:00:00,1.3487,1.34828,1.34888,1.3485
2013-09-27 01:00:00,1.34848,1.34735,1.34881,1.34746
2013-09-27 02:00:00,1.34744,1.34742,1.34852,1.34832
2013-09-27 03:00:00,1.34833,1.34771,1.34852,1.34793
2013-09-27 04:00:00,1.34792,1.34791,1.34881,1.34863
2013-09-27 05:00:00,1.34864,1.34852,1.34937,1.34926
2013-09-27 06:00:00,1.34923,1.34899,1.35016,1.34937
2013-09-27 07:00:00,1.34938,1.34888,1.34999,1.34949
2013-09-27 08:00:00,1.34951,1.34951,1.35075,1.35046
2013-09-27 09:00:00,1.35049,1.34913,1.35105,1.34913
2013-09-27 10:00:00,1.34911,1.34899,1.35072,1.35042
2013-09-27 11:00:00,1.35042,1.35035,1.35417,1.35339
2013-09-27 12:00:00,1.35339,1.35334,1.35553,1.35439
2013-09-27 13:00:00,1.35439,1.35412,1.35566,1.3549
2013-09-27 14:00:00,1.35491,1.35395,1.3564,1.35402
2013-09-27 15:00:00,1.35404,1.35345,1.35434,1.35362
2013-09-27 16:00:00,1.35361,1.35173,1.35363,1.35221
2013-09-27 17:00:00,1.35222,1.35148,1.35262,1.35203
2013-09-27 18:00:00,1.35202,1.35148,1.35227,1.35168
2013-09-27 19:00:00,1.3517,1.35125,1.35221,1.35213
2013-09-27 20:00:00,1.3521,1.35186,1.35227,1.35199
2013-09-29 21:00:00,1.34879,1.34733,1.34962,1.34798
2013-09-29 22:00:00,1.34799,1.34783,1.34953,1.34922
2013-09-29 23:00:00,1.34921,1.34882,1.34947,1.34939
2013-09-30 00:00:00,1.3494,1.34886,1.34982,1.34933
2013-09-30 01:00:00,1.34933,1.3492,1.34997,1.3494
2013-09-30 02:00:00,1.34942,1.34928,1.35013,1.34987
2013-09-30 03:00:00,1.34987,1.34984,1.35042,1.35027
2013-09-30 04:00:00,1.35026,1.34987,1.35061,1.34998
2013-09-30 05:00:00,1.34996,1.34917,1.3503,1.34918
2013-09-30 06:00:00,1.34919,1.34771,1.34958,1.34809
2013-09-30 07:00:00,1.3481,1.3481,1.3503,1.34988
2013-09-30 08:00:00,1.34989,1.34976,1.35112,1.35008
2013-09-30 09:00:00,1.35009,1.34919,1.35051,1.3492
2013-09-30 10:00:00,1.34919,1.34913,1.35028,1.34985
2013-09-30 11:00:00,1.34985,1.34909,1.35007,1.34941
2013-09-30 12:00:00,1.3494,1.34939,1.35508,1.35492
2013-09-30 13:00:00,1.35493,1.35301,1.35556,1.35308
2013-09-30 14:00:00,1.35307,1.35192,1.35446,1.3535
2013-09-30 15:00:00,1.35352,1.35295,1.35381,1.35334
2013-09-30 16:00:00,1.35334,1.35262,1.3542,1.35308
2013-09-30 17:00:00,1.35307,1.35249,1.35382,1.35264
2013-09-30 18:00:00,1.35265,1.35202,1.35308,1.35238
2013-09-30 19:00:00,1.35236,1.35206,1.35293,1.35272
2013-09-30 20:00:00,1.35274,1.35211,1.35291,1.35242
2013-09-30 21:00:00,1.35244,1.3521,1.35278,1.35213
2013-09-30 22:00:00,1.35211,1.35208,1.35257,1.35215
2013-09-30 23:00:00,1.35215,1.35168,1.35234,1.35229
2013-10-01 00:00:00,1.35229,1.35179,1.35253,1.35179
2013-10-01 01:00:00,1.35179,1.35179,1.35225,1.35189
2013-10-01 02:00:00,1.3519,1.3518,1.35322,1.35276
2013-10-01 03:00:00,1.35275,1.35269,1.35388,1.3534
2013-10-01 04:00:00,1.35342,1.3531,1.35517,1.3545
2013-10-01 05:00:00,1.3545,1.35381,1.35493,1.3541
2013-10-01 06:00:00,1.35408,1.35382,1.35876,1.35835
2013-10-01 07:00:00,1.35837,1.3562,1.35866,1.35668
2013-10-01 08:00:00,1.3567,1.35439,1.35714,1.35474
2013-10-01 09:00:00,1.35472,1.35379,1.35583,1.35429
2013-10-01 10:00:00,1.35428,1.3536,1.3551,1.3545
2013-10-01 11:00:00,1.35451,1.35344,1.35467,1.35437
2013-10-01 12:00:00,1.35436,1.35402,1.35565,1.35489
2013-10-01 13:00:00,1.35487,1.35334,1.35635,1.35342
2013-10-01 14:00:00,1.35345,1.35124,1.35485,1.35247
2013-10-01 15:00:00,1.3525,1.35242,1.35436,1.35336
2013-10-01 16:00:00,1.35338,1.35163,1.35342,1.35244
2013-10-01 17:00:00,1.35247,1.35245,1.35346,1.35287
2013-10-01 18:00:00,1.35284,1.35237,1.3536,1.35295
2013-10-01 19:00:00,1.35297,1.35281,1.3536,1.35337
2013-10-01 20:00:00,1.35337,1.35245,1.35337,1.35251
2013-10-01 21:00:00,1.35251,1.35191,1.35279,1.35234
2013-10-01 22:00:00,1.35236,1.35205,1.35259,1.35239
2013-10-01 23:00:00,1.3524,1.35156,1.3524,1.35221
2013-10-02 00:00:00,1.35219,1.3507,1.35235,1.35101
2013-10-02 01:00:00,1.35103,1.35072,1.3516,1.35098
2013-10-02 02:00:00,1.351,1.35093,1.35216,1.3521
2013-10-02 03:00:00,1.35212,1.35181,1.35231,1.35197
2013-10-02 04:00:00,1.35195,1.35168,1.35226,1.35206
2013-10-02 05:00:00,1.35207,1.35203,1.3525,1.35221
2013-10-02 06:00:00,1.35219,1.3516,1.3524,1.35178
2013-10-02 07:00:00,1.35178,1.3507,1.35283,1.35277
2013-10-02 08:00:00,1.35278,1.35275,1.35391,1.3529
2013-10-02 09:00:00,1.35291,1.35236,1.35372,1.35304
2013-10-02 10:00:00,1.35305,1.35169,1.35327,1.35189
2013-10-02 11:00:00,1.35188,1.35098,1.35289,1.35186
2013-10-02 12:00:00,1.35189,1.35037,1.35829,1.3581
2013-10-02 13:00:00,1.35808,1.3577,1.36066,1.35873
2013-10-02 14:00:00,1.35874,1.35809,1.35934,1.35882
2013-10-02 15:00:00,1.35881,1.35859,1.36001,1.35918
2013-10-02 16:00:00,1.35921,1.35784,1.35965,1.35824
2013-10-02 17:00:00,1.35824,1.35759,1.35879,1.35818
2013-10-02 18:00:00,1.35815,1.35783,1.35884,1.35813
2013-10-02 19:00:00,1.3581,1.35802,1.3588,1.35864
2013-10-02 20:00:00,1.35861,1.35761,1.35889,1.3577
2013-10-02 21:00:00,1.3577,1.3573,1.35824,1.35807
2013-10-02 22:00:00,1.35807,1.3577,1.35817,1.35801
2013-10-02 23:00:00,1.35801,1.35772,1.35897,1.35893
2013-10-03 00:00:00,1.35894,1.358,1.35894,1.35827
2013-10-03 01:00:00,1.35825,1.35802,1.35975,1.35971
2013-10-03 02:00:00,1.35969,1.35969,1.36229,1.36033
2013-10-03 03:00:00,1.36034,1.36018,1.36098,1.36047
2013-10-03 04:00:00,1.36047,1.36045,1.3609,1.36067
2013-10-03 05:00:00,1.36068,1.35985,1.36068,1.36011
2013-10-03 06:00:00,1.36009,1.35959,1.36083,1.36026
2013-10-03 07:00:00,1.36029,1.35883,1.36079,1.3606
2013-10-03 08:00:00,1.36061,1.35942,1.36078,1.36042
2013-10-03 09:00:00,1.36044,1.36036,1.36152,1.36045
2013-10-03 10:00:00,1.36044,1.35985,1.36087,1.35987
2013-10-03 11:00:00,1.35987,1.35978,1.36069,1.36017
2013-10-03 12:00:00,1.36016,1.35919,1.3613,1.35983
2013-10-03 13:00:00,1.35983,1.35859,1.36047,1.3601
2013-10-03 14:00:00,1.3601,1.35974,1.3627,1.3623
2013-10-03 15:00:00,1.36229,1.36126,1.36458,1.36402
2013-10-03 16:00:00,1.364,1.36214,1.36423,1.36234
2013-10-03 17:00:00,1.36237,1.36164,1.36264,1.36174
2013-10-03 18:00:00,1.36176,1.36158,1.36302,1.36203
2013-10-03 19:00:00,1.36203,1.36159,1.36225,1.36225
2013-10-03 20:00:00,1.36225,1.36172,1.36225,1.36175
2013-10-03 21:00:00,1.36173,1.36092,1.36222,1.36207
2013-10-03 22:00:00,1.3621,1.36195,1.36277,1.36273
2013-10-03 23:00:00,1.36272,1.36201,1.36292,1.36223
2013-10-04 00:00:00,1.36224,1.36186,1.36285,1.36275
2013-10-04 01:00:00,1.36277,1.36233,1.36293,1.36255
2013-10-04 02:00:00,1.36252,1.36241,1.36312,1.36274
2013-10-04 03:00:00,1.36273,1.362,1.36288,1.36216
2013-10-04 04:00:00,1.36218,1.36215,1.36264,1.36245
2013-10-04 05:00:00,1.36245,1.36223,1.36287,1.36271
2013-10-04 06:00:00,1.36273,1.36208,1.36296,1.36213
2013-10-04 07:00:00,1.36212,1.36123,1.36283,1.36179
2013-10-04 08:00:00,1.36177,1.36096,1.36231,1.36097
2013-10-04 09:00:00,1.36097,1.35942,1.36142,1.35987
2013-10-04 10:00:00,1.35987,1.35899,1.36001,1.35947
2013-10-04 11:00:00,1.35946,1.35824,1.35999,1.35851
2013-10-04 12:00:00,1.35851,1.35798,1.35967,1.35835
2013-10-04 13:00:00,1.35834,1.35788,1.3592,1.3584
2013-10-04 14:00:00,1.35838,1.35797,1.35976,1.35958
2013-10-04 15:00:00,1.35958,1.3581,1.36062,1.35824
2013-10-04 16:00:00,1.35825,1.35376,1.35855,1.35518
2013-10-04 17:00:00,1.35517,1.35455,1.35551,1.35489
2013-10-04 18:00:00,1.35491,1.35475,1.35604,1.35564
2013-10-04 19:00:00,1.35564,1.35496,1.35597,1.35526
2013-10-04 20:00:00,1.35526,1.35458,1.35564,1.35537
2013-10-06 21:00:00,1.35621,1.35585,1.35645,1.35611
2013-10-06 22:00:00,1.3561,1.35596,1.35705,1.35696
2013-10-06 23:00:00,1.35697,1.3565,1.35706,1.35678
2013-10-07 00:00:00,1.35678,1.35625,1.35684,1.35631
2013-10-07 01:00:00,1.3563,1.35603,1.35736,1.3573
2013-10-07 02:00:00,1.35729,1.35666,1.35732,1.35681
2013-10-07 03:00:00,1.35682,1.35621,1.35694,1.35635
2013-10-07 04:00:00,1.35634,1.35617,1.35667,1.35632
2013-10-07 05:00:00,1.35632,1.35632,1.35702,1.35694
2013-10-07 06:00:00,1.35695,1.35668,1.35758,1.35749
2013-10-07 07:00:00,1.35748,1.35684,1.35812,1.35792
2013-10-07 08:00:00,1.35792,1.35773,1.35905,1.35877
2013-10-07 09:00:00,1.35878,1.35732,1.3589,1.35732
2013-10-07 10:00:00,1.35732,1.35706,1.35778,1.35756
2013-10-07 11:00:00,1.35756,1.35644,1.35814,1.35664
2013-10-07 12:00:00,1.35663,1.35595,1.35732,1.35675
2013-10-07 13:00:00,1.35675,1.356,1.35731,1.35641
2013-10-07 14:00:00,1.35643,1.35421,1.35719,1.35705
2013-10-07 15:00:00,1.35704,1.35672,1.35847,1.35683
2013-10-07 16:00:00,1.35683,1.35677,1.35778,1.35744
2013-10-07 17:00:00,1.35743,1.35734,1.35837,1.35774
2013-10-07 18:00:00,1.35773,1.35752,1.35802,1.35763
2013-10-07 19:00:00,1.35764,1.35739,1.35783,1.35771
2013-10-07 20:00:00,1.35769,1.35747,1.35812,1.35795
2013-10-07 21:00:00,1.35798,1.35716,1.35798,1.35756
2013-10-07 22:00:00,1.35757,1.35748,1.35792,1.35754
2013-10-07 23:00:00,1.35753,1.35753,1.35807,1.35803
2013-10-08 00:00:00,1.35803,1.35738,1.35811,1.35741
2013-10-08 01:00:00,1.35742,1.35669,1.35766,1.35674
2013-10-08 02:00:00,1.35677,1.35652,1.35695,1.35678
2013-10-08 03:00:00,1.35677,1.35591,1.3568,1.35622
2013-10-08 04:00:00,1.35624,1.35568,1.35632,1.35622
2013-10-08 05:00:00,1.35623,1.35599,1.35701,1.3564
2013-10-08 06:00:00,1.35639,1.35606,1.35746,1.35646
2013-10-08 07:00:00,1.35649,1.35641,1.35737,1.35702
2013-10-08 08:00:00,1.35702,1.35585,1.35718,1.35703
2013-10-08 09:00:00,1.35701,1.35659,1.35792,1.35753
2013-10-08 10:00:00,1.35751,1.35659,1.35762,1.35712
2013-10-08 11:00:00,1.3571,1.35691,1.35788,1.35712
2013-10-08 12:00:00,1.35715,1.35681,1.35868,1.35835
2013-10-08 13:00:00,1.35835,1.35741,1.3601,1.3593
2013-10-08 14:00:00,1.35929,1.35862,1.36066,1.35963
2013-10-08 15:00:00,1.35964,1.35798,1.35973,1.35804
2013-10-08 16:00:00,1.35804,1.35717,1.35805,1.35736
2013-10-08 17:00:00,1.35735,1.35719,1.35787,1.35729
2013-10-08 18:00:00,1.35729,1.35634,1.35753,1.35651
2013-10-08 19:00:00,1.35651,1.35644,1.3576,1.35732
2013-10-08 20:00:00,1.3573,1.35701,1.35781,1.35718
2013-10-08 21:00:00,1.35718,1.35705,1.35731,1.3572
2013-10-08 22:00:00,1.35719,1.35707,1.3591,1.35901
2013-10-08 23:00:00,1.35904,1.35887,1.3604,1.35983
2013-10-09 00:00:00,1.35985,1.35728,1.36,1.35776
2013-10-09 01:00:00,1.35777,1.35627,1.35797,1.35695
2013-10-09 02:00:00,1.35695,1.35616,1.35698,1.35648
2013-10-09 03:00:00,1.35648,1.35624,1.35678,1.35655
2013-10-09 04:00:00,1.35657,1.35639,1.35687,1.35665
2013-10-09 05:00:00,1.35666,1.35611,1.35677,1.35625
2013-10-09 06:00:00,1.35624,1.35447,1.35637,1.35478
2013-10-09 07:00:00,1.35476,1.35207,1.3549,1.35272
2013-10-09 08:00:00,1.3527,1.35181,1.35299,1.35234
2013-10-09 09:00:00,1.35233,1.35156,1.35294,1.35268
2013-10-09 10:00:00,1.35267,1.35177,1.35362,1.35196
2013-10-09 11:00:00,1.35195,1.35075,1.35199,1.35105
2013-10-09 12:00:00,1.35104,1.35027,1.35188,1.35132
2013-10-09 13:00:00,1.3513,1.34994,1.35138,1.35052
2013-10-09 14:00:00,1.35053,1.35019,1.35171,1.35158
2013-10-09 15:00:00,1.35157,1.351,1.3519,1.35117
2013-10-09 16:00:00,1.35117,1.35049,1.35155,1.35108
2013-10-09 17:00:00,1.35111,1.35086,1.35174,1.35122
2013-10-09 18:00:00,1.35122,1.34847,1.35239,1.35192
2013-10-09 19:00:00,1.35191,1.35164,1.35274,1.35222
2013-10-09 20:00:00,1.35225,1.35171,1.35241,1.35227
2013-10-09 21:00:00,1.35226,1.35177,1.35259,1.35224
2013-10-09 22:00:00,1.35224,1.35181,1.35271,1.35205
2013-10-09 23:00:00,1.35205,1.35149,1.35219,1.35176
2013-10-10 00:00:00,1.35179,1.35067,1.35233,1.35078
2013-10-10 01:00:00,1.3508,1.34979,1.35101,1.35085
2013-10-10 02:00:00,1.35082,1.34895,1.35088,1.34902
2013-10-10 03:00:00,1.34904,1.34904,1.35013,1.34994
2013-10-10 04:00:00,1.34991,1.34905,1.35017,1.34924
2013-10-10 05:00:00,1.34921,1.3487,1.35047,1.35025
2013-10-10 06:00:00,1.35024,1.34915,1.35064,1.35061
2013-10-10 07:00:00,1.3506,1.34934,1.35063,1.34983
2013-10-10 08:00:00,1.34982,1.34944,1.35283,1.35271
2013-10-10 09:00:00,1.35269,1.35211,1.35322,1.35222
2013-10-10 10:00:00,1.35221,1.35192,1.35321,1.35264
2013-10-10 11:00:00,1.35265,1.35263,1.35427,1.35356
2013-10-10 12:00:00,1.35357,1.35109,1.35422,1.35139
2013-10-10 13:00:00,1.35137,1.35044,1.35191,1.35168
2013-10-10 14:00:00,1.3517,1.35105,1.35261,1.35219
2013-10-10 15:00:00,1.35216,1.35192,1.35442,1.35339
2013-10-10 16:00:00,1.35339,1.35183,1.35446,1.35216
2013-10-10 17:00:00,1.35217,1.35171,1.35303,1.35268
2013-10-10 18:00:00,1.35266,1.35253,1.35378,1.35349
2013-10-10 19:00:00,1.35347,1.35209,1.35347,1.35211
2013-10-10 20:00:00,1.35213,1.35163,1.3525,1.35183
2013-10-10 21:00:00,1.35177,1.35105,1.35254,1.35248
2013-10-10 22:00:00,1.35245,1.35208,1.35316,1.35272
2013-10-10 23:00:00,1.35272,1.3522,1.35291,1.3526
2013-10-11 00:00:00,1.35258,1.35192,1.35265,1.35262
2013-10-11 01:00:00,1.35263,1.35188,1.35343,1.35329
2013-10-11 02:00:00,1.35331,1.35286,1.35381,1.35359
2013-10-11 03:00:00,1.35361,1.3536,1.35434,1.3538
2013-10-11 04:00:00,1.35382,1.35318,1.35391,1.35319
2013-10-11 05:00:00,1.35317,1.35317,1.35387,1.35358
2013-10-11 06:00:00,1.35357,1.35297,1.3542,1.35358
2013-10-11 07:00:00,1.3536,1.35319,1.35634,1.35589
2013-10-11 08:00:00,1.3559,1.35544,1.35683,1.35667
2013-10-11 09:00:00,1.35666,1.35638,1.3579,1.35756
2013-10-11 10:00:00,1.35755,1.35663,1.35811,1.3567
2013-10-11 11:00:00,1.35672,1.35644,1.357,1.35683
2013-10-11 12:00:00,1.35685,1.35588,1.35696,1.35602
2013-10-11 13:00:00,1.35604,1.35498,1.35657,1.35529
2013-10-11 14:00:00,1.35531,1.35496,1.35652,1.35621
2013-10-11 15:00:00,1.35622,1.35534,1.35747,1.35583
2013-10-11 16:00:00,1.35583,1.35227,1.35603,1.35385
2013-10-11 17:00:00,1.35382,1.3529,1.35442,1.35432
2013-10-11 18:00:00,1.35433,1.35412,1.35551,1.35531
2013-10-11 19:00:00,1.35529,1.35476,1.35534,1.35504
2013-10-11 20:00:00,1.35502,1.35335,1.35515,1.35349
2013-10-13 21:00:00,1.35568,1.35533,1.35617,1.35585
2013-10-13 22:00:00,1.35585,1.35464,1.35585,1.35556
2013-10-13 23:00:00,1.35555,1.35509,1.35565,1.35548
2013-10-14 00:00:00,1.35548,1.35531,1.35577,1.35532
2013-10-14 01:00:00,1.35529,1.35507,1.35628,1.35619
2013-10-14 02:00:00,1.35618,1.35597,1.35651,1.35636
2013-10-14 03:00:00,1.35636,1.3561,1.35646,1.35623
2013-10-14 04:00:00,1.35624,1.35618,1.35656,1.35639
2013-10-14 05:00:00,1.35637,1.35629,1.35685,1.35662
2013-10-14 06:00:00,1.35661,1.35601,1.3568,1.35653
2013-10-14 07:00:00,1.35652,1.35595,1.35658,1.3562
2013-10-14 08:00:00,1.35621,1.35448,1.35628,1.35526
2013-10-14 09:00:00,1.35523,1.35507,1.35625,1.35588
2013-10-14 10:00:00,1.35589,1.35557,1.35664,1.35593
2013-10-14 11:00:00,1.35591,1.35577,1.35661,1.35584
2013-10-14 12:00:00,1.35586,1.35586,1.35973,1.35864
2013-10-14 13:00:00,1.35867,1.35809,1.35911,1.35839
2013-10-14 14:00:00,1.35841,1.35828,1.35939,1.35856
2013-10-14 15:00:00,1.35856,1.35758,1.35856,1.35812
2013-10-14 16:00:00,1.35814,1.35747,1.35852,1.35748
2013-10-14 17:00:00,1.35748,1.35598,1.35771,1.3566
2013-10-14 18:00:00,1.3566,1.35655,1.35766,1.35722
2013-10-14 19:00:00,1.35721,1.35636,1.35731,1.35655
2013-10-14 20:00:00,1.35652,1.35578,1.3566,1.35601
2013-10-14 21:00:00,1.35599,1.35558,1.35656,1.3559
2013-10-14 22:00:00,1.3559,1.35541,1.35602,1.35552
2013-10-14 23:00:00,1.3555,1.35523,1.35575,1.35559
2013-10-15 00:00:00,1.35557,1.35491,1.35574,1.35518
2013-10-15 01:00:00,1.35519,1.35517,1.35589,1.35582
2013-10-15 02:00:00,1.35583,1.35547,1.35584,1.3555
2013-10-15 03:00:00,1.3555,1.3555,1.35667,1.35622
2013-10-15 04:00:00,1.3562,1.3562,1.35677,1.35664
2013-10-15 05:00:00,1.35666,1.35649,1.35704,1.3566
2013-10-15 06:00:00,1.3566,1.3561,1.35701,1.35693
2013-10-15 07:00:00,1.35691,1.35574,1.35693,1.35584
2013-10-15 08:00:00,1.35583,1.35398,1.35657,1.3541
2013-10-15 09:00:00,1.35411,1.34985,1.35469,1.35069
2013-10-15 10:00:00,1.35067,1.34785,1.35103,1.34886
2013-10-15 11:00:00,1.34884,1.34846,1.34973,1.34946
2013-10-15 12:00:00,1.34945,1.34863,1.34969,1.34935
2013-10-15 13:00:00,1.34933,1.34826,1.3506,1.34936
2013-10-15 14:00:00,1.34939,1.34832,1.35028,1.35021
2013-10-15 15:00:00,1.3502,1.34818,1.35068,1.34933
2013-10-15 16:00:00,1.34933,1.34916,1.35042,1.34976
2013-10-15 17:00:00,1.34976,1.34905,1.34978,1.34975
2013-10-15 18:00:00,1.34976,1.3493,1.35305,1.35183
2013-10-15 19:00:00,1.35182,1.35135,1.35215,1.35142
2013-10-15 20:00:00,1.3514,1.35123,1.35356,1.35224
2013-10-15 21:00:00,1.35226,1.35162,1.35303,1.35247
2013-10-15 22:00:00,1.35243,1.35206,1.35276,1.35259
2013-10-15 23:00:00,1.35257,1.35176,1.35278,1.35202
2013-10-16 00:00:00,1.35203,1.35051,1.35241,1.35075
2013-10-16 01:00:00,1.35075,1.35055,1.35105,1.351
2013-10-16 02:00:00,1.35099,1.35098,1.35229,1.35201
2013-10-16 03:00:00,1.35203,1.3507,1.35206,1.35118
2013-10-16 04:00:00,1.35121,1.351,1.35164,1.35129
2013-10-16 05:00:00,1.35131,1.35107,1.35181,1.35161
2013-10-16 06:00:00,1.3516,1.35144,1.35233,1.35149
2013-10-16 07:00:00,1.3515,1.35139,1.35252,1.35213
2013-10-16 08:00:00,1.35211,1.35208,1.35435,1.35285
2013-10-16 09:00:00,1.35286,1.35258,1.35353,1.35307
2013-10-16 10:00:00,1.3531,1.35302,1.35481,1.35438
2013-10-16 11:00:00,1.35435,1.35435,1.3562,1.35547
2013-10-16 12:00:00,1.35545,1.35532,1.35668,1.35532
2013-10-16 13:00:00,1.35535,1.35328,1.35566,1.35338
2013-10-16 14:00:00,1.35338,1.34869,1.35359,1.34905
2013-10-16 15:00:00,1.34902,1.34714,1.34952,1.34883
2013-10-16 16:00:00,1.3488,1.34758,1.35141,1.35088
2013-10-16 17:00:00,1.35091,1.35076,1.35495,1.35405
2013-10-16 18:00:00,1.35407,1.35296,1.3544,1.3532
2013-10-16 19:00:00,1.35318,1.35242,1.35348,1.35264
2013-10-16 20:00:00,1.35262,1.35249,1.35338,1.35338
2013-10-16 21:00:00,1.35333,1.35228,1.3536,1.35332
2013-10-16 22:00:00,1.35333,1.35212,1.35346,1.35232
2013-10-16 23:00:00,1.35229,1.35171,1.35245,1.35213
2013-10-17 00:00:00,1.35211,1.35151,1.35385,1.35382
2013-10-17 01:00:00,1.35383,1.35345,1.35438,1.35417
2013-10-17 02:00:00,1.35415,1.35392,1.35516,1.35475
2013-10-17 03:00:00,1.35472,1.35438,1.35489,1.35454
2013-10-17 04:00:00,1.35453,1.35412,1.35457,1.35439
2013-10-17 05:00:00,1.35436,1.35406,1.3556,1.35552
2013-10-17 06:00:00,1.35552,1.35524,1.35661,1.35548
2013-10-17 07:00:00,1.35548,1.35543,1.3628,1.36255
2013-10-17 08:00:00,1.36254,1.3617,1.36374,1.36211
2013-10-17 09:00:00,1.36211,1.36178,1.36366,1.36192
2013-10-17 10:00:00,1.36193,1.36164,1.36322,1.3624
2013-10-17 11:00:00,1.3624,1.36238,1.36496,1.36409
2013-10-17 12:00:00,1.36409,1.3639,1.36677,1.36477
2013-10-17 13:00:00,1.36478,1.36449,1.36783,1.3675
2013-10-17 14:00:00,1.36752,1.36618,1.36815,1.36632
2013-10-17 15:00:00,1.36632,1.36582,1.36755,1.36627
2013-10-17 16:00:00,1.36627,1.36561,1.36668,1.3662
2013-10-17 17:00:00,1.36623,1.36609,1.36698,1.36683
2013-10-17 18:00:00,1.36684,1.36641,1.36763,1.36759
2013-10-17 19:00:00,1.36758,1.36701,1.36797,1.36781
2013-10-17 20:00:00,1.36781,1.36694,1.36787,1.36746
2013-10-17 21:00:00,1.36746,1.36665,1.36771,1.36706
2013-10-17 22:00:00,1.36708,1.3666,1.36718,1.36673
2013-10-17 23:00:00,1.3667,1.36644,1.36725,1.36677
2013-10-18 00:00:00,1.3668,1.36605,1.36705,1.36607
2013-10-18 01:00:00,1.36609,1.36596,1.36655,1.36623
2013-10-18 02:00:00,1.36622,1.36587,1.36654,1.36637
2013-10-18 03:00:00,1.36637,1.36613,1.36657,1.36638
2013-10-18 04:00:00,1.36636,1.36619,1.36648,1.36627
2013-10-18 05:00:00,1.36628,1.36614,1.36672,1.36633
2013-10-18 06:00:00,1.36632,1.36632,1.36911,1.36876
2013-10-18 07:00:00,1.36875,1.36727,1.3691,1.36806
2013-10-18 08:00:00,1.36806,1.36727,1.36943,1.36921
2013-10-18 09:00:00,1.36919,1.3683,1.36943,1.36915
2013-10-18 10:00:00,1.36913,1.36885,1.37037,1.36971
2013-10-18 11:00:00,1.36971,1.3676,1.36978,1.36816
2013-10-18 12:00:00,1.36814,1.36715,1.36849,1.36774
2013-10-18 13:00:00,1.36772,1.36684,1.36823,1.36775
2013-10-18 14:00:00,1.36775,1.36773,1.36964,1.36948
2013-10-18 15:00:00,1.36949,1.36892,1.36992,1.36921
2013-10-18 16:00:00,1.36924,1.36848,1.36936,1.36909
2013-10-18 17:00:00,1.36911,1.36767,1.36919,1.36786
2013-10-18 18:00:00,1.36785,1.3676,1.36824,1.36784
2013-10-18 19:00:00,1.36781,1.36774,1.36845,1.36835
2013-10-18 20:00:00,1.36835,1.36751,1.36874,1.36839
2013-10-20 21:00:00,1.3682,1.36791,1.36853,1.3681
2013-10-20 22:00:00,1.36813,1.36804,1.36874,1.36835
2013-10-20 23:00:00,1.36837,1.36799,1.36847,1.36806
2013-10-21 00:00:00,1.36805,1.36701,1.36805,1.36737
2013-10-21 01:00:00,1.36739,1.36702,1.36749,1.3673
2013-10-21 02:00:00,1.36727,1.36726,1.3679,1.36774
2013-10-21 03:00:00,1.36774,1.36702,1.36786,1.36737
2013-10-21 04:00:00,1.36738,1.36726,1.36782,1.36756
2013-10-21 05:00:00,1.36756,1.36716,1.36809,1.36808
2013-10-21 06:00:00,1.36808,1.36771,1.3686,1.36796
2013-10-21 07:00:00,1.36796,1.36655,1.3681,1.36735
2013-10-21 08:00:00,1.36735,1.36658,1.36738,1.36693
2013-10-21 09:00:00,1.36694,1.36683,1.3682,1.36813
2013-10-21 10:00:00,1.36816,1.36706,1.36846,1.36766
2013-10-21 11:00:00,1.36766,1.36691,1.36815,1.3673
2013-10-21 12:00:00,1.36729,1.36604,1.36733,1.36641
2013-10-21 13:00:00,1.3664,1.36505,1.36683,1.36607
2013-10-21 14:00:00,1.36607,1.36585,1.36773,1.36751
2013-10-21 15:00:00,1.36751,1.36696,1.3676,1.36709
2013-10-21 16:00:00,1.36709,1.36672,1.36786,1.36753
2013-10-21 17:00:00,1.36751,1.36751,1.36882,1.36835
2013-10-21 18:00:00,1.36835,1.36766,1.36842,1.36767
2013-10-21 19:00:00,1.36767,1.36757,1.36821,1.36815
2013-10-21 20:00:00,1.36814,1.36776,1.36823,1.36787
2013-10-21 21:00:00,1.36784,1.36734,1.368,1.36758
2013-10-21 22:00:00,1.36756,1.36743,1.36795,1.36743
2013-10-21 23:00:00,1.36743,1.36692,1.36757,1.36715
2013-10-22 00:00:00,1.36718,1.36689,1.3675,1.3669
2013-10-22 01:00:00,1.3669,1.3664,1.36718,1.36675
2013-10-22 02:00:00,1.36676,1.36614,1.36683,1.36644
2013-10-22 03:00:00,1.36642,1.36632,1.36664,1.36644
2013-10-22 04:00:00,1.36641,1.3664,1.36694,1.36692
2013-10-22 05:00:00,1.36694,1.36662,1.36721,1.36668
2013-10-22 06:00:00,1.36669,1.36655,1.36759,1.36731
2013-10-22 07:00:00,1.36733,1.36694,1.36806,1.36779
2013-10-22 08:00:00,1.3678,1.36642,1.36789,1.36698
2013-10-22 09:00:00,1.36697,1.36652,1.36733,1.36728
2013-10-22 10:00:00,1.36727,1.36691,1.36761,1.36724
2013-10-22 11:00:00,1.36723,1.36707,1.36765,1.36736
2013-10-22 12:00:00,1.36737,1.36697,1.37474,1.37228
2013-10-22 13:00:00,1.37226,1.37226,1.37581,1.37542
2013-10-22 14:00:00,1.3754,1.37537,1.3785,1.37724
2013-10-22 15:00:00,1.37724,1.37698,1.37847,1.37763
2013-10-22 16:00:00,1.37764,1.37762,1.37884,1.37871
2013-10-22 17:00:00,1.3787,1.3784,1.37915,1.37891
2013-10-22 18:00:00,1.37889,1.37776,1.37899,1.37826
2013-10-22 19:00:00,1.37827,1.37772,1.3784,1.37801
2013-10-22 20:00:00,1.37804,1.37794,1.37833,1.37795
2013-10-22 21:00:00,1.37793,1.37766,1.37822,1.37768
2013-10-22 22:00:00,1.3777,1.37762,1.37798,1.37772
2013-10-22 23:00:00,1.37773,1.37762,1.37803,1.37778
2013-10-23 00:00:00,1.37779,1.37756,1.37825,1.37786
2013-10-23 01:00:00,1.37786,1.37782,1.37842,1.37826
2013-10-23 02:00:00,1.37825,1.37818,1.37907,1.37899
2013-10-23 03:00:00,1.37896,1.37845,1.37923,1.37856
2013-10-23 04:00:00,1.37854,1.37679,1.37882,1.37752
2013-10-23 05:00:00,1.37751,1.37657,1.37784,1.37721
2013-10-23 06:00:00,1.37719,1.37623,1.37759,1.37719
2013-10-23 07:00:00,1.3772,1.37442,1.37763,1.37545
2013-10-23 08:00:00,1.37545,1.37502,1.37606,1.37574
2013-10-23 09:00:00,1.37574,1.37555,1.37649,1.37575
2013-10-23 10:00:00,1.37576,1.37421,1.37609,1.3743
2013-10-23 11:00:00,1.37429,1.3741,1.37572,1.37535
2013-10-23 12:00:00,1.37537,1.37489,1.37648,1.37625
2013-10-23 13:00:00,1.37624,1.37585,1.37918,1.37806
2013-10-23 14:00:00,1.37809,1.37618,1.37857,1.37817
2013-10-23 15:00:00,1.37818,1.37708,1.37873,1.37846
2013-10-23 16:00:00,1.37845,1.37819,1.37912,1.37881
2013-10-23 17:00:00,1.37879,1.37831,1.37925,1.37861
2013-10-23 18:00:00,1.37858,1.37779,1.37862,1.37787
2013-10-23 19:00:00,1.37789,1.37751,1.3784,1.37762
2013-10-23 20:00:00,1.37762,1.37736,1.37801,1.37747
2013-10-23 21:00:00,1.37746,1.37698,1.3777,1.37746
2013-10-23 22:00:00,1.37745,1.37743,1.37779,1.37754
2013-10-23 23:00:00,1.37753,1.37747,1.37799,1.37781
2013-10-24 00:00:00,1.3778,1.37778,1.37874,1.3783
2013-10-24 01:00:00,1.37828,1.37748,1.3786,1.37859
2013-10-24 02:00:00,1.37861,1.3782,1.37913,1.37905
2013-10-24 03:00:00,1.37905,1.3787,1.37919,1.37885
2013-10-24 04:00:00,1.37886,1.37858,1.37905,1.37873
2013-10-24 05:00:00,1.37874,1.37865,1.38075,1.38064
2013-10-24 06:00:00,1.38064,1.38006,1.38216,1.38054
2013-10-24 07:00:00,1.38055,1.37765,1.38103,1.37877
2013-10-24 08:00:00,1.37879,1.37636,1.37929,1.37886
2013-10-24 09:00:00,1.37885,1.37815,1.38045,1.38039
2013-10-24 10:00:00,1.3804,1.37938,1.38157,1.3803
2013-10-24 11:00:00,1.38032,1.3798,1.38111,1.38065
2013-10-24 12:00:00,1.38065,1.37808,1.38132,1.37898
2013-10-24 13:00:00,1.37898,1.37892,1.3825,1.37996
2013-10-24 14:00:00,1.37997,1.37918,1.38077,1.38028
2013-10-24 15:00:00,1.38027,1.37937,1.38121,1.38091
2013-10-24 16:00:00,1.38091,1.38031,1.38141,1.38041
2013-10-24 17:00:00,1.3804,1.38003,1.38073,1.38034
2013-10-24 18:00:00,1.38032,1.38002,1.38101,1.3802
2013-10-24 19:00:00,1.3802,1.37956,1.38033,1.38008
2013-10-24 20:00:00,1.38006,1.37973,1.38028,1.37999
2013-10-24 21:00:00,1.37998,1.37969,1.38012,1.37986
2013-10-24 22:00:00,1.37988,1.37949,1.37988,1.37972
2013-10-24 23:00:00,1.37971,1.37958,1.38031,1.38011
2013-10-25 00:00:00,1.38008,1.37844,1.38013,1.37918
2013-10-25 01:00:00,1.37921,1.37904,1.37962,1.37945
2013-10-25 02:00:00,1.37945,1.37887,1.37963,1.37937
2013-10-25 03:00:00,1.37939,1.37934,1.38078,1.38064
2013-10-25 04:00:00,1.38063,1.38063,1.3832,1.38179
2013-10-25 05:00:00,1.38178,1.38136,1.38304,1.38198
2013-10-25 06:00:00,1.382,1.38093,1.38226,1.38106
2013-10-25 07:00:00,1.38103,1.38066,1.38297,1.38235
2013-10-25 08:00:00,1.38238,1.38079,1.3825,1.38218
2013-10-25 09:00:00,1.38219,1.37965,1.38223,1.37994
2013-10-25 10:00:00,1.37993,1.37892,1.38022,1.37996
2013-10-25 11:00:00,1.37996,1.37786,1.38089,1.37799
2013-10-25 12:00:00,1.37798,1.37739,1.3791,1.37824
2013-10-25 13:00:00,1.37825,1.37767,1.3799,1.37908
2013-10-25 14:00:00,1.3791,1.37892,1.38081,1.37932
2013-10-25 15:00:00,1.37929,1.37903,1.38051,1.3793
2013-10-25 16:00:00,1.3793,1.3793,1.38023,1.37941
2013-10-25 17:00:00,1.37943,1.37943,1.38067,1.37995
2013-10-25 18:00:00,1.37995,1.37994,1.38067,1.38064
2013-10-25 19:00:00,1.38066,1.38051,1.38137,1.3807
2013-10-25 20:00:00,1.3807,1.37991,1.38077,1.38012
2013-10-27 21:00:00,1.38044,1.38026,1.38086,1.38069
2013-10-27 22:00:00,1.3807,1.38013,1.381,1.38072
2013-10-27 23:00:00,1.38072,1.37993,1.38089,1.38042
2013-10-28 00:00:00,1.38043,1.38019,1.38171,1.38137
2013-10-28 01:00:00,1.38136,1.38101,1.38156,1.38136
2013-10-28 02:00:00,1.38136,1.38051,1.38155,1.38081
2013-10-28 03:00:00,1.38082,1.38061,1.38114,1.3808
2013-10-28 04:00:00,1.3808,1.38044,1.38114,1.38076
2013-10-28 05:00:00,1.38073,1.37952,1.38076,1.38016
2013-10-28 06:00:00,1.38016,1.37979,1.38037,1.37984
2013-10-28 07:00:00,1.37984,1.37958,1.38098,1.38096
2013-10-28 08:00:00,1.38098,1.38074,1.38166,1.38091
2013-10-28 09:00:00,1.38094,1.38027,1.38134,1.38096
2013-10-28 10:00:00,1.38096,1.38073,1.38125,1.38076
2013-10-28 11:00:00,1.38075,1.37964,1.38087,1.37972
2013-10-28 12:00:00,1.37969,1.37818,1.37998,1.37876
2013-10-28 13:00:00,1.37877,1.37745,1.37921,1.37839
2013-10-28 14:00:00,1.3784,1.37791,1.37945,1.37872
2013-10-28 15:00:00,1.3787,1.37767,1.3792,1.37847
2013-10-28 16:00:00,1.37844,1.37828,1.37906,1.37886
2013-10-28 17:00:00,1.37886,1.37881,1.37938,1.37905
2013-10-28 18:00:00,1.37907,1.3789,1.38094,1.38059
2013-10-28 19:00:00,1.3806,1.37822,1.38081,1.37853
2013-10-28 20:00:00,1.37852,1.37828,1.37884,1.37839
2013-10-28 21:00:00,1.37843,1.37803,1.37871,1.37853
2013-10-28 22:00:00,1.37853,1.37816,1.37874,1.37828
2013-10-28 23:00:00,1.3783,1.37827,1.37891,1.37874
2013-10-29 00:00:00,1.37872,1.37688,1.37932,1.37815
2013-10-29 01:00:00,1.37815,1.37774,1.379,1.37858
2013-10-29 02:00:00,1.37856,1.37737,1.37857,1.37753
2013-10-29 03:00:00,1.37754,1.37737,1.37788,1.37776
2013-10-29 04:00:00,1.37778,1.37722,1.37783,1.37747
2013-10-29 05:00:00,1.37747,1.37741,1.37809,1.3776
2013-10-29 06:00:00,1.37758,1.37742,1.37905,1.37866
2013-10-29 07:00:00,1.37863,1.37747,1.37878,1.37748
2013-10-29 08:00:00,1.37749,1.37584,1.3785,1.37628
2013-10-29 09:00:00,1.37629,1.37534,1.37671,1.37671
2013-10-29 10:00:00,1.37672,1.37578,1.37711,1.37592
2013-10-29 11:00:00,1.37592,1.37537,1.37657,1.3759
2013-10-29 12:00:00,1.37591,1.37548,1.37716,1.3761
2013-10-29 13:00:00,1.37609,1.37577,1.3771,1.37641
2013-10-29 14:00:00,1.37639,1.37547,1.38127,1.38044
2013-10-29 15:00:00,1.38045,1.37643,1.38111,1.37691
2013-10-29 16:00:00,1.3769,1.37389,1.37692,1.37456
2013-10-29 17:00:00,1.37454,1.37357,1.37505,1.37446
2013-10-29 18:00:00,1.37446,1.37368,1.37494,1.37469
2013-10-29 19:00:00,1.37468,1.3739,1.3751,1.37422
2013-10-29 20:00:00,1.37419,1.37407,1.37458,1.37447
2013-10-29 21:00:00,1.37447,1.3743,1.3749,1.3746
2013-10-29 22:00:00,1.37458,1.37436,1.37493,1.37462
2013-10-29 23:00:00,1.37462,1.37398,1.3748,1.37421
2013-10-30 00:00:00,1.37423,1.37326,1.37448,1.37377
2013-10-30 01:00:00,1.37377,1.37323,1.37419,1.37358
2013-10-30 02:00:00,1.37358,1.37356,1.37394,1.37377
2013-10-30 03:00:00,1.37375,1.37346,1.37419,1.37355
2013-10-30 04:00:00,1.37355,1.37332,1.37426,1.37373
2013-10-30 05:00:00,1.37373,1.37356,1.37431,1.37391
2013-10-30 06:00:00,1.37394,1.37378,1.3746,1.37436
2013-10-30 07:00:00,1.37436,1.37387,1.37459,1.3741
2013-10-30 08:00:00,1.3741,1.37357,1.37677,1.3767
2013-10-30 09:00:00,1.37669,1.37543,1.37677,1.37578
2013-10-30 10:00:00,1.37583,1.37564,1.37649,1.37585
2013-10-30 11:00:00,1.37583,1.37583,1.37658,1.37594
2013-10-30 12:00:00,1.37596,1.37484,1.37777,1.37499
2013-10-30 13:00:00,1.37499,1.37434,1.37697,1.37654
2013-10-30 14:00:00,1.37657,1.37624,1.37759,1.37638
2013-10-30 15:00:00,1.37638,1.37607,1.37718,1.37699
2013-10-30 16:00:00,1.37696,1.37637,1.37728,1.37646
2013-10-30 17:00:00,1.37648,1.37611,1.37844,1.37611
2013-10-30 18:00:00,1.37641,1.36951,1.37801,1.37267
2013-10-30 19:00:00,1.37265,1.37218,1.37385,1.37313
2013-10-30 20:00:00,1.37313,1.37285,1.37385,1.37346
2013-10-30 21:00:00,1.37346,1.37303,1.37367,1.37362
2013-10-30 22:00:00,1.37361,1.37193,1.37362,1.37214
2013-10-30 23:00:00,1.37214,1.37184,1.37267,1.37227
2013-10-31 00:00:00,1.37228,1.37225,1.3735,1.37299
2013-10-31 01:00:00,1.373,1.37288,1.37384,1.37368
2013-10-31 02:00:00,1.37367,1.37282,1.37379,1.37288
2013-10-31 03:00:00,1.37288,1.37084,1.37291,1.37086
2013-10-31 04:00:00,1.37087,1.36982,1.3712,1.37075
2013-10-31 05:00:00,1.37076,1.36881,1.37107,1.37005
2013-10-31 06:00:00,1.37003,1.36935,1.37098,1.3705
2013-10-31 07:00:00,1.3705,1.36925,1.3706,1.36992
2013-10-31 08:00:00,1.36989,1.36989,1.3715,1.37111
2013-10-31 09:00:00,1.37108,1.36898,1.37124,1.36931
2013-10-31 10:00:00,1.36929,1.36542,1.36929,1.36585
2013-10-31 11:00:00,1.36588,1.36317,1.36637,1.36377
2013-10-31 12:00:00,1.36377,1.3635,1.36494,1.3642
2013-10-31 13:00:00,1.36423,1.36125,1.36561,1.36205
2013-10-31 14:00:00,1.36205,1.36011,1.36315,1.3617
2013-10-31 15:00:00,1.36167,1.35862,1.36217,1.35933
2013-10-31 16:00:00,1.35933,1.35834,1.36033,1.3592
2013-10-31 17:00:00,1.3592,1.35906,1.3599,1.35987
2013-10-31 18:00:00,1.35987,1.35879,1.35989,1.35894
2013-10-31 19:00:00,1.35892,1.35746,1.35921,1.35761
2013-10-31 20:00:00,1.35759,1.35756,1.35839,1.35826
2013-10-31 21:00:00,1.35825,1.35747,1.35874,1.35873
2013-10-31 22:00:00,1.35873,1.3581,1.35886,1.35874
2013-10-31 23:00:00,1.35875,1.35769,1.35889,1.35786
2013-11-01 00:00:00,1.35786,1.356,1.35812,1.35618
2013-11-01 01:00:00,1.35619,1.35389,1.35649,1.3545
2013-11-01 02:00:00,1.3545,1.35432,1.35577,1.3554
2013-11-01 03:00:00,1.35539,1.35497,1.35576,1.35558
2013-11-01 04:00:00,1.35558,1.35515,1.35591,1.35568
2013-11-01 05:00:00,1.35569,1.35501,1.35569,1.35539
2013-11-01 06:00:00,1.35543,1.35464,1.35589,1.35585
2013-11-01 07:00:00,1.35584,1.35515,1.35661,1.35516
2013-11-01 08:00:00,1.35516,1.35163,1.35519,1.35385
2013-11-01 09:00:00,1.35386,1.35075,1.35389,1.35254
2013-11-01 10:00:00,1.35254,1.35209,1.35326,1.35252
2013-11-01 11:00:00,1.3525,1.35117,1.35367,1.35128
2013-11-01 12:00:00,1.35129,1.35071,1.35223,1.35108
2013-11-01 13:00:00,1.35109,1.34927,1.35164,1.34997
2013-11-01 14:00:00,1.34997,1.34822,1.3505,1.3503
2013-11-01 15:00:00,1.35027,1.34795,1.35032,1.34864
2013-11-01 16:00:00,1.34864,1.34794,1.34932,1.34879
2013-11-01 17:00:00,1.34878,1.34809,1.34952,1.34948
2013-11-01 18:00:00,1.34949,1.34851,1.34954,1.34911
2013-11-01 19:00:00,1.34909,1.34801,1.3491,1.34891
2013-11-01 20:00:00,1.34889,1.34843,1.34913,1.34857
2013-11-03 22:00:00,1.34854,1.34817,1.34958,1.34895
2013-11-03 23:00:00,1.34893,1.34878,1.34954,1.34912
2013-11-04 00:00:00,1.34911,1.34859,1.35,1.34969
2013-11-04 01:00:00,1.34967,1.34902,1.35018,1.34916
2013-11-04 02:00:00,1.34919,1.34916,1.35,1.3494
2013-11-04 03:00:00,1.34939,1.34405,1.34939,1.34776
2013-11-04 04:00:00,1.34778,1.34766,1.34833,1.34801
2013-11-04 05:00:00,1.34801,1.34776,1.34902,1.3488
2013-11-04 06:00:00,1.34882,1.34823,1.34952,1.34932
2013-11-04 07:00:00,1.34932,1.34856,1.34965,1.34957
2013-11-04 08:00:00,1.34958,1.34883,1.35124,1.35092
2013-11-04 09:00:00,1.3509,1.34986,1.35127,1.34999
2013-11-04 10:00:00,1.35001,1.34977,1.3511,1.35052
2013-11-04 11:00:00,1.35054,1.3501,1.35103,1.35071
2013-11-04 12:00:00,1.35071,1.35046,1.35122,1.35101
2013-11-04 13:00:00,1.35103,1.34911,1.35119,1.34935
2013-11-04 14:00:00,1.34935,1.34916,1.35105,1.35073
2013-11-04 15:00:00,1.35076,1.35064,1.35191,1.35097
2013-11-04 16:00:00,1.35096,1.35073,1.3524,1.35145
2013-11-04 17:00:00,1.35145,1.35051,1.3515,1.35107
2013-11-04 18:00:00,1.35106,1.35065,1.35125,1.35103
2013-11-04 19:00:00,1.35104,1.35095,1.35186,1.35163
2013-11-04 20:00:00,1.35162,1.3515,1.35206,1.35202
2013-11-04 21:00:00,1.352,1.35126,1.35204,1.3513
2013-11-04 22:00:00,1.3513,1.35055,1.35147,1.35115
2013-11-04 23:00:00,1.35113,1.35098,1.35179,1.35146
2013-11-05 00:00:00,1.35145,1.35126,1.3522,1.35192
2013-11-05 01:00:00,1.35193,1.34982,1.35196,1.35032
2013-11-05 02:00:00,1.35034,1.35025,1.3511,1.35077
2013-11-05 03:00:00,1.35076,1.34968,1.35076,1.35015
2013-11-05 04:00:00,1.35013,1.3495,1.35073,1.34965
2013-11-05 05:00:00,1.34967,1.34964,1.3502,1.34996
2013-11-05 06:00:00,1.34994,1.34907,1.35025,1.34965
2013-11-05 07:00:00,1.34965,1.349,1.35039,1.34908
2013-11-05 08:00:00,1.34911,1.34813,1.34924,1.34838
2013-11-05 09:00:00,1.34835,1.34773,1.34956,1.34955
2013-11-05 10:00:00,1.34953,1.34895,1.35105,1.35018
2013-11-05 11:00:00,1.35017,1.34863,1.35037,1.34933
2013-11-05 12:00:00,1.34931,1.34884,1.34992,1.34937
2013-11-05 13:00:00,1.34938,1.34605,1.34969,1.34672
2013-11-05 14:00:00,1.34673,1.34637,1.3477,1.34686
2013-11-05 15:00:00,1.34687,1.34484,1.34754,1.34741
2013-11-05 16:00:00,1.3474,1.34649,1.34827,1.34683
2013-11-05 17:00:00,1.34682,1.34656,1.34776,1.34685
2013-11-05 18:00:00,1.34684,1.34668,1.34782,1.34729
2013-11-05 19:00:00,1.34731,1.34688,1.34779,1.34731
2013-11-05 20:00:00,1.34729,1.34697,1.34759,1.34705
2013-11-05 21:00:00,1.34704,1.34703,1.34758,1.34737
2013-11-05 22:00:00,1.34736,1.34694,1.34761,1.34714
2013-11-05 23:00:00,1.34713,1.34706,1.3474,1.34715
2013-11-06 00:00:00,1.34715,1.34678,1.34759,1.3468
2013-11-06 01:00:00,1.3468,1.34671,1.34705,1.34688
2013-11-06 02:00:00,1.34688,1.34675,1.34885,1.3488
2013-11-06 03:00:00,1.3488,1.34865,1.35159,1.35108
2013-11-06 04:00:00,1.35107,1.35071,1.35209,1.35079
2013-11-06 05:00:00,1.35082,1.35002,1.35086,1.35045
2013-11-06 06:00:00,1.35042,1.35001,1.35105,1.35002
2013-11-06 07:00:00,1.35001,1.34923,1.35091,1.3503
2013-11-06 08:00:00,1.35028,1.34875,1.35065,1.35041
2013-11-06 09:00:00,1.35042,1.35001,1.35206,1.35064
2013-11-06 10:00:00,1.35062,1.35013,1.35121,1.35067
2013-11-06 11:00:00,1.35067,1.3505,1.35318,1.35077
2013-11-06 12:00:00,1.35077,1.35048,1.3524,1.35199
2013-11-06 13:00:00,1.35199,1.35016,1.35243,1.35036
2013-11-06 14:00:00,1.35036,1.35016,1.3547,1.35395
2013-11-06 15:00:00,1.35392,1.35215,1.35464,1.35259
2013-11-06 16:00:00,1.35261,1.35147,1.35305,1.35283
2013-11-06 17:00:00,1.35286,1.35209,1.35319,1.35252
2013-11-06 18:00:00,1.35251,1.35139,1.35287,1.35207
2013-11-06 19:00:00,1.35205,1.35161,1.35223,1.35208
2013-11-06 20:00:00,1.35206,1.35191,1.35249,1.3522
2013-11-06 21:00:00,1.35218,1.35113,1.3522,1.35119
2013-11-06 22:00:00,1.35119,1.35099,1.35162,1.35143
2013-11-06 23:00:00,1.35144,1.35122,1.35175,1.3517
2013-11-07 00:00:00,1.35168,1.34994,1.35182,1.35079
2013-11-07 01:00:00,1.35081,1.35038,1.35145,1.35108
2013-11-07 02:00:00,1.35106,1.35103,1.35183,1.35146
2013-11-07 03:00:00,1.35149,1.35137,1.35205,1.35178
2013-11-07 04:00:00,1.35181,1.3516,1.35236,1.35169
2013-11-07 05:00:00,1.35167,1.35167,1.35275,1.3526
2013-11-07 06:00:00,1.35263,1.35215,1.35284,1.35236
2013-11-07 07:00:00,1.35237,1.35115,1.35237,1.35209
2013-11-07 08:00:00,1.35207,1.35124,1.35255,1.35233
2013-11-07 09:00:00,1.35231,1.35157,1.35243,1.35185
2013-11-07 10:00:00,1.35185,1.35039,1.35201,1.35044
2013-11-07 11:00:00,1.35041,1.35034,1.35175,1.35057
2013-11-07 12:00:00,1.35057,1.33504,1.35154,1.337
2013-11-07 13:00:00,1.33697,1.32936,1.33808,1.33303
2013-11-07 14:00:00,1.333,1.33241,1.33763,1.33633
2013-11-07 15:00:00,1.33635,1.33503,1.3383,1.33817
2013-11-07 16:00:00,1.33817,1.33755,1.34251,1.33893
2013-11-07 17:00:00,1.33892,1.33848,1.34116,1.34045
2013-11-07 18:00:00,1.34044,1.34028,1.34407,1.34275
2013-11-07 19:00:00,1.34277,1.3425,1.34494,1.34271
2013-11-07 20:00:00,1.34271,1.34167,1.34287,1.34175
2013-11-07 21:00:00,1.34175,1.34126,1.34212,1.34184
2013-11-07 22:00:00,1.34186,1.34058,1.34229,1.34126
2013-11-07 23:00:00,1.34126,1.34063,1.3417,1.34084
2013-11-08 00:00:00,1.34082,1.34049,1.34154,1.3407
2013-11-08 01:00:00,1.34072,1.34072,1.34184,1.34129
2013-11-08 02:00:00,1.3413,1.34066,1.34153,1.34073
2013-11-08 03:00:00,1.34073,1.34058,1.34125,1.34102
2013-11-08 04:00:00,1.34101,1.34066,1.34122,1.34083
2013-11-08 05:00:00,1.34081,1.33996,1.34135,1.34079
2013-11-08 06:00:00,1.3408,1.33881,1.34101,1.3406
2013-11-08 07:00:00,1.34059,1.34037,1.34193,1.3414
2013-11-08 08:00:00,1.34141,1.34042,1.34185,1.34163
2013-11-08 09:00:00,1.34163,1.34142,1.34314,1.34262
2013-11-08 10:00:00,1.3426,1.3413,1.34293,1.34173
2013-11-08 11:00:00,1.34171,1.3417,1.34274,1.34198
2013-11-08 12:00:00,1.34198,1.34129,1.34217,1.34143
2013-11-08 13:00:00,1.34143,1.33467,1.34375,1.33895
2013-11-08 14:00:00,1.33896,1.33361,1.33896,1.33531
2013-11-08 15:00:00,1.3353,1.33172,1.33656,1.33497
2013-11-08 16:00:00,1.33498,1.33447,1.336,1.33565
2013-11-08 17:00:00,1.33564,1.33517,1.33706,1.33661
2013-11-08 18:00:00,1.33664,1.33547,1.33664,1.33587
2013-11-08 19:00:00,1.33587,1.33507,1.33599,1.33545
2013-11-08 20:00:00,1.33543,1.33537,1.33671,1.3359
2013-11-08 21:00:00,1.33589,1.33585,1.33723,1.33618
2013-11-10 22:00:00,1.33574,1.33522,1.33618,1.33562
2013-11-10 23:00:00,1.33563,1.33443,1.33574,1.33459
2013-11-11 00:00:00,1.3346,1.3346,1.3362,1.33567
2013-11-11 01:00:00,1.3357,1.33547,1.33664,1.33558
2013-11-11 02:00:00,1.3356,1.3355,1.33612,1.33563
2013-11-11 03:00:00,1.33561,1.33555,1.33628,1.33609
2013-11-11 04:00:00,1.33606,1.33598,1.3363,1.33622
2013-11-11 05:00:00,1.33622,1.33571,1.33624,1.33577
2013-11-11 06:00:00,1.33576,1.33571,1.33682,1.33664
2013-11-11 07:00:00,1.33662,1.33649,1.33787,1.33742
2013-11-11 08:00:00,1.3374,1.3368,1.33852,1.33845
2013-11-11 09:00:00,1.33845,1.33751,1.33935,1.33901
2013-11-11 10:00:00,1.339,1.33829,1.34061,1.33995
2013-11-11 11:00:00,1.33994,1.33916,1.34011,1.33961
2013-11-11 12:00:00,1.33963,1.33922,1.33977,1.33957
2013-11-11 13:00:00,1.33956,1.33901,1.34117,1.34058
2013-11-11 14:00:00,1.3406,1.33956,1.34089,1.34017
2013-11-11 15:00:00,1.34017,1.3399,1.34112,1.34075
2013-11-11 16:00:00,1.34075,1.34026,1.34098,1.34056
2013-11-11 17:00:00,1.34054,1.34006,1.34158,1.34022
2013-11-11 18:00:00,1.34021,1.33979,1.34099,1.34083
2013-11-11 19:00:00,1.34081,1.34068,1.34104,1.34075
2013-11-11 20:00:00,1.34075,1.3405,1.34141,1.34123
2013-11-11 21:00:00,1.34124,1.33999,1.34145,1.34054
2013-11-11 22:00:00,1.34056,1.34032,1.34091,1.34058
2013-11-11 23:00:00,1.34058,1.3402,1.34133,1.34068
2013-11-12 00:00:00,1.34068,1.33977,1.3407,1.34035
2013-11-12 01:00:00,1.34036,1.33923,1.34061,1.33961
2013-11-12 02:00:00,1.33962,1.33892,1.33971,1.33934
2013-11-12 03:00:00,1.33934,1.33899,1.34006,1.3398
2013-11-12 04:00:00,1.33978,1.33921,1.34017,1.33932
2013-11-12 05:00:00,1.33932,1.33856,1.33954,1.33871
2013-11-12 06:00:00,1.33871,1.33817,1.33944,1.33861
2013-11-12 07:00:00,1.33859,1.33793,1.33982,1.33858
2013-11-12 08:00:00,1.33856,1.33708,1.33922,1.33853
2013-11-12 09:00:00,1.33852,1.33585,1.33915,1.33742
2013-11-12 10:00:00,1.33744,1.33744,1.33997,1.3398
2013-11-12 11:00:00,1.33978,1.33807,1.34085,1.3385
2013-11-12 12:00:00,1.33848,1.33822,1.34161,1.34082
2013-11-12 13:00:00,1.3408,1.34078,1.34411,1.34363
2013-11-12 14:00:00,1.34364,1.34289,1.34559,1.34491
2013-11-12 15:00:00,1.34494,1.34359,1.34553,1.34367
2013-11-12 16:00:00,1.34366,1.34237,1.34399,1.34277
2013-11-12 17:00:00,1.34275,1.34254,1.3449,1.34417
2013-11-12 18:00:00,1.34417,1.34313,1.34477,1.3432
2013-11-12 19:00:00,1.34318,1.34256,1.34341,1.34266
2013-11-12 20:00:00,1.34262,1.34219,1.34362,1.34329
2013-11-12 21:00:00,1.3433,1.34325,1.34363,1.34344
2013-11-12 22:00:00,1.3434,1.34256,1.34357,1.34345
2013-11-12 23:00:00,1.34344,1.34303,1.34436,1.34371
2013-11-13 00:00:00,1.3437,1.34289,1.34401,1.34336
2013-11-13 01:00:00,1.34335,1.343,1.34411,1.34389
2013-11-13 02:00:00,1.34387,1.34354,1.34502,1.34485
2013-11-13 03:00:00,1.34483,1.34425,1.34483,1.34429
2013-11-13 04:00:00,1.34428,1.34418,1.34521,1.34508
2013-11-13 05:00:00,1.34506,1.34401,1.34506,1.34432
2013-11-13 06:00:00,1.34433,1.34325,1.34461,1.34361
2013-11-13 07:00:00,1.34359,1.34296,1.34396,1.34299
2013-11-13 08:00:00,1.34297,1.34229,1.34372,1.34349
2013-11-13 09:00:00,1.34352,1.34123,1.34354,1.34136
2013-11-13 10:00:00,1.34137,1.34077,1.34232,1.34198
2013-11-13 11:00:00,1.34196,1.3412,1.34247,1.34167
2013-11-13 12:00:00,1.34169,1.34132,1.34273,1.34182
2013-11-13 13:00:00,1.34182,1.34129,1.34462,1.34415
2013-11-13 14:00:00,1.34414,1.33907,1.34535,1.34034
2013-11-13 15:00:00,1.34035,1.33897,1.34087,1.34031
2013-11-13 16:00:00,1.3403,1.33996,1.34698,1.34553
2013-11-13 17:00:00,1.34553,1.34507,1.34621,1.34538
2013-11-13 18:00:00,1.34537,1.34438,1.34577,1.3454
2013-11-13 19:00:00,1.34542,1.34537,1.34656,1.34613
2013-11-13 20:00:00,1.34615,1.3458,1.3465,1.34622
2013-11-13 21:00:00,1.3462,1.34558,1.34948,1.34857
2013-11-13 22:00:00,1.34857,1.34686,1.34966,1.34807
2013-11-13 23:00:00,1.34809,1.34787,1.34929,1.34839
2013-11-14 00:00:00,1.34838,1.34803,1.34936,1.34814
2013-11-14 01:00:00,1.34815,1.34716,1.34862,1.34729
2013-11-14 02:00:00,1.34732,1.34636,1.3478,1.34739
2013-11-14 03:00:00,1.34738,1.34627,1.3474,1.3467
2013-11-14 04:00:00,1.34668,1.34651,1.34693,1.34669
2013-11-14 05:00:00,1.34669,1.34658,1.34724,1.34701
2013-11-14 06:00:00,1.34701,1.34607,1.34731,1.34608
2013-11-14 07:00:00,1.34609,1.34501,1.34669,1.34558
2013-11-14 08:00:00,1.34558,1.3455,1.34696,1.34556
2013-11-14 09:00:00,1.34555,1.34413,1.34604,1.34417
2013-11-14 10:00:00,1.34418,1.3428,1.34483,1.34283
2013-11-14 11:00:00,1.34286,1.34179,1.34354,1.34325
2013-11-14 12:00:00,1.34323,1.34315,1.34437,1.34361
2013-11-14 13:00:00,1.34363,1.3433,1.34606,1.34561
2013-11-14 14:00:00,1.34561,1.34384,1.34623,1.34554
2013-11-14 15:00:00,1.34552,1.34311,1.34698,1.34569
2013-11-14 16:00:00,1.3457,1.34496,1.34884,1.34672
2013-11-14 17:00:00,1.34673,1.34608,1.34819,1.34711
2013-11-14 18:00:00,1.34713,1.34441,1.34758,1.34494
2013-11-14 19:00:00,1.34495,1.34474,1.34555,1.34555
2013-11-14 20:00:00,1.34558,1.34547,1.34656,1.3458
2013-11-14 21:00:00,1.34579,1.34556,1.3465,1.34582
2013-11-14 22:00:00,1.34583,1.3451,1.34603,1.34578
2013-11-14 23:00:00,1.34575,1.34453,1.34582,1.34453
2013-11-15 00:00:00,1.34453,1.34446,1.34542,1.34511
2013-11-15 01:00:00,1.34511,1.34492,1.34634,1.34608
2013-11-15 02:00:00,1.34609,1.345,1.34613,1.34516
2013-11-15 03:00:00,1.34518,1.34501,1.34551,1.34537
2013-11-15 04:00:00,1.34537,1.34501,1.34556,1.34548
2013-11-15 05:00:00,1.34549,1.34478,1.34554,1.34486
2013-11-15 06:00:00,1.34485,1.34481,1.3462,1.34617
2013-11-15 07:00:00,1.34616,1.34489,1.34623,1.34495
2013-11-15 08:00:00,1.34497,1.34452,1.34604,1.34535
2013-11-15 09:00:00,1.34537,1.34319,1.34564,1.34375
2013-11-15 10:00:00,1.34375,1.34354,1.34517,1.34465
2013-11-15 11:00:00,1.34464,1.34436,1.34517,1.34482
2013-11-15 12:00:00,1.34481,1.3446,1.34602,1.34541
2013-11-15 13:00:00,1.34541,1.34508,1.34881,1.34801
2013-11-15 14:00:00,1.34798,1.34798,1.3505,1.34949
2013-11-15 15:00:00,1.3495,1.347,1.34962,1.3472
2013-11-15 16:00:00,1.34719,1.34719,1.3484,1.34796
2013-11-15 17:00:00,1.34794,1.34751,1.34822,1.34807
2013-11-15 18:00:00,1.34806,1.34791,1.34857,1.34824
2013-11-15 19:00:00,1.34823,1.34819,1.34914,1.34891
2013-11-15 20:00:00,1.34891,1.34879,1.34949,1.34901
2013-11-15 21:00:00,1.34902,1.34891,1.34973,1.34949
2013-11-17 22:00:00,1.34953,1.34907,1.34978,1.34912
2013-11-17 23:00:00,1.34912,1.34796,1.34916,1.34819
2013-11-18 00:00:00,1.34819,1.34778,1.34857,1.34789
2013-11-18 01:00:00,1.34788,1.34738,1.34858,1.34852
2013-11-18 02:00:00,1.34852,1.34837,1.34895,1.34881
2013-11-18 03:00:00,1.34881,1.3488,1.34961,1.34922
2013-11-18 04:00:00,1.3492,1.34876,1.34941,1.3489
2013-11-18 05:00:00,1.34891,1.3486,1.34964,1.34948
2013-11-18 06:00:00,1.34946,1.34899,1.35068,1.34916
2013-11-18 07:00:00,1.34914,1.34889,1.35059,1.35033
2013-11-18 08:00:00,1.35032,1.34928,1.35055,1.35041
2013-11-18 09:00:00,1.35042,1.35011,1.35175,1.35054
2013-11-18 10:00:00,1.35052,1.35047,1.35134,1.35085
2013-11-18 11:00:00,1.35083,1.35039,1.3513,1.35082
2013-11-18 12:00:00,1.35084,1.35063,1.35174,1.35095
2013-11-18 13:00:00,1.35097,1.35092,1.35214,1.35157
2013-11-18 14:00:00,1.35159,1.35147,1.35412,1.35354
2013-11-18 15:00:00,1.35352,1.35196,1.35413,1.35245
2013-11-18 16:00:00,1.35245,1.35175,1.35277,1.35185
2013-11-18 17:00:00,1.35183,1.34958,1.35229,1.35071
2013-11-18 18:00:00,1.3507,1.35049,1.35147,1.35076
2013-11-18 19:00:00,1.35075,1.3498,1.35151,1.34989
2013-11-18 20:00:00,1.34988,1.34952,1.35043,1.35039
2013-11-18 21:00:00,1.35036,1.35009,1.35078,1.35044
2013-11-18 22:00:00,1.35042,1.35,1.35069,1.35035
2013-11-18 23:00:00,1.35031,1.34979,1.35048,1.35013
2013-11-19 00:00:00,1.35011,1.34988,1.3512,1.35113
2013-11-19 01:00:00,1.3511,1.35068,1.35223,1.35179
2013-11-19 02:00:00,1.35182,1.3512,1.35193,1.35144
2013-11-19 03:00:00,1.35145,1.35032,1.35145,1.35075
2013-11-19 04:00:00,1.35077,1.35058,1.35095,1.35065
2013-11-19 05:00:00,1.35066,1.35058,1.35114,1.35071
2013-11-19 06:00:00,1.35071,1.35048,1.3518,1.35178
2013-11-19 07:00:00,1.35178,1.35119,1.35198,1.35171
2013-11-19 08:00:00,1.35171,1.35014,1.35427,1.35193
2013-11-19 09:00:00,1.35191,1.35093,1.35232,1.35131
2013-11-19 10:00:00,1.35133,1.34918,1.35134,1.34941
2013-11-19 11:00:00,1.34939,1.34911,1.35047,1.34927
2013-11-19 12:00:00,1.34927,1.34873,1.3507,1.35
2013-11-19 13:00:00,1.35,1.3497,1.35207,1.35097
2013-11-19 14:00:00,1.35096,1.34897,1.35239,1.3498
2013-11-19 15:00:00,1.3498,1.34925,1.35403,1.35251
2013-11-19 16:00:00,1.35249,1.35157,1.35322,1.35281
2013-11-19 17:00:00,1.35279,1.35261,1.35467,1.35351
2013-11-19 18:00:00,1.35348,1.35296,1.35403,1.35307
2013-11-19 19:00:00,1.35306,1.3526,1.35325,1.35298
2013-11-19 20:00:00,1.353,1.35289,1.35412,1.35379
2013-11-19 21:00:00,1.3538,1.35344,1.35403,1.35375
2013-11-19 22:00:00,1.35374,1.35324,1.35392,1.35349
2013-11-19 23:00:00,1.35349,1.3533,1.35765,1.35637
2013-11-20 00:00:00,1.35635,1.35448,1.35635,1.35579
2013-11-20 01:00:00,1.35577,1.35447,1.35577,1.35482
2013-11-20 02:00:00,1.35482,1.35449,1.35592,1.35533
2013-11-20 03:00:00,1.35534,1.35529,1.35637,1.35544
2013-11-20 04:00:00,1.35545,1.35499,1.35583,1.35504
2013-11-20 05:00:00,1.35501,1.35449,1.35526,1.35508
2013-11-20 06:00:00,1.35508,1.35377,1.35513,1.35393
2013-11-20 07:00:00,1.35395,1.35301,1.35425,1.35338
2013-11-20 08:00:00,1.35338,1.35276,1.35394,1.35363
2013-11-20 09:00:00,1.3536,1.35163,1.35402,1.35215
2013-11-20 10:00:00,1.35213,1.35179,1.35324,1.35282
2013-11-20 11:00:00,1.35282,1.35217,1.35323,1.35255
2013-11-20 12:00:00,1.35252,1.35169,1.35359,1.35188
2013-11-20 13:00:00,1.3519,1.35118,1.35437,1.35347
2013-11-20 14:00:00,1.35344,1.35242,1.35464,1.35298
2013-11-20 15:00:00,1.35298,1.34542,1.35427,1.34641
2013-11-20 16:00:00,1.3464,1.34456,1.34718,1.34501
2013-11-20 17:00:00,1.34503,1.34344,1.34532,1.34379
2013-11-20 18:00:00,1.34376,1.34288,1.34454,1.34418
2013-11-20 19:00:00,1.34419,1.34142,1.34467,1.34196
2013-11-20 20:00:00,1.34197,1.34171,1.3434,1.34307
2013-11-20 21:00:00,1.34305,1.343,1.34416,1.34375
2013-11-20 22:00:00,1.34368,1.3435,1.34408,1.34384
2013-11-20 23:00:00,1.34382,1.34298,1.34383,1.34299
2013-11-21 00:00:00,1.343,1.34194,1.34353,1.34238
2013-11-21 01:00:00,1.34238,1.34192,1.34298,1.34228
2013-11-21 02:00:00,1.34225,1.34209,1.34264,1.34236
2013-11-21 03:00:00,1.34237,1.34219,1.34288,1.34227
2013-11-21 04:00:00,1.34225,1.34129,1.34242,1.34159
2013-11-21 05:00:00,1.34162,1.34139,1.34267,1.34232
2013-11-21 06:00:00,1.34234,1.34172,1.34323,1.34291
2013-11-21 07:00:00,1.3429,1.34009,1.3433,1.34068
2013-11-21 08:00:00,1.34068,1.3398,1.34332,1.34271
2013-11-21 09:00:00,1.34271,1.34167,1.3441,1.34291
2013-11-21 10:00:00,1.34293,1.34233,1.34433,1.34391
2013-11-21 11:00:00,1.34393,1.34278,1.34768,1.34649
2013-11-21 12:00:00,1.34649,1.34548,1.34708,1.34642
2013-11-21 13:00:00,1.34642,1.34522,1.34743,1.34612
2013-11-21 14:00:00,1.34614,1.34433,1.34688,1.34472
2013-11-21 15:00:00,1.3447,1.34434,1.34752,1.34616
2013-11-21 16:00:00,1.34619,1.34566,1.34785,1.34693
2013-11-21 17:00:00,1.34695,1.34558,1.34738,1.34586
2013-11-21 18:00:00,1.34585,1.34448,1.3463,1.34542
2013-11-21 19:00:00,1.34541,1.34488,1.34647,1.34607
2013-11-21 20:00:00,1.34607,1.34579,1.34696,1.34689
2013-11-21 21:00:00,1.34688,1.34666,1.34859,1.3481
2013-11-21 22:00:00,1.34806,1.34706,1.34845,1.34751
2013-11-21 23:00:00,1.34751,1.34697,1.34771,1.34705
2013-11-22 00:00:00,1.34705,1.34666,1.34758,1.34721
2013-11-22 01:00:00,1.34723,1.34691,1.34795,1.34694
2013-11-22 02:00:00,1.34697,1.34676,1.34729,1.34708
2013-11-22 03:00:00,1.34709,1.34615,1.34718,1.34655
2013-11-22 04:00:00,1.34652,1.34622,1.34676,1.34641
2013-11-22 05:00:00,1.3464,1.3463,1.3475,1.34729
2013-11-22 06:00:00,1.34727,1.34693,1.34891,1.3483
2013-11-22 07:00:00,1.3483,1.34783,1.34897,1.34842
2013-11-22 08:00:00,1.34843,1.3482,1.3498,1.34906
2013-11-22 09:00:00,1.34907,1.34907,1.35258,1.35111
2013-11-22 10:00:00,1.35111,1.35096,1.35262,1.35132
2013-11-22 11:00:00,1.35132,1.35109,1.35194,1.35138
2013-11-22 12:00:00,1.35138,1.35133,1.35381,1.35275
2013-11-22 13:00:00,1.35275,1.35123,1.35314,1.35229
2013-11-22 14:00:00,1.35226,1.35141,1.35339,1.35335
2013-11-22 15:00:00,1.35336,1.35198,1.35369,1.35202
2013-11-22 16:00:00,1.35202,1.35202,1.3553,1.3546
2013-11-22 17:00:00,1.35461,1.35356,1.35496,1.35381
2013-11-22 18:00:00,1.35381,1.35374,1.35503,1.35487
2013-11-22 19:00:00,1.35484,1.35456,1.35504,1.35499
2013-11-22 20:00:00,1.35499,1.35455,1.35512,1.35488
2013-11-22 21:00:00,1.35487,1.35456,1.35563,1.3556
2013-11-24 22:00:00,1.3548,1.35464,1.35542,1.35529
2013-11-24 23:00:00,1.35527,1.35491,1.35593,1.35503
2013-11-25 00:00:00,1.35503,1.35452,1.35527,1.35479
2013-11-25 01:00:00,1.35478,1.35405,1.35559,1.35424
2013-11-25 02:00:00,1.35427,1.35387,1.35488,1.3546
2013-11-25 03:00:00,1.35461,1.35433,1.35487,1.35447
2013-11-25 04:00:00,1.35446,1.35389,1.35477,1.35403
2013-11-25 05:00:00,1.35403,1.35373,1.35435,1.35411
2013-11-25 06:00:00,1.35411,1.3534,1.35418,1.35399
2013-11-25 07:00:00,1.354,1.35332,1.35448,1.35394
2013-11-25 08:00:00,1.35394,1.35257,1.35409,1.35292
2013-11-25 09:00:00,1.35291,1.35112,1.35352,1.35165
2013-11-25 10:00:00,1.35166,1.35074,1.35202,1.35121
2013-11-25 11:00:00,1.35119,1.35092,1.3526,1.35257
2013-11-25 12:00:00,1.35256,1.35147,1.35267,1.35267
2013-11-25 13:00:00,1.35264,1.35042,1.35279,1.35124
2013-11-25 14:00:00,1.35124,1.34957,1.35145,1.35027
2013-11-25 15:00:00,1.3503,1.34896,1.35131,1.3505
2013-11-25 16:00:00,1.3505,1.3493,1.3508,1.35015
2013-11-25 17:00:00,1.35016,1.34999,1.35164,1.35135
2013-11-25 18:00:00,1.35134,1.35081,1.35186,1.35148
2013-11-25 19:00:00,1.35148,1.35101,1.35156,1.35147
2013-11-25 20:00:00,1.35148,1.35122,1.35201,1.35188
2013-11-25 21:00:00,1.35188,1.3512,1.35191,1.35156
2013-11-25 22:00:00,1.35156,1.35136,1.35238,1.35211
2013-11-25 23:00:00,1.35212,1.35184,1.35333,1.35329
2013-11-26 00:00:00,1.35329,1.35238,1.35369,1.35368
2013-11-26 01:00:00,1.35367,1.35341,1.35404,1.3538
2013-11-26 02:00:00,1.35379,1.35283,1.35386,1.35285
2013-11-26 03:00:00,1.35287,1.35279,1.3533,1.35298
2013-11-26 04:00:00,1.35297,1.35283,1.35349,1.35326
2013-11-26 05:00:00,1.35326,1.35267,1.35331,1.35305
2013-11-26 06:00:00,1.35305,1.35272,1.35326,1.35279
2013-11-26 07:00:00,1.35277,1.35277,1.35481,1.35394
2013-11-26 08:00:00,1.35396,1.35392,1.35709,1.35552
2013-11-26 09:00:00,1.35551,1.35452,1.35611,1.35507
2013-11-26 10:00:00,1.35505,1.3537,1.35533,1.35506
2013-11-26 11:00:00,1.35507,1.35368,1.3553,1.35469
2013-11-26 12:00:00,1.35469,1.35418,1.35501,1.35469
2013-11-26 13:00:00,1.35471,1.35374,1.35522,1.35464
2013-11-26 14:00:00,1.35465,1.35203,1.35491,1.3522
2013-11-26 15:00:00,1.35221,1.35211,1.35633,1.35593
2013-11-26 16:00:00,1.35596,1.35492,1.35612,1.35533
2013-11-26 17:00:00,1.35533,1.35491,1.35596,1.35561
2013-11-26 18:00:00,1.35559,1.35542,1.35717,1.35613
2013-11-26 19:00:00,1.35616,1.35611,1.35745,1.35733
2013-11-26 20:00:00,1.35733,1.35668,1.35734,1.35682
2013-11-26 21:00:00,1.35682,1.35678,1.35738,1.35711
2013-11-26 22:00:00,1.35712,1.35658,1.35715,1.35663
2013-11-26 23:00:00,1.35663,1.35652,1.35687,1.35664
2013-11-27 00:00:00,1.35662,1.35609,1.35688,1.35618
2013-11-27 01:00:00,1.35619,1.35574,1.35656,1.35607
2013-11-27 02:00:00,1.35609,1.35582,1.35686,1.35678
2013-11-27 03:00:00,1.35676,1.35615,1.35987,1.35919
2013-11-27 04:00:00,1.35919,1.35886,1.35976,1.35937
2013-11-27 05:00:00,1.35937,1.35885,1.35969,1.35885
2013-11-27 06:00:00,1.35883,1.35725,1.35941,1.358
2013-11-27 07:00:00,1.35798,1.35725,1.35834,1.35773
2013-11-27 08:00:00,1.35773,1.35738,1.35895,1.35888
2013-11-27 09:00:00,1.35889,1.35869,1.36124,1.36054
2013-11-27 10:00:00,1.36052,1.35932,1.36054,1.35988
2013-11-27 11:00:00,1.35988,1.35928,1.36028,1.35976
2013-11-27 12:00:00,1.35973,1.35879,1.35979,1.35912
2013-11-27 13:00:00,1.35915,1.35859,1.36044,1.36006
2013-11-27 14:00:00,1.36008,1.35761,1.36082,1.35793
2013-11-27 15:00:00,1.35791,1.35716,1.35894,1.35729
2013-11-27 16:00:00,1.35727,1.35614,1.35812,1.35621
2013-11-27 17:00:00,1.35622,1.35583,1.35739,1.35696
2013-11-27 18:00:00,1.35696,1.35656,1.35735,1.35676
2013-11-27 19:00:00,1.35676,1.35655,1.35758,1.3573
2013-11-27 20:00:00,1.3573,1.35687,1.35747,1.35729
2013-11-27 21:00:00,1.35731,1.35714,1.35789,1.35783
2013-11-27 22:00:00,1.35783,1.3571,1.35788,1.35772
2013-11-27 23:00:00,1.35771,1.35704,1.3578,1.35724
2013-11-28 00:00:00,1.35725,1.35633,1.35738,1.35661
2013-11-28 01:00:00,1.35661,1.35648,1.35729,1.35708
2013-11-28 02:00:00,1.35708,1.35681,1.35758,1.35741
2013-11-28 03:00:00,1.35741,1.35727,1.35778,1.35773
2013-11-28 04:00:00,1.35776,1.35762,1.3586,1.35858
2013-11-28 05:00:00,1.35859,1.35822,1.35875,1.35846
2013-11-28 06:00:00,1.35844,1.35764,1.35873,1.35769
2013-11-28 07:00:00,1.35769,1.35676,1.35805,1.35784
2013-11-28 08:00:00,1.35784,1.35784,1.36103,1.36063
2013-11-28 09:00:00,1.36063,1.35948,1.36174,1.35994
2013-11-28 10:00:00,1.35995,1.3589,1.36037,1.35915
2013-11-28 11:00:00,1.35915,1.35871,1.35992,1.35912
2013-11-28 12:00:00,1.35913,1.35881,1.35954,1.35915
2013-11-28 13:00:00,1.35917,1.3591,1.36059,1.35937
2013-11-28 14:00:00,1.35936,1.35926,1.36059,1.36059
2013-11-28 15:00:00,1.36061,1.35993,1.36071,1.35993
2013-11-28 16:00:00,1.35991,1.3595,1.3602,1.35994
2013-11-28 17:00:00,1.35993,1.35946,1.36046,1.35952
2013-11-28 18:00:00,1.3595,1.3595,1.36016,1.36007
2013-11-28 19:00:00,1.36007,1.35994,1.36036,1.36032
2013-11-28 20:00:00,1.36031,1.36007,1.36061,1.36041
2013-11-28 21:00:00,1.3604,1.36007,1.36059,1.36031
2013-11-28 22:00:00,1.3602,1.35972,1.36073,1.36019
2013-11-28 23:00:00,1.3602,1.35983,1.36033,1.36021
2013-11-29 00:00:00,1.36021,1.35993,1.36139,1.3612
2013-11-29 01:00:00,1.36118,1.36029,1.36193,1.36159
2013-11-29 02:00:00,1.36158,1.36141,1.36195,1.36186
2013-11-29 03:00:00,1.36185,1.36166,1.36213,1.36177
2013-11-29 04:00:00,1.36177,1.36093,1.36185,1.36109
2013-11-29 05:00:00,1.3611,1.36052,1.36193,1.3619
2013-11-29 06:00:00,1.36189,1.36081,1.36212,1.36096
2013-11-29 07:00:00,1.36097,1.36045,1.36148,1.36056
2013-11-29 08:00:00,1.36056,1.35986,1.36122,1.36075
2013-11-29 09:00:00,1.36074,1.35953,1.3619,1.36154
2013-11-29 10:00:00,1.36156,1.35966,1.36183,1.36064
2013-11-29 11:00:00,1.36064,1.36054,1.36152,1.36087
2013-11-29 12:00:00,1.36088,1.36054,1.36168,1.36128
2013-11-29 13:00:00,1.36127,1.3599,1.36132,1.36037
2013-11-29 14:00:00,1.36037,1.35976,1.36076,1.35989
2013-11-29 15:00:00,1.35988,1.35988,1.36171,1.36149
2013-11-29 16:00:00,1.36147,1.35973,1.36151,1.3605
2013-11-29 17:00:00,1.36048,1.35822,1.36108,1.35849
2013-11-29 18:00:00,1.35847,1.35819,1.35929,1.35856
2013-11-29 19:00:00,1.35858,1.35804,1.35859,1.35826
2013-11-29 20:00:00,1.35826,1.3582,1.35904,1.35836
2013-11-29 21:00:00,1.35835,1.35794,1.35929,1.35895
2013-12-01 22:00:00,1.35853,1.35801,1.35914,1.35881
2013-12-01 23:00:00,1.35879,1.35808,1.35881,1.35844
2013-12-02 00:00:00,1.35842,1.3583,1.36105,1.35886
2013-12-02 01:00:00,1.35885,1.35878,1.36064,1.36048
2013-12-02 02:00:00,1.36049,1.35957,1.361,1.35988
2013-12-02 03:00:00,1.35989,1.35929,1.36008,1.36008
2013-12-02 04:00:00,1.36009,1.35987,1.36051,1.36019
2013-12-02 05:00:00,1.3602,1.36005,1.36059,1.36033
2013-12-02 06:00:00,1.36034,1.3601,1.36049,1.36018
2013-12-02 07:00:00,1.36019,1.3596,1.36154,1.36059
2013-12-02 08:00:00,1.36058,1.35813,1.36066,1.35886
2013-12-02 09:00:00,1.35884,1.35424,1.35888,1.35517
2013-12-02 10:00:00,1.35517,1.35421,1.35563,1.35439
2013-12-02 11:00:00,1.35439,1.35254,1.35487,1.35348
2013-12-02 12:00:00,1.35348,1.35337,1.35479,1.354
2013-12-02 13:00:00,1.35398,1.35304,1.35449,1.35405
2013-12-02 14:00:00,1.35406,1.35378,1.35539,1.35476
2013-12-02 15:00:00,1.35473,1.35237,1.35603,1.35553
2013-12-02 16:00:00,1.35551,1.35406,1.35556,1.35508
2013-12-02 17:00:00,1.35509,1.35435,1.3553,1.35497
2013-12-02 18:00:00,1.35497,1.35365,1.35501,1.35373
2013-12-02 19:00:00,1.35375,1.35336,1.35416,1.35382
2013-12-02 20:00:00,1.35379,1.35339,1.35398,1.35394
2013-12-02 21:00:00,1.35393,1.35366,1.3542,1.3541
2013-12-02 22:00:00,1.35407,1.35346,1.35423,1.35379
2013-12-02 23:00:00,1.35378,1.35375,1.35421,1.35415
2013-12-03 00:00:00,1.35417,1.35343,1.35454,1.35355
2013-12-03 01:00:00,1.35355,1.35238,1.35379,1.35347
2013-12-03 02:00:00,1.35349,1.35293,1.35359,1.35318
2013-12-03 03:00:00,1.35317,1.35282,1.35365,1.35337
2013-12-03 04:00:00,1.35337,1.35285,1.35377,1.35366
2013-12-03 05:00:00,1.35367,1.35348,1.35464,1.35451
2013-12-03 06:00:00,1.3545,1.35424,1.35522,1.35519
2013-12-03 07:00:00,1.35521,1.35453,1.35531,1.35479
2013-12-03 08:00:00,1.35481,1.35454,1.35707,1.35664
2013-12-03 09:00:00,1.35662,1.35641,1.35751,1.35713
2013-12-03 10:00:00,1.35713,1.35637,1.35723,1.35678
2013-12-03 11:00:00,1.35678,1.35631,1.35746,1.35731
2013-12-03 12:00:00,1.35732,1.35717,1.35815,1.35738
2013-12-03 13:00:00,1.3574,1.35739,1.35928,1.3583
2013-12-03 14:00:00,1.35827,1.35695,1.35858,1.35803
2013-12-03 15:00:00,1.35802,1.35764,1.35947,1.35868
2013-12-03 16:00:00,1.35871,1.35821,1.36133,1.36033
2013-12-03 17:00:00,1.36032,1.35925,1.36081,1.35994
2013-12-03 18:00:00,1.35995,1.35936,1.36049,1.35972
2013-12-03 19:00:00,1.3597,1.35877,1.3601,1.35905
2013-12-03 20:00:00,1.35905,1.35875,1.35946,1.35877
2013-12-03 21:00:00,1.35877,1.35849,1.35929,1.3585
2013-12-03 22:00:00,1.35848,1.35786,1.35928,1.35878
2013-12-03 23:00:00,1.3588,1.35863,1.35938,1.35911
2013-12-04 00:00:00,1.3591,1.35828,1.35914,1.35868
2013-12-04 01:00:00,1.35869,1.35818,1.35959,1.35938
2013-12-04 02:00:00,1.35937,1.3589,1.35971,1.35892
2013-12-04 03:00:00,1.35893,1.35852,1.3592,1.35859
2013-12-04 04:00:00,1.35859,1.35852,1.35905,1.35898
2013-12-04 05:00:00,1.35897,1.3585,1.35936,1.35869
2013-12-04 06:00:00,1.35867,1.35757,1.35874,1.35795
2013-12-04 07:00:00,1.35798,1.3567,1.35799,1.35698
2013-12-04 08:00:00,1.35698,1.35669,1.35904,1.35804
2013-12-04 09:00:00,1.35802,1.35747,1.35905,1.35873
2013-12-04 10:00:00,1.35874,1.35847,1.35925,1.35904
2013-12-04 11:00:00,1.35905,1.3587,1.35945,1.35879
2013-12-04 12:00:00,1.35879,1.35833,1.36003,1.35981
2013-12-04 13:00:00,1.35981,1.35415,1.35989,1.35466
2013-12-04 14:00:00,1.35466,1.35277,1.35482,1.3541
2013-12-04 15:00:00,1.3541,1.35356,1.35611,1.35559
2013-12-04 16:00:00,1.35557,1.35534,1.35645,1.35543
2013-12-04 17:00:00,1.35541,1.35541,1.36048,1.35938
2013-12-04 18:00:00,1.35941,1.35866,1.36006,1.35876
2013-12-04 19:00:00,1.35877,1.35841,1.35943,1.35884
2013-12-04 20:00:00,1.35882,1.35833,1.35898,1.35857
2013-12-04 21:00:00,1.35859,1.35833,1.35948,1.3592
2013-12-04 22:00:00,1.35917,1.35864,1.35925,1.35894
2013-12-04 23:00:00,1.35893,1.35833,1.35893,1.35845
2013-12-05 00:00:00,1.35846,1.35784,1.35905,1.35806
2013-12-05 01:00:00,1.35808,1.35796,1.35882,1.35867
2013-12-05 02:00:00,1.35868,1.35815,1.35909,1.35894
2013-12-05 03:00:00,1.35896,1.35824,1.3592,1.35857
2013-12-05 04:00:00,1.35857,1.35833,1.36142,1.36026
2013-12-05 05:00:00,1.36027,1.36007,1.36084,1.36043
2013-12-05 06:00:00,1.36041,1.36024,1.36388,1.36252
2013-12-05 07:00:00,1.3625,1.36178,1.36339,1.36217
2013-12-05 08:00:00,1.36214,1.36013,1.36254,1.36039
2013-12-05 09:00:00,1.36038,1.35838,1.36058,1.35969
2013-12-05 10:00:00,1.35969,1.359,1.36008,1.35982
2013-12-05 11:00:00,1.35983,1.35858,1.35984,1.35861
2013-12-05 12:00:00,1.3586,1.35793,1.36009,1.35843
2013-12-05 13:00:00,1.3584,1.35423,1.36291,1.36147
2013-12-05 14:00:00,1.36146,1.36146,1.36501,1.3638
2013-12-05 15:00:00,1.36382,1.36378,1.36672,1.36555
2013-12-05 16:00:00,1.36558,1.36491,1.36739,1.36629
2013-12-05 17:00:00,1.36629,1.36617,1.3668,1.36641
2013-12-05 18:00:00,1.36641,1.36591,1.36671,1.36644
2013-12-05 19:00:00,1.36645,1.36621,1.36767,1.3675
2013-12-05 20:00:00,1.36747,1.36632,1.36757,1.36683
2013-12-05 21:00:00,1.36683,1.36638,1.36714,1.36657
2013-12-05 22:00:00,1.36657,1.36604,1.3674,1.36714
2013-12-05 23:00:00,1.36714,1.36657,1.3672,1.36684
2013-12-06 00:00:00,1.36684,1.36632,1.36686,1.3666
2013-12-06 01:00:00,1.3666,1.36616,1.36671,1.36664
2013-12-06 02:00:00,1.36667,1.36645,1.36686,1.36665
2013-12-06 03:00:00,1.36663,1.36657,1.36697,1.36663
2013-12-06 04:00:00,1.36664,1.36622,1.36683,1.36632
2013-12-06 05:00:00,1.36632,1.36562,1.36635,1.36597
2013-12-06 06:00:00,1.36595,1.3655,1.36626,1.36554
2013-12-06 07:00:00,1.36554,1.3654,1.36609,1.36586
2013-12-06 08:00:00,1.36585,1.36502,1.36639,1.36564
2013-12-06 09:00:00,1.36562,1.36548,1.36742,1.36683
2013-12-06 10:00:00,1.36685,1.36607,1.36709,1.3661
2013-12-06 11:00:00,1.36607,1.36552,1.36778,1.36697
2013-12-06 12:00:00,1.367,1.36615,1.36778,1.36615
2013-12-06 13:00:00,1.36616,1.36114,1.36704,1.36599
2013-12-06 14:00:00,1.36597,1.36564,1.36936,1.36758
2013-12-06 15:00:00,1.36755,1.36716,1.36956,1.36834
2013-12-06 16:00:00,1.36835,1.36809,1.37,1.36889
2013-12-06 17:00:00,1.36888,1.36855,1.36974,1.36952
2013-12-06 18:00:00,1.36953,1.36898,1.3696,1.36926
2013-12-06 19:00:00,1.36924,1.3689,1.36952,1.36948
2013-12-06 20:00:00,1.36947,1.36932,1.3706,1.37019
2013-12-06 21:00:00,1.37018,1.36984,1.37041,1.37036
2013-12-08 22:00:00,1.37129,1.37068,1.37198,1.37125
2013-12-08 23:00:00,1.37126,1.37036,1.3714,1.3706
2013-12-09 00:00:00,1.37059,1.37007,1.37108,1.37066
2013-12-09 01:00:00,1.37066,1.37046,1.37107,1.37075
2013-12-09 02:00:00,1.37076,1.3707,1.37102,1.37098
2013-12-09 03:00:00,1.37102,1.37014,1.37103,1.37038
2013-12-09 04:00:00,1.37036,1.37005,1.37068,1.37066
2013-12-09 05:00:00,1.37066,1.37006,1.37069,1.37042
2013-12-09 06:00:00,1.37043,1.36939,1.37049,1.36955
2013-12-09 07:00:00,1.36954,1.36949,1.37032,1.37006
2013-12-09 08:00:00,1.37007,1.36999,1.37182,1.37146
2013-12-09 09:00:00,1.37147,1.37143,1.37284,1.3717
2013-12-09 10:00:00,1.37172,1.37069,1.37247,1.37092
2013-12-09 11:00:00,1.3709,1.37064,1.37223,1.37164
2013-12-09 12:00:00,1.37163,1.3716,1.3726,1.37216
2013-12-09 13:00:00,1.37216,1.37156,1.3725,1.3721
2013-12-09 14:00:00,1.37213,1.37144,1.37244,1.3723
2013-12-09 15:00:00,1.37232,1.37182,1.37301,1.37191
2013-12-09 16:00:00,1.37191,1.37138,1.37264,1.37248
2013-12-09 17:00:00,1.37248,1.37181,1.37289,1.37227
2013-12-09 18:00:00,1.37228,1.3721,1.37456,1.37391
2013-12-09 19:00:00,1.37388,1.37329,1.37417,1.37393
2013-12-09 20:00:00,1.37393,1.37349,1.37406,1.37389
2013-12-09 21:00:00,1.37389,1.37353,1.37404,1.37375
2013-12-09 22:00:00,1.37375,1.37315,1.37393,1.37344
2013-12-09 23:00:00,1.37343,1.37341,1.37389,1.37363
2013-12-10 00:00:00,1.37363,1.3734,1.37442,1.37378
2013-12-10 01:00:00,1.37377,1.37359,1.37432,1.37424
2013-12-10 02:00:00,1.37421,1.37417,1.37669,1.37595
2013-12-10 03:00:00,1.37593,1.37525,1.37617,1.37531
2013-12-10 04:00:00,1.37531,1.37528,1.37585,1.37562
2013-12-10 05:00:00,1.37565,1.37503,1.37598,1.37522
2013-12-10 06:00:00,1.37521,1.37449,1.37536,1.37453
2013-12-10 07:00:00,1.37452,1.37418,1.37498,1.37491
2013-12-10 08:00:00,1.37491,1.37457,1.37596,1.37524
2013-12-10 09:00:00,1.37525,1.37421,1.37535,1.37453
2013-12-10 10:00:00,1.37454,1.37418,1.37501,1.37432
2013-12-10 11:00:00,1.37435,1.37399,1.37479,1.37437
2013-12-10 12:00:00,1.37437,1.37396,1.37533,1.3752
2013-12-10 13:00:00,1.37517,1.37479,1.37644,1.37632
2013-12-10 14:00:00,1.37631,1.37599,1.37911,1.37824
2013-12-10 15:00:00,1.37824,1.37645,1.37945,1.37704
2013-12-10 16:00:00,1.37706,1.37637,1.37729,1.3764
2013-12-10 17:00:00,1.37639,1.37625,1.37708,1.37691
2013-12-10 18:00:00,1.3769,1.37664,1.37755,1.37728
2013-12-10 19:00:00,1.37728,1.37615,1.37741,1.37619
2013-12-10 20:00:00,1.37619,1.37557,1.37683,1.37667
2013-12-10 21:00:00,1.37664,1.37587,1.37679,1.37595
2013-12-10 22:00:00,1.37592,1.37553,1.37626,1.37583
2013-12-10 23:00:00,1.37583,1.37581,1.37639,1.37634
2013-12-11 00:00:00,1.37635,1.37598,1.37647,1.37606
2013-12-11 01:00:00,1.37606,1.37503,1.37606,1.37542
2013-12-11 02:00:00,1.3754,1.3746,1.37563,1.3748
2013-12-11 03:00:00,1.37479,1.37477,1.3759,1.37584
2013-12-11 04:00:00,1.37584,1.37553,1.3762,1.37587
2013-12-11 05:00:00,1.37587,1.37557,1.37621,1.37572
2013-12-11 06:00:00,1.3757,1.37551,1.37638,1.37618
2013-12-11 07:00:00,1.3762,1.37616,1.37711,1.37668
2013-12-11 08:00:00,1.37668,1.37398,1.3769,1.3763
2013-12-11 09:00:00,1.3763,1.37569,1.37731,1.37588
2013-12-11 10:00:00,1.37587,1.37572,1.37667,1.3765
2013-12-11 11:00:00,1.37652,1.37617,1.37679,1.37656
2013-12-11 12:00:00,1.37655,1.37612,1.37723,1.37669
2013-12-11 13:00:00,1.37669,1.37618,1.3778,1.37677
2013-12-11 14:00:00,1.37675,1.37658,1.37976,1.37862
2013-12-11 15:00:00,1.37862,1.37624,1.37996,1.37909
2013-12-11 16:00:00,1.37908,1.37826,1.38003,1.37963
2013-12-11 17:00:00,1.37961,1.37935,1.38103,1.3802
2013-12-11 18:00:00,1.3802,1.3789,1.38051,1.37921
2013-12-11 19:00:00,1.37923,1.37835,1.37949,1.37876
2013-12-11 20:00:00,1.37877,1.37835,1.37915,1.37852
2013-12-11 21:00:00,1.37852,1.3784,1.37882,1.37851
2013-12-11 22:00:00,1.37849,1.37792,1.37895,1.37858
2013-12-11 23:00:00,1.37859,1.37838,1.37877,1.37845
2013-12-12 00:00:00,1.37847,1.37723,1.37872,1.37739
2013-12-12 01:00:00,1.37739,1.37739,1.37833,1.37818
2013-12-12 02:00:00,1.37819,1.37811,1.3797,1.37924
2013-12-12 03:00:00,1.37923,1.37896,1.3794,1.37915
2013-12-12 04:00:00,1.37916,1.37901,1.37962,1.37926
2013-12-12 05:00:00,1.37926,1.37895,1.37945,1.37916
2013-12-12 06:00:00,1.37917,1.37806,1.37977,1.37806
2013-12-12 07:00:00,1.37808,1.37792,1.38028,1.38001
2013-12-12 08:00:00,1.38003,1.37769,1.38017,1.3784
2013-12-12 09:00:00,1.37839,1.37633,1.37891,1.37669
2013-12-12 10:00:00,1.37669,1.37642,1.37768,1.37723
2013-12-12 11:00:00,1.37724,1.37694,1.37895,1.3787
2013-12-12 12:00:00,1.37871,1.37776,1.37899,1.3782
2013-12-12 13:00:00,1.3782,1.37493,1.37848,1.37572
2013-12-12 14:00:00,1.37571,1.37498,1.37788,1.37752
2013-12-12 15:00:00,1.37753,1.37459,1.37766,1.37521
2013-12-12 16:00:00,1.37523,1.37444,1.37627,1.37514
2013-12-12 17:00:00,1.37513,1.37458,1.37576,1.3748
2013-12-12 18:00:00,1.37479,1.37368,1.37484,1.37384
2013-12-12 19:00:00,1.37386,1.37386,1.37478,1.37438
2013-12-12 20:00:00,1.37439,1.37427,1.37518,1.37508
2013-12-12 21:00:00,1.3751,1.37461,1.37562,1.37519
2013-12-12 22:00:00,1.37516,1.37409,1.37554,1.37485
2013-12-12 23:00:00,1.37485,1.37461,1.37505,1.37493
2013-12-13 00:00:00,1.37494,1.3744,1.37498,1.37462
2013-12-13 01:00:00,1.3746,1.37458,1.37548,1.37481
2013-12-13 02:00:00,1.37483,1.37463,1.37521,1.37517
2013-12-13 03:00:00,1.37518,1.37498,1.37594,1.37554
2013-12-13 04:00:00,1.37553,1.37455,1.37567,1.37473
2013-12-13 05:00:00,1.3747,1.37418,1.37494,1.37493
2013-12-13 06:00:00,1.37492,1.37469,1.37527,1.37513
2013-12-13 07:00:00,1.37514,1.37487,1.37564,1.37534
2013-12-13 08:00:00,1.37535,1.37531,1.37686,1.37614
2013-12-13 09:00:00,1.37616,1.37483,1.3762,1.37493
2013-12-13 10:00:00,1.37495,1.37092,1.37513,1.37092
2013-12-13 11:00:00,1.37093,1.37086,1.37345,1.37222
2013-12-13 12:00:00,1.37222,1.37141,1.37337,1.37289
2013-12-13 13:00:00,1.37289,1.37199,1.37541,1.37506
2013-12-13 14:00:00,1.37505,1.37154,1.37527,1.37191
2013-12-13 15:00:00,1.37191,1.37177,1.37345,1.37291
2013-12-13 16:00:00,1.3729,1.37211,1.37369,1.37225
2013-12-13 17:00:00,1.37226,1.37162,1.37286,1.37172
2013-12-13 18:00:00,1.37171,1.37122,1.37277,1.37254
2013-12-13 19:00:00,1.37254,1.37243,1.37349,1.37333
2013-12-13 20:00:00,1.37335,1.37291,1.37362,1.37359
2013-12-13 21:00:00,1.3736,1.37353,1.37427,1.37379
2013-12-15 22:00:00,1.37286,1.37258,1.3737,1.3737
2013-12-15 23:00:00,1.3737,1.37356,1.37411,1.37375
2013-12-16 00:00:00,1.37372,1.37371,1.375,1.37455
2013-12-16 01:00:00,1.37455,1.3745,1.37532,1.37509
2013-12-16 02:00:00,1.37511,1.37509,1.37607,1.37562
2013-12-16 03:00:00,1.37563,1.37548,1.37595,1.3757
2013-12-16 04:00:00,1.37567,1.37511,1.37584,1.37521
2013-12-16 05:00:00,1.37523,1.37468,1.37545,1.37523
2013-12-16 06:00:00,1.3752,1.3752,1.37592,1.37555
2013-12-16 07:00:00,1.37554,1.37319,1.37612,1.37497
2013-12-16 08:00:00,1.375,1.37393,1.37575,1.37548
2013-12-16 09:00:00,1.3755,1.37512,1.37744,1.37663
2013-12-16 10:00:00,1.37662,1.37609,1.37837,1.37746
2013-12-16 11:00:00,1.37743,1.37737,1.3788,1.37852
2013-12-16 12:00:00,1.37854,1.37815,1.37982,1.37872
2013-12-16 13:00:00,1.37873,1.37654,1.37892,1.37709
2013-12-16 14:00:00,1.37706,1.37504,1.37754,1.37593
2013-12-16 15:00:00,1.37595,1.37515,1.37843,1.37533
2013-12-16 16:00:00,1.37535,1.3753,1.3767,1.37562
2013-12-16 17:00:00,1.37562,1.37421,1.37584,1.37452
2013-12-16 18:00:00,1.37453,1.37448,1.37586,1.37547
2013-12-16 19:00:00,1.37546,1.37533,1.37671,1.37637
2013-12-16 20:00:00,1.37637,1.37591,1.37664,1.37624
2013-12-16 21:00:00,1.37624,1.37591,1.37654,1.37599
2013-12-16 22:00:00,1.37597,1.37561,1.3762,1.37576
2013-12-16 23:00:00,1.37576,1.37575,1.37613,1.37603
2013-12-17 00:00:00,1.37602,1.37512,1.37623,1.37522
2013-12-17 01:00:00,1.37523,1.37519,1.37601,1.37601
2013-12-17 02:00:00,1.376,1.37578,1.37632,1.37629
2013-12-17 03:00:00,1.37629,1.37626,1.37714,1.37668
2013-12-17 04:00:00,1.37667,1.37664,1.37701,1.37688
2013-12-17 05:00:00,1.37688,1.37664,1.37731,1.3773
2013-12-17 06:00:00,1.37731,1.37702,1.37736,1.37719
2013-12-17 07:00:00,1.3772,1.37706,1.37818,1.37759
2013-12-17 08:00:00,1.37759,1.37697,1.3779,1.37704
2013-12-17 09:00:00,1.37701,1.37599,1.37732,1.37603
2013-12-17 10:00:00,1.37605,1.37574,1.37774,1.37691
2013-12-17 11:00:00,1.37689,1.37539,1.37689,1.37544
2013-12-17 12:00:00,1.37544,1.37445,1.3758,1.37483
2013-12-17 13:00:00,1.37484,1.37449,1.37677,1.37579
2013-12-17 14:00:00,1.37581,1.3734,1.37599,1.37359
2013-12-17 15:00:00,1.37359,1.37226,1.37466,1.37318
2013-12-17 16:00:00,1.37318,1.37272,1.37589,1.37471
2013-12-17 17:00:00,1.3747,1.3747,1.37586,1.37551
2013-12-17 18:00:00,1.37552,1.37505,1.37741,1.37664
2013-12-17 19:00:00,1.37667,1.37645,1.37731,1.37658
2013-12-17 20:00:00,1.3766,1.37614,1.37687,1.37631
2013-12-17 21:00:00,1.37631,1.37629,1.37677,1.37671
2013-12-17 22:00:00,1.3767,1.37643,1.37711,1.37703
2013-12-17 23:00:00,1.37703,1.37671,1.3771,1.37686
2013-12-18 00:00:00,1.37686,1.3765,1.37707,1.37654
2013-12-18 01:00:00,1.37655,1.3762,1.37691,1.37674
2013-12-18 02:00:00,1.37675,1.37674,1.37727,1.37702
2013-12-18 03:00:00,1.37701,1.3769,1.37728,1.37724
2013-12-18 04:00:00,1.37724,1.37716,1.37743,1.37735
2013-12-18 05:00:00,1.37736,1.37719,1.37744,1.37724
2013-12-18 06:00:00,1.37723,1.37695,1.37725,1.37718
2013-12-18 07:00:00,1.37721,1.37692,1.37777,1.3771
2013-12-18 08:00:00,1.37707,1.37603,1.37722,1.37607
2013-12-18 09:00:00,1.37609,1.37463,1.37724,1.37482
2013-12-18 10:00:00,1.37479,1.37433,1.3755,1.375
2013-12-18 11:00:00,1.37501,1.37473,1.37561,1.3749
2013-12-18 12:00:00,1.37491,1.37436,1.37523,1.37443
2013-12-18 13:00:00,1.37444,1.37281,1.37515,1.37415
2013-12-18 14:00:00,1.37414,1.37411,1.37668,1.37659
2013-12-18 15:00:00,1.37657,1.37545,1.37696,1.37607
2013-12-18 16:00:00,1.37609,1.37547,1.37735,1.37642
2013-12-18 17:00:00,1.37641,1.37546,1.37658,1.37557
2013-12-18 18:00:00,1.37558,1.37524,1.37916,1.379
2013-12-18 19:00:00,1.3787,1.36949,1.38109,1.37566
2013-12-18 20:00:00,1.37566,1.36736,1.37637,1.3694
2013-12-18 21:00:00,1.36938,1.3681,1.37049,1.36827
2013-12-18 22:00:00,1.36827,1.36721,1.36865,1.36744
2013-12-18 23:00:00,1.36745,1.36674,1.36829,1.36822
2013-12-19 00:00:00,1.3682,1.36761,1.36933,1.36766
2013-12-19 01:00:00,1.36763,1.36711,1.3678,1.3674
2013-12-19 02:00:00,1.36741,1.3652,1.36754,1.36524
2013-12-19 03:00:00,1.36521,1.3649,1.36581,1.3657
2013-12-19 04:00:00,1.36568,1.36558,1.36633,1.36566
2013-12-19 05:00:00,1.36568,1.36565,1.36672,1.36658
2013-12-19 06:00:00,1.36656,1.36632,1.368,1.36763
2013-12-19 07:00:00,1.36764,1.36733,1.36905,1.36875
2013-12-19 08:00:00,1.36874,1.36689,1.36875,1.36777
2013-12-19 09:00:00,1.36777,1.36664,1.36814,1.36779
2013-12-19 10:00:00,1.36782,1.3673,1.36845,1.36823
2013-12-19 11:00:00,1.36823,1.36759,1.36878,1.36862
2013-12-19 12:00:00,1.36863,1.36589,1.36881,1.36618
2013-12-19 13:00:00,1.36619,1.3657,1.36765,1.36708
2013-12-19 14:00:00,1.36707,1.36592,1.36782,1.3661
2013-12-19 15:00:00,1.36613,1.3651,1.3675,1.36678
2013-12-19 16:00:00,1.36678,1.36585,1.36696,1.36648
2013-12-19 17:00:00,1.3665,1.36542,1.36664,1.3664
2013-12-19 18:00:00,1.36639,1.3658,1.36656,1.36598
2013-12-19 19:00:00,1.36599,1.36508,1.36622,1.36561
2013-12-19 20:00:00,1.36562,1.36519,1.36576,1.36549
2013-12-19 21:00:00,1.36549,1.36545,1.36635,1.36603
2013-12-19 22:00:00,1.36602,1.36521,1.36665,1.36548
2013-12-19 23:00:00,1.36548,1.36504,1.36576,1.36548
2013-12-20 00:00:00,1.36549,1.36312,1.36559,1.36325
2013-12-20 01:00:00,1.36324,1.36318,1.36458,1.36375
2013-12-20 02:00:00,1.36376,1.36373,1.36465,1.3643
2013-12-20 03:00:00,1.3643,1.36402,1.36458,1.36439
2013-12-20 04:00:00,1.36438,1.36328,1.36462,1.36352
2013-12-20 05:00:00,1.36354,1.36248,1.36367,1.36351
2013-12-20 06:00:00,1.3635,1.36306,1.36378,1.36327
2013-12-20 07:00:00,1.36326,1.36242,1.36376,1.36278
2013-12-20 08:00:00,1.36277,1.36266,1.36369,1.36366
2013-12-20 09:00:00,1.36367,1.36346,1.36458,1.3645
2013-12-20 10:00:00,1.36451,1.36424,1.3663,1.36585
2013-12-20 11:00:00,1.36583,1.365,1.36621,1.36518
2013-12-20 12:00:00,1.36518,1.3639,1.3655,1.36449
2013-12-20 13:00:00,1.36447,1.36316,1.36558,1.3644
2013-12-20 14:00:00,1.3644,1.36434,1.36752,1.36744
2013-12-20 15:00:00,1.36743,1.3668,1.37088,1.36711
2013-12-20 16:00:00,1.36709,1.36645,1.36851,1.36727
2013-12-20 17:00:00,1.36726,1.36714,1.36837,1.36777
2013-12-20 18:00:00,1.36774,1.3671,1.36809,1.36711
2013-12-20 19:00:00,1.3671,1.36667,1.36749,1.36724
2013-12-20 20:00:00,1.36724,1.3667,1.36813,1.36806
2013-12-20 21:00:00,1.36805,1.36681,1.3681,1.36706
2013-12-22 22:00:00,1.36715,1.36634,1.3675,1.36725
2013-12-22 23:00:00,1.36724,1.36709,1.36773,1.36773
2013-12-23 00:00:00,1.36772,1.36765,1.36943,1.36902
2013-12-23 01:00:00,1.36902,1.36802,1.36907,1.36843
2013-12-23 02:00:00,1.36844,1.36733,1.36844,1.36773
2013-12-23 03:00:00,1.36771,1.36735,1.36774,1.36744
2013-12-23 04:00:00,1.36746,1.36722,1.36779,1.36779
2013-12-23 05:00:00,1.36778,1.36742,1.3681,1.36768
2013-12-23 06:00:00,1.3677,1.36769,1.36842,1.36832
2013-12-23 07:00:00,1.36832,1.36814,1.36914,1.36855
2013-12-23 08:00:00,1.36855,1.36732,1.3688,1.36766
2013-12-23 09:00:00,1.36767,1.36727,1.36817,1.36761
2013-12-23 10:00:00,1.3676,1.36727,1.36813,1.36795
2013-12-23 11:00:00,1.36795,1.3679,1.36897,1.36797
2013-12-23 12:00:00,1.36798,1.36789,1.36999,1.36961
2013-12-23 13:00:00,1.36962,1.36911,1.37039,1.3702
2013-12-23 14:00:00,1.3702,1.36886,1.37056,1.36973
2013-12-23 15:00:00,1.36974,1.36929,1.37164,1.3705
2013-12-23 16:00:00,1.3705,1.36974,1.37091,1.36997
2013-12-23 17:00:00,1.36997,1.36962,1.3704,1.36989
2013-12-23 18:00:00,1.36992,1.36953,1.37022,1.36961
2013-12-23 19:00:00,1.36961,1.36878,1.37005,1.36903
2013-12-23 20:00:00,1.36901,1.36896,1.36971,1.36957
2013-12-23 21:00:00,1.36958,1.36915,1.36988,1.36952
2013-12-23 22:00:00,1.36948,1.36846,1.37074,1.36957
2013-12-23 23:00:00,1.36953,1.36915,1.36984,1.36967
2013-12-24 00:00:00,1.36967,1.36842,1.36973,1.36847
2013-12-24 01:00:00,1.36846,1.36819,1.36866,1.36863
2013-12-24 02:00:00,1.36864,1.36818,1.3687,1.36831
2013-12-24 03:00:00,1.36831,1.36794,1.36859,1.36825
2013-12-24 04:00:00,1.36826,1.36756,1.36851,1.3679
2013-12-24 05:00:00,1.3679,1.36757,1.36823,1.368
2013-12-24 06:00:00,1.36798,1.36773,1.3685,1.36848
2013-12-24 07:00:00,1.36846,1.36828,1.36893,1.36874
2013-12-24 08:00:00,1.36874,1.367,1.36874,1.36737
2013-12-24 09:00:00,1.36737,1.36727,1.36794,1.36793
2013-12-24 10:00:00,1.36794,1.36718,1.36794,1.36733
2013-12-24 11:00:00,1.36734,1.36715,1.36802,1.36791
2013-12-24 12:00:00,1.3679,1.36745,1.3684,1.3682
2013-12-24 13:00:00,1.36821,1.36664,1.36849,1.367
2013-12-24 14:00:00,1.36703,1.36544,1.36705,1.36635
2013-12-24 15:00:00,1.36633,1.36606,1.36677,1.36662
2013-12-24 16:00:00,1.36662,1.36639,1.36784,1.36747
2013-12-24 17:00:00,1.36747,1.3673,1.36818,1.36809
2013-12-24 18:00:00,1.36813,1.36808,1.36813,1.36808
2013-12-25 22:00:00,1.36791,1.36722,1.36822,1.36794
2013-12-25 23:00:00,1.36792,1.36602,1.36796,1.36676
2013-12-26 00:00:00,1.36675,1.36633,1.36751,1.36738
2013-12-26 01:00:00,1.36737,1.36677,1.3676,1.36732
2013-12-26 02:00:00,1.36731,1.36731,1.36805,1.3678
2013-12-26 03:00:00,1.3678,1.36722,1.3685,1.36731
2013-12-26 04:00:00,1.3673,1.36676,1.36762,1.36759
2013-12-26 05:00:00,1.36759,1.36742,1.36815,1.36796
2013-12-26 06:00:00,1.36796,1.36757,1.36864,1.36851
2013-12-26 07:00:00,1.36851,1.36805,1.3686,1.3685
2013-12-26 08:00:00,1.3685,1.36796,1.3687,1.36856
2013-12-26 09:00:00,1.36859,1.36855,1.37009,1.36921
2013-12-26 10:00:00,1.3692,1.36861,1.36934,1.36883
2013-12-26 11:00:00,1.36884,1.36862,1.36967,1.3695
2013-12-26 12:00:00,1.36948,1.36877,1.36968,1.36882
2013-12-26 13:00:00,1.36882,1.36806,1.36988,1.36831
2013-12-26 14:00:00,1.36831,1.36789,1.36869,1.36863
2013-12-26 15:00:00,1.36862,1.36825,1.3698,1.36913
2013-12-26 16:00:00,1.36917,1.36845,1.36924,1.36896
2013-12-26 17:00:00,1.36894,1.36863,1.36927,1.36896
2013-12-26 18:00:00,1.36894,1.36875,1.36927,1.36921
2013-12-26 19:00:00,1.3692,1.36892,1.36942,1.36926
2013-12-26 20:00:00,1.36923,1.36905,1.36952,1.36935
2013-12-26 21:00:00,1.36937,1.36825,1.36946,1.36898
2013-12-26 22:00:00,1.36898,1.36828,1.36922,1.36876
2013-12-26 23:00:00,1.36877,1.36865,1.36946,1.36938
2013-12-27 00:00:00,1.3694,1.36919,1.37086,1.3705
2013-12-27 01:00:00,1.37047,1.3703,1.37139,1.37129
2013-12-27 02:00:00,1.37129,1.37125,1.37238,1.37233
2013-12-27 03:00:00,1.37235,1.37227,1.37447,1.37343
2013-12-27 04:00:00,1.37342,1.37321,1.37368,1.37364
2013-12-27 05:00:00,1.37366,1.37354,1.37473,1.37469
2013-12-27 06:00:00,1.3747,1.37356,1.3768,1.37629
2013-12-27 07:00:00,1.37629,1.37573,1.37743,1.37639
2013-12-27 08:00:00,1.37637,1.37634,1.37998,1.37954
2013-12-27 09:00:00,1.37954,1.37897,1.38058,1.37965
2013-12-27 10:00:00,1.37967,1.37935,1.38111,1.38037
2013-12-27 11:00:00,1.38036,1.38031,1.3893,1.38596
2013-12-27 12:00:00,1.38595,1.3832,1.38623,1.38444
2013-12-27 13:00:00,1.38445,1.38032,1.38457,1.38168
2013-12-27 14:00:00,1.38169,1.37847,1.38181,1.37992
2013-12-27 15:00:00,1.37993,1.37725,1.38067,1.37738
2013-12-27 16:00:00,1.37741,1.37627,1.37809,1.37647
2013-12-27 17:00:00,1.37644,1.37566,1.37774,1.37678
2013-12-27 18:00:00,1.37675,1.37596,1.37735,1.37619
2013-12-27 19:00:00,1.37617,1.37309,1.37619,1.37332
2013-12-27 20:00:00,1.37334,1.37319,1.37419,1.37398
2013-12-27 21:00:00,1.37399,1.37349,1.37466,1.37427
2013-12-29 22:00:00,1.37558,1.3753,1.37688,1.37595
2013-12-29 23:00:00,1.37593,1.3745,1.37593,1.37507
2013-12-30 00:00:00,1.37506,1.37418,1.37594,1.37542
2013-12-30 01:00:00,1.37541,1.37329,1.37547,1.3744
2013-12-30 02:00:00,1.37437,1.37434,1.37505,1.37474
2013-12-30 03:00:00,1.37476,1.37375,1.37513,1.3744
2013-12-30 04:00:00,1.37443,1.37367,1.37443,1.37412
2013-12-30 05:00:00,1.37409,1.37279,1.37409,1.37387
2013-12-30 06:00:00,1.37386,1.37352,1.37412,1.37382
2013-12-30 07:00:00,1.37382,1.3735,1.37594,1.37576
2013-12-30 08:00:00,1.37578,1.37374,1.37581,1.37484
2013-12-30 09:00:00,1.37482,1.37368,1.37569,1.3752
2013-12-30 10:00:00,1.3752,1.37497,1.37673,1.37628
2013-12-30 11:00:00,1.3763,1.37559,1.3775,1.37619
2013-12-30 12:00:00,1.37621,1.37619,1.37786,1.377
2013-12-30 13:00:00,1.377,1.37689,1.37993,1.37873
2013-12-30 14:00:00,1.3787,1.37818,1.37996,1.37908
2013-12-30 15:00:00,1.37909,1.37908,1.38148,1.38126
2013-12-30 16:00:00,1.38128,1.38073,1.38186,1.38143
2013-12-30 17:00:00,1.38141,1.37996,1.38162,1.37998
2013-12-30 18:00:00,1.37997,1.37994,1.38098,1.3804
2013-12-30 19:00:00,1.38043,1.3798,1.3805,1.38008
2013-12-30 20:00:00,1.38009,1.37957,1.38019,1.37973
2013-12-30 21:00:00,1.37975,1.37935,1.38029,1.37962
2013-12-30 22:00:00,1.37962,1.37872,1.37999,1.37931
2013-12-30 23:00:00,1.37934,1.37934,1.38082,1.38073
2013-12-31 00:00:00,1.3807,1.37999,1.3812,1.3811
2013-12-31 01:00:00,1.3811,1.38047,1.38116,1.38057
2013-12-31 02:00:00,1.38057,1.37923,1.38064,1.37923
2013-12-31 03:00:00,1.3792,1.37917,1.37979,1.37926
2013-12-31 04:00:00,1.37926,1.37908,1.37993,1.37984
2013-12-31 05:00:00,1.37984,1.37892,1.37989,1.37928
2013-12-31 06:00:00,1.37931,1.37853,1.37932,1.37877
2013-12-31 07:00:00,1.37876,1.37835,1.37969,1.37839
2013-12-31 08:00:00,1.3784,1.37679,1.37859,1.37684
2013-12-31 09:00:00,1.37683,1.37591,1.37766,1.37679
2013-12-31 10:00:00,1.37678,1.37625,1.378,1.37633
2013-12-31 11:00:00,1.37632,1.37589,1.37685,1.37663
2013-12-31 12:00:00,1.37664,1.37657,1.37793,1.37717
2013-12-31 13:00:00,1.37716,1.37667,1.37938,1.37779
2013-12-31 14:00:00,1.3778,1.37654,1.37807,1.37741
2013-12-31 15:00:00,1.37744,1.37629,1.37905,1.37789
2013-12-31 16:00:00,1.37786,1.37636,1.37805,1.3778
2013-12-31 17:00:00,1.37779,1.37653,1.3792,1.37877
2013-12-31 18:00:00,1.37877,1.37869,1.37877,1.37869
2014-01-01 22:00:00,1.3745,1.37353,1.37647,1.37588
2014-01-01 23:00:00,1.37594,1.3756,1.3772,1.37613
2014-01-02 00:00:00,1.37621,1.37574,1.37679,1.37585
2014-01-02 01:00:00,1.37584,1.37489,1.37648,1.37616
2014-01-02 02:00:00,1.37613,1.37589,1.37672,1.37655
2014-01-02 03:00:00,1.37658,1.37613,1.37744,1.37655
2014-01-02 04:00:00,1.37653,1.37438,1.37654,1.37456
2014-01-02 05:00:00,1.37456,1.37437,1.37573,1.37565
2014-01-02 06:00:00,1.37566,1.37463,1.37575,1.37502
2014-01-02 07:00:00,1.37502,1.37247,1.37527,1.37314
2014-01-02 08:00:00,1.37315,1.37145,1.374,1.37261
2014-01-02 09:00:00,1.37264,1.37219,1.37416,1.37289
2014-01-02 10:00:00,1.3729,1.37194,1.3732,1.37235
2014-01-02 11:00:00,1.37234,1.36835,1.37234,1.36887
2014-01-02 12:00:00,1.36888,1.36363,1.36888,1.36478
2014-01-02 13:00:00,1.36476,1.3635,1.36603,1.36511
2014-01-02 14:00:00,1.36511,1.36422,1.36569,1.36444
2014-01-02 15:00:00,1.3644,1.3629,1.36593,1.36573
2014-01-02 16:00:00,1.36571,1.36541,1.36762,1.3669
2014-01-02 17:00:00,1.36691,1.3662,1.36751,1.36739
2014-01-02 18:00:00,1.36738,1.36666,1.36756,1.36669
2014-01-02 19:00:00,1.3667,1.36506,1.36689,1.36514
2014-01-02 20:00:00,1.36513,1.36503,1.36631,1.36626
2014-01-02 21:00:00,1.36626,1.36609,1.36711,1.36708
2014-01-02 22:00:00,1.36708,1.36566,1.36712,1.36612
2014-01-02 23:00:00,1.36613,1.36613,1.36666,1.36646
2014-01-03 00:00:00,1.36646,1.36602,1.36714,1.36605
2014-01-03 01:00:00,1.36604,1.3653,1.36647,1.36544
2014-01-03 02:00:00,1.36543,1.36487,1.36636,1.36544
2014-01-03 03:00:00,1.36542,1.3654,1.36652,1.36575
2014-01-03 04:00:00,1.36572,1.3657,1.36655,1.36625
2014-01-03 05:00:00,1.36627,1.36438,1.36647,1.36472
2014-01-03 06:00:00,1.36472,1.36462,1.36534,1.36517
2014-01-03 07:00:00,1.36516,1.36443,1.3661,1.36503
2014-01-03 08:00:00,1.36505,1.3632,1.36559,1.36385
2014-01-03 09:00:00,1.36383,1.36278,1.36506,1.36461
2014-01-03 10:00:00,1.36458,1.36429,1.36541,1.36456
2014-01-03 11:00:00,1.36454,1.36387,1.36505,1.3639
2014-01-03 12:00:00,1.3639,1.36356,1.36582,1.36419
2014-01-03 13:00:00,1.36421,1.36211,1.3647,1.36369
2014-01-03 14:00:00,1.36369,1.3604,1.36383,1.3609
2014-01-03 15:00:00,1.36092,1.35986,1.36144,1.36121
2014-01-03 16:00:00,1.3612,1.36031,1.36171,1.36039
2014-01-03 17:00:00,1.36039,1.35927,1.36064,1.36039
2014-01-03 18:00:00,1.36042,1.35957,1.36044,1.36024
2014-01-03 19:00:00,1.36022,1.35939,1.36063,1.35979
2014-01-03 20:00:00,1.35979,1.35818,1.35989,1.35821
2014-01-03 21:00:00,1.35821,1.35818,1.35921,1.35868
2014-01-05 22:00:00,1.35912,1.35886,1.35992,1.3599
2014-01-05 23:00:00,1.3599,1.35884,1.3599,1.35951
2014-01-06 00:00:00,1.35948,1.35865,1.35999,1.35979
2014-01-06 01:00:00,1.35978,1.35792,1.35983,1.35822
2014-01-06 02:00:00,1.35825,1.35779,1.35877,1.35849
2014-01-06 03:00:00,1.35846,1.358,1.35882,1.35832
2014-01-06 04:00:00,1.3583,1.35788,1.35844,1.35821
2014-01-06 05:00:00,1.35822,1.35754,1.3585,1.35778
2014-01-06 06:00:00,1.35779,1.35707,1.35885,1.35853
2014-01-06 07:00:00,1.35853,1.35744,1.35895,1.35797
2014-01-06 08:00:00,1.35797,1.3579,1.3606,1.35948
2014-01-06 09:00:00,1.35951,1.3594,1.36141,1.3611
2014-01-06 10:00:00,1.3611,1.36032,1.36211,1.36164
2014-01-06 11:00:00,1.36164,1.36012,1.36215,1.36048
2014-01-06 12:00:00,1.36045,1.35975,1.36088,1.36015
2014-01-06 13:00:00,1.36016,1.35947,1.36062,1.35981
2014-01-06 14:00:00,1.35984,1.35926,1.3618,1.36129
2014-01-06 15:00:00,1.3613,1.3613,1.36462,1.36418
2014-01-06 16:00:00,1.36418,1.3635,1.36508,1.3635
2014-01-06 17:00:00,1.36348,1.36328,1.36469,1.36378
2014-01-06 18:00:00,1.36379,1.36379,1.36525,1.36436
2014-01-06 19:00:00,1.36439,1.36291,1.36448,1.36345
2014-01-06 20:00:00,1.36342,1.36285,1.36363,1.36352
2014-01-06 21:00:00,1.3635,1.36259,1.36363,1.36273
2014-01-06 22:00:00,1.36269,1.36215,1.36341,1.36326
2014-01-06 23:00:00,1.36325,1.3625,1.36328,1.36292
2014-01-07 00:00:00,1.36292,1.36199,1.36328,1.3623
2014-01-07 01:00:00,1.36231,1.36207,1.36267,1.36243
2014-01-07 02:00:00,1.36245,1.36239,1.36315,1.36269
2014-01-07 03:00:00,1.36269,1.36223,1.36311,1.36242
2014-01-07 04:00:00,1.36243,1.3623,1.36271,1.36242
2014-01-07 05:00:00,1.36239,1.36199,1.36262,1.36206
2014-01-07 06:00:00,1.36205,1.36097,1.36237,1.36189
2014-01-07 07:00:00,1.36189,1.36161,1.36266,1.36181
2014-01-07 08:00:00,1.36182,1.36123,1.36284,1.36272
2014-01-07 09:00:00,1.3627,1.36159,1.36321,1.36175
2014-01-07 10:00:00,1.36173,1.3612,1.36457,1.36409
2014-01-07 11:00:00,1.3641,1.36339,1.36497,1.36361
2014-01-07 12:00:00,1.36364,1.36364,1.36558,1.36422
2014-01-07 13:00:00,1.3642,1.3624,1.36505,1.36283
2014-01-07 14:00:00,1.36286,1.36189,1.36351,1.36216
2014-01-07 15:00:00,1.36216,1.35963,1.36222,1.36059
2014-01-07 16:00:00,1.36058,1.36046,1.36212,1.36165
2014-01-07 17:00:00,1.36166,1.36162,1.36396,1.36286
2014-01-07 18:00:00,1.36287,1.36152,1.3631,1.36168
2014-01-07 19:00:00,1.36167,1.36126,1.36211,1.3617
2014-01-07 20:00:00,1.36172,1.36117,1.36177,1.36133
2014-01-07 21:00:00,1.36133,1.36118,1.36165,1.36147
2014-01-07 22:00:00,1.36148,1.36066,1.36172,1.36133
2014-01-07 23:00:00,1.3613,1.36126,1.36173,1.36164
2014-01-08 00:00:00,1.36163,1.36046,1.36167,1.36073
2014-01-08 01:00:00,1.36071,1.36055,1.36322,1.36273
2014-01-08 02:00:00,1.36274,1.36258,1.36294,1.36278
2014-01-08 03:00:00,1.36277,1.36195,1.36278,1.36214
2014-01-08 04:00:00,1.36215,1.36209,1.36321,1.36314
2014-01-08 05:00:00,1.36313,1.36255,1.36346,1.36291
2014-01-08 06:00:00,1.36293,1.36246,1.3633,1.36279
2014-01-08 07:00:00,1.36278,1.36162,1.36278,1.36172
2014-01-08 08:00:00,1.36169,1.3599,1.36169,1.36063
2014-01-08 09:00:00,1.3606,1.35973,1.36109,1.36023
2014-01-08 10:00:00,1.36023,1.35797,1.36076,1.35829
2014-01-08 11:00:00,1.35829,1.35793,1.35883,1.35825
2014-01-08 12:00:00,1.35827,1.35812,1.35932,1.35886
2014-01-08 13:00:00,1.35886,1.35666,1.3597,1.35939
2014-01-08 14:00:00,1.35939,1.35891,1.36077,1.36009
2014-01-08 15:00:00,1.36007,1.35983,1.36177,1.35998
2014-01-08 16:00:00,1.35995,1.35845,1.3604,1.35856
2014-01-08 17:00:00,1.35854,1.35575,1.35857,1.35698
2014-01-08 18:00:00,1.35696,1.35602,1.35733,1.35697
2014-01-08 19:00:00,1.35697,1.35527,1.35865,1.35808
2014-01-08 20:00:00,1.3581,1.3572,1.35859,1.35813
2014-01-08 21:00:00,1.35813,1.35727,1.35819,1.35742
2014-01-08 22:00:00,1.35744,1.35659,1.35785,1.35743
2014-01-08 23:00:00,1.3574,1.357,1.35777,1.35709
2014-01-09 00:00:00,1.3571,1.3566,1.35769,1.35746
2014-01-09 01:00:00,1.35744,1.35703,1.3579,1.35779
2014-01-09 02:00:00,1.35779,1.35701,1.35785,1.35766
2014-01-09 03:00:00,1.35764,1.35763,1.35852,1.35785
2014-01-09 04:00:00,1.35784,1.35751,1.35791,1.35789
2014-01-09 05:00:00,1.35787,1.35768,1.359,1.35872
2014-01-09 06:00:00,1.35875,1.35871,1.35944,1.35937
2014-01-09 07:00:00,1.35935,1.35907,1.3601,1.36005
2014-01-09 08:00:00,1.36005,1.35925,1.36115,1.36089
2014-01-09 09:00:00,1.36088,1.36046,1.36216,1.36085
2014-01-09 10:00:00,1.36082,1.36012,1.36168,1.36094
2014-01-09 11:00:00,1.36096,1.3599,1.36153,1.36
2014-01-09 12:00:00,1.36003,1.35956,1.36156,1.3609
2014-01-09 13:00:00,1.36089,1.35473,1.36325,1.35667
2014-01-09 14:00:00,1.35665,1.35485,1.35823,1.35696
2014-01-09 15:00:00,1.35695,1.35679,1.35958,1.35846
2014-01-09 16:00:00,1.35843,1.35819,1.35936,1.35898
2014-01-09 17:00:00,1.35901,1.35798,1.35951,1.35822
2014-01-09 18:00:00,1.35819,1.35819,1.3588,1.3586
2014-01-09 19:00:00,1.35859,1.35843,1.3592,1.35897
2014-01-09 20:00:00,1.35898,1.35871,1.36104,1.36039
2014-01-09 21:00:00,1.36038,1.36017,1.36102,1.36067
2014-01-09 22:00:00,1.36065,1.36011,1.36076,1.36017
2014-01-09 23:00:00,1.36015,1.36013,1.36099,1.36054
2014-01-10 00:00:00,1.36056,1.36024,1.361,1.36062
2014-01-10 01:00:00,1.36061,1.36046,1.36127,1.36086
2014-01-10 02:00:00,1.36086,1.3603,1.36105,1.36098
2014-01-10 03:00:00,1.361,1.36076,1.36133,1.36111
2014-01-10 04:00:00,1.36109,1.36066,1.36154,1.36123
2014-01-10 05:00:00,1.36125,1.36081,1.36139,1.36136
2014-01-10 06:00:00,1.36134,1.36088,1.36192,1.36096
2014-01-10 07:00:00,1.36095,1.36042,1.36153,1.36118
2014-01-10 08:00:00,1.36119,1.36002,1.36133,1.36052
2014-01-10 09:00:00,1.36054,1.35932,1.36067,1.35976
2014-01-10 10:00:00,1.35976,1.35881,1.35997,1.35901
2014-01-10 11:00:00,1.359,1.3589,1.36001,1.35955
2014-01-10 12:00:00,1.35958,1.35865,1.35979,1.35894
2014-01-10 13:00:00,1.35893,1.35639,1.36633,1.36363
2014-01-10 14:00:00,1.36364,1.36236,1.36786,1.36736
2014-01-10 15:00:00,1.36736,1.36689,1.36867,1.36718
2014-01-10 16:00:00,1.3672,1.36577,1.36753,1.36613
2014-01-10 17:00:00,1.36612,1.36556,1.36661,1.36629
2014-01-10 18:00:00,1.36627,1.36583,1.36715,1.36702
2014-01-10 19:00:00,1.36703,1.36585,1.36742,1.36599
2014-01-10 20:00:00,1.36599,1.36581,1.36674,1.36644
2014-01-10 21:00:00,1.36643,1.36612,1.36692,1.36679
2014-01-12 22:00:00,1.3677,1.36634,1.36771,1.3666
2014-01-12 23:00:00,1.36659,1.36636,1.36724,1.36713
2014-01-13 00:00:00,1.36714,1.3661,1.36718,1.36622
2014-01-13 01:00:00,1.36621,1.36621,1.36747,1.3664
2014-01-13 02:00:00,1.36641,1.3664,1.36806,1.36746
2014-01-13 03:00:00,1.36748,1.36733,1.36843,1.36822
2014-01-13 04:00:00,1.3682,1.3677,1.36827,1.36785
2014-01-13 05:00:00,1.36786,1.3675,1.36805,1.36765
2014-01-13 06:00:00,1.36763,1.36672,1.36772,1.36702
2014-01-13 07:00:00,1.36699,1.36658,1.36752,1.36748
2014-01-13 08:00:00,1.36746,1.36568,1.36807,1.36663
2014-01-13 09:00:00,1.3666,1.36559,1.36675,1.36624
2014-01-13 10:00:00,1.36626,1.3659,1.36705,1.36619
2014-01-13 11:00:00,1.36617,1.36573,1.36689,1.36657
2014-01-13 12:00:00,1.36658,1.36624,1.3671,1.36661
2014-01-13 13:00:00,1.36659,1.36367,1.36669,1.36457
2014-01-13 14:00:00,1.36458,1.36377,1.36606,1.36524
2014-01-13 15:00:00,1.36522,1.36415,1.36553,1.36525
2014-01-13 16:00:00,1.36523,1.36424,1.36541,1.36455
2014-01-13 17:00:00,1.36452,1.3643,1.36607,1.36535
2014-01-13 18:00:00,1.36532,1.36463,1.36616,1.36571
2014-01-13 19:00:00,1.36572,1.3655,1.36766,1.36727
2014-01-13 20:00:00,1.36727,1.36653,1.36752,1.36748
2014-01-13 21:00:00,1.36746,1.3667,1.36757,1.36701
2014-01-13 22:00:00,1.367,1.36609,1.36713,1.36674
2014-01-13 23:00:00,1.36675,1.36655,1.36701,1.3668
2014-01-14 00:00:00,1.36679,1.36614,1.36697,1.3668
2014-01-14 01:00:00,1.36679,1.36557,1.36692,1.3656
2014-01-14 02:00:00,1.36562,1.36562,1.36633,1.36633
2014-01-14 03:00:00,1.36634,1.36608,1.36665,1.3661
2014-01-14 04:00:00,1.36612,1.36573,1.36649,1.36647
2014-01-14 05:00:00,1.36648,1.3663,1.36701,1.36653
2014-01-14 06:00:00,1.36655,1.36626,1.36672,1.36626
2014-01-14 07:00:00,1.36624,1.36482,1.36652,1.36591
2014-01-14 08:00:00,1.3659,1.36558,1.36988,1.36818
2014-01-14 09:00:00,1.36819,1.36687,1.36864,1.36725
2014-01-14 10:00:00,1.36723,1.36615,1.3682,1.36747
2014-01-14 11:00:00,1.36748,1.36738,1.36849,1.36762
2014-01-14 12:00:00,1.36764,1.36655,1.36821,1.36706
2014-01-14 13:00:00,1.36707,1.36531,1.36786,1.36674
2014-01-14 14:00:00,1.36677,1.3659,1.36742,1.36702
2014-01-14 15:00:00,1.36702,1.36697,1.36897,1.3686
2014-01-14 16:00:00,1.36859,1.36712,1.36874,1.36805
2014-01-14 17:00:00,1.36804,1.36785,1.3689,1.36826
2014-01-14 18:00:00,1.36825,1.36722,1.36856,1.36747
2014-01-14 19:00:00,1.36745,1.36709,1.36788,1.36717
2014-01-14 20:00:00,1.36715,1.36702,1.36832,1.36796
2014-01-14 21:00:00,1.36799,1.36752,1.36808,1.36778
2014-01-14 22:00:00,1.36774,1.36656,1.36798,1.36716
2014-01-14 23:00:00,1.36714,1.36654,1.36751,1.36665
2014-01-15 00:00:00,1.36667,1.36666,1.3672,1.36707
2014-01-15 01:00:00,1.36707,1.36332,1.36728,1.3638
2014-01-15 02:00:00,1.36378,1.36327,1.3644,1.36395
2014-01-15 03:00:00,1.36394,1.36268,1.36395,1.36348
2014-01-15 04:00:00,1.36348,1.3631,1.36353,1.36332
2014-01-15 05:00:00,1.36329,1.36289,1.36386,1.36342
2014-01-15 06:00:00,1.36343,1.36333,1.36403,1.36389
2014-01-15 07:00:00,1.36391,1.36306,1.36445,1.3643
2014-01-15 08:00:00,1.3643,1.3619,1.3643,1.36227
2014-01-15 09:00:00,1.36226,1.36077,1.36242,1.36162
2014-01-15 10:00:00,1.36158,1.36138,1.36297,1.36208
2014-01-15 11:00:00,1.36209,1.36158,1.36267,1.36166
2014-01-15 12:00:00,1.36168,1.36048,1.362,1.36122
2014-01-15 13:00:00,1.3612,1.35848,1.36124,1.35984
2014-01-15 14:00:00,1.35987,1.35852,1.36114,1.35884
2014-01-15 15:00:00,1.35887,1.35805,1.36069,1.35943
2014-01-15 16:00:00,1.35944,1.35881,1.3606,1.3603
2014-01-15 17:00:00,1.3603,1.35882,1.36037,1.3593
2014-01-15 18:00:00,1.35931,1.35873,1.35962,1.35929
2014-01-15 19:00:00,1.35927,1.35926,1.36034,1.35998
2014-01-15 20:00:00,1.35995,1.35985,1.36056,1.36036
2014-01-15 21:00:00,1.36037,1.36014,1.36069,1.36043
2014-01-15 22:00:00,1.36043,1.35959,1.36058,1.36035
2014-01-15 23:00:00,1.36034,1.35943,1.36046,1.3599
2014-01-16 00:00:00,1.35988,1.35849,1.35997,1.35965
2014-01-16 01:00:00,1.35964,1.35964,1.36191,1.36175
2014-01-16 02:00:00,1.36177,1.36137,1.36215,1.36192
2014-01-16 03:00:00,1.3619,1.36173,1.36229,1.36185
2014-01-16 04:00:00,1.36186,1.36167,1.36232,1.36219
2014-01-16 05:00:00,1.36218,1.36142,1.3622,1.36188
2014-01-16 06:00:00,1.36189,1.36159,1.36277,1.36205
2014-01-16 07:00:00,1.36203,1.36055,1.36247,1.36084
2014-01-16 08:00:00,1.36084,1.35963,1.3615,1.36063
2014-01-16 09:00:00,1.36066,1.36055,1.36274,1.36222
2014-01-16 10:00:00,1.3622,1.36127,1.36273,1.36141
2014-01-16 11:00:00,1.36138,1.36041,1.36189,1.3611
2014-01-16 12:00:00,1.3611,1.35986,1.36122,1.36012
2014-01-16 13:00:00,1.36011,1.35925,1.36328,1.36295
2014-01-16 14:00:00,1.36293,1.36248,1.36491,1.36263
2014-01-16 15:00:00,1.36263,1.35969,1.36459,1.35993
2014-01-16 16:00:00,1.35992,1.35971,1.361,1.35995
2014-01-16 17:00:00,1.35993,1.35826,1.36006,1.35929
2014-01-16 18:00:00,1.35928,1.35915,1.36018,1.35997
2014-01-16 19:00:00,1.35995,1.35962,1.36178,1.36146
2014-01-16 20:00:00,1.36144,1.36119,1.36226,1.36186
2014-01-16 21:00:00,1.36184,1.36161,1.36215,1.36189
2014-01-16 22:00:00,1.36186,1.36115,1.36195,1.36159
2014-01-16 23:00:00,1.36159,1.36126,1.36177,1.36151
2014-01-17 00:00:00,1.3615,1.3609,1.36179,1.36179
2014-01-17 01:00:00,1.36179,1.36117,1.36199,1.36127
2014-01-17 02:00:00,1.36128,1.36099,1.36159,1.36158
2014-01-17 03:00:00,1.36158,1.36136,1.3619,1.36142
2014-01-17 04:00:00,1.36144,1.36126,1.36167,1.36126
2014-01-17 05:00:00,1.36123,1.36119,1.36169,1.36138
2014-01-17 06:00:00,1.36139,1.36082,1.36152,1.36152
2014-01-17 07:00:00,1.36149,1.35932,1.36206,1.35974
2014-01-17 08:00:00,1.35973,1.35954,1.36071,1.36004
2014-01-17 09:00:00,1.36003,1.3592,1.36095,1.35961
2014-01-17 10:00:00,1.35961,1.35954,1.36058,1.3605
2014-01-17 11:00:00,1.36051,1.35953,1.36059,1.35961
2014-01-17 12:00:00,1.35961,1.35868,1.35984,1.35954
2014-01-17 13:00:00,1.35955,1.35644,1.3598,1.35779
2014-01-17 14:00:00,1.35778,1.35683,1.35857,1.3578
2014-01-17 15:00:00,1.35781,1.35547,1.35802,1.3557
2014-01-17 16:00:00,1.35569,1.35495,1.35692,1.3553
2014-01-17 17:00:00,1.3553,1.35252,1.35549,1.35312
2014-01-17 18:00:00,1.35315,1.35167,1.35317,1.35245
2014-01-17 19:00:00,1.35243,1.35219,1.3533,1.35303
2014-01-17 20:00:00,1.35302,1.35241,1.35315,1.35267
2014-01-17 21:00:00,1.35267,1.35259,1.35404,1.35399
2014-01-19 22:00:00,1.35363,1.35293,1.35366,1.35318
2014-01-19 23:00:00,1.35318,1.35241,1.35339,1.35265
2014-01-20 00:00:00,1.35265,1.3507,1.3529,1.3514
2014-01-20 01:00:00,1.3514,1.35083,1.35288,1.35275
2014-01-20 02:00:00,1.35273,1.35242,1.35373,1.35304
2014-01-20 03:00:00,1.35306,1.35235,1.3533,1.35272
2014-01-20 04:00:00,1.35274,1.35252,1.35295,1.3526
2014-01-20 05:00:00,1.3526,1.35259,1.35321,1.35296
2014-01-20 06:00:00,1.35297,1.35295,1.35407,1.354
2014-01-20 07:00:00,1.35399,1.35336,1.35471,1.35461
2014-01-20 08:00:00,1.35461,1.35406,1.35586,1.35552
2014-01-20 09:00:00,1.3555,1.35468,1.35615,1.35545
2014-01-20 10:00:00,1.35545,1.35462,1.35595,1.35505
2014-01-20 11:00:00,1.35503,1.35446,1.35558,1.35515
2014-01-20 12:00:00,1.35515,1.35475,1.35627,1.35561
2014-01-20 13:00:00,1.35559,1.3555,1.3566,1.35564
2014-01-20 14:00:00,1.35566,1.35554,1.35636,1.35595
2014-01-20 15:00:00,1.35597,1.35571,1.35654,1.35626
2014-01-20 16:00:00,1.35627,1.35606,1.35674,1.3561
2014-01-20 17:00:00,1.35612,1.35578,1.35648,1.35594
2014-01-20 18:00:00,1.35594,1.35559,1.35651,1.35649
2014-01-20 19:00:00,1.3565,1.35625,1.35666,1.35653
2014-01-20 20:00:00,1.35652,1.35637,1.35664,1.35642
2014-01-20 21:00:00,1.35643,1.35505,1.35643,1.35513
2014-01-20 22:00:00,1.35515,1.35471,1.35613,1.35548
2014-01-20 23:00:00,1.35549,1.35405,1.35565,1.35453
2014-01-21 00:00:00,1.35454,1.35396,1.35484,1.35471
2014-01-21 01:00:00,1.35472,1.35361,1.35529,1.35524
2014-01-21 02:00:00,1.35524,1.35448,1.35591,1.35494
2014-01-21 03:00:00,1.35497,1.35441,1.35532,1.35451
2014-01-21 04:00:00,1.35451,1.35403,1.35476,1.35422
2014-01-21 05:00:00,1.35423,1.35423,1.35484,1.35473
2014-01-21 06:00:00,1.35474,1.35413,1.35538,1.35491
2014-01-21 07:00:00,1.35492,1.35445,1.35625,1.35461
2014-01-21 08:00:00,1.35463,1.35268,1.35492,1.35372
2014-01-21 09:00:00,1.3537,1.3533,1.35429,1.3533
2014-01-21 10:00:00,1.35331,1.35242,1.35432,1.35382
2014-01-21 11:00:00,1.35383,1.35163,1.35423,1.35176
2014-01-21 12:00:00,1.35179,1.35156,1.3533,1.35307
2014-01-21 13:00:00,1.35305,1.35216,1.35407,1.35398
2014-01-21 14:00:00,1.35397,1.3528,1.35447,1.35352
2014-01-21 15:00:00,1.35352,1.35282,1.35468,1.35429
2014-01-21 16:00:00,1.35429,1.35354,1.35687,1.35591
2014-01-21 17:00:00,1.35592,1.35455,1.35605,1.35498
2014-01-21 18:00:00,1.355,1.35438,1.35503,1.35493
2014-01-21 19:00:00,1.35492,1.35454,1.35619,1.35589
2014-01-21 20:00:00,1.35592,1.35561,1.35615,1.35592
2014-01-21 21:00:00,1.35594,1.35582,1.35632,1.35602
2014-01-21 22:00:00,1.35602,1.35521,1.3561,1.35586
2014-01-21 23:00:00,1.35583,1.35564,1.35645,1.35569
2014-01-22 00:00:00,1.35567,1.35546,1.35727,1.35693
2014-01-22 01:00:00,1.35691,1.3563,1.357,1.35686
2014-01-22 02:00:00,1.35687,1.35622,1.35695,1.3569
2014-01-22 03:00:00,1.35689,1.35631,1.35795,1.35692
2014-01-22 04:00:00,1.35692,1.35554,1.35692,1.35626
2014-01-22 05:00:00,1.35624,1.35528,1.3564,1.35539
2014-01-22 06:00:00,1.3554,1.35506,1.35586,1.35543
2014-01-22 07:00:00,1.35543,1.35423,1.35654,1.35439
2014-01-22 08:00:00,1.35442,1.35341,1.35471,1.35402
2014-01-22 09:00:00,1.35404,1.35349,1.35503,1.35462
2014-01-22 10:00:00,1.35464,1.35359,1.35467,1.35438
2014-01-22 11:00:00,1.35439,1.35418,1.35601,1.35516
2014-01-22 12:00:00,1.35517,1.35487,1.35767,1.35693
2014-01-22 13:00:00,1.35694,1.35638,1.3583,1.35739
2014-01-22 14:00:00,1.35739,1.35526,1.35753,1.35605
2014-01-22 15:00:00,1.35606,1.35528,1.35721,1.35629
2014-01-22 16:00:00,1.35631,1.35454,1.35661,1.35454
2014-01-22 17:00:00,1.35457,1.35383,1.35503,1.35501
2014-01-22 18:00:00,1.35503,1.35419,1.35542,1.35454
2014-01-22 19:00:00,1.35454,1.35385,1.35474,1.35473
2014-01-22 20:00:00,1.35476,1.35443,1.35502,1.35468
2014-01-22 21:00:00,1.35468,1.35427,1.3547,1.35464
2014-01-22 22:00:00,1.35445,1.35431,1.35492,1.35443
2014-01-22 23:00:00,1.35442,1.35402,1.35487,1.35434
2014-01-23 00:00:00,1.35434,1.35292,1.3546,1.35366
2014-01-23 01:00:00,1.35368,1.35368,1.35453,1.354
2014-01-23 02:00:00,1.35399,1.35397,1.35561,1.35463
2014-01-23 03:00:00,1.35463,1.35437,1.35561,1.35439
2014-01-23 04:00:00,1.35439,1.35411,1.35492,1.3544
2014-01-23 05:00:00,1.35443,1.3537,1.35477,1.35434
2014-01-23 06:00:00,1.35437,1.35432,1.35506,1.3549
2014-01-23 07:00:00,1.35492,1.35425,1.35915,1.35865
2014-01-23 08:00:00,1.35867,1.35866,1.3641,1.36281
2014-01-23 09:00:00,1.36284,1.36239,1.36461,1.36385
2014-01-23 10:00:00,1.36385,1.36265,1.36442,1.36351
2014-01-23 11:00:00,1.36348,1.36244,1.36403,1.36271
2014-01-23 12:00:00,1.36274,1.36262,1.36388,1.36385
2014-01-23 13:00:00,1.36385,1.36291,1.36681,1.36664
2014-01-23 14:00:00,1.36667,1.36533,1.36687,1.36637
2014-01-23 15:00:00,1.36637,1.36622,1.36849,1.36796
2014-01-23 16:00:00,1.36796,1.36727,1.36839,1.36786
2014-01-23 17:00:00,1.36786,1.36693,1.36874,1.36743
2014-01-23 18:00:00,1.36744,1.36728,1.36941,1.36927
2014-01-23 19:00:00,1.36928,1.36861,1.3698,1.36942
2014-01-23 20:00:00,1.3694,1.36898,1.36969,1.36969
2014-01-23 21:00:00,1.36967,1.36923,1.36969,1.36953
2014-01-23 22:00:00,1.36953,1.3689,1.36953,1.36923
2014-01-23 23:00:00,1.36922,1.36859,1.36965,1.36878
2014-01-24 00:00:00,1.36878,1.36831,1.36931,1.36876
2014-01-24 01:00:00,1.36877,1.36809,1.36882,1.36824
2014-01-24 02:00:00,1.36822,1.36818,1.36868,1.36825
2014-01-24 03:00:00,1.36826,1.36785,1.36858,1.36838
2014-01-24 04:00:00,1.36837,1.36823,1.3688,1.36852
2014-01-24 05:00:00,1.36854,1.36819,1.36933,1.36906
2014-01-24 06:00:00,1.36904,1.36792,1.37045,1.36811
2014-01-24 07:00:00,1.36809,1.36781,1.36939,1.36865
2014-01-24 08:00:00,1.36866,1.36676,1.36885,1.36714
2014-01-24 09:00:00,1.36717,1.36623,1.36807,1.36721
2014-01-24 10:00:00,1.36724,1.36687,1.36823,1.36769
2014-01-24 11:00:00,1.36768,1.36725,1.37392,1.3719
2014-01-24 12:00:00,1.3719,1.36832,1.37223,1.36939
2014-01-24 13:00:00,1.36942,1.36699,1.36976,1.36889
2014-01-24 14:00:00,1.36891,1.3679,1.36958,1.36835
2014-01-24 15:00:00,1.36835,1.36687,1.36887,1.3685
2014-01-24 16:00:00,1.36849,1.36702,1.36874,1.36789
2014-01-24 17:00:00,1.36787,1.36723,1.36842,1.36825
2014-01-24 18:00:00,1.36826,1.3673,1.36904,1.36773
2014-01-24 19:00:00,1.36776,1.36736,1.36804,1.36769
2014-01-24 20:00:00,1.36769,1.3675,1.36828,1.36754
2014-01-24 21:00:00,1.36754,1.36735,1.36823,1.36753
2014-01-26 22:00:00,1.36768,1.36696,1.36836,1.36799
2014-01-26 23:00:00,1.36802,1.36778,1.36901,1.36861
2014-01-27 00:00:00,1.36861,1.36759,1.36897,1.36805
2014-01-27 01:00:00,1.36804,1.3679,1.36868,1.36811
2014-01-27 02:00:00,1.36811,1.36798,1.36878,1.36852
2014-01-27 03:00:00,1.3685,1.36804,1.36884,1.36818
2014-01-27 04:00:00,1.36819,1.368,1.36857,1.36812
2014-01-27 05:00:00,1.36814,1.36808,1.3685,1.36823
2014-01-27 06:00:00,1.36823,1.36784,1.36867,1.36785
2014-01-27 07:00:00,1.36788,1.36771,1.37006,1.36881
2014-01-27 08:00:00,1.36879,1.36744,1.37015,1.36961
2014-01-27 09:00:00,1.36961,1.36918,1.37162,1.36946
2014-01-27 10:00:00,1.36946,1.36741,1.36965,1.36779
2014-01-27 11:00:00,1.36779,1.3667,1.36779,1.36713
2014-01-27 12:00:00,1.36713,1.36547,1.36729,1.36599
2014-01-27 13:00:00,1.366,1.36525,1.36706,1.36589
2014-01-27 14:00:00,1.36588,1.36563,1.36762,1.36616
2014-01-27 15:00:00,1.36617,1.36565,1.36741,1.36728
2014-01-27 16:00:00,1.36727,1.36676,1.368,1.36777
2014-01-27 17:00:00,1.36775,1.3669,1.36792,1.36778
2014-01-27 18:00:00,1.36777,1.36681,1.36778,1.36718
2014-01-27 19:00:00,1.36717,1.36648,1.36745,1.3665
2014-01-27 20:00:00,1.3665,1.36645,1.36742,1.36724
2014-01-27 21:00:00,1.36726,1.36689,1.36739,1.36718
2014-01-27 22:00:00,1.36716,1.36688,1.36745,1.36727
2014-01-27 23:00:00,1.36727,1.36691,1.3674,1.36735
2014-01-28 00:00:00,1.36736,1.36656,1.36769,1.36707
2014-01-28 01:00:00,1.36707,1.3666,1.36738,1.36694
2014-01-28 02:00:00,1.36693,1.36686,1.36743,1.36715
2014-01-28 03:00:00,1.36716,1.36714,1.36793,1.36767
2014-01-28 04:00:00,1.36766,1.36721,1.36789,1.36775
2014-01-28 05:00:00,1.36775,1.36751,1.36823,1.36773
2014-01-28 06:00:00,1.36772,1.36759,1.3688,1.36857
2014-01-28 07:00:00,1.36854,1.36631,1.36854,1.36633
2014-01-28 08:00:00,1.36635,1.36559,1.3668,1.3663
2014-01-28 09:00:00,1.36628,1.36484,1.36661,1.36508
2014-01-28 10:00:00,1.36508,1.3628,1.3652,1.36382
2014-01-28 11:00:00,1.36383,1.36375,1.36523,1.3642
2014-01-28 12:00:00,1.3642,1.36371,1.36464,1.36426
2014-01-28 13:00:00,1.36426,1.36399,1.36745,1.36662
2014-01-28 14:00:00,1.36662,1.3664,1.36854,1.36724
2014-01-28 15:00:00,1.36722,1.36547,1.36724,1.36628
2014-01-28 16:00:00,1.3663,1.36557,1.36667,1.36603
2014-01-28 17:00:00,1.36603,1.36559,1.36625,1.36623
2014-01-28 18:00:00,1.36625,1.36526,1.36625,1.36551
2014-01-28 19:00:00,1.36551,1.3653,1.36656,1.36637
2014-01-28 20:00:00,1.3664,1.36607,1.36709,1.36691
2014-01-28 21:00:00,1.36691,1.36667,1.36724,1.36698
2014-01-28 22:00:00,1.36696,1.36474,1.367,1.36508
2014-01-28 23:00:00,1.36506,1.36506,1.36567,1.36537
2014-01-29 00:00:00,1.36536,1.36463,1.36567,1.36548
2014-01-29 01:00:00,1.3655,1.36547,1.36623,1.36588
2014-01-29 02:00:00,1.36587,1.36557,1.36676,1.36577
2014-01-29 03:00:00,1.36577,1.36469,1.36577,1.36527
2014-01-29 04:00:00,1.36527,1.36505,1.36547,1.36515
2014-01-29 05:00:00,1.36515,1.36514,1.36619,1.36607
2014-01-29 06:00:00,1.36607,1.36559,1.3664,1.36633
2014-01-29 07:00:00,1.36632,1.36615,1.36708,1.36625
2014-01-29 08:00:00,1.36625,1.36594,1.36797,1.36759
2014-01-29 09:00:00,1.36759,1.36692,1.36842,1.3673
2014-01-29 10:00:00,1.36731,1.36677,1.36789,1.3676
2014-01-29 11:00:00,1.3676,1.36577,1.36817,1.36603
2014-01-29 12:00:00,1.36603,1.36275,1.36626,1.36371
2014-01-29 13:00:00,1.36372,1.36027,1.36437,1.364
2014-01-29 14:00:00,1.364,1.36364,1.36763,1.36617
2014-01-29 15:00:00,1.3662,1.36407,1.36678,1.36428
2014-01-29 16:00:00,1.3643,1.36427,1.3665,1.36618
2014-01-29 17:00:00,1.36618,1.3659,1.36678,1.36593
2014-01-29 18:00:00,1.36593,1.36548,1.36698,1.36573
2014-01-29 19:00:00,1.36568,1.36318,1.36735,1.36617
2014-01-29 20:00:00,1.36616,1.36475,1.36659,1.36551
2014-01-29 21:00:00,1.3655,1.36507,1.36644,1.36608
2014-01-29 22:00:00,1.36608,1.36583,1.36648,1.36599
2014-01-29 23:00:00,1.366,1.36558,1.3664,1.36569
2014-01-30 00:00:00,1.36568,1.3654,1.36618,1.3658
2014-01-30 01:00:00,1.3658,1.36456,1.36604,1.36475
2014-01-30 02:00:00,1.36475,1.36466,1.36538,1.36507
2014-01-30 03:00:00,1.36507,1.36478,1.36555,1.36484
2014-01-30 04:00:00,1.36484,1.36459,1.36532,1.36482
2014-01-30 05:00:00,1.36479,1.36431,1.36502,1.36446
2014-01-30 06:00:00,1.36448,1.36443,1.36564,1.36555
2014-01-30 07:00:00,1.36555,1.3617,1.36565,1.36242
2014-01-30 08:00:00,1.36241,1.36052,1.36246,1.36242
2014-01-30 09:00:00,1.3624,1.35883,1.3624,1.35915
2014-01-30 10:00:00,1.35915,1.35852,1.36057,1.36045
2014-01-30 11:00:00,1.36045,1.3595,1.36161,1.35969
2014-01-30 12:00:00,1.35966,1.35827,1.36029,1.35851
2014-01-30 13:00:00,1.3585,1.3567,1.35888,1.35834
2014-01-30 14:00:00,1.35831,1.35665,1.35849,1.35746
2014-01-30 15:00:00,1.35748,1.35593,1.35881,1.35631
2014-01-30 16:00:00,1.35631,1.35426,1.35644,1.35485
2014-01-30 17:00:00,1.35487,1.35466,1.35562,1.35517
2014-01-30 18:00:00,1.35515,1.35483,1.35537,1.35503
2014-01-30 19:00:00,1.35504,1.35488,1.35548,1.35499
2014-01-30 20:00:00,1.35501,1.35451,1.3552,1.35477
2014-01-30 21:00:00,1.35476,1.35472,1.35561,1.35537
2014-01-30 22:00:00,1.35536,1.35497,1.35577,1.35564
2014-01-30 23:00:00,1.35563,1.35505,1.35578,1.35568
2014-01-31 00:00:00,1.35566,1.35505,1.35579,1.35525
2014-01-31 01:00:00,1.35528,1.35468,1.35569,1.35552
2014-01-31 02:00:00,1.35552,1.35487,1.35564,1.35491
2014-01-31 03:00:00,1.35493,1.3549,1.35543,1.3551
2014-01-31 04:00:00,1.35511,1.35447,1.35534,1.3549
2014-01-31 05:00:00,1.35491,1.35464,1.35546,1.35465
2014-01-31 06:00:00,1.35465,1.35376,1.35468,1.35376
2014-01-31 07:00:00,1.35375,1.35318,1.35483,1.3546
2014-01-31 08:00:00,1.35459,1.35405,1.35593,1.35541
2014-01-31 09:00:00,1.35541,1.35328,1.35546,1.35393
2014-01-31 10:00:00,1.35392,1.35169,1.35496,1.35322
2014-01-31 11:00:00,1.35325,1.35275,1.35732,1.35481
2014-01-31 12:00:00,1.3548,1.35191,1.35523,1.35228
2014-01-31 13:00:00,1.35227,1.34949,1.35244,1.35132
2014-01-31 14:00:00,1.35131,1.34828,1.35202,1.34862
2014-01-31 15:00:00,1.34862,1.34784,1.35065,1.3484
2014-01-31 16:00:00,1.34839,1.34838,1.35037,1.34999
2014-01-31 17:00:00,1.34998,1.34918,1.35049,1.35045
2014-01-31 18:00:00,1.35047,1.35006,1.35094,1.35037
2014-01-31 19:00:00,1.35037,1.34793,1.35044,1.348
2014-01-31 20:00:00,1.348,1.34799,1.34911,1.34861
2014-01-31 21:00:00,1.34861,1.34811,1.34902,1.34812
2014-02-02 22:00:00,1.34803,1.34773,1.34897,1.34855
2014-02-02 23:00:00,1.34857,1.34831,1.34906,1.34869
2014-02-03 00:00:00,1.34869,1.34795,1.34911,1.3486
2014-02-03 01:00:00,1.34859,1.34797,1.34867,1.34848
2014-02-03 02:00:00,1.34848,1.34792,1.34851,1.34847
2014-02-03 03:00:00,1.34849,1.3484,1.3495,1.3488
2014-02-03 04:00:00,1.34878,1.34825,1.34878,1.34835
2014-02-03 05:00:00,1.34834,1.34832,1.34872,1.3485
2014-02-03 06:00:00,1.34849,1.34821,1.34963,1.34951
2014-02-03 07:00:00,1.34952,1.34763,1.34981,1.34796
2014-02-03 08:00:00,1.34799,1.34778,1.3501,1.34969
2014-02-03 09:00:00,1.34971,1.34882,1.35084,1.35082
2014-02-03 10:00:00,1.35083,1.35042,1.35186,1.35104
2014-02-03 11:00:00,1.35104,1.35031,1.35142,1.35059
2014-02-03 12:00:00,1.35057,1.34899,1.35069,1.34922
2014-02-03 13:00:00,1.34922,1.34893,1.35017,1.34944
2014-02-03 14:00:00,1.34944,1.34843,1.34979,1.34873
2014-02-03 15:00:00,1.34871,1.34865,1.35227,1.35171
2014-02-03 16:00:00,1.35174,1.35118,1.35351,1.35229
2014-02-03 17:00:00,1.35231,1.3512,1.35315,1.35164
2014-02-03 18:00:00,1.35167,1.35139,1.35222,1.35177
2014-02-03 19:00:00,1.35175,1.35133,1.35341,1.35302
2014-02-03 20:00:00,1.353,1.35215,1.35348,1.35276
2014-02-03 21:00:00,1.35276,1.35233,1.35325,1.3524
2014-02-03 22:00:00,1.3524,1.35202,1.35287,1.3525
2014-02-03 23:00:00,1.35249,1.35209,1.35263,1.35218
2014-02-04 00:00:00,1.35219,1.35181,1.35256,1.35242
2014-02-04 01:00:00,1.35241,1.35136,1.35243,1.35157
2014-02-04 02:00:00,1.35155,1.35085,1.35168,1.35119
2014-02-04 03:00:00,1.3512,1.3505,1.35133,1.35069
2014-02-04 04:00:00,1.35067,1.35033,1.35099,1.35074
2014-02-04 05:00:00,1.35076,1.35052,1.35185,1.35184
2014-02-04 06:00:00,1.35183,1.35136,1.35383,1.35291
2014-02-04 07:00:00,1.35291,1.35202,1.35344,1.35235
2014-02-04 08:00:00,1.35237,1.34929,1.35244,1.35089
2014-02-04 09:00:00,1.3509,1.35052,1.35152,1.35122
2014-02-04 10:00:00,1.35122,1.35082,1.35191,1.35175
2014-02-04 11:00:00,1.35175,1.35092,1.35205,1.35127
2014-02-04 12:00:00,1.35128,1.3508,1.35314,1.3519
2014-02-04 13:00:00,1.35192,1.35143,1.35287,1.35158
2014-02-04 14:00:00,1.35159,1.35058,1.35206,1.35089
2014-02-04 15:00:00,1.35088,1.34972,1.35154,1.3509
2014-02-04 16:00:00,1.35091,1.34947,1.35102,1.35057
2014-02-04 17:00:00,1.35055,1.35043,1.35212,1.35206
2014-02-04 18:00:00,1.35209,1.35158,1.3521,1.35199
2014-02-04 19:00:00,1.35198,1.35128,1.35207,1.35159
2014-02-04 20:00:00,1.35159,1.35119,1.35171,1.35142
2014-02-04 21:00:00,1.35141,1.35123,1.35177,1.35171
2014-02-04 22:00:00,1.3517,1.35091,1.35177,1.35138
2014-02-04 23:00:00,1.35138,1.35099,1.35166,1.35157
2014-02-05 00:00:00,1.35154,1.35143,1.35244,1.35173
2014-02-05 01:00:00,1.35174,1.35158,1.35267,1.35231
2014-02-05 02:00:00,1.35231,1.3515,1.35251,1.35167
2014-02-05 03:00:00,1.35168,1.35082,1.3522,1.35105
2014-02-05 04:00:00,1.35104,1.35084,1.35143,1.35122
2014-02-05 05:00:00,1.35122,1.35106,1.35147,1.35116
2014-02-05 06:00:00,1.35114,1.34982,1.35118,1.35052
2014-02-05 07:00:00,1.35053,1.35048,1.35157,1.35087
2014-02-05 08:00:00,1.35089,1.35089,1.35244,1.35195
2014-02-05 09:00:00,1.35195,1.35073,1.35281,1.35174
2014-02-05 10:00:00,1.35171,1.35034,1.35171,1.35102
2014-02-05 11:00:00,1.35103,1.35084,1.35222,1.35183
2014-02-05 12:00:00,1.35186,1.35104,1.35257,1.35231
2014-02-05 13:00:00,1.35229,1.35138,1.35552,1.35141
2014-02-05 14:00:00,1.3514,1.35086,1.35186,1.35162
2014-02-05 15:00:00,1.35158,1.35027,1.35454,1.35311
2014-02-05 16:00:00,1.35309,1.35145,1.35398,1.35181
2014-02-05 17:00:00,1.35181,1.35168,1.35328,1.35328
2014-02-05 18:00:00,1.35329,1.35309,1.3539,1.35339
2014-02-05 19:00:00,1.35339,1.353,1.3536,1.35338
2014-02-05 20:00:00,1.3534,1.35303,1.35379,1.35377
2014-02-05 21:00:00,1.35377,1.35301,1.35377,1.35323
2014-02-05 22:00:00,1.35318,1.35293,1.35368,1.35359
2014-02-05 23:00:00,1.35356,1.35301,1.35361,1.35331
2014-02-06 00:00:00,1.35333,1.35305,1.35391,1.35335
2014-02-06 01:00:00,1.35338,1.35257,1.35343,1.35318
2014-02-06 02:00:00,1.35316,1.35293,1.35351,1.35339
2014-02-06 03:00:00,1.35339,1.35208,1.35342,1.35211
2014-02-06 04:00:00,1.35209,1.35207,1.35243,1.3522
2014-02-06 05:00:00,1.35217,1.35156,1.35233,1.35159
2014-02-06 06:00:00,1.3516,1.35143,1.35205,1.35189
2014-02-06 07:00:00,1.35188,1.35167,1.3525,1.35243
2014-02-06 08:00:00,1.35246,1.35163,1.35334,1.3527
2014-02-06 09:00:00,1.3527,1.35197,1.35274,1.35257
2014-02-06 10:00:00,1.3526,1.35216,1.35309,1.35277
2014-02-06 11:00:00,1.35275,1.35143,1.35285,1.35169
2014-02-06 12:00:00,1.3517,1.34882,1.35322,1.35005
2014-02-06 13:00:00,1.35005,1.34813,1.3601,1.35941
2014-02-06 14:00:00,1.35941,1.35891,1.36186,1.36047
2014-02-06 15:00:00,1.36045,1.35948,1.36148,1.35994
2014-02-06 16:00:00,1.35995,1.35958,1.36058,1.36026
2014-02-06 17:00:00,1.36025,1.35988,1.36067,1.35999
2014-02-06 18:00:00,1.36,1.35899,1.36019,1.35932
2014-02-06 19:00:00,1.35933,1.35844,1.35935,1.35868
2014-02-06 20:00:00,1.35869,1.35842,1.3592,1.35917
2014-02-06 21:00:00,1.35916,1.35876,1.35928,1.35889
2014-02-06 22:00:00,1.35889,1.35876,1.35923,1.35898
2014-02-06 23:00:00,1.35896,1.35876,1.35916,1.35911
2014-02-07 00:00:00,1.35911,1.35858,1.35918,1.35887
2014-02-07 01:00:00,1.35886,1.3587,1.35939,1.35919
2014-02-07 02:00:00,1.3592,1.35882,1.35932,1.35913
2014-02-07 03:00:00,1.35912,1.35888,1.3594,1.35908
2014-02-07 04:00:00,1.35906,1.35889,1.35923,1.35899
2014-02-07 05:00:00,1.35899,1.35844,1.35924,1.35846
2014-02-07 06:00:00,1.35848,1.35844,1.35899,1.35845
2014-02-07 07:00:00,1.35846,1.35812,1.35881,1.35865
2014-02-07 08:00:00,1.35865,1.35508,1.3588,1.35631
2014-02-07 09:00:00,1.3563,1.35589,1.35784,1.35674
2014-02-07 10:00:00,1.35672,1.35616,1.35705,1.35619
2014-02-07 11:00:00,1.3562,1.35603,1.35753,1.35682
2014-02-07 12:00:00,1.3568,1.35641,1.3571,1.35678
2014-02-07 13:00:00,1.35678,1.35654,1.36374,1.35918
2014-02-07 14:00:00,1.35921,1.35749,1.36033,1.35874
2014-02-07 15:00:00,1.35876,1.35844,1.36181,1.36176
2014-02-07 16:00:00,1.36174,1.36073,1.36185,1.36126
2014-02-07 17:00:00,1.36124,1.36079,1.36208,1.36208
2014-02-07 18:00:00,1.36208,1.36139,1.3623,1.36191
2014-02-07 19:00:00,1.36192,1.36181,1.3632,1.36276
2014-02-07 20:00:00,1.36273,1.36256,1.36401,1.36381
2014-02-07 21:00:00,1.36383,1.36311,1.36386,1.36334
2014-02-09 22:00:00,1.36138,1.36059,1.36267,1.36201
2014-02-09 23:00:00,1.36202,1.36175,1.36254,1.36178
2014-02-10 00:00:00,1.36178,1.36178,1.36235,1.36223
2014-02-10 01:00:00,1.36221,1.36221,1.36298,1.3625
2014-02-10 02:00:00,1.36248,1.36212,1.3627,1.36263
2014-02-10 03:00:00,1.36262,1.3622,1.3628,1.36251
2014-02-10 04:00:00,1.36251,1.36218,1.36267,1.36224
2014-02-10 05:00:00,1.36225,1.36197,1.36242,1.36217
2014-02-10 06:00:00,1.36216,1.36212,1.36274,1.36255
2014-02-10 07:00:00,1.36256,1.3624,1.36432,1.36388
2014-02-10 08:00:00,1.36386,1.36333,1.36502,1.36457
2014-02-10 09:00:00,1.36459,1.363,1.36478,1.36314
2014-02-10 10:00:00,1.36316,1.36282,1.36406,1.363
2014-02-10 11:00:00,1.36302,1.36222,1.36337,1.36294
2014-02-10 12:00:00,1.36292,1.3629,1.36387,1.36348
2014-02-10 13:00:00,1.36346,1.36311,1.364,1.36332
2014-02-10 14:00:00,1.36331,1.36317,1.36391,1.36323
2014-02-10 15:00:00,1.3632,1.36286,1.36477,1.36467
2014-02-10 16:00:00,1.36465,1.36397,1.36511,1.36434
2014-02-10 17:00:00,1.36434,1.36388,1.36441,1.36412
2014-02-10 18:00:00,1.3641,1.36401,1.36437,1.36405
2014-02-10 19:00:00,1.36405,1.36375,1.3645,1.36404
2014-02-10 20:00:00,1.36405,1.36307,1.36468,1.36456
2014-02-10 21:00:00,1.36454,1.36414,1.36457,1.36441
2014-02-10 22:00:00,1.3644,1.36379,1.36463,1.36435
2014-02-10 23:00:00,1.36434,1.3642,1.36472,1.36446
2014-02-11 00:00:00,1.36447,1.36437,1.36776,1.36709
2014-02-11 01:00:00,1.36709,1.36631,1.36777,1.36641
2014-02-11 02:00:00,1.36643,1.36635,1.367,1.36659
2014-02-11 03:00:00,1.36658,1.36651,1.36708,1.36662
2014-02-11 04:00:00,1.3666,1.36653,1.36696,1.3667
2014-02-11 05:00:00,1.36673,1.36608,1.36686,1.36631
2014-02-11 06:00:00,1.36631,1.36559,1.36637,1.36594
2014-02-11 07:00:00,1.36591,1.36563,1.36644,1.36612
2014-02-11 08:00:00,1.36612,1.36608,1.36827,1.36723
2014-02-11 09:00:00,1.36722,1.36655,1.36769,1.36693
2014-02-11 10:00:00,1.36692,1.36677,1.36745,1.36702
2014-02-11 11:00:00,1.36703,1.36627,1.36727,1.36637
2014-02-11 12:00:00,1.36637,1.36631,1.36776,1.36751
2014-02-11 13:00:00,1.36754,1.3646,1.36799,1.36497
2014-02-11 14:00:00,1.36494,1.36289,1.36547,1.36478
2014-02-11 15:00:00,1.36479,1.3643,1.36786,1.36741
2014-02-11 16:00:00,1.36743,1.36503,1.36796,1.36526
2014-02-11 17:00:00,1.36526,1.36449,1.36572,1.36484
2014-02-11 18:00:00,1.36486,1.36361,1.36494,1.36399
2014-02-11 19:00:00,1.36399,1.36346,1.36406,1.36374
2014-02-11 20:00:00,1.36374,1.36359,1.36396,1.36389
2014-02-11 21:00:00,1.36389,1.36353,1.364,1.36368
2014-02-11 22:00:00,1.3637,1.36345,1.36395,1.36366
2014-02-11 23:00:00,1.36366,1.36357,1.36391,1.36359
2014-02-12 00:00:00,1.36358,1.36255,1.36374,1.36346
2014-02-12 01:00:00,1.36348,1.36279,1.36365,1.36342
2014-02-12 02:00:00,1.36342,1.36267,1.36356,1.36281
2014-02-12 03:00:00,1.36281,1.36277,1.36329,1.36288
2014-02-12 04:00:00,1.36285,1.3625,1.36293,1.36286
2014-02-12 05:00:00,1.36286,1.36276,1.36362,1.36331
2014-02-12 06:00:00,1.3633,1.3633,1.36463,1.36431
2014-02-12 07:00:00,1.36432,1.363,1.36453,1.36313
2014-02-12 08:00:00,1.36312,1.36261,1.36367,1.36348
2014-02-12 09:00:00,1.36349,1.36344,1.36453,1.36429
2014-02-12 10:00:00,1.36429,1.36338,1.36522,1.36377
2014-02-12 11:00:00,1.36379,1.35752,1.36393,1.35761
2014-02-12 12:00:00,1.3576,1.35631,1.35869,1.35761
2014-02-12 13:00:00,1.35761,1.35689,1.35797,1.35775
2014-02-12 14:00:00,1.35773,1.35618,1.35773,1.35741
2014-02-12 15:00:00,1.35742,1.35701,1.35924,1.35876
2014-02-12 16:00:00,1.35874,1.35832,1.35977,1.35915
2014-02-12 17:00:00,1.35915,1.35783,1.35928,1.35844
2014-02-12 18:00:00,1.35842,1.35836,1.35973,1.35933
2014-02-12 19:00:00,1.35931,1.35879,1.35964,1.35931
2014-02-12 20:00:00,1.35934,1.35907,1.35979,1.35922
2014-02-12 21:00:00,1.3592,1.35915,1.3596,1.35924
2014-02-12 22:00:00,1.35924,1.35918,1.35977,1.35946
2014-02-12 23:00:00,1.35948,1.35834,1.35952,1.35874
2014-02-13 00:00:00,1.35873,1.35852,1.35983,1.35972
2014-02-13 01:00:00,1.35971,1.35956,1.36059,1.3605
2014-02-13 02:00:00,1.36049,1.36049,1.36152,1.36143
2014-02-13 03:00:00,1.36143,1.36121,1.36169,1.36152
2014-02-13 04:00:00,1.36151,1.3611,1.36154,1.36119
2014-02-13 05:00:00,1.36119,1.36066,1.36153,1.36148
2014-02-13 06:00:00,1.36147,1.36141,1.36374,1.36221
2014-02-13 07:00:00,1.36222,1.36218,1.36348,1.36221
2014-02-13 08:00:00,1.36219,1.36219,1.36322,1.3626
2014-02-13 09:00:00,1.36258,1.36186,1.3686,1.36727
2014-02-13 10:00:00,1.36729,1.36645,1.36769,1.36654
2014-02-13 11:00:00,1.36657,1.36592,1.3671,1.36606
2014-02-13 12:00:00,1.36607,1.36568,1.3668,1.36678
2014-02-13 13:00:00,1.36677,1.36656,1.36912,1.3666
2014-02-13 14:00:00,1.36661,1.36625,1.36799,1.36671
2014-02-13 15:00:00,1.36673,1.36641,1.3682,1.36642
2014-02-13 16:00:00,1.36644,1.36628,1.36691,1.36679
2014-02-13 17:00:00,1.36678,1.36653,1.36728,1.36694
2014-02-13 18:00:00,1.36696,1.36658,1.3675,1.36745
2014-02-13 19:00:00,1.36745,1.36698,1.36748,1.36739
2014-02-13 20:00:00,1.36738,1.36731,1.36836,1.3681
2014-02-13 21:00:00,1.36808,1.36772,1.36819,1.36795
2014-02-13 22:00:00,1.36791,1.36744,1.3681,1.36781
2014-02-13 23:00:00,1.3678,1.36753,1.36791,1.36753
2014-02-14 00:00:00,1.36753,1.36746,1.36803,1.36783
2014-02-14 01:00:00,1.36781,1.36778,1.36903,1.368
2014-02-14 02:00:00,1.36799,1.36729,1.36822,1.3678
2014-02-14 03:00:00,1.36782,1.36768,1.36836,1.3678
2014-02-14 04:00:00,1.36779,1.36774,1.36821,1.36808
2014-02-14 05:00:00,1.36808,1.36782,1.36872,1.36796
2014-02-14 06:00:00,1.36798,1.36747,1.36822,1.36781
2014-02-14 07:00:00,1.36782,1.36774,1.37073,1.37069
2014-02-14 08:00:00,1.37068,1.36924,1.37135,1.36964
2014-02-14 09:00:00,1.36965,1.36778,1.36992,1.36907
2014-02-14 10:00:00,1.3691,1.36836,1.36963,1.36946
2014-02-14 11:00:00,1.36945,1.36912,1.37103,1.37069
2014-02-14 12:00:00,1.37068,1.37023,1.37144,1.37058
2014-02-14 13:00:00,1.37058,1.36851,1.37115,1.36905
2014-02-14 14:00:00,1.36907,1.36828,1.37056,1.36859
2014-02-14 15:00:00,1.36857,1.36823,1.36932,1.36858
2014-02-14 16:00:00,1.36858,1.36838,1.36906,1.36895
2014-02-14 17:00:00,1.36894,1.3687,1.36972,1.36947
2014-02-14 18:00:00,1.36947,1.36938,1.37,1.36957
2014-02-14 19:00:00,1.36959,1.3693,1.37,1.36982
2014-02-14 20:00:00,1.36984,1.36957,1.37009,1.36981
2014-02-14 21:00:00,1.36979,1.3689,1.37001,1.36893
2014-02-16 22:00:00,1.37061,1.3699,1.37079,1.36998
2014-02-16 23:00:00,1.36996,1.36942,1.37038,1.37035
2014-02-17 00:00:00,1.37035,1.36975,1.37079,1.37064
2014-02-17 01:00:00,1.37064,1.37064,1.37237,1.37221
2014-02-17 02:00:00,1.37221,1.37041,1.37234,1.37123
2014-02-17 03:00:00,1.37121,1.37077,1.37131,1.37089
2014-02-17 04:00:00,1.37088,1.37078,1.37147,1.3709
2014-02-17 05:00:00,1.37088,1.37057,1.37111,1.37059
2014-02-17 06:00:00,1.37059,1.37059,1.37183,1.37147
2014-02-17 07:00:00,1.37147,1.36931,1.37147,1.3703
2014-02-17 08:00:00,1.3703,1.36956,1.3707,1.37013
2014-02-17 09:00:00,1.3701,1.36995,1.37162,1.36998
2014-02-17 10:00:00,1.37,1.3696,1.37105,1.3708
2014-02-17 11:00:00,1.37078,1.36986,1.371,1.37046
2014-02-17 12:00:00,1.37047,1.36964,1.37062,1.37003
2014-02-17 13:00:00,1.37001,1.36934,1.3703,1.37021
2014-02-17 14:00:00,1.37019,1.36916,1.37042,1.37041
2014-02-17 15:00:00,1.37041,1.37021,1.37071,1.37022
2014-02-17 16:00:00,1.37021,1.36987,1.37105,1.37052
2014-02-17 17:00:00,1.37049,1.36953,1.37081,1.36956
2014-02-17 18:00:00,1.36957,1.36956,1.37057,1.37034
2014-02-17 19:00:00,1.37035,1.37007,1.37071,1.37026
2014-02-17 20:00:00,1.37027,1.37021,1.37089,1.37037
2014-02-17 21:00:00,1.37038,1.37027,1.37076,1.37045
2014-02-17 22:00:00,1.37041,1.37029,1.37069,1.37044
2014-02-17 23:00:00,1.37047,1.37003,1.37085,1.37029
2014-02-18 00:00:00,1.3703,1.36955,1.3705,1.37001
2014-02-18 01:00:00,1.37003,1.36937,1.37011,1.37009
2014-02-18 02:00:00,1.3701,1.36994,1.37109,1.37106
2014-02-18 03:00:00,1.37105,1.37029,1.37158,1.37112
2014-02-18 04:00:00,1.37111,1.37099,1.37169,1.37127
2014-02-18 05:00:00,1.37124,1.3701,1.37129,1.37084
2014-02-18 06:00:00,1.37084,1.37052,1.37128,1.37067
2014-02-18 07:00:00,1.37069,1.3704,1.37167,1.37148
2014-02-18 08:00:00,1.37147,1.37037,1.37191,1.37185
2014-02-18 09:00:00,1.37183,1.37092,1.37264,1.37231
2014-02-18 10:00:00,1.37226,1.37069,1.37284,1.37258
2014-02-18 11:00:00,1.37258,1.3724,1.37342,1.37263
2014-02-18 12:00:00,1.37262,1.37237,1.37305,1.37294
2014-02-18 13:00:00,1.37293,1.37272,1.37483,1.37425
2014-02-18 14:00:00,1.37427,1.37419,1.37698,1.3758
2014-02-18 15:00:00,1.37583,1.37486,1.37652,1.37494
2014-02-18 16:00:00,1.37492,1.3749,1.37572,1.3757
2014-02-18 17:00:00,1.37568,1.3753,1.3759,1.37535
2014-02-18 18:00:00,1.37536,1.37531,1.37572,1.37558
2014-02-18 19:00:00,1.37557,1.37542,1.37575,1.37563
2014-02-18 20:00:00,1.37563,1.3754,1.37583,1.37577
2014-02-18 21:00:00,1.37574,1.37554,1.37597,1.37576
2014-02-18 22:00:00,1.37575,1.37571,1.37599,1.37597
2014-02-18 23:00:00,1.37598,1.37578,1.37611,1.37599
2014-02-19 00:00:00,1.376,1.37564,1.37722,1.37649
2014-02-19 01:00:00,1.37649,1.37617,1.37726,1.37686
2014-02-19 02:00:00,1.37688,1.37608,1.37694,1.37634
2014-02-19 03:00:00,1.37634,1.37586,1.37647,1.37586
2014-02-19 04:00:00,1.37588,1.37588,1.37652,1.37639
2014-02-19 05:00:00,1.37641,1.37626,1.3767,1.37646
2014-02-19 06:00:00,1.37646,1.37559,1.3767,1.37561
2014-02-19 07:00:00,1.37558,1.37534,1.37616,1.37589
2014-02-19 08:00:00,1.37591,1.37537,1.37613,1.37542
2014-02-19 09:00:00,1.3754,1.37474,1.37583,1.37481
2014-02-19 10:00:00,1.37478,1.37449,1.37536,1.37459
2014-02-19 11:00:00,1.37459,1.37455,1.37509,1.37479
2014-02-19 12:00:00,1.37478,1.37416,1.375,1.3743
2014-02-19 13:00:00,1.3743,1.37388,1.37543,1.37462
2014-02-19 14:00:00,1.3746,1.37418,1.37593,1.37535
2014-02-19 15:00:00,1.37533,1.37488,1.37595,1.37527
2014-02-19 16:00:00,1.37527,1.37527,1.37647,1.37603
2014-02-19 17:00:00,1.37601,1.37463,1.37644,1.37517
2014-02-19 18:00:00,1.37514,1.37444,1.37519,1.37447
2014-02-19 19:00:00,1.37449,1.37239,1.37496,1.37421
2014-02-19 20:00:00,1.37422,1.373,1.37428,1.37318
2014-02-19 21:00:00,1.37318,1.37298,1.37359,1.37322
2014-02-19 22:00:00,1.37325,1.37314,1.3736,1.37316
2014-02-19 23:00:00,1.37316,1.37279,1.37358,1.37289
2014-02-20 00:00:00,1.37289,1.3728,1.37388,1.37364
2014-02-20 01:00:00,1.37366,1.37336,1.37423,1.37419
2014-02-20 02:00:00,1.3742,1.374,1.37514,1.37487
2014-02-20 03:00:00,1.37487,1.37478,1.37573,1.3753
2014-02-20 04:00:00,1.37531,1.37499,1.37555,1.37551
2014-02-20 05:00:00,1.37552,1.3748,1.37561,1.37533
2014-02-20 06:00:00,1.37533,1.37499,1.37621,1.375
2014-02-20 07:00:00,1.37501,1.36978,1.37538,1.37149
2014-02-20 08:00:00,1.37147,1.36817,1.37168,1.36973
2014-02-20 09:00:00,1.36975,1.36931,1.37088,1.37011
2014-02-20 10:00:00,1.37011,1.3689,1.37021,1.36925
2014-02-20 11:00:00,1.36923,1.36897,1.36984,1.36962
2014-02-20 12:00:00,1.36965,1.36964,1.37068,1.37042
2014-02-20 13:00:00,1.37045,1.36979,1.37207,1.37135
2014-02-20 14:00:00,1.37134,1.37093,1.37224,1.37134
2014-02-20 15:00:00,1.37135,1.37106,1.37254,1.37114
2014-02-20 16:00:00,1.37113,1.36872,1.37122,1.36898
2014-02-20 17:00:00,1.36899,1.36875,1.37016,1.37005
2014-02-20 18:00:00,1.37005,1.36995,1.37092,1.37066
2014-02-20 19:00:00,1.37069,1.37067,1.372,1.37179
2014-02-20 20:00:00,1.37179,1.37161,1.37211,1.37189
2014-02-20 21:00:00,1.37188,1.37157,1.37203,1.37159
2014-02-20 22:00:00,1.37152,1.37152,1.37207,1.37197
2014-02-20 23:00:00,1.37196,1.37168,1.37208,1.37199
2014-02-21 00:00:00,1.37202,1.37156,1.37203,1.37164
2014-02-21 01:00:00,1.37162,1.37146,1.37201,1.37172
2014-02-21 02:00:00,1.37172,1.37167,1.37199,1.3719
2014-02-21 03:00:00,1.3719,1.37152,1.372,1.3716
2014-02-21 04:00:00,1.37162,1.3714,1.37184,1.37166
2014-02-21 05:00:00,1.37166,1.37136,1.37188,1.37141
2014-02-21 06:00:00,1.37143,1.37134,1.37177,1.37171
2014-02-21 07:00:00,1.37173,1.37067,1.37243,1.37134
2014-02-21 08:00:00,1.37131,1.37015,1.37151,1.37099
2014-02-21 09:00:00,1.37101,1.37054,1.37188,1.37162
2014-02-21 10:00:00,1.37162,1.37033,1.37213,1.37083
2014-02-21 11:00:00,1.37083,1.37056,1.37126,1.37059
2014-02-21 12:00:00,1.3706,1.37053,1.37128,1.37098
2014-02-21 13:00:00,1.37098,1.37048,1.37144,1.37144
2014-02-21 14:00:00,1.37144,1.37074,1.37509,1.3743
2014-02-21 15:00:00,1.3743,1.3743,1.3758,1.37442
2014-02-21 16:00:00,1.37441,1.37195,1.37462,1.37219
2014-02-21 17:00:00,1.37218,1.37196,1.37358,1.37347
2014-02-21 18:00:00,1.3735,1.37338,1.37456,1.37399
2014-02-21 19:00:00,1.37399,1.3736,1.37445,1.3743
2014-02-21 20:00:00,1.3743,1.37367,1.37468,1.37372
2014-02-21 21:00:00,1.37371,1.37335,1.374,1.37345
2014-02-23 22:00:00,1.3731,1.37205,1.37401,1.37371
2014-02-23 23:00:00,1.37371,1.37359,1.37408,1.3737
2014-02-24 00:00:00,1.3737,1.3737,1.3742,1.37398
2014-02-24 01:00:00,1.374,1.37276,1.374,1.37299
2014-02-24 02:00:00,1.37301,1.373,1.3737,1.37358
2014-02-24 03:00:00,1.3736,1.37328,1.37382,1.37356
2014-02-24 04:00:00,1.37355,1.37353,1.37414,1.3737
2014-02-24 05:00:00,1.37368,1.37354,1.3738,1.37372
2014-02-24 06:00:00,1.37371,1.37315,1.37433,1.37412
2014-02-24 07:00:00,1.3741,1.37348,1.37491,1.37371
2014-02-24 08:00:00,1.37372,1.37363,1.37559,1.37507
2014-02-24 09:00:00,1.37509,1.37499,1.37703,1.37609
2014-02-24 10:00:00,1.37611,1.37563,1.37659,1.37595
2014-02-24 11:00:00,1.37595,1.37327,1.37611,1.37357
2014-02-24 12:00:00,1.37355,1.37192,1.37355,1.37268
2014-02-24 13:00:00,1.37265,1.3716,1.37355,1.37237
2014-02-24 14:00:00,1.37239,1.37114,1.37273,1.37123
2014-02-24 15:00:00,1.3712,1.37078,1.37265,1.37257
2014-02-24 16:00:00,1.37255,1.3725,1.37471,1.3743
2014-02-24 17:00:00,1.37428,1.37331,1.37436,1.3736
2014-02-24 18:00:00,1.37361,1.37342,1.37376,1.37375
2014-02-24 19:00:00,1.37376,1.37347,1.37406,1.37351
2014-02-24 20:00:00,1.37349,1.37308,1.37371,1.37327
2014-02-24 21:00:00,1.37326,1.37305,1.37361,1.37338
2014-02-24 22:00:00,1.37338,1.37297,1.3735,1.37334
2014-02-24 23:00:00,1.37333,1.37289,1.37352,1.37339
2014-02-25 00:00:00,1.37342,1.37294,1.37352,1.37313
2014-02-25 01:00:00,1.37314,1.37308,1.37371,1.37323
2014-02-25 02:00:00,1.3732,1.37288,1.37355,1.37348
2014-02-25 03:00:00,1.37349,1.37326,1.37383,1.37339
2014-02-25 04:00:00,1.37337,1.37329,1.37366,1.37342
2014-02-25 05:00:00,1.37341,1.37329,1.37371,1.37351
2014-02-25 06:00:00,1.3735,1.37338,1.37448,1.37435
2014-02-25 07:00:00,1.37435,1.37363,1.37505,1.37499
2014-02-25 08:00:00,1.37501,1.37478,1.3763,1.37523
2014-02-25 09:00:00,1.37527,1.3743,1.37543,1.37449
2014-02-25 10:00:00,1.37448,1.37413,1.3755,1.37545
2014-02-25 11:00:00,1.37546,1.37407,1.37553,1.3746
2014-02-25 12:00:00,1.37461,1.3744,1.37554,1.37515
2014-02-25 13:00:00,1.37517,1.37514,1.3758,1.37557
2014-02-25 14:00:00,1.3756,1.37493,1.37666,1.37572
2014-02-25 15:00:00,1.37571,1.37148,1.37632,1.3733
2014-02-25 16:00:00,1.37332,1.37318,1.37597,1.3748
2014-02-25 17:00:00,1.37482,1.3746,1.37527,1.37516
2014-02-25 18:00:00,1.37518,1.374,1.37525,1.37408
2014-02-25 19:00:00,1.37407,1.37405,1.37463,1.37415
2014-02-25 20:00:00,1.37416,1.37359,1.37434,1.3739
2014-02-25 21:00:00,1.37387,1.37382,1.37459,1.37438
2014-02-25 22:00:00,1.37447,1.37399,1.37458,1.37441
2014-02-25 23:00:00,1.37441,1.37424,1.37484,1.37453
2014-02-26 00:00:00,1.37451,1.37396,1.37469,1.37449
2014-02-26 01:00:00,1.3745,1.37416,1.37458,1.37431
2014-02-26 02:00:00,1.37432,1.37388,1.37439,1.37415
2014-02-26 03:00:00,1.37416,1.37368,1.37432,1.37398
2014-02-26 04:00:00,1.37396,1.3738,1.3743,1.3739
2014-02-26 05:00:00,1.37392,1.37374,1.37417,1.37376
2014-02-26 06:00:00,1.37376,1.3737,1.37455,1.37428
2014-02-26 07:00:00,1.37426,1.37401,1.37474,1.37411
2014-02-26 08:00:00,1.37413,1.37329,1.37445,1.37436
2014-02-26 09:00:00,1.37437,1.37396,1.37568,1.37419
2014-02-26 10:00:00,1.37419,1.37354,1.3745,1.37422
2014-02-26 11:00:00,1.37423,1.37346,1.37434,1.37404
2014-02-26 12:00:00,1.37406,1.37175,1.37414,1.37289
2014-02-26 13:00:00,1.37289,1.37109,1.3731,1.37193
2014-02-26 14:00:00,1.37193,1.36749,1.37205,1.36803
2014-02-26 15:00:00,1.368,1.36633,1.36812,1.36664
2014-02-26 16:00:00,1.36664,1.3661,1.36735,1.36669
2014-02-26 17:00:00,1.36669,1.36654,1.36724,1.36714
2014-02-26 18:00:00,1.36712,1.36671,1.36783,1.36722
2014-02-26 19:00:00,1.36723,1.36708,1.36834,1.36831
2014-02-26 20:00:00,1.36831,1.36806,1.36873,1.36852
2014-02-26 21:00:00,1.36854,1.3683,1.36873,1.36856
2014-02-26 22:00:00,1.36859,1.36811,1.36865,1.36824
2014-02-26 23:00:00,1.36822,1.3679,1.36848,1.36801
2014-02-27 00:00:00,1.36802,1.36752,1.36872,1.36869
2014-02-27 01:00:00,1.36869,1.36847,1.36951,1.36922
2014-02-27 02:00:00,1.36923,1.36862,1.36942,1.3688
2014-02-27 03:00:00,1.36881,1.36856,1.36889,1.36871
2014-02-27 04:00:00,1.36873,1.3682,1.36877,1.36862
2014-02-27 05:00:00,1.3686,1.3685,1.3689,1.36869
2014-02-27 06:00:00,1.36867,1.36835,1.36917,1.36862
2014-02-27 07:00:00,1.36863,1.36682,1.369,1.36739
2014-02-27 08:00:00,1.36739,1.36506,1.36739,1.36603
2014-02-27 09:00:00,1.36599,1.36427,1.36604,1.36499
2014-02-27 10:00:00,1.36499,1.36427,1.3658,1.36546
2014-02-27 11:00:00,1.36547,1.36499,1.36636,1.36623
2014-02-27 12:00:00,1.36625,1.36532,1.3664,1.36554
2014-02-27 13:00:00,1.36554,1.36501,1.36778,1.36689
2014-02-27 14:00:00,1.3669,1.3669,1.36852,1.36841
2014-02-27 15:00:00,1.36841,1.36729,1.36866,1.36806
2014-02-27 16:00:00,1.36809,1.36793,1.37236,1.37233
2014-02-27 17:00:00,1.37232,1.37102,1.37261,1.37102
2014-02-27 18:00:00,1.37103,1.37053,1.37119,1.37073
2014-02-27 19:00:00,1.37074,1.37063,1.37158,1.371
2014-02-27 20:00:00,1.37098,1.37041,1.37098,1.37089
2014-02-27 21:00:00,1.37091,1.37059,1.37131,1.37085
2014-02-27 22:00:00,1.3709,1.37054,1.3711,1.37071
2014-02-27 23:00:00,1.37071,1.37048,1.37097,1.3706
2014-02-28 00:00:00,1.37059,1.37035,1.37101,1.37085
2014-02-28 01:00:00,1.37086,1.37067,1.37142,1.37108
2014-02-28 02:00:00,1.37109,1.3704,1.37125,1.37077
2014-02-28 03:00:00,1.37075,1.37006,1.37078,1.37007
2014-02-28 04:00:00,1.37007,1.36966,1.37039,1.37001
2014-02-28 05:00:00,1.36998,1.36935,1.37009,1.36981
2014-02-28 06:00:00,1.36983,1.36943,1.37042,1.37033
2014-02-28 07:00:00,1.37033,1.37011,1.37241,1.3715
2014-02-28 08:00:00,1.37151,1.37042,1.37214,1.37139
2014-02-28 09:00:00,1.37139,1.37069,1.37311,1.3725
2014-02-28 10:00:00,1.37251,1.37251,1.38125,1.37918
2014-02-28 11:00:00,1.37918,1.37873,1.38021,1.37927
2014-02-28 12:00:00,1.37926,1.37921,1.38069,1.38007
2014-02-28 13:00:00,1.38005,1.38,1.38176,1.38094
2014-02-28 14:00:00,1.38096,1.37919,1.38232,1.37929
2014-02-28 15:00:00,1.3793,1.37918,1.38127,1.38101
2014-02-28 16:00:00,1.38101,1.37996,1.38113,1.38052
2014-02-28 17:00:00,1.3805,1.38048,1.38174,1.38063
2014-02-28 18:00:00,1.38064,1.38051,1.38115,1.38089
2014-02-28 19:00:00,1.38091,1.38058,1.38231,1.38224
2014-02-28 20:00:00,1.38223,1.3802,1.38238,1.38026
2014-02-28 21:00:00,1.38027,1.37938,1.38083,1.37989
2014-03-02 22:00:00,1.37576,1.37494,1.37848,1.37732
2014-03-02 23:00:00,1.37733,1.37703,1.37867,1.37738
2014-03-03 00:00:00,1.37737,1.3773,1.37878,1.37756
2014-03-03 01:00:00,1.37759,1.37703,1.37775,1.37768
2014-03-03 02:00:00,1.37767,1.37761,1.37806,1.37794
2014-03-03 03:00:00,1.37792,1.37735,1.37799,1.37771
2014-03-03 04:00:00,1.37771,1.37755,1.37792,1.37787
2014-03-03 05:00:00,1.37788,1.37776,1.37856,1.37808
2014-03-03 06:00:00,1.37811,1.37798,1.37921,1.37898
2014-03-03 07:00:00,1.37897,1.37678,1.37901,1.37686
2014-03-03 08:00:00,1.37685,1.37662,1.37811,1.37788
2014-03-03 09:00:00,1.37789,1.37697,1.37851,1.37778
2014-03-03 10:00:00,1.3778,1.37746,1.37841,1.37812
2014-03-03 11:00:00,1.37813,1.37612,1.37824,1.37615
2014-03-03 12:00:00,1.37617,1.3758,1.37715,1.37704
2014-03-03 13:00:00,1.37707,1.37669,1.37799,1.37738
2014-03-03 14:00:00,1.37739,1.37643,1.37801,1.377
2014-03-03 15:00:00,1.37699,1.37465,1.37738,1.37728
2014-03-03 16:00:00,1.37728,1.37617,1.37778,1.37623
2014-03-03 17:00:00,1.37621,1.37347,1.3765,1.37352
2014-03-03 18:00:00,1.37352,1.37307,1.3744,1.37378
2014-03-03 19:00:00,1.37376,1.37316,1.37387,1.37326
2014-03-03 20:00:00,1.37327,1.37257,1.37358,1.37294
2014-03-03 21:00:00,1.37295,1.3729,1.3735,1.37344
2014-03-03 22:00:00,1.37342,1.37317,1.37372,1.37354
2014-03-03 23:00:00,1.37353,1.37332,1.37368,1.37346
2014-03-04 00:00:00,1.37347,1.37315,1.37382,1.37332
2014-03-04 01:00:00,1.3733,1.37159,1.37336,1.37221
2014-03-04 02:00:00,1.37218,1.37218,1.37298,1.37296
2014-03-04 03:00:00,1.37295,1.37249,1.37309,1.37271
2014-03-04 04:00:00,1.37271,1.37269,1.37341,1.37326
2014-03-04 05:00:00,1.37325,1.37299,1.37347,1.37309
2014-03-04 06:00:00,1.37311,1.37289,1.37669,1.37518
2014-03-04 07:00:00,1.37517,1.37511,1.37622,1.37526
2014-03-04 08:00:00,1.37525,1.37501,1.37732,1.37557
2014-03-04 09:00:00,1.37559,1.37435,1.37572,1.37511
2014-03-04 10:00:00,1.37509,1.37491,1.3766,1.37624
2014-03-04 11:00:00,1.37621,1.37589,1.37727,1.3761
2014-03-04 12:00:00,1.3761,1.37567,1.37635,1.37588
2014-03-04 13:00:00,1.3759,1.37588,1.37812,1.37644
2014-03-04 14:00:00,1.37643,1.37482,1.37645,1.37563
2014-03-04 15:00:00,1.37563,1.37399,1.37587,1.37416
2014-03-04 16:00:00,1.37417,1.37254,1.37436,1.37302
2014-03-04 17:00:00,1.37302,1.37257,1.37391,1.37329
2014-03-04 18:00:00,1.3733,1.3731,1.37379,1.37345
2014-03-04 19:00:00,1.37345,1.37313,1.37365,1.37345
2014-03-04 20:00:00,1.37343,1.37331,1.37403,1.37374
2014-03-04 21:00:00,1.37372,1.37345,1.37445,1.37405
2014-03-04 22:00:00,1.37407,1.37367,1.37435,1.37393
2014-03-04 23:00:00,1.37392,1.37356,1.37415,1.37412
2014-03-05 00:00:00,1.37411,1.37325,1.3742,1.37404
2014-03-05 01:00:00,1.37402,1.37337,1.37405,1.37372
2014-03-05 02:00:00,1.37372,1.37298,1.3738,1.37323
2014-03-05 03:00:00,1.37321,1.37293,1.37339,1.37309
2014-03-05 04:00:00,1.37309,1.37299,1.37342,1.37311
2014-03-05 05:00:00,1.37312,1.37265,1.37344,1.37282
2014-03-05 06:00:00,1.3728,1.37258,1.37328,1.3727
2014-03-05 07:00:00,1.37271,1.37238,1.37352,1.37324
2014-03-05 08:00:00,1.37323,1.37279,1.37421,1.37413
2014-03-05 09:00:00,1.37416,1.37196,1.37445,1.37332
2014-03-05 10:00:00,1.37332,1.37068,1.37339,1.37186
2014-03-05 11:00:00,1.37184,1.37139,1.37274,1.37271
2014-03-05 12:00:00,1.37272,1.37231,1.37373,1.373
2014-03-05 13:00:00,1.37299,1.37069,1.37481,1.37161
2014-03-05 14:00:00,1.37163,1.37093,1.37333,1.37327
2014-03-05 15:00:00,1.37326,1.37247,1.37462,1.37377
2014-03-05 16:00:00,1.37377,1.37308,1.37387,1.37332
2014-03-05 17:00:00,1.37333,1.37276,1.37349,1.37346
2014-03-05 18:00:00,1.37344,1.37336,1.37382,1.37358
2014-03-05 19:00:00,1.37357,1.37297,1.37392,1.37297
2014-03-05 20:00:00,1.37298,1.37262,1.37326,1.3729
2014-03-05 21:00:00,1.37293,1.37285,1.37351,1.37322
2014-03-05 22:00:00,1.37322,1.37322,1.37359,1.37355
2014-03-05 23:00:00,1.37354,1.37301,1.37355,1.37309
2014-03-06 00:00:00,1.37309,1.37274,1.37352,1.37307
2014-03-06 01:00:00,1.37307,1.37259,1.37319,1.3728
2014-03-06 02:00:00,1.3728,1.37245,1.37291,1.37258
2014-03-06 03:00:00,1.37256,1.37223,1.37271,1.37252
2014-03-06 04:00:00,1.37255,1.37223,1.37273,1.37235
2014-03-06 05:00:00,1.37235,1.37226,1.37271,1.37245
2014-03-06 06:00:00,1.37242,1.37239,1.37311,1.37298
2014-03-06 07:00:00,1.37298,1.37259,1.37379,1.37335
2014-03-06 08:00:00,1.37335,1.37206,1.37349,1.37278
2014-03-06 09:00:00,1.37277,1.37259,1.37363,1.3734
2014-03-06 10:00:00,1.37341,1.37292,1.37415,1.37383
2014-03-06 11:00:00,1.37384,1.37356,1.37505,1.3745
2014-03-06 12:00:00,1.37453,1.37167,1.37686,1.37505
2014-03-06 13:00:00,1.37508,1.37261,1.38227,1.38142
2014-03-06 14:00:00,1.38142,1.38072,1.38461,1.38439
2014-03-06 15:00:00,1.3844,1.38328,1.38528,1.38396
2014-03-06 16:00:00,1.38399,1.38383,1.38572,1.38474
2014-03-06 17:00:00,1.38473,1.38472,1.38724,1.38588
2014-03-06 18:00:00,1.38588,1.38576,1.38685,1.38576
2014-03-06 19:00:00,1.38579,1.38563,1.38623,1.38594
2014-03-06 20:00:00,1.38596,1.38548,1.386,1.38569
2014-03-06 21:00:00,1.38569,1.38562,1.38612,1.38582
2014-03-06 22:00:00,1.38585,1.38582,1.38643,1.38592
2014-03-06 23:00:00,1.38589,1.38589,1.38659,1.38626
2014-03-07 00:00:00,1.38624,1.3858,1.38672,1.38619
2014-03-07 01:00:00,1.38617,1.38567,1.38617,1.38587
2014-03-07 02:00:00,1.38588,1.38571,1.38606,1.38584
2014-03-07 03:00:00,1.38585,1.3855,1.38588,1.38567
2014-03-07 04:00:00,1.38564,1.38553,1.3859,1.38574
2014-03-07 05:00:00,1.38572,1.38555,1.38598,1.3859
2014-03-07 06:00:00,1.38593,1.38582,1.38632,1.38587
2014-03-07 07:00:00,1.38588,1.38559,1.38732,1.38711
2014-03-07 08:00:00,1.38712,1.3864,1.38772,1.38734
2014-03-07 09:00:00,1.38732,1.38672,1.38833,1.38783
2014-03-07 10:00:00,1.38783,1.38764,1.38875,1.38857
2014-03-07 11:00:00,1.38857,1.38837,1.39147,1.3903
2014-03-07 12:00:00,1.39028,1.38981,1.39093,1.38989
2014-03-07 13:00:00,1.38989,1.38513,1.39063,1.38524
2014-03-07 14:00:00,1.38525,1.38524,1.38802,1.38702
2014-03-07 15:00:00,1.38702,1.38605,1.38744,1.38622
2014-03-07 16:00:00,1.3862,1.38608,1.38712,1.3867
2014-03-07 17:00:00,1.38673,1.38663,1.38757,1.38745
2014-03-07 18:00:00,1.38748,1.38708,1.38781,1.38728
2014-03-07 19:00:00,1.38731,1.38697,1.38768,1.38698
2014-03-07 20:00:00,1.38698,1.38659,1.38718,1.38714
2014-03-07 21:00:00,1.38717,1.387,1.38751,1.38748
2014-03-09 21:00:00,1.38733,1.38657,1.38753,1.38705
2014-03-09 22:00:00,1.38705,1.38705,1.38766,1.38756
2014-03-09 23:00:00,1.38758,1.38749,1.38791,1.38768
2014-03-10 00:00:00,1.38766,1.38764,1.38872,1.3884
2014-03-10 01:00:00,1.3884,1.38807,1.38917,1.38811
2014-03-10 02:00:00,1.38808,1.38801,1.38869,1.38868
2014-03-10 03:00:00,1.3887,1.3883,1.38885,1.38865
2014-03-10 04:00:00,1.38867,1.38826,1.38874,1.38839
2014-03-10 05:00:00,1.3884,1.38759,1.3887,1.38812
2014-03-10 06:00:00,1.3881,1.38768,1.38843,1.38834
2014-03-10 07:00:00,1.38836,1.38758,1.38974,1.3894
2014-03-10 08:00:00,1.38939,1.3882,1.38942,1.38927
2014-03-10 09:00:00,1.38927,1.38729,1.38958,1.38739
2014-03-10 10:00:00,1.38739,1.38683,1.38797,1.38732
2014-03-10 11:00:00,1.3873,1.38672,1.38775,1.38731
2014-03-10 12:00:00,1.38732,1.38722,1.38864,1.38853
2014-03-10 13:00:00,1.38856,1.38752,1.3887,1.38836
2014-03-10 14:00:00,1.38833,1.38674,1.38862,1.38688
2014-03-10 15:00:00,1.3869,1.38612,1.3879,1.38786
2014-03-10 16:00:00,1.38786,1.38729,1.38816,1.38773
2014-03-10 17:00:00,1.38775,1.3873,1.38807,1.38732
2014-03-10 18:00:00,1.38734,1.38682,1.38759,1.38687
2014-03-10 19:00:00,1.38685,1.38672,1.38714,1.38698
2014-03-10 20:00:00,1.38699,1.38699,1.38781,1.38757
2014-03-10 21:00:00,1.38757,1.38738,1.38782,1.38773
2014-03-10 22:00:00,1.38772,1.38746,1.38779,1.38764
2014-03-10 23:00:00,1.38762,1.3875,1.38779,1.38752
2014-03-11 00:00:00,1.38752,1.38701,1.38755,1.38716
2014-03-11 01:00:00,1.38714,1.38687,1.38731,1.387
2014-03-11 02:00:00,1.387,1.38657,1.38724,1.38707
2014-03-11 03:00:00,1.38708,1.38661,1.38721,1.38668
2014-03-11 04:00:00,1.38668,1.38652,1.38698,1.38656
2014-03-11 05:00:00,1.38655,1.38609,1.3866,1.38622
2014-03-11 06:00:00,1.38621,1.38617,1.38721,1.38692
2014-03-11 07:00:00,1.38692,1.38468,1.38692,1.38488
2014-03-11 08:00:00,1.3849,1.38481,1.38653,1.38568
2014-03-11 09:00:00,1.38567,1.38462,1.38637,1.38494
2014-03-11 10:00:00,1.38492,1.38394,1.38521,1.38441
2014-03-11 11:00:00,1.38441,1.38333,1.38543,1.38496
2014-03-11 12:00:00,1.38496,1.3848,1.38594,1.38559
2014-03-11 13:00:00,1.38558,1.38484,1.38571,1.38526
2014-03-11 14:00:00,1.38528,1.38522,1.38674,1.38631
2014-03-11 15:00:00,1.3863,1.3863,1.38749,1.38659
2014-03-11 16:00:00,1.3866,1.38579,1.38737,1.38597
2014-03-11 17:00:00,1.38597,1.38566,1.38638,1.38638
2014-03-11 18:00:00,1.38638,1.38623,1.38762,1.38707
2014-03-11 19:00:00,1.38706,1.38579,1.38718,1.38582
2014-03-11 20:00:00,1.38584,1.3858,1.38641,1.3858
2014-03-11 21:00:00,1.38585,1.38563,1.38607,1.38578
2014-03-11 22:00:00,1.38579,1.38539,1.38599,1.38543
2014-03-11 23:00:00,1.38543,1.38512,1.38574,1.38556
2014-03-12 00:00:00,1.38556,1.3854,1.38599,1.38564
2014-03-12 01:00:00,1.38565,1.38526,1.38642,1.38621
2014-03-12 02:00:00,1.38622,1.38543,1.38625,1.38599
2014-03-12 03:00:00,1.38601,1.38506,1.38602,1.38527
2014-03-12 04:00:00,1.38528,1.3851,1.38542,1.3854
2014-03-12 05:00:00,1.38539,1.38539,1.38572,1.38544
2014-03-12 06:00:00,1.38543,1.3854,1.3861,1.38574
2014-03-12 07:00:00,1.38576,1.38429,1.38602,1.38483
2014-03-12 08:00:00,1.38486,1.38447,1.38559,1.38505
2014-03-12 09:00:00,1.38502,1.38469,1.38667,1.38588
2014-03-12 10:00:00,1.38586,1.38562,1.38742,1.38608
2014-03-12 11:00:00,1.3861,1.38608,1.38741,1.38691
2014-03-12 12:00:00,1.38691,1.38688,1.39051,1.38917
2014-03-12 13:00:00,1.38915,1.38836,1.38976,1.38924
2014-03-12 14:00:00,1.38924,1.38795,1.3893,1.38863
2014-03-12 15:00:00,1.38865,1.38858,1.39057,1.39034
2014-03-12 16:00:00,1.39032,1.3898,1.39134,1.39095
2014-03-12 17:00:00,1.39096,1.39018,1.39138,1.39023
2014-03-12 18:00:00,1.39025,1.38972,1.39076,1.39023
2014-03-12 19:00:00,1.39022,1.39017,1.39088,1.39076
2014-03-12 20:00:00,1.39077,1.39017,1.39082,1.39031
2014-03-12 21:00:00,1.3903,1.38992,1.39069,1.39011
2014-03-12 22:00:00,1.3901,1.39001,1.39042,1.39012
2014-03-12 23:00:00,1.39011,1.38962,1.39069,1.39019
2014-03-13 00:00:00,1.39021,1.38971,1.39054,1.39003
2014-03-13 01:00:00,1.39002,1.38957,1.3903,1.3903
2014-03-13 02:00:00,1.39028,1.38996,1.39088,1.39031
2014-03-13 03:00:00,1.39031,1.38996,1.3904,1.39018
2014-03-13 04:00:00,1.39017,1.3901,1.39479,1.3942
2014-03-13 05:00:00,1.39419,1.3934,1.39468,1.39383
2014-03-13 06:00:00,1.39382,1.39317,1.39404,1.39393
2014-03-13 07:00:00,1.3939,1.39355,1.39555,1.39552
2014-03-13 08:00:00,1.3955,1.39421,1.39554,1.39519
2014-03-13 09:00:00,1.3952,1.39465,1.39662,1.39627
2014-03-13 10:00:00,1.39628,1.39483,1.39646,1.3951
2014-03-13 11:00:00,1.3951,1.3948,1.39581,1.39541
2014-03-13 12:00:00,1.39541,1.39359,1.39579,1.39427
2014-03-13 13:00:00,1.39427,1.39378,1.39567,1.3949
2014-03-13 14:00:00,1.39491,1.39259,1.3952,1.39308
2014-03-13 15:00:00,1.39307,1.39247,1.3937,1.39261
2014-03-13 16:00:00,1.39261,1.38923,1.39339,1.38945
2014-03-13 17:00:00,1.38944,1.38505,1.39093,1.38566
2014-03-13 18:00:00,1.38569,1.38451,1.38599,1.38574
2014-03-13 19:00:00,1.38573,1.38563,1.38625,1.38611
2014-03-13 20:00:00,1.38608,1.38598,1.38691,1.38683
2014-03-13 21:00:00,1.38682,1.38642,1.38769,1.3871
2014-03-13 22:00:00,1.3871,1.38645,1.38725,1.3867
2014-03-13 23:00:00,1.38671,1.38577,1.38681,1.38645
2014-03-14 00:00:00,1.38645,1.38573,1.38649,1.38621
2014-03-14 01:00:00,1.3862,1.38569,1.38673,1.38662
2014-03-14 02:00:00,1.38661,1.38608,1.38716,1.38625
2014-03-14 03:00:00,1.38626,1.38557,1.38637,1.38606
2014-03-14 04:00:00,1.38609,1.3859,1.38647,1.38615
2014-03-14 05:00:00,1.38613,1.3847,1.38631,1.38488
2014-03-14 06:00:00,1.38488,1.38481,1.38597,1.38564
2014-03-14 07:00:00,1.38566,1.38542,1.38655,1.38647
2014-03-14 08:00:00,1.38648,1.38623,1.38782,1.38735
2014-03-14 09:00:00,1.38733,1.38626,1.38911,1.38869
2014-03-14 10:00:00,1.38867,1.38836,1.38951,1.38897
2014-03-14 11:00:00,1.38898,1.38819,1.38941,1.3884
2014-03-14 12:00:00,1.38839,1.38723,1.38859,1.38807
2014-03-14 13:00:00,1.38808,1.38805,1.39147,1.39127
2014-03-14 14:00:00,1.39126,1.39117,1.39371,1.39154
2014-03-14 15:00:00,1.39155,1.38983,1.39324,1.39234
2014-03-14 16:00:00,1.39234,1.39058,1.39251,1.39126
2014-03-14 17:00:00,1.39126,1.38966,1.3918,1.38994
2014-03-14 18:00:00,1.38996,1.3899,1.39082,1.3903
2014-03-14 19:00:00,1.39032,1.39019,1.39094,1.39062
2014-03-14 20:00:00,1.39065,1.39037,1.39108,1.39072
2014-03-16 21:00:00,1.39055,1.3895,1.39153,1.39128
2014-03-16 22:00:00,1.3913,1.39034,1.39147,1.3906
2014-03-16 23:00:00,1.3906,1.39034,1.39121,1.39087
2014-03-17 00:00:00,1.39086,1.39009,1.39087,1.39013
2014-03-17 01:00:00,1.39015,1.39013,1.39094,1.39066
2014-03-17 02:00:00,1.39068,1.39044,1.39091,1.39081
2014-03-17 03:00:00,1.39079,1.39045,1.39109,1.39059
2014-03-17 04:00:00,1.39058,1.38997,1.39067,1.39003
2014-03-17 05:00:00,1.39001,1.38992,1.39032,1.39008
2014-03-17 06:00:00,1.39005,1.38969,1.39036,1.3902
2014-03-17 07:00:00,1.39018,1.38781,1.39032,1.38817
2014-03-17 08:00:00,1.38819,1.38817,1.39052,1.39045
2014-03-17 09:00:00,1.39043,1.38943,1.39115,1.3896
2014-03-17 10:00:00,1.3896,1.38841,1.38977,1.38939
2014-03-17 11:00:00,1.38939,1.38857,1.38999,1.38881
2014-03-17 12:00:00,1.38883,1.38875,1.39105,1.39037
2014-03-17 13:00:00,1.39036,1.39015,1.39432,1.39359
2014-03-17 14:00:00,1.39358,1.39267,1.39471,1.39275
2014-03-17 15:00:00,1.39277,1.39254,1.3935,1.39256
2014-03-17 16:00:00,1.39259,1.39191,1.39295,1.39239
2014-03-17 17:00:00,1.39238,1.39234,1.39337,1.39242
2014-03-17 18:00:00,1.3924,1.39186,1.39271,1.39198
2014-03-17 19:00:00,1.39199,1.39185,1.39247,1.39215
2014-03-17 20:00:00,1.39216,1.39204,1.39263,1.39209
2014-03-17 21:00:00,1.39213,1.39197,1.39236,1.39201
2014-03-17 22:00:00,1.39202,1.39197,1.39272,1.39249
2014-03-17 23:00:00,1.39247,1.39235,1.3927,1.39245
2014-03-18 00:00:00,1.39246,1.39238,1.39369,1.39337
2014-03-18 01:00:00,1.39339,1.39307,1.39362,1.3932
2014-03-18 02:00:00,1.3932,1.39309,1.39341,1.39328
2014-03-18 03:00:00,1.39331,1.39296,1.39345,1.39303
2014-03-18 04:00:00,1.39303,1.39296,1.39325,1.39311
2014-03-18 05:00:00,1.39314,1.3926,1.39314,1.39306
2014-03-18 06:00:00,1.39307,1.39268,1.39319,1.39269
2014-03-18 07:00:00,1.39267,1.39118,1.39274,1.39161
2014-03-18 08:00:00,1.39159,1.3907,1.39165,1.39125
2014-03-18 09:00:00,1.39127,1.39031,1.39169,1.39079
2014-03-18 10:00:00,1.39081,1.38892,1.39138,1.39028
2014-03-18 11:00:00,1.3903,1.38921,1.39419,1.39307
2014-03-18 12:00:00,1.39309,1.38953,1.39345,1.3903
2014-03-18 13:00:00,1.39031,1.38931,1.39101,1.39031
2014-03-18 14:00:00,1.39029,1.38793,1.39081,1.3891
2014-03-18 15:00:00,1.38908,1.3886,1.39131,1.39124
2014-03-18 16:00:00,1.39123,1.39073,1.39154,1.39102
2014-03-18 17:00:00,1.391,1.39096,1.39315,1.39213
2014-03-18 18:00:00,1.39211,1.39163,1.39296,1.39282
2014-03-18 19:00:00,1.39284,1.39255,1.39342,1.39315
2014-03-18 20:00:00,1.39313,1.39294,1.39331,1.39326
2014-03-18 21:00:00,1.39331,1.39262,1.39335,1.39327
2014-03-18 22:00:00,1.39328,1.39284,1.39333,1.39301
2014-03-18 23:00:00,1.39304,1.39284,1.39325,1.39288
2014-03-19 00:00:00,1.39288,1.39261,1.39309,1.39295
2014-03-19 01:00:00,1.39293,1.39264,1.39321,1.39297
2014-03-19 02:00:00,1.39299,1.3923,1.39302,1.39246
2014-03-19 03:00:00,1.39247,1.39209,1.3926,1.3921
2014-03-19 04:00:00,1.39213,1.39189,1.39238,1.39191
2014-03-19 05:00:00,1.39191,1.39148,1.39221,1.39178
2014-03-19 06:00:00,1.39175,1.39147,1.39296,1.39238
2014-03-19 07:00:00,1.39238,1.39193,1.39264,1.39222
2014-03-19 08:00:00,1.39223,1.39073,1.39301,1.39138
2014-03-19 09:00:00,1.39136,1.39042,1.39178,1.39077
2014-03-19 10:00:00,1.39079,1.39072,1.39291,1.39273
2014-03-19 11:00:00,1.39275,1.39191,1.39293,1.3925
2014-03-19 12:00:00,1.39252,1.39159,1.39263,1.39166
2014-03-19 13:00:00,1.39166,1.39105,1.39203,1.39167
2014-03-19 14:00:00,1.39168,1.38985,1.39179,1.39103
2014-03-19 15:00:00,1.39105,1.39052,1.39147,1.39084
2014-03-19 16:00:00,1.39082,1.39066,1.3916,1.39157
2014-03-19 17:00:00,1.39159,1.39119,1.39236,1.39127
2014-03-19 18:00:00,1.39129,1.38254,1.39178,1.38274
2014-03-19 19:00:00,1.38272,1.3809,1.3835,1.38303
2014-03-19 20:00:00,1.38302,1.38259,1.38327,1.38316
2014-03-19 21:00:00,1.3831,1.38127,1.38316,1.38155
2014-03-19 22:00:00,1.38154,1.38153,1.38236,1.38223
2014-03-19 23:00:00,1.38222,1.38167,1.38253,1.38177
2014-03-20 00:00:00,1.38178,1.3816,1.38261,1.3823
2014-03-20 01:00:00,1.38232,1.3821,1.38281,1.38276
2014-03-20 02:00:00,1.38277,1.38242,1.38309,1.38307
2014-03-20 03:00:00,1.38308,1.38297,1.38348,1.38307
2014-03-20 04:00:00,1.38308,1.38301,1.38325,1.38311
2014-03-20 05:00:00,1.38309,1.38309,1.38377,1.38323
2014-03-20 06:00:00,1.38325,1.38309,1.38432,1.38382
2014-03-20 07:00:00,1.3838,1.38271,1.38446,1.38385
2014-03-20 08:00:00,1.38385,1.38218,1.38391,1.3822
2014-03-20 09:00:00,1.3822,1.3792,1.38237,1.37972
2014-03-20 10:00:00,1.3797,1.3757,1.37995,1.37625
2014-03-20 11:00:00,1.37623,1.37556,1.37725,1.37725
2014-03-20 12:00:00,1.37723,1.37575,1.37743,1.37646
2014-03-20 13:00:00,1.37643,1.37567,1.37761,1.37679
2014-03-20 14:00:00,1.37672,1.37486,1.37823,1.37708
2014-03-20 15:00:00,1.37708,1.37632,1.3784,1.37824
2014-03-20 16:00:00,1.37826,1.37758,1.37902,1.37867
2014-03-20 17:00:00,1.37866,1.37717,1.37874,1.37758
2014-03-20 18:00:00,1.37758,1.37728,1.37815,1.37801
2014-03-20 19:00:00,1.378,1.37732,1.37802,1.37757
2014-03-20 20:00:00,1.37754,1.37748,1.37794,1.37773
2014-03-20 21:00:00,1.37773,1.37748,1.37809,1.37793
2014-03-20 22:00:00,1.37795,1.37765,1.37802,1.37777
2014-03-20 23:00:00,1.37777,1.37772,1.37818,1.37779
2014-03-21 00:00:00,1.37781,1.37779,1.37829,1.37786
2014-03-21 01:00:00,1.37786,1.37786,1.37846,1.37814
2014-03-21 02:00:00,1.37815,1.37812,1.37872,1.3783
2014-03-21 03:00:00,1.37831,1.37815,1.37859,1.37835
2014-03-21 04:00:00,1.37837,1.37805,1.37856,1.37805
2014-03-21 05:00:00,1.37802,1.37751,1.3785,1.37849
2014-03-21 06:00:00,1.37849,1.37846,1.3791,1.37847
2014-03-21 07:00:00,1.37846,1.37672,1.37873,1.37685
2014-03-21 08:00:00,1.37685,1.37652,1.37891,1.37847
2014-03-21 09:00:00,1.37848,1.37796,1.37994,1.37954
2014-03-21 10:00:00,1.37954,1.37872,1.38016,1.37883
2014-03-21 11:00:00,1.37886,1.3786,1.38041,1.37949
2014-03-21 12:00:00,1.37952,1.37738,1.37971,1.37806
2014-03-21 13:00:00,1.37807,1.37791,1.38102,1.38076
2014-03-21 14:00:00,1.38075,1.37979,1.38101,1.3806
2014-03-21 15:00:00,1.38058,1.378,1.38062,1.37803
2014-03-21 16:00:00,1.37803,1.37791,1.37996,1.37985
2014-03-21 17:00:00,1.37988,1.37892,1.3802,1.37952
2014-03-21 18:00:00,1.37949,1.37879,1.38002,1.37938
2014-03-21 19:00:00,1.37937,1.37937,1.38004,1.37968
2014-03-21 20:00:00,1.37966,1.37874,1.37972,1.37907
2014-03-23 21:00:00,1.37951,1.37921,1.38046,1.38003
2014-03-23 22:00:00,1.38003,1.37869,1.38003,1.37911
2014-03-23 23:00:00,1.37913,1.37907,1.37968,1.37964
2014-03-24 00:00:00,1.37962,1.37876,1.37965,1.37911
2014-03-24 01:00:00,1.3791,1.37856,1.37944,1.37888
2014-03-24 02:00:00,1.37886,1.37886,1.37975,1.37961
2014-03-24 03:00:00,1.37961,1.37939,1.38014,1.38006
2014-03-24 04:00:00,1.38005,1.37976,1.38019,1.37999
2014-03-24 05:00:00,1.38,1.37977,1.3805,1.38049
2014-03-24 06:00:00,1.3805,1.37978,1.38071,1.37979
2014-03-24 07:00:00,1.3798,1.37919,1.37996,1.37973
2014-03-24 08:00:00,1.37973,1.37873,1.38247,1.37995
2014-03-24 09:00:00,1.37996,1.3769,1.37999,1.37741
2014-03-24 10:00:00,1.37739,1.37623,1.37757,1.37732
2014-03-24 11:00:00,1.37733,1.37599,1.37754,1.37634
2014-03-24 12:00:00,1.37632,1.37606,1.37744,1.37728
2014-03-24 13:00:00,1.37727,1.3771,1.37841,1.37752
2014-03-24 14:00:00,1.37752,1.37665,1.37832,1.37771
2014-03-24 15:00:00,1.37773,1.37716,1.37874,1.37826
2014-03-24 16:00:00,1.37827,1.37815,1.37925,1.37859
2014-03-24 17:00:00,1.3786,1.37848,1.38751,1.38748
2014-03-24 18:00:00,1.38749,1.38345,1.38752,1.38386
2014-03-24 19:00:00,1.38384,1.38358,1.38419,1.38378
2014-03-24 20:00:00,1.38375,1.38338,1.38408,1.38374
2014-03-24 21:00:00,1.3838,1.38336,1.38383,1.38373
2014-03-24 22:00:00,1.38374,1.38328,1.38381,1.38375
2014-03-24 23:00:00,1.38372,1.38343,1.38396,1.38361
2014-03-25 00:00:00,1.3836,1.38317,1.38393,1.38327
2014-03-25 01:00:00,1.38327,1.38302,1.38381,1.38335
2014-03-25 02:00:00,1.38338,1.38328,1.38378,1.38348
2014-03-25 03:00:00,1.38346,1.38324,1.38376,1.38337
2014-03-25 04:00:00,1.38339,1.3826,1.38353,1.38286
2014-03-25 05:00:00,1.38286,1.38251,1.38307,1.38256
2014-03-25 06:00:00,1.38255,1.38253,1.38352,1.38311
2014-03-25 07:00:00,1.38313,1.38302,1.38412,1.38349
2014-03-25 08:00:00,1.38351,1.3826,1.38451,1.38275
2014-03-25 09:00:00,1.38273,1.38046,1.38467,1.38118
2014-03-25 10:00:00,1.3812,1.3804,1.38183,1.38168
2014-03-25 11:00:00,1.38169,1.38037,1.38175,1.38065
2014-03-25 12:00:00,1.38063,1.37836,1.38175,1.37917
2014-03-25 13:00:00,1.37916,1.37783,1.37922,1.37822
2014-03-25 14:00:00,1.37823,1.37751,1.37991,1.3794
2014-03-25 15:00:00,1.3794,1.37699,1.38041,1.37761
2014-03-25 16:00:00,1.37763,1.37482,1.3811,1.38007
2014-03-25 17:00:00,1.38009,1.37988,1.38443,1.38258
2014-03-25 18:00:00,1.38255,1.38159,1.38293,1.38253
2014-03-25 19:00:00,1.38254,1.38196,1.38296,1.3824
2014-03-25 20:00:00,1.38243,1.38215,1.38272,1.38244
2014-03-25 21:00:00,1.38243,1.38216,1.38264,1.3825
2014-03-25 22:00:00,1.38249,1.38229,1.38269,1.38245
2014-03-25 23:00:00,1.38248,1.38163,1.38257,1.38195
2014-03-26 00:00:00,1.38194,1.38167,1.38228,1.38195
2014-03-26 01:00:00,1.38196,1.38128,1.38213,1.38157
2014-03-26 02:00:00,1.38156,1.38133,1.3818,1.38166
2014-03-26 03:00:00,1.38163,1.38099,1.38168,1.38123
2014-03-26 04:00:00,1.3812,1.38088,1.3814,1.38093
2014-03-26 05:00:00,1.38094,1.38043,1.38111,1.38059
2014-03-26 06:00:00,1.38059,1.38049,1.38108,1.38089
2014-03-26 07:00:00,1.38087,1.38043,1.38184,1.38154
2014-03-26 08:00:00,1.38153,1.37895,1.38206,1.37959
2014-03-26 09:00:00,1.37959,1.37931,1.38031,1.3799
2014-03-26 10:00:00,1.37988,1.37921,1.38031,1.37995
2014-03-26 11:00:00,1.37992,1.37866,1.38033,1.37893
2014-03-26 12:00:00,1.37893,1.37813,1.38012,1.37934
2014-03-26 13:00:00,1.37936,1.37811,1.37993,1.37939
2014-03-26 14:00:00,1.37941,1.37842,1.3796,1.37909
2014-03-26 15:00:00,1.37909,1.378,1.3796,1.37853
2014-03-26 16:00:00,1.37853,1.37778,1.38081,1.3786
2014-03-26 17:00:00,1.37861,1.37752,1.38084,1.3788
2014-03-26 18:00:00,1.3788,1.37827,1.37932,1.37932
2014-03-26 19:00:00,1.37932,1.37886,1.37975,1.37935
2014-03-26 20:00:00,1.37934,1.37778,1.37953,1.37819
2014-03-26 21:00:00,1.37822,1.37812,1.37868,1.37845
2014-03-26 22:00:00,1.37838,1.37804,1.37895,1.37827
2014-03-26 23:00:00,1.3783,1.37773,1.37861,1.37851
2014-03-27 00:00:00,1.37848,1.37818,1.37963,1.37877
2014-03-27 01:00:00,1.37876,1.37827,1.3788,1.37852
2014-03-27 02:00:00,1.37853,1.37818,1.37884,1.37845
2014-03-27 03:00:00,1.37847,1.37812,1.37859,1.37821
2014-03-27 04:00:00,1.37822,1.37808,1.37875,1.3786
2014-03-27 05:00:00,1.3786,1.37856,1.3794,1.37897
2014-03-27 06:00:00,1.37897,1.37792,1.37899,1.37804
2014-03-27 07:00:00,1.37804,1.37685,1.3787,1.37726
2014-03-27 08:00:00,1.37726,1.37542,1.37733,1.37638
2014-03-27 09:00:00,1.37641,1.3753,1.37718,1.37551
2014-03-27 10:00:00,1.37551,1.374,1.37572,1.37566
2014-03-27 11:00:00,1.37567,1.37508,1.3771,1.37645
2014-03-27 12:00:00,1.37647,1.37435,1.37694,1.3761
2014-03-27 13:00:00,1.37611,1.37547,1.37789,1.37691
2014-03-27 14:00:00,1.37692,1.37581,1.3775,1.37586
2014-03-27 15:00:00,1.37588,1.37358,1.37719,1.37386
2014-03-27 16:00:00,1.37386,1.37279,1.37533,1.37425
2014-03-27 17:00:00,1.37427,1.37368,1.37459,1.37455
2014-03-27 18:00:00,1.37456,1.3741,1.37485,1.37461
2014-03-27 19:00:00,1.3746,1.37369,1.37483,1.37403
2014-03-27 20:00:00,1.374,1.37382,1.37436,1.37387
2014-03-27 21:00:00,1.37394,1.37387,1.37458,1.37403
2014-03-27 22:00:00,1.37401,1.37389,1.37447,1.37432
2014-03-27 23:00:00,1.37431,1.37377,1.37436,1.37403
2014-03-28 00:00:00,1.37403,1.37375,1.37448,1.37431
2014-03-28 01:00:00,1.37431,1.37403,1.37453,1.37444
2014-03-28 02:00:00,1.37444,1.37425,1.37458,1.37443
2014-03-28 03:00:00,1.37439,1.37431,1.37496,1.3746
2014-03-28 04:00:00,1.37456,1.37456,1.37514,1.37508
2014-03-28 05:00:00,1.37509,1.37456,1.37515,1.37473
2014-03-28 06:00:00,1.37475,1.37387,1.37505,1.37433
2014-03-28 07:00:00,1.37431,1.37406,1.37483,1.37469
2014-03-28 08:00:00,1.37468,1.37052,1.37468,1.37129
2014-03-28 09:00:00,1.37129,1.37033,1.37272,1.37178
2014-03-28 10:00:00,1.37178,1.37146,1.37381,1.37355
2014-03-28 11:00:00,1.37357,1.37289,1.37416,1.37359
2014-03-28 12:00:00,1.37359,1.37284,1.37444,1.37395
2014-03-28 13:00:00,1.37395,1.37358,1.37701,1.37557
2014-03-28 14:00:00,1.37556,1.37539,1.37732,1.37546
2014-03-28 15:00:00,1.37549,1.37434,1.37645,1.37517
2014-03-28 16:00:00,1.37516,1.37437,1.37542,1.37473
2014-03-28 17:00:00,1.37477,1.37436,1.37547,1.37526
2014-03-28 18:00:00,1.37524,1.37486,1.37534,1.37507
2014-03-28 19:00:00,1.37508,1.37471,1.37551,1.37547
2014-03-28 20:00:00,1.37547,1.375,1.37567,1.37516
2014-03-30 21:00:00,1.37615,1.37426,1.37628,1.37517
2014-03-30 22:00:00,1.37518,1.37433,1.37534,1.37482
2014-03-30 23:00:00,1.3749,1.37454,1.37544,1.37526
2014-03-31 00:00:00,1.37523,1.37479,1.37626,1.37596
2014-03-31 01:00:00,1.37596,1.37502,1.37609,1.37511
2014-03-31 02:00:00,1.37514,1.37469,1.37531,1.37471
2014-03-31 03:00:00,1.37469,1.37443,1.37499,1.37464
2014-03-31 04:00:00,1.37463,1.37451,1.37492,1.37491
2014-03-31 05:00:00,1.37493,1.37492,1.37557,1.37536
2014-03-31 06:00:00,1.37536,1.37462,1.37565,1.37501
2014-03-31 07:00:00,1.37501,1.37465,1.37619,1.37581
2014-03-31 08:00:00,1.37582,1.37443,1.37698,1.37473
2014-03-31 09:00:00,1.37471,1.37163,1.37922,1.37841
2014-03-31 10:00:00,1.37841,1.37809,1.37984,1.37976
2014-03-31 11:00:00,1.37974,1.37908,1.38055,1.37915
2014-03-31 12:00:00,1.37917,1.37839,1.37936,1.37853
2014-03-31 13:00:00,1.37869,1.37736,1.38077,1.37936
2014-03-31 14:00:00,1.37935,1.37782,1.3806,1.37831
2014-03-31 15:00:00,1.37829,1.37702,1.37925,1.37756
2014-03-31 16:00:00,1.37756,1.37615,1.37857,1.37718
2014-03-31 17:00:00,1.37717,1.37649,1.37748,1.37692
2014-03-31 18:00:00,1.37692,1.37692,1.3779,1.37751
2014-03-31 19:00:00,1.37749,1.37746,1.37826,1.37756
2014-03-31 20:00:00,1.37758,1.37669,1.37778,1.37678
2014-03-31 21:00:00,1.37697,1.37688,1.37752,1.37726
2014-03-31 22:00:00,1.37725,1.37704,1.37753,1.37734
2014-03-31 23:00:00,1.37732,1.37713,1.37758,1.37733
2014-04-01 00:00:00,1.37732,1.37688,1.37758,1.37742
2014-04-01 01:00:00,1.37741,1.37704,1.3777,1.37715
2014-04-01 02:00:00,1.37716,1.37685,1.37749,1.37708
2014-04-01 03:00:00,1.3771,1.37698,1.37758,1.37742
2014-04-01 04:00:00,1.37742,1.37712,1.37762,1.37745
2014-04-01 05:00:00,1.37748,1.37737,1.37777,1.37763
2014-04-01 06:00:00,1.37762,1.37722,1.37779,1.37747
2014-04-01 07:00:00,1.37748,1.37725,1.37974,1.37935
2014-04-01 08:00:00,1.37936,1.37841,1.3801,1.37933
2014-04-01 09:00:00,1.37935,1.37872,1.38006,1.37937
2014-04-01 10:00:00,1.37937,1.37895,1.37975,1.37929
2014-04-01 11:00:00,1.3793,1.37834,1.37993,1.37899
2014-04-01 12:00:00,1.37899,1.37882,1.38149,1.37989
2014-04-01 13:00:00,1.37991,1.37949,1.3808,1.37988
2014-04-01 14:00:00,1.37988,1.37891,1.38057,1.37934
2014-04-01 15:00:00,1.37933,1.37926,1.38129,1.38033
2014-04-01 16:00:00,1.38032,1.37941,1.38081,1.37971
2014-04-01 17:00:00,1.37972,1.37916,1.3802,1.37917
2014-04-01 18:00:00,1.37917,1.37912,1.3795,1.37918
2014-04-01 19:00:00,1.37915,1.37896,1.37958,1.37956
2014-04-01 20:00:00,1.37958,1.37901,1.37961,1.37907
2014-04-01 21:00:00,1.37912,1.3789,1.37934,1.37929
2014-04-01 22:00:00,1.37931,1.37912,1.37947,1.37943
2014-04-01 23:00:00,1.3794,1.37919,1.37957,1.37928
2014-04-02 00:00:00,1.37929,1.37906,1.3797,1.37961
2014-04-02 01:00:00,1.37962,1.37938,1.38039,1.38036
2014-04-02 02:00:00,1.38036,1.37988,1.38047,1.38028
2014-04-02 03:00:00,1.38028,1.37993,1.3804,1.38014
2014-04-02 04:00:00,1.38014,1.38008,1.38067,1.38057
2014-04-02 05:00:00,1.38058,1.38044,1.38106,1.38069
2014-04-02 06:00:00,1.38068,1.38027,1.38199,1.38103
2014-04-02 07:00:00,1.38103,1.37979,1.38109,1.38019
2014-04-02 08:00:00,1.3802,1.37882,1.38062,1.37927
2014-04-02 09:00:00,1.37924,1.37847,1.37949,1.3793
2014-04-02 10:00:00,1.37928,1.37867,1.37937,1.37873
2014-04-02 11:00:00,1.37874,1.37841,1.37928,1.37927
2014-04-02 12:00:00,1.37926,1.37777,1.37952,1.37864
2014-04-02 13:00:00,1.37865,1.37739,1.37916,1.37789
2014-04-02 14:00:00,1.37791,1.37658,1.37809,1.37675
2014-04-02 15:00:00,1.37675,1.37528,1.37695,1.37602
2014-04-02 16:00:00,1.376,1.37578,1.3767,1.37658
2014-04-02 17:00:00,1.37658,1.37598,1.37661,1.3764
2014-04-02 18:00:00,1.3764,1.37568,1.37647,1.3763
2014-04-02 19:00:00,1.3763,1.37561,1.37651,1.37637
2014-04-02 20:00:00,1.37638,1.3762,1.37669,1.37665
2014-04-02 21:00:00,1.3766,1.37629,1.37668,1.37644
2014-04-02 22:00:00,1.37643,1.37631,1.37667,1.37653
2014-04-02 23:00:00,1.3765,1.37646,1.37672,1.37659
2014-04-03 00:00:00,1.3766,1.37633,1.37711,1.37675
2014-04-03 01:00:00,1.37676,1.37609,1.37703,1.37624
2014-04-03 02:00:00,1.37624,1.37561,1.37632,1.37579
2014-04-03 03:00:00,1.37581,1.37563,1.37606,1.37575
2014-04-03 04:00:00,1.37574,1.37543,1.376,1.37571
2014-04-03 05:00:00,1.37571,1.37565,1.3762,1.37596
2014-04-03 06:00:00,1.37594,1.3755,1.37689,1.37669
2014-04-03 07:00:00,1.37669,1.37572,1.37718,1.37619
2014-04-03 08:00:00,1.37621,1.37595,1.37678,1.37605
2014-04-03 09:00:00,1.37606,1.37594,1.37691,1.37645
2014-04-03 10:00:00,1.37643,1.37617,1.3768,1.37639
2014-04-03 11:00:00,1.37641,1.37365,1.37779,1.37694
2014-04-03 12:00:00,1.37691,1.37385,1.3805,1.37581
2014-04-03 13:00:00,1.37581,1.37095,1.37602,1.37175
2014-04-03 14:00:00,1.37176,1.36975,1.37205,1.37148
2014-04-03 15:00:00,1.37151,1.37022,1.37173,1.37063
2014-04-03 16:00:00,1.37065,1.37064,1.3721,1.37199
2014-04-03 17:00:00,1.372,1.37136,1.37223,1.37162
2014-04-03 18:00:00,1.37165,1.37072,1.37176,1.37147
2014-04-03 19:00:00,1.37146,1.37125,1.37197,1.37145
2014-04-03 20:00:00,1.37144,1.37144,1.37201,1.37187
2014-04-03 21:00:00,1.37192,1.37139,1.37192,1.37166
2014-04-03 22:00:00,1.37166,1.37152,1.37181,1.37156
2014-04-03 23:00:00,1.37156,1.37141,1.37229,1.37224
2014-04-04 00:00:00,1.37224,1.37189,1.3723,1.37221
2014-04-04 01:00:00,1.37221,1.37129,1.37228,1.37135
2014-04-04 02:00:00,1.37134,1.37082,1.37145,1.37085
2014-04-04 03:00:00,1.37087,1.37087,1.3714,1.37115
2014-04-04 04:00:00,1.37115,1.37094,1.37132,1.37103
2014-04-04 05:00:00,1.37102,1.37028,1.37111,1.37047
2014-04-04 06:00:00,1.37049,1.3695,1.37074,1.37009
2014-04-04 07:00:00,1.37012,1.36961,1.37023,1.36994
2014-04-04 08:00:00,1.36997,1.36971,1.37053,1.37039
2014-04-04 09:00:00,1.37036,1.37026,1.37099,1.37086
2014-04-04 10:00:00,1.37085,1.37022,1.37109,1.37023
2014-04-04 11:00:00,1.37026,1.37026,1.37114,1.37059
2014-04-04 12:00:00,1.3706,1.36803,1.37308,1.37168
2014-04-04 13:00:00,1.37171,1.36911,1.3727,1.36931
2014-04-04 14:00:00,1.36928,1.36721,1.37185,1.3693
2014-04-04 15:00:00,1.36928,1.36898,1.3706,1.37028
2014-04-04 16:00:00,1.37028,1.36931,1.37087,1.37047
2014-04-04 17:00:00,1.37048,1.36975,1.37059,1.36994
2014-04-04 18:00:00,1.36996,1.36967,1.37031,1.37019
2014-04-04 19:00:00,1.37016,1.37009,1.37079,1.37028
2014-04-04 20:00:00,1.37029,1.3697,1.3704,1.37023
2014-04-06 21:00:00,1.3696,1.36903,1.37021,1.36983
2014-04-06 22:00:00,1.36983,1.36956,1.36997,1.36982
2014-04-06 23:00:00,1.36981,1.36979,1.37036,1.37032
2014-04-07 00:00:00,1.37032,1.3697,1.3704,1.37009
2014-04-07 01:00:00,1.37008,1.36998,1.37023,1.37021
2014-04-07 02:00:00,1.37021,1.36973,1.37031,1.36983
2014-04-07 03:00:00,1.36983,1.36971,1.36988,1.36975
2014-04-07 04:00:00,1.36975,1.36968,1.36999,1.36996
2014-04-07 05:00:00,1.36996,1.36987,1.37055,1.37047
2014-04-07 06:00:00,1.37047,1.37006,1.37105,1.37099
2014-04-07 07:00:00,1.371,1.37049,1.372,1.37169
2014-04-07 08:00:00,1.37167,1.37105,1.37181,1.37105
2014-04-07 09:00:00,1.37108,1.37107,1.37185,1.37175
2014-04-07 10:00:00,1.37174,1.37162,1.37283,1.37224
2014-04-07 11:00:00,1.37225,1.37225,1.37372,1.37255
2014-04-07 12:00:00,1.37256,1.37206,1.37297,1.37282
2014-04-07 13:00:00,1.37284,1.37205,1.37454,1.37403
2014-04-07 14:00:00,1.374,1.37347,1.3745,1.37409
2014-04-07 15:00:00,1.3741,1.37388,1.37481,1.37441
2014-04-07 16:00:00,1.37442,1.37337,1.37466,1.37381
2014-04-07 17:00:00,1.37383,1.37372,1.37423,1.37407
2014-04-07 18:00:00,1.37405,1.37385,1.37432,1.3739
2014-04-07 19:00:00,1.37389,1.37389,1.37451,1.37444
2014-04-07 20:00:00,1.37442,1.37392,1.37442,1.37404
2014-04-07 21:00:00,1.37404,1.37397,1.37427,1.37407
2014-04-07 22:00:00,1.37406,1.37406,1.37439,1.37428
2014-04-07 23:00:00,1.37426,1.37407,1.37432,1.37414
2014-04-08 00:00:00,1.37416,1.37414,1.37474,1.37453
2014-04-08 01:00:00,1.37453,1.37431,1.3746,1.37437
2014-04-08 02:00:00,1.37439,1.37414,1.37453,1.37441
2014-04-08 03:00:00,1.37438,1.37405,1.37444,1.3742
2014-04-08 04:00:00,1.37422,1.3741,1.37435,1.37429
2014-04-08 05:00:00,1.3743,1.37395,1.37451,1.3745
2014-04-08 06:00:00,1.37449,1.37367,1.37456,1.37432
2014-04-08 07:00:00,1.37429,1.37389,1.37632,1.37623
2014-04-08 08:00:00,1.3762,1.37599,1.37733,1.37685
2014-04-08 09:00:00,1.37683,1.37633,1.377,1.3768
2014-04-08 10:00:00,1.37678,1.37618,1.37697,1.37641
2014-04-08 11:00:00,1.37638,1.3762,1.37832,1.37753
2014-04-08 12:00:00,1.37755,1.37729,1.37972,1.37956
2014-04-08 13:00:00,1.37954,1.37917,1.38077,1.37971
2014-04-08 14:00:00,1.3797,1.37871,1.3807,1.3793
2014-04-08 15:00:00,1.37931,1.37906,1.3806,1.38014
2014-04-08 16:00:00,1.38012,1.37951,1.38112,1.37955
2014-04-08 17:00:00,1.37953,1.37913,1.38015,1.37956
2014-04-08 18:00:00,1.37957,1.37921,1.38028,1.37932
2014-04-08 19:00:00,1.37932,1.37929,1.3799,1.37964
2014-04-08 20:00:00,1.37963,1.37931,1.37979,1.37956
2014-04-08 21:00:00,1.3795,1.37914,1.37966,1.3794
2014-04-08 22:00:00,1.37938,1.37922,1.37967,1.37926
2014-04-08 23:00:00,1.37925,1.37909,1.3794,1.37926
2014-04-09 00:00:00,1.37926,1.37852,1.37926,1.37887
2014-04-09 01:00:00,1.37889,1.37884,1.37928,1.37905
2014-04-09 02:00:00,1.37905,1.37864,1.37922,1.37885
2014-04-09 03:00:00,1.37883,1.37868,1.37925,1.3792
2014-04-09 04:00:00,1.3792,1.37875,1.37921,1.37913
2014-04-09 05:00:00,1.37911,1.37874,1.37929,1.37898
2014-04-09 06:00:00,1.37899,1.37793,1.37942,1.37878
2014-04-09 07:00:00,1.37878,1.37864,1.38051,1.38036
2014-04-09 08:00:00,1.38037,1.3788,1.3808,1.37917
2014-04-09 09:00:00,1.37916,1.37845,1.37955,1.37937
2014-04-09 10:00:00,1.37937,1.37925,1.38049,1.3804
2014-04-09 11:00:00,1.38041,1.37899,1.38065,1.37949
2014-04-09 12:00:00,1.37949,1.37916,1.38042,1.38012
2014-04-09 13:00:00,1.38009,1.37967,1.38144,1.38129
2014-04-09 14:00:00,1.38127,1.37968,1.38284,1.3823
2014-04-09 15:00:00,1.38231,1.38131,1.38273,1.38154
2014-04-09 16:00:00,1.38152,1.38016,1.38169,1.38086
2014-04-09 17:00:00,1.38088,1.38017,1.38092,1.38046
2014-04-09 18:00:00,1.38044,1.38036,1.38568,1.38528
2014-04-09 19:00:00,1.38531,1.38457,1.38561,1.38558
2014-04-09 20:00:00,1.38557,1.38506,1.38614,1.38534
2014-04-09 21:00:00,1.38521,1.38482,1.38537,1.3853
2014-04-09 22:00:00,1.38529,1.38523,1.3855,1.38525
2014-04-09 23:00:00,1.38526,1.38515,1.38559,1.38517
2014-04-10 00:00:00,1.38515,1.38511,1.38704,1.38684
2014-04-10 01:00:00,1.38685,1.38493,1.38694,1.38523
2014-04-10 02:00:00,1.38522,1.38457,1.38531,1.38503
2014-04-10 03:00:00,1.38502,1.38454,1.38534,1.38463
2014-04-10 04:00:00,1.38463,1.38462,1.38504,1.38467
2014-04-10 05:00:00,1.38469,1.38433,1.38475,1.38471
2014-04-10 06:00:00,1.38469,1.38353,1.38475,1.38428
2014-04-10 07:00:00,1.38428,1.38409,1.38612,1.38582
2014-04-10 08:00:00,1.38583,1.38576,1.38671,1.38593
2014-04-10 09:00:00,1.38593,1.38498,1.38693,1.38693
2014-04-10 10:00:00,1.38693,1.38647,1.38744,1.38708
2014-04-10 11:00:00,1.38707,1.38635,1.38711,1.38654
2014-04-10 12:00:00,1.38656,1.3857,1.38702,1.38676
2014-04-10 13:00:00,1.38674,1.38528,1.38703,1.38626
2014-04-10 14:00:00,1.38626,1.38623,1.38829,1.38797
2014-04-10 15:00:00,1.38798,1.38795,1.38988,1.38912
2014-04-10 16:00:00,1.38911,1.38855,1.3894,1.38867
2014-04-10 17:00:00,1.38869,1.38795,1.38899,1.3884
2014-04-10 18:00:00,1.38838,1.38826,1.38932,1.38897
2014-04-10 19:00:00,1.38897,1.38837,1.38908,1.38845
2014-04-10 20:00:00,1.38842,1.3883,1.3889,1.38847
2014-04-10 21:00:00,1.38852,1.38805,1.38883,1.38861
2014-04-10 22:00:00,1.38863,1.38842,1.38869,1.38843
2014-04-10 23:00:00,1.38843,1.3883,1.38878,1.38858
2014-04-11 00:00:00,1.38859,1.38858,1.3894,1.38901
2014-04-11 01:00:00,1.38901,1.38895,1.38963,1.38953
2014-04-11 02:00:00,1.3895,1.38921,1.38963,1.38959
2014-04-11 03:00:00,1.3896,1.38907,1.3897,1.38926
2014-04-11 04:00:00,1.38924,1.38918,1.38952,1.38921
2014-04-11 05:00:00,1.38923,1.389,1.38943,1.38904
2014-04-11 06:00:00,1.38905,1.38881,1.38998,1.38915
2014-04-11 07:00:00,1.38916,1.38913,1.39047,1.38988
2014-04-11 08:00:00,1.38988,1.38848,1.39012,1.38849
2014-04-11 09:00:00,1.38849,1.38806,1.38918,1.38898
2014-04-11 10:00:00,1.38898,1.38891,1.38978,1.38918
2014-04-11 11:00:00,1.38919,1.38719,1.38937,1.38761
2014-04-11 12:00:00,1.38761,1.3863,1.38784,1.3874
2014-04-11 13:00:00,1.3874,1.38692,1.38849,1.38809
2014-04-11 14:00:00,1.38807,1.38789,1.3892,1.38867
2014-04-11 15:00:00,1.38866,1.38856,1.38984,1.3897
2014-04-11 16:00:00,1.38967,1.38949,1.39001,1.38968
2014-04-11 17:00:00,1.3897,1.38933,1.38999,1.38946
2014-04-11 18:00:00,1.38948,1.38862,1.38991,1.38864
2014-04-11 19:00:00,1.38861,1.3881,1.38879,1.38823
2014-04-11 20:00:00,1.38822,1.38801,1.38854,1.38826
2014-04-13 21:00:00,1.38408,1.38351,1.38599,1.3859
2014-04-13 22:00:00,1.38588,1.38409,1.38588,1.3843
2014-04-13 23:00:00,1.38431,1.38418,1.38487,1.38466
2014-04-14 00:00:00,1.38467,1.38414,1.38523,1.38478
2014-04-14 01:00:00,1.38477,1.38437,1.38538,1.38511
2014-04-14 02:00:00,1.38512,1.38474,1.3852,1.38499
2014-04-14 03:00:00,1.38497,1.38481,1.38532,1.38531
2014-04-14 04:00:00,1.38529,1.38519,1.38569,1.38558
2014-04-14 05:00:00,1.38559,1.38488,1.3858,1.38514
2014-04-14 06:00:00,1.38512,1.38349,1.38517,1.38388
2014-04-14 07:00:00,1.38389,1.38387,1.38625,1.38514
2014-04-14 08:00:00,1.38512,1.38187,1.3853,1.38194
2014-04-14 09:00:00,1.38192,1.38149,1.38269,1.38227
2014-04-14 10:00:00,1.38225,1.38197,1.38326,1.38312
2014-04-14 11:00:00,1.38314,1.38225,1.38335,1.3828
2014-04-14 12:00:00,1.3828,1.38078,1.38313,1.38158
2014-04-14 13:00:00,1.38156,1.38122,1.38252,1.38238
2014-04-14 14:00:00,1.38235,1.38092,1.38289,1.3815
2014-04-14 15:00:00,1.38148,1.3809,1.3825,1.38237
2014-04-14 16:00:00,1.38235,1.38195,1.38275,1.38274
2014-04-14 17:00:00,1.38274,1.38233,1.3828,1.38238
2014-04-14 18:00:00,1.38237,1.38172,1.3824,1.38203
2014-04-14 19:00:00,1.38201,1.38137,1.38227,1.38171
2014-04-14 20:00:00,1.38171,1.38167,1.38222,1.38183
2014-04-14 21:00:00,1.38176,1.38158,1.38206,1.38174
2014-04-14 22:00:00,1.38174,1.38155,1.38197,1.38162
2014-04-14 23:00:00,1.38161,1.38121,1.38196,1.38152
2014-04-15 00:00:00,1.38151,1.38143,1.38207,1.3816
2014-04-15 01:00:00,1.38158,1.38133,1.38172,1.3817
2014-04-15 02:00:00,1.38172,1.38128,1.38172,1.38154
2014-04-15 03:00:00,1.38156,1.38132,1.3816,1.38138
2014-04-15 04:00:00,1.3814,1.38138,1.38173,1.38158
2014-04-15 05:00:00,1.38158,1.38129,1.38168,1.38153
2014-04-15 06:00:00,1.38154,1.381,1.38207,1.38127
2014-04-15 07:00:00,1.38124,1.37959,1.3814,1.38001
2014-04-15 08:00:00,1.37999,1.37918,1.38065,1.37929
2014-04-15 09:00:00,1.37928,1.37889,1.38052,1.38043
2014-04-15 10:00:00,1.38045,1.37929,1.38096,1.37971
2014-04-15 11:00:00,1.37972,1.37954,1.38045,1.37976
2014-04-15 12:00:00,1.37973,1.37905,1.38109,1.38012
2014-04-15 13:00:00,1.38012,1.37948,1.38081,1.38033
2014-04-15 14:00:00,1.38033,1.38025,1.3833,1.38234
2014-04-15 15:00:00,1.38235,1.37997,1.38242,1.38056
2014-04-15 16:00:00,1.38055,1.38053,1.38202,1.38187
2014-04-15 17:00:00,1.38184,1.38092,1.38192,1.38128
2014-04-15 18:00:00,1.38129,1.38059,1.38157,1.38092
2014-04-15 19:00:00,1.3809,1.38067,1.38132,1.38094
2014-04-15 20:00:00,1.38096,1.38078,1.38139,1.38121
2014-04-15 21:00:00,1.3813,1.38111,1.3814,1.38128
2014-04-15 22:00:00,1.38127,1.38107,1.38157,1.3813
2014-04-15 23:00:00,1.38129,1.38091,1.38148,1.38105
2014-04-16 00:00:00,1.38105,1.38061,1.38147,1.38143
2014-04-16 01:00:00,1.38141,1.38099,1.3815,1.38122
2014-04-16 02:00:00,1.38123,1.38109,1.38198,1.38158
2014-04-16 03:00:00,1.3816,1.38146,1.38176,1.38168
2014-04-16 04:00:00,1.3817,1.38162,1.38185,1.3817
2014-04-16 05:00:00,1.38167,1.38164,1.38305,1.38281
2014-04-16 06:00:00,1.38279,1.38177,1.38303,1.38187
2014-04-16 07:00:00,1.38189,1.38173,1.38457,1.38446
2014-04-16 08:00:00,1.38447,1.38379,1.38506,1.38471
2014-04-16 09:00:00,1.38469,1.38375,1.38479,1.38388
2014-04-16 10:00:00,1.38391,1.38345,1.3844,1.38371
2014-04-16 11:00:00,1.38372,1.38317,1.38414,1.38324
2014-04-16 12:00:00,1.38324,1.38307,1.38424,1.38323
2014-04-16 13:00:00,1.3832,1.3816,1.38359,1.38219
2014-04-16 14:00:00,1.38219,1.38056,1.38274,1.38064
2014-04-16 15:00:00,1.38063,1.38032,1.38223,1.38199
2014-04-16 16:00:00,1.38198,1.38088,1.38306,1.38301
2014-04-16 17:00:00,1.383,1.38191,1.3832,1.38245
2014-04-16 18:00:00,1.38244,1.38178,1.38245,1.38201
2014-04-16 19:00:00,1.38201,1.38126,1.38208,1.38158
2014-04-16 20:00:00,1.38159,1.38127,1.38165,1.38141
2014-04-16 21:00:00,1.38136,1.38117,1.38163,1.38153
2014-04-16 22:00:00,1.38154,1.38135,1.3817,1.38162
2014-04-16 23:00:00,1.38163,1.38162,1.3825,1.38233
2014-04-17 00:00:00,1.38231,1.38208,1.38407,1.38377
2014-04-17 01:00:00,1.38378,1.38343,1.38396,1.38365
2014-04-17 02:00:00,1.38364,1.38346,1.38405,1.38396
2014-04-17 03:00:00,1.38398,1.38374,1.38415,1.38375
2014-04-17 04:00:00,1.38376,1.38365,1.38394,1.38373
2014-04-17 05:00:00,1.38374,1.38358,1.38433,1.38406
2014-04-17 06:00:00,1.38405,1.3837,1.38443,1.38392
2014-04-17 07:00:00,1.38392,1.38349,1.38437,1.38401
2014-04-17 08:00:00,1.38402,1.38378,1.3844,1.38412
2014-04-17 09:00:00,1.38415,1.38414,1.3864,1.38588
2014-04-17 10:00:00,1.38589,1.38494,1.3864,1.38521
2014-04-17 11:00:00,1.3852,1.38502,1.38626,1.38555
2014-04-17 12:00:00,1.38555,1.38392,1.38612,1.38457
2014-04-17 13:00:00,1.38456,1.38369,1.38497,1.38381
2014-04-17 14:00:00,1.38381,1.38277,1.38394,1.38343
2014-04-17 15:00:00,1.38341,1.3827,1.38376,1.38307
2014-04-17 16:00:00,1.38305,1.38104,1.3831,1.38184
2014-04-17 17:00:00,1.38185,1.38142,1.38234,1.38174
2014-04-17 18:00:00,1.38175,1.38127,1.38194,1.38183
2014-04-17 19:00:00,1.3818,1.38117,1.38188,1.38129
2014-04-17 20:00:00,1.38129,1.38111,1.3816,1.38126
2014-04-17 21:00:00,1.38121,1.38121,1.38147,1.38125
2014-04-17 22:00:00,1.38129,1.38113,1.38133,1.3813
2014-04-17 23:00:00,1.38131,1.381,1.38154,1.38103
2014-04-18 00:00:00,1.38104,1.38096,1.38121,1.38099
2014-04-18 01:00:00,1.38101,1.38078,1.38142,1.38126
2014-04-18 02:00:00,1.38124,1.38089,1.3818,1.38144
2014-04-18 03:00:00,1.38145,1.38128,1.38162,1.38133
2014-04-18 04:00:00,1.38133,1.38119,1.38159,1.38122
2014-04-18 05:00:00,1.38122,1.38118,1.38161,1.38151
2014-04-18 06:00:00,1.3815,1.38135,1.38209,1.3818
2014-04-18 07:00:00,1.3818,1.38157,1.38205,1.38182
2014-04-18 08:00:00,1.3818,1.38161,1.38219,1.38176
2014-04-18 09:00:00,1.38177,1.38158,1.38198,1.3818
2014-04-18 10:00:00,1.3818,1.38172,1.38192,1.38172
2014-04-18 11:00:00,1.38174,1.38167,1.38195,1.38189
2014-04-18 12:00:00,1.38187,1.3815,1.38201,1.38198
2014-04-18 13:00:00,1.38199,1.38165,1.38199,1.38188
2014-04-18 14:00:00,1.38189,1.38147,1.38201,1.38169
2014-04-18 15:00:00,1.38168,1.38125,1.38179,1.38145
2014-04-18 16:00:00,1.38143,1.38122,1.38164,1.38164
2014-04-18 17:00:00,1.38164,1.38143,1.38183,1.38152
2014-04-18 18:00:00,1.38151,1.38123,1.38157,1.38153
2014-04-18 19:00:00,1.3815,1.38112,1.38158,1.38116
2014-04-18 20:00:00,1.38112,1.37999,1.38144,1.38039
2014-04-20 21:00:00,1.38096,1.38053,1.38152,1.38139
2014-04-20 22:00:00,1.38142,1.38121,1.38158,1.38129
2014-04-20 23:00:00,1.38129,1.38098,1.38149,1.38136
2014-04-21 00:00:00,1.38138,1.38082,1.38141,1.38092
2014-04-21 01:00:00,1.3809,1.38044,1.38101,1.38098
2014-04-21 02:00:00,1.381,1.38071,1.3811,1.38098
2014-04-21 03:00:00,1.38096,1.38096,1.38114,1.38102
2014-04-21 04:00:00,1.38102,1.38099,1.3817,1.38159
2014-04-21 05:00:00,1.38161,1.38151,1.38188,1.38171
2014-04-21 06:00:00,1.38173,1.38154,1.38247,1.38242
2014-04-21 07:00:00,1.38242,1.38194,1.38271,1.38239
2014-04-21 08:00:00,1.38239,1.38207,1.38277,1.38275
2014-04-21 09:00:00,1.38274,1.38213,1.38301,1.38248
2014-04-21 10:00:00,1.38247,1.38185,1.38251,1.38187
2014-04-21 11:00:00,1.38186,1.3809,1.38186,1.38113
2014-04-21 12:00:00,1.38112,1.38101,1.3822,1.38172
2014-04-21 13:00:00,1.3817,1.38045,1.38172,1.38108
2014-04-21 14:00:00,1.38107,1.38021,1.38139,1.38027
2014-04-21 15:00:00,1.38028,1.37866,1.38028,1.37894
2014-04-21 16:00:00,1.37892,1.37877,1.37934,1.37912
2014-04-21 17:00:00,1.3791,1.37882,1.3793,1.3792
2014-04-21 18:00:00,1.37921,1.37896,1.37957,1.37954
2014-04-21 19:00:00,1.37955,1.37907,1.37955,1.37928
2014-04-21 20:00:00,1.37927,1.37912,1.37952,1.37919
2014-04-21 21:00:00,1.37913,1.37913,1.37948,1.37939
2014-04-21 22:00:00,1.37938,1.37899,1.37953,1.37903
2014-04-21 23:00:00,1.37906,1.37906,1.37942,1.37912
2014-04-22 00:00:00,1.37911,1.37894,1.3794,1.37903
2014-04-22 01:00:00,1.37905,1.37895,1.37948,1.37929
2014-04-22 02:00:00,1.37931,1.37926,1.37962,1.37953
2014-04-22 03:00:00,1.37954,1.37938,1.3797,1.37948
2014-04-22 04:00:00,1.37948,1.37936,1.37962,1.37958
2014-04-22 05:00:00,1.3796,1.37926,1.37966,1.3796
2014-04-22 06:00:00,1.37958,1.37845,1.38058,1.38045
2014-04-22 07:00:00,1.38044,1.37946,1.38046,1.38029
2014-04-22 08:00:00,1.38031,1.37995,1.38102,1.38068
2014-04-22 09:00:00,1.38068,1.37993,1.38081,1.3805
2014-04-22 10:00:00,1.38052,1.38046,1.38207,1.38158
2014-04-22 11:00:00,1.38156,1.38117,1.38197,1.38149
2014-04-22 12:00:00,1.38149,1.38121,1.38243,1.38191
2014-04-22 13:00:00,1.3819,1.38091,1.38196,1.38094
2014-04-22 14:00:00,1.38095,1.37886,1.38157,1.3795
2014-04-22 15:00:00,1.37949,1.37904,1.38043,1.38029
2014-04-22 16:00:00,1.38032,1.37965,1.38056,1.37999
2014-04-22 17:00:00,1.37997,1.37947,1.38013,1.38012
2014-04-22 18:00:00,1.3801,1.38,1.38055,1.38017
2014-04-22 19:00:00,1.38019,1.38017,1.38056,1.3804
2014-04-22 20:00:00,1.38039,1.38028,1.38062,1.38029
2014-04-22 21:00:00,1.38039,1.38032,1.38056,1.38052
2014-04-22 22:00:00,1.3805,1.38048,1.38081,1.38069
2014-04-22 23:00:00,1.3807,1.38062,1.38091,1.38067
2014-04-23 00:00:00,1.38066,1.3799,1.38077,1.38017
2014-04-23 01:00:00,1.38019,1.37999,1.38093,1.38088
2014-04-23 02:00:00,1.38088,1.38078,1.38184,1.38156
2014-04-23 03:00:00,1.38155,1.38134,1.38176,1.3816
2014-04-23 04:00:00,1.38162,1.38148,1.3819,1.38154
2014-04-23 05:00:00,1.38152,1.38138,1.38175,1.38173
2014-04-23 06:00:00,1.38174,1.38172,1.38364,1.38227
2014-04-23 07:00:00,1.38226,1.37983,1.38226,1.38211
2014-04-23 08:00:00,1.3821,1.38207,1.38541,1.3847
2014-04-23 09:00:00,1.38471,1.38382,1.38498,1.38394
2014-04-23 10:00:00,1.38395,1.38359,1.38447,1.38442
2014-04-23 11:00:00,1.38441,1.38328,1.38443,1.38388
2014-04-23 12:00:00,1.38388,1.3832,1.38413,1.38399
2014-04-23 13:00:00,1.38398,1.38237,1.38402,1.38258
2014-04-23 14:00:00,1.3826,1.38176,1.38451,1.3828
2014-04-23 15:00:00,1.38279,1.3811,1.38287,1.38135
2014-04-23 16:00:00,1.38133,1.38129,1.38223,1.38188
2014-04-23 17:00:00,1.38186,1.3813,1.38197,1.38141
2014-04-23 18:00:00,1.3814,1.38127,1.38172,1.38156
2014-04-23 19:00:00,1.38156,1.38146,1.38184,1.38164
2014-04-23 20:00:00,1.38164,1.38151,1.38173,1.38157
2014-04-23 21:00:00,1.38157,1.38137,1.38184,1.38153
2014-04-23 22:00:00,1.38152,1.38152,1.38187,1.38185
2014-04-23 23:00:00,1.38185,1.38165,1.38215,1.38166
2014-04-24 00:00:00,1.38166,1.38144,1.38216,1.38213
2014-04-24 01:00:00,1.38213,1.38172,1.38217,1.38209
2014-04-24 02:00:00,1.3821,1.38186,1.38252,1.38191
2014-04-24 03:00:00,1.3819,1.38178,1.38256,1.38226
2014-04-24 04:00:00,1.38227,1.3821,1.38246,1.38211
2014-04-24 05:00:00,1.38211,1.38201,1.38233,1.38206
2014-04-24 06:00:00,1.38204,1.38112,1.38284,1.38272
2014-04-24 07:00:00,1.38269,1.38213,1.3832,1.38288
2014-04-24 08:00:00,1.38288,1.38288,1.38415,1.38309
2014-04-24 09:00:00,1.38307,1.38135,1.3832,1.38274
2014-04-24 10:00:00,1.38274,1.38149,1.38284,1.38177
2014-04-24 11:00:00,1.38178,1.38176,1.38254,1.38243
2014-04-24 12:00:00,1.38244,1.37913,1.38277,1.37926
2014-04-24 13:00:00,1.37926,1.37909,1.38211,1.38145
2014-04-24 14:00:00,1.38145,1.38063,1.38246,1.38186
2014-04-24 15:00:00,1.38184,1.38182,1.38329,1.38263
2014-04-24 16:00:00,1.38262,1.38215,1.38304,1.38231
2014-04-24 17:00:00,1.38231,1.3821,1.38289,1.38251
2014-04-24 18:00:00,1.38251,1.38224,1.38289,1.38246
2014-04-24 19:00:00,1.38246,1.38244,1.3828,1.38264
2014-04-24 20:00:00,1.38266,1.38251,1.38335,1.38292
2014-04-24 21:00:00,1.38297,1.38284,1.3832,1.38304
2014-04-24 22:00:00,1.38305,1.38296,1.38315,1.38314
2014-04-24 23:00:00,1.38314,1.38291,1.38335,1.38299
2014-04-25 00:00:00,1.38299,1.38263,1.38307,1.38269
2014-04-25 01:00:00,1.3827,1.3827,1.38331,1.38318
2014-04-25 02:00:00,1.38319,1.38314,1.38373,1.3834
2014-04-25 03:00:00,1.3834,1.3831,1.38347,1.38314
2014-04-25 04:00:00,1.38314,1.38295,1.38343,1.38338
2014-04-25 05:00:00,1.38336,1.38292,1.38341,1.38296
2014-04-25 06:00:00,1.38296,1.38278,1.38335,1.38315
2014-04-25 07:00:00,1.38314,1.38286,1.38357,1.38332
2014-04-25 08:00:00,1.38331,1.38329,1.384,1.38355
2014-04-25 09:00:00,1.38354,1.38351,1.38476,1.38411
2014-04-25 10:00:00,1.3841,1.38348,1.3848,1.38352
2014-04-25 11:00:00,1.3835,1.38294,1.38397,1.38311
2014-04-25 12:00:00,1.38311,1.38288,1.38468,1.38411
2014-04-25 13:00:00,1.38413,1.38372,1.3846,1.38441
2014-04-25 14:00:00,1.38442,1.38331,1.38464,1.38354
2014-04-25 15:00:00,1.38355,1.38341,1.38422,1.38376
2014-04-25 16:00:00,1.38373,1.38323,1.38413,1.38372
2014-04-25 17:00:00,1.38374,1.38358,1.38397,1.38381
2014-04-25 18:00:00,1.38378,1.3834,1.38421,1.38363
2014-04-25 19:00:00,1.38362,1.38321,1.38378,1.3834
2014-04-25 20:00:00,1.38342,1.38304,1.38344,1.38304
2014-04-27 21:00:00,1.38436,1.3833,1.38444,1.3838
2014-04-27 22:00:00,1.38379,1.38353,1.38419,1.38389
2014-04-27 23:00:00,1.38389,1.38367,1.38395,1.38379
2014-04-28 00:00:00,1.38377,1.38142,1.38377,1.38197
2014-04-28 01:00:00,1.38198,1.38186,1.38238,1.38232
2014-04-28 02:00:00,1.38233,1.38225,1.38248,1.38246
2014-04-28 03:00:00,1.38247,1.38221,1.38252,1.38241
2014-04-28 04:00:00,1.38241,1.38229,1.38253,1.38235
2014-04-28 05:00:00,1.38236,1.38199,1.3825,1.38223
2014-04-28 06:00:00,1.38222,1.38177,1.38373,1.38373
2014-04-28 07:00:00,1.3837,1.38363,1.38748,1.38653
2014-04-28 08:00:00,1.3865,1.38623,1.38694,1.38681
2014-04-28 09:00:00,1.38681,1.38647,1.38792,1.3865
2014-04-28 10:00:00,1.38652,1.38647,1.38719,1.38671
2014-04-28 11:00:00,1.38671,1.38601,1.38696,1.38605
2014-04-28 12:00:00,1.38605,1.38581,1.38728,1.387
2014-04-28 13:00:00,1.387,1.38588,1.3874,1.38608
2014-04-28 14:00:00,1.38607,1.38427,1.38666,1.38443
2014-04-28 15:00:00,1.38443,1.38401,1.38463,1.3843
2014-04-28 16:00:00,1.38432,1.38388,1.38526,1.38464
2014-04-28 17:00:00,1.38464,1.38464,1.38523,1.38504
2014-04-28 18:00:00,1.38504,1.38499,1.38563,1.38532
2014-04-28 19:00:00,1.38531,1.38469,1.38535,1.38489
2014-04-28 20:00:00,1.3849,1.38482,1.38525,1.38502
2014-04-28 21:00:00,1.38517,1.38479,1.38522,1.38492
2014-04-28 22:00:00,1.38489,1.38481,1.38527,1.3852
2014-04-28 23:00:00,1.38519,1.38509,1.38535,1.38513
2014-04-29 00:00:00,1.38513,1.38506,1.38559,1.38558
2014-04-29 01:00:00,1.38559,1.38542,1.38642,1.38583
2014-04-29 02:00:00,1.38584,1.38583,1.38613,1.38601
2014-04-29 03:00:00,1.38602,1.38591,1.38632,1.38622
2014-04-29 04:00:00,1.38622,1.38608,1.38633,1.38611
2014-04-29 05:00:00,1.38612,1.38598,1.38691,1.38658
2014-04-29 06:00:00,1.38659,1.38624,1.38715,1.38676
2014-04-29 07:00:00,1.38675,1.38571,1.38787,1.38692
2014-04-29 08:00:00,1.38688,1.38537,1.38699,1.38672
2014-04-29 09:00:00,1.38673,1.386,1.38698,1.38631
2014-04-29 10:00:00,1.38629,1.38577,1.38668,1.38602
2014-04-29 11:00:00,1.38605,1.3854,1.38637,1.38576
2014-04-29 12:00:00,1.38574,1.3811,1.38574,1.38279
2014-04-29 13:00:00,1.38281,1.38184,1.38293,1.38208
2014-04-29 14:00:00,1.38208,1.38146,1.38267,1.38164
2014-04-29 15:00:00,1.38165,1.3805,1.38201,1.38067
2014-04-29 16:00:00,1.38066,1.38054,1.38133,1.38106
2014-04-29 17:00:00,1.38106,1.3807,1.38136,1.38092
2014-04-29 18:00:00,1.38092,1.38073,1.38124,1.38088
2014-04-29 19:00:00,1.3809,1.38087,1.38126,1.38095
2014-04-29 20:00:00,1.38096,1.38083,1.38132,1.38116
2014-04-29 21:00:00,1.38105,1.38092,1.38135,1.38112
2014-04-29 22:00:00,1.38113,1.3807,1.38117,1.38099
2014-04-29 23:00:00,1.381,1.3809,1.38143,1.38124
2014-04-30 00:00:00,1.38124,1.3807,1.38148,1.38092
2014-04-30 01:00:00,1.38092,1.38073,1.381,1.38079
2014-04-30 02:00:00,1.38079,1.38032,1.3809,1.38059
2014-04-30 03:00:00,1.38061,1.38045,1.38075,1.38056
2014-04-30 04:00:00,1.38055,1.38045,1.38097,1.38062
2014-04-30 05:00:00,1.38062,1.38005,1.38072,1.38014
2014-04-30 06:00:00,1.38015,1.37964,1.38122,1.38081
2014-04-30 07:00:00,1.3808,1.38009,1.38127,1.38064
2014-04-30 08:00:00,1.38063,1.37865,1.38091,1.37926
2014-04-30 09:00:00,1.37924,1.3767,1.38331,1.38213
2014-04-30 10:00:00,1.38216,1.38213,1.3836,1.38294
2014-04-30 11:00:00,1.38294,1.38273,1.38572,1.38488
2014-04-30 12:00:00,1.38487,1.3843,1.38701,1.38594
2014-04-30 13:00:00,1.38594,1.3853,1.38694,1.38557
2014-04-30 14:00:00,1.38557,1.38547,1.38687,1.3863
2014-04-30 15:00:00,1.38633,1.38613,1.3876,1.38679
2014-04-30 16:00:00,1.38677,1.38643,1.38701,1.38652
2014-04-30 17:00:00,1.38654,1.38606,1.38681,1.38623
2014-04-30 18:00:00,1.38624,1.38538,1.38757,1.38719
2014-04-30 19:00:00,1.38718,1.38673,1.38728,1.38724
2014-04-30 20:00:00,1.38724,1.38647,1.38731,1.38667
2014-04-30 21:00:00,1.38656,1.38606,1.3868,1.3865
2014-04-30 22:00:00,1.38653,1.38651,1.387,1.38687
2014-04-30 23:00:00,1.38688,1.38672,1.38738,1.38677
2014-05-01 00:00:00,1.38676,1.3865,1.38692,1.38689
2014-05-01 01:00:00,1.38688,1.38676,1.38715,1.38688
2014-05-01 02:00:00,1.38688,1.38688,1.38724,1.38706
2014-05-01 03:00:00,1.38707,1.38687,1.38708,1.38693
2014-05-01 04:00:00,1.38692,1.38687,1.38726,1.38724
2014-05-01 05:00:00,1.38722,1.38686,1.3874,1.38688
2014-05-01 06:00:00,1.38688,1.38685,1.38873,1.38862
2014-05-01 07:00:00,1.38861,1.38847,1.38886,1.38849
2014-05-01 08:00:00,1.38849,1.38838,1.38865,1.38854
2014-05-01 09:00:00,1.38853,1.38765,1.38865,1.38802
2014-05-01 10:00:00,1.38803,1.38749,1.38804,1.38749
2014-05-01 11:00:00,1.38748,1.38692,1.38774,1.38744
2014-05-01 12:00:00,1.38743,1.38708,1.3881,1.38731
2014-05-01 13:00:00,1.38731,1.38668,1.38775,1.38698
2014-05-01 14:00:00,1.3869,1.38639,1.38765,1.38649
2014-05-01 15:00:00,1.38649,1.38623,1.38674,1.3866
2014-05-01 16:00:00,1.38659,1.38639,1.38674,1.38673
2014-05-01 17:00:00,1.38675,1.38653,1.38705,1.38705
2014-05-01 18:00:00,1.38707,1.38639,1.38724,1.3864
2014-05-01 19:00:00,1.38643,1.3863,1.38653,1.38639
2014-05-01 20:00:00,1.38641,1.38632,1.38693,1.38689
2014-05-01 21:00:00,1.38677,1.38643,1.38681,1.38668
2014-05-01 22:00:00,1.38667,1.38662,1.38703,1.38678
2014-05-01 23:00:00,1.38677,1.38663,1.38694,1.38693
2014-05-02 00:00:00,1.38694,1.38594,1.38694,1.38632
2014-05-02 01:00:00,1.38631,1.3859,1.38631,1.38595
2014-05-02 02:00:00,1.38595,1.38566,1.38599,1.3859
2014-05-02 03:00:00,1.38588,1.38579,1.3861,1.38607
2014-05-02 04:00:00,1.38607,1.38607,1.38623,1.3862
2014-05-02 05:00:00,1.38621,1.38551,1.38629,1.38591
2014-05-02 06:00:00,1.38592,1.3856,1.3861,1.38565
2014-05-02 07:00:00,1.38565,1.38512,1.38591,1.38538
2014-05-02 08:00:00,1.38536,1.38519,1.38642,1.3862
2014-05-02 09:00:00,1.3862,1.38562,1.38628,1.38574
2014-05-02 10:00:00,1.38573,1.38566,1.38637,1.38608
2014-05-02 11:00:00,1.38609,1.38579,1.38669,1.38669
2014-05-02 12:00:00,1.38669,1.38085,1.38671,1.38281
2014-05-02 13:00:00,1.38282,1.38118,1.38289,1.38196
2014-05-02 14:00:00,1.38194,1.38177,1.38711,1.38636
2014-05-02 15:00:00,1.38636,1.38582,1.38723,1.38636
2014-05-02 16:00:00,1.38634,1.38597,1.38657,1.38634
2014-05-02 17:00:00,1.38634,1.38634,1.38776,1.38773
2014-05-02 18:00:00,1.38774,1.38702,1.38806,1.38703
2014-05-02 19:00:00,1.38703,1.38693,1.38754,1.38708
2014-05-02 20:00:00,1.38706,1.38676,1.38729,1.38685
2014-05-04 21:00:00,1.38817,1.38674,1.38817,1.3871
2014-05-04 22:00:00,1.38711,1.38702,1.38763,1.38742
2014-05-04 23:00:00,1.38743,1.38705,1.38747,1.3871
2014-05-05 00:00:00,1.3871,1.38642,1.38738,1.38648
2014-05-05 01:00:00,1.38647,1.3864,1.38701,1.38698
2014-05-05 02:00:00,1.38698,1.38697,1.38762,1.38744
2014-05-05 03:00:00,1.38744,1.3873,1.38756,1.38743
2014-05-05 04:00:00,1.38742,1.38742,1.38771,1.38753
2014-05-05 05:00:00,1.38753,1.38702,1.38753,1.38704
2014-05-05 06:00:00,1.38704,1.38703,1.38812,1.38761
2014-05-05 07:00:00,1.38761,1.3869,1.38773,1.38726
2014-05-05 08:00:00,1.38727,1.38688,1.38776,1.38767
2014-05-05 09:00:00,1.38771,1.38703,1.38774,1.38704
2014-05-05 10:00:00,1.38703,1.38697,1.3873,1.38717
2014-05-05 11:00:00,1.38719,1.38706,1.38762,1.38756
2014-05-05 12:00:00,1.38756,1.38709,1.38833,1.38825
2014-05-05 13:00:00,1.38827,1.3874,1.38856,1.3875
2014-05-05 14:00:00,1.38745,1.38719,1.38816,1.38779
2014-05-05 15:00:00,1.38778,1.38768,1.38854,1.3883
2014-05-05 16:00:00,1.38829,1.38755,1.38843,1.38758
2014-05-05 17:00:00,1.3876,1.38758,1.38791,1.3878
2014-05-05 18:00:00,1.3878,1.38746,1.3878,1.38767
2014-05-05 19:00:00,1.38768,1.38736,1.3878,1.38736
2014-05-05 20:00:00,1.38739,1.38732,1.3876,1.38741
2014-05-05 21:00:00,1.3875,1.38725,1.38771,1.38737
2014-05-05 22:00:00,1.38736,1.3873,1.38752,1.38749
2014-05-05 23:00:00,1.38747,1.38735,1.38752,1.38741
2014-05-06 00:00:00,1.38742,1.38716,1.38756,1.3874
2014-05-06 01:00:00,1.38739,1.3873,1.38759,1.38751
2014-05-06 02:00:00,1.38751,1.38738,1.388,1.38781
2014-05-06 03:00:00,1.3878,1.38777,1.38801,1.38793
2014-05-06 04:00:00,1.38795,1.38791,1.38843,1.38828
2014-05-06 05:00:00,1.3883,1.38787,1.3883,1.38803
2014-05-06 06:00:00,1.38801,1.38751,1.38867,1.38843
2014-05-06 07:00:00,1.38842,1.38826,1.39311,1.39213
2014-05-06 08:00:00,1.39211,1.39118,1.39271,1.39247
2014-05-06 09:00:00,1.39248,1.39224,1.39292,1.3925
2014-05-06 10:00:00,1.3925,1.39234,1.39383,1.3935
2014-05-06 11:00:00,1.39349,1.39319,1.39439,1.39372
2014-05-06 12:00:00,1.39375,1.39373,1.3951,1.39426
2014-05-06 13:00:00,1.39428,1.39296,1.3943,1.39318
2014-05-06 14:00:00,1.39316,1.39244,1.39355,1.39321
2014-05-06 15:00:00,1.3932,1.39214,1.39333,1.39235
2014-05-06 16:00:00,1.39237,1.3919,1.39261,1.39243
2014-05-06 17:00:00,1.39245,1.39239,1.39336,1.39302
2014-05-06 18:00:00,1.39303,1.3928,1.39342,1.3933
2014-05-06 19:00:00,1.39333,1.3928,1.39333,1.39312
2014-05-06 20:00:00,1.39311,1.39257,1.39315,1.39267
2014-05-06 21:00:00,1.39276,1.39237,1.39291,1.39242
2014-05-06 22:00:00,1.39238,1.39235,1.39286,1.39244
2014-05-06 23:00:00,1.39246,1.39243,1.39298,1.39287
2014-05-07 00:00:00,1.39286,1.39275,1.39348,1.39321
2014-05-07 01:00:00,1.39324,1.39276,1.3934,1.39278
2014-05-07 02:00:00,1.39277,1.39238,1.39279,1.39263
2014-05-07 03:00:00,1.39263,1.39243,1.39277,1.39243
2014-05-07 04:00:00,1.39245,1.39241,1.39264,1.39245
2014-05-07 05:00:00,1.39245,1.39169,1.39262,1.3918
2014-05-07 06:00:00,1.39175,1.3915,1.39231,1.392
2014-05-07 07:00:00,1.39199,1.3919,1.3932,1.39305
2014-05-07 08:00:00,1.39304,1.39131,1.39304,1.39131
2014-05-07 09:00:00,1.39132,1.39112,1.39224,1.39209
2014-05-07 10:00:00,1.39207,1.392,1.39314,1.39287
2014-05-07 11:00:00,1.39288,1.39248,1.39315,1.39265
2014-05-07 12:00:00,1.39264,1.39228,1.39383,1.3929
2014-05-07 13:00:00,1.39292,1.39257,1.39352,1.39272
2014-05-07 14:00:00,1.39272,1.39123,1.39381,1.39229
2014-05-07 15:00:00,1.39228,1.39137,1.39232,1.39163
2014-05-07 16:00:00,1.39161,1.39152,1.39211,1.39192
2014-05-07 17:00:00,1.39192,1.39116,1.39242,1.39147
2014-05-07 18:00:00,1.39146,1.39146,1.39196,1.39158
2014-05-07 19:00:00,1.3916,1.39112,1.3916,1.39131
2014-05-07 20:00:00,1.3913,1.39095,1.39135,1.39097
2014-05-07 21:00:00,1.39104,1.39091,1.39115,1.39108
2014-05-07 22:00:00,1.39106,1.39084,1.39112,1.39108
2014-05-07 23:00:00,1.39105,1.39097,1.39116,1.39101
2014-05-08 00:00:00,1.39101,1.39045,1.39116,1.39082
2014-05-08 01:00:00,1.39081,1.39066,1.39111,1.3908
2014-05-08 02:00:00,1.39081,1.39076,1.39173,1.39164
2014-05-08 03:00:00,1.39163,1.3915,1.39185,1.39157
2014-05-08 04:00:00,1.39159,1.3913,1.39166,1.39145
2014-05-08 05:00:00,1.39143,1.39133,1.39183,1.39145
2014-05-08 06:00:00,1.39146,1.39096,1.39231,1.39227
2014-05-08 07:00:00,1.39224,1.39201,1.39283,1.39254
2014-05-08 08:00:00,1.39252,1.39241,1.39399,1.39361
2014-05-08 09:00:00,1.39359,1.39339,1.3947,1.39426
2014-05-08 10:00:00,1.39426,1.39393,1.39492,1.39449
2014-05-08 11:00:00,1.39451,1.39295,1.39576,1.39473
2014-05-08 12:00:00,1.39471,1.3894,1.39928,1.39081
2014-05-08 13:00:00,1.39084,1.38698,1.39103,1.38701
2014-05-08 14:00:00,1.38701,1.38479,1.38723,1.38629
2014-05-08 15:00:00,1.38628,1.38568,1.38661,1.38635
2014-05-08 16:00:00,1.38634,1.38606,1.38707,1.38608
2014-05-08 17:00:00,1.38608,1.38471,1.38614,1.38499
2014-05-08 18:00:00,1.38498,1.38498,1.38589,1.38524
2014-05-08 19:00:00,1.38523,1.38473,1.38536,1.38475
2014-05-08 20:00:00,1.38473,1.3832,1.38504,1.38397
2014-05-08 21:00:00,1.38389,1.38348,1.38407,1.38391
2014-05-08 22:00:00,1.38391,1.38383,1.38421,1.38386
2014-05-08 23:00:00,1.38385,1.38385,1.3844,1.38422
2014-05-09 00:00:00,1.38421,1.38333,1.38433,1.38356
2014-05-09 01:00:00,1.38356,1.38316,1.3837,1.3837
2014-05-09 02:00:00,1.38369,1.38337,1.38391,1.38351
2014-05-09 03:00:00,1.38352,1.3834,1.38391,1.38379
2014-05-09 04:00:00,1.38378,1.38367,1.3841,1.38367
2014-05-09 05:00:00,1.38369,1.38369,1.3843,1.38427
2014-05-09 06:00:00,1.38428,1.38221,1.38428,1.38246
2014-05-09 07:00:00,1.38245,1.38243,1.38364,1.38346
2014-05-09 08:00:00,1.38346,1.38138,1.3835,1.38151
2014-05-09 09:00:00,1.38151,1.38033,1.38176,1.38167
2014-05-09 10:00:00,1.38164,1.37981,1.38175,1.37997
2014-05-09 11:00:00,1.37995,1.37796,1.38006,1.37827
2014-05-09 12:00:00,1.37824,1.37682,1.37908,1.37841
2014-05-09 13:00:00,1.37838,1.37825,1.37937,1.37843
2014-05-09 14:00:00,1.37844,1.37533,1.37875,1.3755
2014-05-09 15:00:00,1.37551,1.37551,1.37704,1.37619
2014-05-09 16:00:00,1.37619,1.37574,1.37684,1.37575
2014-05-09 17:00:00,1.37575,1.37518,1.37589,1.37533
2014-05-09 18:00:00,1.37531,1.37441,1.37552,1.3746
2014-05-09 19:00:00,1.3746,1.37453,1.37566,1.37549
2014-05-09 20:00:00,1.37549,1.3754,1.37606,1.37574
2014-05-11 21:00:00,1.37518,1.37451,1.37596,1.37585
2014-05-11 22:00:00,1.37583,1.37548,1.37597,1.37595
2014-05-11 23:00:00,1.37597,1.37562,1.37604,1.37599
2014-05-12 00:00:00,1.37596,1.37503,1.37606,1.37511
2014-05-12 01:00:00,1.37511,1.37489,1.37553,1.37542
2014-05-12 02:00:00,1.37543,1.37528,1.37565,1.37552
2014-05-12 03:00:00,1.37551,1.37549,1.37598,1.37575
2014-05-12 04:00:00,1.37574,1.37566,1.37632,1.37628
2014-05-12 05:00:00,1.37628,1.37616,1.37653,1.37631
2014-05-12 06:00:00,1.37632,1.37609,1.37745,1.37692
2014-05-12 07:00:00,1.3769,1.37643,1.37743,1.37699
2014-05-12 08:00:00,1.37701,1.37603,1.3774,1.37671
2014-05-12 09:00:00,1.37669,1.37607,1.37707,1.37671
2014-05-12 10:00:00,1.37669,1.37541,1.37687,1.37565
2014-05-12 11:00:00,1.37566,1.37543,1.37667,1.3766
2014-05-12 12:00:00,1.37659,1.37637,1.37721,1.37687
2014-05-12 13:00:00,1.37685,1.37632,1.37716,1.37653
2014-05-12 14:00:00,1.37656,1.37536,1.37694,1.37544
2014-05-12 15:00:00,1.37546,1.37528,1.376,1.37591
2014-05-12 16:00:00,1.37592,1.37545,1.37593,1.37565
2014-05-12 17:00:00,1.37564,1.37529,1.37584,1.37579
2014-05-12 18:00:00,1.37581,1.37532,1.37582,1.37549
2014-05-12 19:00:00,1.37548,1.37546,1.37585,1.37585
2014-05-12 20:00:00,1.37584,1.37561,1.37592,1.37561
2014-05-12 21:00:00,1.37569,1.37555,1.37584,1.37579
2014-05-12 22:00:00,1.37578,1.3754,1.37586,1.37553
2014-05-12 23:00:00,1.37555,1.37548,1.37569,1.37551
2014-05-13 00:00:00,1.37551,1.37525,1.37656,1.37641
2014-05-13 01:00:00,1.37644,1.37582,1.37644,1.37605
2014-05-13 02:00:00,1.37605,1.37537,1.37606,1.37543
2014-05-13 03:00:00,1.37543,1.37536,1.37572,1.37568
2014-05-13 04:00:00,1.37568,1.37555,1.37592,1.3759
2014-05-13 05:00:00,1.37587,1.37571,1.37604,1.37603
2014-05-13 06:00:00,1.376,1.37577,1.37662,1.37595
2014-05-13 07:00:00,1.37595,1.37567,1.37709,1.37687
2014-05-13 08:00:00,1.37688,1.37612,1.3771,1.37618
2014-05-13 09:00:00,1.37619,1.37395,1.3762,1.37476
2014-05-13 10:00:00,1.37475,1.37066,1.37524,1.3713
2014-05-13 11:00:00,1.37128,1.36987,1.37157,1.37086
2014-05-13 12:00:00,1.37087,1.36983,1.37244,1.37236
2014-05-13 13:00:00,1.37236,1.37157,1.37297,1.37241
2014-05-13 14:00:00,1.37242,1.37032,1.37274,1.37059
2014-05-13 15:00:00,1.37058,1.36997,1.3714,1.37099
2014-05-13 16:00:00,1.37101,1.36933,1.37104,1.36992
2014-05-13 17:00:00,1.36995,1.36883,1.37026,1.36991
2014-05-13 18:00:00,1.36992,1.3697,1.37027,1.36983
2014-05-13 19:00:00,1.36983,1.36973,1.3702,1.37013
2014-05-13 20:00:00,1.37013,1.36986,1.3703,1.37021
2014-05-13 21:00:00,1.37016,1.36978,1.37036,1.37031
2014-05-13 22:00:00,1.37031,1.37006,1.37048,1.37037
2014-05-13 23:00:00,1.37037,1.3703,1.37081,1.37072
2014-05-14 00:00:00,1.37074,1.36975,1.37074,1.37028
2014-05-14 01:00:00,1.37025,1.37,1.37081,1.37071
2014-05-14 02:00:00,1.37071,1.37049,1.37118,1.37113
2014-05-14 03:00:00,1.37115,1.37113,1.37182,1.37167
2014-05-14 04:00:00,1.37167,1.37138,1.37206,1.37167
2014-05-14 05:00:00,1.37165,1.37141,1.37212,1.37148
2014-05-14 06:00:00,1.37148,1.37117,1.37223,1.37184
2014-05-14 07:00:00,1.37186,1.37141,1.37305,1.37157
2014-05-14 08:00:00,1.37157,1.37022,1.37247,1.37242
2014-05-14 09:00:00,1.37241,1.37081,1.37254,1.37142
2014-05-14 10:00:00,1.37143,1.37053,1.37245,1.37059
2014-05-14 11:00:00,1.37063,1.37058,1.3723,1.37164
2014-05-14 12:00:00,1.37164,1.37083,1.37219,1.37113
2014-05-14 13:00:00,1.37112,1.37042,1.37145,1.37104
2014-05-14 14:00:00,1.37104,1.37029,1.37193,1.37092
2014-05-14 15:00:00,1.37092,1.37086,1.37195,1.37171
2014-05-14 16:00:00,1.37169,1.37074,1.37181,1.37078
2014-05-14 17:00:00,1.37078,1.37035,1.37098,1.37043
2014-05-14 18:00:00,1.37043,1.3702,1.37088,1.37053
2014-05-14 19:00:00,1.37051,1.37051,1.37127,1.3712
2014-05-14 20:00:00,1.37122,1.37105,1.37152,1.37129
2014-05-14 21:00:00,1.37136,1.37112,1.3715,1.37136
2014-05-14 22:00:00,1.37135,1.37123,1.37155,1.37154
2014-05-14 23:00:00,1.37155,1.37137,1.37181,1.37171
2014-05-15 00:00:00,1.37171,1.37151,1.372,1.37169
2014-05-15 01:00:00,1.37172,1.37171,1.37222,1.37177
2014-05-15 02:00:00,1.37178,1.37177,1.37226,1.37194
2014-05-15 03:00:00,1.37193,1.37169,1.37211,1.37203
2014-05-15 04:00:00,1.37203,1.37132,1.37212,1.37139
2014-05-15 05:00:00,1.3714,1.37107,1.37162,1.37148
2014-05-15 06:00:00,1.37149,1.37065,1.37197,1.37156
2014-05-15 07:00:00,1.37153,1.36618,1.3716,1.36735
2014-05-15 08:00:00,1.36732,1.36589,1.36767,1.3669
2014-05-15 09:00:00,1.3669,1.36538,1.36794,1.36553
2014-05-15 10:00:00,1.36551,1.36499,1.36653,1.36569
2014-05-15 11:00:00,1.3657,1.36534,1.36647,1.36614
2014-05-15 12:00:00,1.36612,1.36472,1.36713,1.36578
2014-05-15 13:00:00,1.36578,1.36562,1.36749,1.36724
2014-05-15 14:00:00,1.36721,1.36698,1.37183,1.37156
2014-05-15 15:00:00,1.37155,1.37066,1.37319,1.37112
2014-05-15 16:00:00,1.37112,1.37047,1.37144,1.37065
2014-05-15 17:00:00,1.37065,1.37011,1.37187,1.37166
2014-05-15 18:00:00,1.37169,1.3714,1.37197,1.37152
2014-05-15 19:00:00,1.37154,1.3707,1.37154,1.37077
2014-05-15 20:00:00,1.37076,1.37074,1.37119,1.37083
2014-05-15 21:00:00,1.37089,1.37074,1.37104,1.37097
2014-05-15 22:00:00,1.37096,1.37081,1.37137,1.37134
2014-05-15 23:00:00,1.37132,1.3713,1.37166,1.37164
2014-05-16 00:00:00,1.37164,1.37104,1.37166,1.37126
2014-05-16 01:00:00,1.37125,1.37109,1.37186,1.37162
2014-05-16 02:00:00,1.37162,1.37143,1.3719,1.37164
2014-05-16 03:00:00,1.37166,1.3715,1.37192,1.3716
2014-05-16 04:00:00,1.37161,1.37142,1.37189,1.37148
2014-05-16 05:00:00,1.37147,1.3707,1.37164,1.37134
2014-05-16 06:00:00,1.37133,1.37098,1.37174,1.37121
2014-05-16 07:00:00,1.37119,1.37119,1.37264,1.37191
2014-05-16 08:00:00,1.37192,1.37143,1.37253,1.37177
2014-05-16 09:00:00,1.37177,1.37102,1.37186,1.37102
2014-05-16 10:00:00,1.37102,1.3685,1.37105,1.36923
2014-05-16 11:00:00,1.36925,1.36913,1.37075,1.36993
2014-05-16 12:00:00,1.36993,1.36845,1.37048,1.37042
2014-05-16 13:00:00,1.37046,1.37008,1.37182,1.37125
2014-05-16 14:00:00,1.37125,1.36977,1.37148,1.37031
2014-05-16 15:00:00,1.3703,1.36985,1.37083,1.37065
2014-05-16 16:00:00,1.37062,1.3699,1.37082,1.37015
2014-05-16 17:00:00,1.37016,1.36947,1.37046,1.36961
2014-05-16 18:00:00,1.36961,1.36949,1.36992,1.36968
2014-05-16 19:00:00,1.36967,1.36956,1.37,1.36974
2014-05-16 20:00:00,1.36974,1.36917,1.36982,1.36928
2014-05-18 21:00:00,1.36916,1.36895,1.37002,1.36966
2014-05-18 22:00:00,1.36966,1.3695,1.36976,1.36958
2014-05-18 23:00:00,1.36957,1.36949,1.37025,1.37023
2014-05-19 00:00:00,1.3702,1.3697,1.37038,1.37007
2014-05-19 01:00:00,1.37007,1.37002,1.37046,1.37021
2014-05-19 02:00:00,1.37023,1.37021,1.37075,1.37073
2014-05-19 03:00:00,1.37074,1.3702,1.37105,1.37033
2014-05-19 04:00:00,1.37035,1.37001,1.37052,1.3702
2014-05-19 05:00:00,1.37023,1.37018,1.37094,1.37089
2014-05-19 06:00:00,1.37091,1.37073,1.3717,1.37096
2014-05-19 07:00:00,1.37096,1.37096,1.37233,1.37171
2014-05-19 08:00:00,1.37171,1.37039,1.37216,1.37076
2014-05-19 09:00:00,1.37077,1.37055,1.37206,1.37195
2014-05-19 10:00:00,1.37197,1.3714,1.37211,1.37151
2014-05-19 11:00:00,1.37151,1.37133,1.372,1.37174
2014-05-19 12:00:00,1.37175,1.37128,1.37249,1.37231
2014-05-19 13:00:00,1.37233,1.37165,1.3728,1.3719
2014-05-19 14:00:00,1.37188,1.37021,1.37338,1.37177
2014-05-19 15:00:00,1.37176,1.37138,1.3721,1.37156
2014-05-19 16:00:00,1.37156,1.37085,1.37166,1.37092
2014-05-19 17:00:00,1.37093,1.37086,1.37142,1.37114
2014-05-19 18:00:00,1.37113,1.37103,1.37174,1.37123
2014-05-19 19:00:00,1.37121,1.37075,1.3714,1.3709
2014-05-19 20:00:00,1.37089,1.37071,1.37102,1.37071
2014-05-19 21:00:00,1.37056,1.37047,1.37103,1.37083
2014-05-19 22:00:00,1.37085,1.37066,1.37093,1.3708
2014-05-19 23:00:00,1.3708,1.37077,1.37129,1.37118
2014-05-20 00:00:00,1.37119,1.37073,1.37131,1.37101
2014-05-20 01:00:00,1.37102,1.37059,1.37124,1.37067
2014-05-20 02:00:00,1.37067,1.37067,1.37133,1.37125
2014-05-20 03:00:00,1.37123,1.371,1.37125,1.37114
2014-05-20 04:00:00,1.37113,1.37093,1.37127,1.37093
2014-05-20 05:00:00,1.37093,1.37071,1.37108,1.37102
2014-05-20 06:00:00,1.37105,1.36936,1.37105,1.36946
2014-05-20 07:00:00,1.36948,1.3692,1.37004,1.3695
2014-05-20 08:00:00,1.36951,1.36774,1.36964,1.36845
2014-05-20 09:00:00,1.36844,1.36803,1.37005,1.36977
2014-05-20 10:00:00,1.36976,1.36946,1.37056,1.36974
2014-05-20 11:00:00,1.36974,1.36956,1.37047,1.37007
2014-05-20 12:00:00,1.37009,1.36946,1.37053,1.37004
2014-05-20 13:00:00,1.37003,1.36973,1.37052,1.36994
2014-05-20 14:00:00,1.36994,1.36887,1.37042,1.36952
2014-05-20 15:00:00,1.36951,1.36907,1.37009,1.37004
2014-05-20 16:00:00,1.37003,1.36877,1.37023,1.3689
2014-05-20 17:00:00,1.36888,1.36882,1.3695,1.36945
2014-05-20 18:00:00,1.36946,1.36933,1.36993,1.36971
2014-05-20 19:00:00,1.36972,1.3697,1.3701,1.36998
2014-05-20 20:00:00,1.36999,1.3698,1.37015,1.36998
2014-05-20 21:00:00,1.36987,1.36963,1.37002,1.36985
2014-05-20 22:00:00,1.36983,1.3698,1.37003,1.3699
2014-05-20 23:00:00,1.36986,1.36986,1.37031,1.37028
2014-05-21 00:00:00,1.37025,1.37004,1.37074,1.37048
2014-05-21 01:00:00,1.37049,1.37004,1.37052,1.37012
2014-05-21 02:00:00,1.37012,1.37003,1.3705,1.37022
2014-05-21 03:00:00,1.37022,1.37004,1.37038,1.37016
2014-05-21 04:00:00,1.37015,1.36989,1.37042,1.37037
2014-05-21 05:00:00,1.37038,1.37032,1.37089,1.37058
2014-05-21 06:00:00,1.37056,1.36999,1.37194,1.37176
2014-05-21 07:00:00,1.37178,1.3711,1.37229,1.37157
2014-05-21 08:00:00,1.37155,1.37066,1.37187,1.37133
2014-05-21 09:00:00,1.37134,1.36994,1.3714,1.37044
2014-05-21 10:00:00,1.37042,1.36784,1.37056,1.3682
2014-05-21 11:00:00,1.36819,1.36706,1.36824,1.36783
2014-05-21 12:00:00,1.36781,1.36588,1.36796,1.36602
2014-05-21 13:00:00,1.36603,1.36511,1.36682,1.36593
2014-05-21 14:00:00,1.36593,1.36593,1.3669,1.36631
2014-05-21 15:00:00,1.36631,1.36551,1.3665,1.36552
2014-05-21 16:00:00,1.36552,1.36551,1.36728,1.36626
2014-05-21 17:00:00,1.36626,1.36305,1.36687,1.36667
2014-05-21 18:00:00,1.36662,1.36536,1.3685,1.36779
2014-05-21 19:00:00,1.36782,1.36735,1.36869,1.3686
2014-05-21 20:00:00,1.36859,1.36837,1.36878,1.36851
2014-05-21 21:00:00,1.36826,1.36825,1.36866,1.36855
2014-05-21 22:00:00,1.36853,1.36846,1.36871,1.36867
2014-05-21 23:00:00,1.36868,1.36793,1.36869,1.36814
2014-05-22 00:00:00,1.36812,1.3678,1.36842,1.36784
2014-05-22 01:00:00,1.36782,1.36764,1.36833,1.368
2014-05-22 02:00:00,1.368,1.36725,1.36815,1.36732
2014-05-22 03:00:00,1.3673,1.367,1.36777,1.36719
2014-05-22 04:00:00,1.36719,1.36702,1.36742,1.36722
2014-05-22 05:00:00,1.36721,1.36622,1.36745,1.3665
2014-05-22 06:00:00,1.36649,1.36615,1.36773,1.36735
2014-05-22 07:00:00,1.3672,1.36468,1.36836,1.36796
2014-05-22 08:00:00,1.36796,1.36705,1.3686,1.36801
2014-05-22 09:00:00,1.36801,1.36769,1.36864,1.36799
2014-05-22 10:00:00,1.36799,1.36732,1.36847,1.36741
2014-05-22 11:00:00,1.36742,1.36647,1.36766,1.36695
2014-05-22 12:00:00,1.36697,1.36575,1.36726,1.3661
2014-05-22 13:00:00,1.36613,1.36451,1.36626,1.3648
2014-05-22 14:00:00,1.3648,1.36466,1.36626,1.36554
2014-05-22 15:00:00,1.36553,1.36484,1.36592,1.36512
2014-05-22 16:00:00,1.36513,1.3646,1.36551,1.36498
2014-05-22 17:00:00,1.36499,1.36456,1.36513,1.3646
2014-05-22 18:00:00,1.36458,1.36448,1.3653,1.36501
2014-05-22 19:00:00,1.36503,1.36503,1.36556,1.36555
2014-05-22 20:00:00,1.36555,1.36517,1.36557,1.3654
2014-05-22 21:00:00,1.36518,1.36518,1.36581,1.36552
2014-05-22 22:00:00,1.36552,1.36541,1.36561,1.36547
2014-05-22 23:00:00,1.36547,1.3652,1.3655,1.36528
2014-05-23 00:00:00,1.36528,1.3641,1.3653,1.36416
2014-05-23 01:00:00,1.36416,1.36405,1.3648,1.36476
2014-05-23 02:00:00,1.36478,1.36468,1.36514,1.36489
2014-05-23 03:00:00,1.36487,1.36449,1.36504,1.3645
2014-05-23 04:00:00,1.3645,1.3645,1.36521,1.36493
2014-05-23 05:00:00,1.36492,1.36431,1.36513,1.3646
2014-05-23 06:00:00,1.36461,1.3644,1.36511,1.36468
2014-05-23 07:00:00,1.36468,1.36415,1.36502,1.3643
2014-05-23 08:00:00,1.36435,1.3616,1.36437,1.36195
2014-05-23 09:00:00,1.36192,1.3616,1.36251,1.36194
2014-05-23 10:00:00,1.36193,1.36151,1.36246,1.36162
2014-05-23 11:00:00,1.36165,1.36163,1.36343,1.3634
2014-05-23 12:00:00,1.36339,1.36253,1.36341,1.36297
2014-05-23 13:00:00,1.36297,1.36264,1.36335,1.36301
2014-05-23 14:00:00,1.36297,1.36287,1.36426,1.36312
2014-05-23 15:00:00,1.36313,1.36248,1.36342,1.36265
2014-05-23 16:00:00,1.36267,1.36234,1.36283,1.36273
2014-05-23 17:00:00,1.36275,1.36256,1.36331,1.36327
2014-05-23 18:00:00,1.36326,1.36299,1.36329,1.36317
2014-05-23 19:00:00,1.36317,1.36279,1.36339,1.36292
2014-05-23 20:00:00,1.3629,1.36195,1.36334,1.36238
2014-05-25 21:00:00,1.36167,1.36079,1.36356,1.36217
2014-05-25 22:00:00,1.36217,1.36208,1.36272,1.36264
2014-05-25 23:00:00,1.36262,1.36255,1.36287,1.36268
2014-05-26 00:00:00,1.36268,1.36172,1.36273,1.36181
2014-05-26 01:00:00,1.36179,1.3617,1.36214,1.36182
2014-05-26 02:00:00,1.36179,1.36179,1.36199,1.36183
2014-05-26 03:00:00,1.36183,1.36151,1.362,1.36193
2014-05-26 04:00:00,1.36192,1.36178,1.36195,1.36182
2014-05-26 05:00:00,1.36183,1.36161,1.36215,1.36212
2014-05-26 06:00:00,1.36213,1.36196,1.36254,1.36249
2014-05-26 07:00:00,1.36251,1.36214,1.3645,1.36407
2014-05-26 08:00:00,1.36409,1.3633,1.36434,1.36414
2014-05-26 09:00:00,1.36412,1.36375,1.36479,1.36465
2014-05-26 10:00:00,1.36467,1.36396,1.36469,1.3642
2014-05-26 11:00:00,1.36418,1.3638,1.3645,1.36397
2014-05-26 12:00:00,1.36395,1.36348,1.36426,1.36394
2014-05-26 13:00:00,1.36395,1.36363,1.36461,1.36422
2014-05-26 14:00:00,1.36423,1.36408,1.3654,1.3651
2014-05-26 15:00:00,1.36509,1.36476,1.36528,1.36477
2014-05-26 16:00:00,1.36477,1.3644,1.36481,1.36451
2014-05-26 17:00:00,1.36449,1.36432,1.36468,1.36461
2014-05-26 18:00:00,1.36461,1.36435,1.36494,1.36458
2014-05-26 19:00:00,1.36455,1.36445,1.36471,1.3647
2014-05-26 20:00:00,1.36469,1.36428,1.3647,1.36437
2014-05-26 21:00:00,1.36444,1.36419,1.36452,1.36437
2014-05-26 22:00:00,1.36436,1.36425,1.36461,1.36438
2014-05-26 23:00:00,1.36438,1.36434,1.36534,1.36515
2014-05-27 00:00:00,1.36513,1.36486,1.36681,1.36659
2014-05-27 01:00:00,1.36661,1.36594,1.36681,1.36626
2014-05-27 02:00:00,1.36625,1.36598,1.36643,1.36618
2014-05-27 03:00:00,1.36618,1.36557,1.36618,1.3656
2014-05-27 04:00:00,1.36559,1.36536,1.36581,1.36536
2014-05-27 05:00:00,1.36535,1.36491,1.36569,1.36522
2014-05-27 06:00:00,1.36521,1.36451,1.36563,1.36518
2014-05-27 07:00:00,1.36518,1.36431,1.36567,1.36464
2014-05-27 08:00:00,1.36465,1.36396,1.36488,1.36421
2014-05-27 09:00:00,1.36421,1.36374,1.36481,1.36449
2014-05-27 10:00:00,1.36449,1.36444,1.36578,1.36456
2014-05-27 11:00:00,1.36454,1.36385,1.36486,1.36415
2014-05-27 12:00:00,1.36414,1.36259,1.36418,1.36379
2014-05-27 13:00:00,1.3638,1.36253,1.36402,1.36363
2014-05-27 14:00:00,1.36364,1.36121,1.36382,1.36135
2014-05-27 15:00:00,1.36133,1.36133,1.3624,1.36172
2014-05-27 16:00:00,1.36172,1.36132,1.36198,1.36154
2014-05-27 17:00:00,1.36154,1.36145,1.3619,1.36184
2014-05-27 18:00:00,1.36184,1.36184,1.36368,1.36342
2014-05-27 19:00:00,1.36344,1.3631,1.36382,1.36341
2014-05-27 20:00:00,1.3634,1.36309,1.36358,1.36328
2014-05-27 21:00:00,1.36333,1.36321,1.36351,1.36329
2014-05-27 22:00:00,1.3633,1.3633,1.36361,1.36352
2014-05-27 23:00:00,1.3635,1.36329,1.36358,1.36331
2014-05-28 00:00:00,1.3633,1.36259,1.36345,1.36321
2014-05-28 01:00:00,1.36322,1.36306,1.36353,1.3635
2014-05-28 02:00:00,1.36348,1.36319,1.36373,1.36365
2014-05-28 03:00:00,1.36365,1.3635,1.36374,1.36352
2014-05-28 04:00:00,1.36354,1.36292,1.36356,1.36298
2014-05-28 05:00:00,1.36296,1.36273,1.3633,1.36314
2014-05-28 06:00:00,1.36311,1.36239,1.36371,1.36275
2014-05-28 07:00:00,1.36276,1.36178,1.36342,1.36198
2014-05-28 08:00:00,1.36198,1.36156,1.36257,1.36204
2014-05-28 09:00:00,1.36207,1.36159,1.36256,1.36189
2014-05-28 10:00:00,1.3619,1.36175,1.36242,1.36205
2014-05-28 11:00:00,1.36202,1.36041,1.36211,1.36106
2014-05-28 12:00:00,1.36106,1.36017,1.36287,1.36195
2014-05-28 13:00:00,1.36195,1.35952,1.36203,1.36002
2014-05-28 14:00:00,1.36003,1.35902,1.36024,1.35938
2014-05-28 15:00:00,1.3594,1.359,1.36013,1.35939
2014-05-28 16:00:00,1.35939,1.35886,1.35969,1.35914
2014-05-28 17:00:00,1.35915,1.35892,1.35961,1.35927
2014-05-28 18:00:00,1.35928,1.35922,1.35959,1.35932
2014-05-28 19:00:00,1.35931,1.35922,1.35953,1.35937
2014-05-28 20:00:00,1.35936,1.35875,1.3596,1.35888
2014-05-28 21:00:00,1.35902,1.35884,1.35931,1.35917
2014-05-28 22:00:00,1.3592,1.35915,1.35956,1.3594
2014-05-28 23:00:00,1.3594,1.35914,1.35958,1.35915
2014-05-29 00:00:00,1.35918,1.35916,1.36006,1.35978
2014-05-29 01:00:00,1.35977,1.35946,1.36005,1.35973
2014-05-29 02:00:00,1.35973,1.3596,1.36063,1.36059
2014-05-29 03:00:00,1.36058,1.36031,1.36089,1.36052
2014-05-29 04:00:00,1.36052,1.36028,1.36062,1.3604
2014-05-29 05:00:00,1.36043,1.35993,1.36091,1.36002
2014-05-29 06:00:00,1.36001,1.35927,1.3605,1.35939
2014-05-29 07:00:00,1.35937,1.35854,1.35967,1.35923
2014-05-29 08:00:00,1.35921,1.35902,1.36179,1.36176
2014-05-29 09:00:00,1.36175,1.3612,1.36197,1.36173
2014-05-29 10:00:00,1.3617,1.36147,1.36234,1.36163
2014-05-29 11:00:00,1.36162,1.3611,1.36193,1.36132
2014-05-29 12:00:00,1.3613,1.36008,1.36252,1.36022
2014-05-29 13:00:00,1.36024,1.35944,1.36082,1.35995
2014-05-29 14:00:00,1.35995,1.35969,1.36173,1.36137
2014-05-29 15:00:00,1.36137,1.36049,1.36243,1.36073
2014-05-29 16:00:00,1.36073,1.36032,1.36092,1.36084
2014-05-29 17:00:00,1.36082,1.36,1.36082,1.36001
2014-05-29 18:00:00,1.36003,1.35998,1.36057,1.36019
2014-05-29 19:00:00,1.36017,1.36002,1.36032,1.3602
2014-05-29 20:00:00,1.36021,1.35992,1.36052,1.35999
2014-05-29 21:00:00,1.36013,1.35995,1.36042,1.36017
2014-05-29 22:00:00,1.36017,1.35988,1.36017,1.36005
2014-05-29 23:00:00,1.36004,1.36002,1.36042,1.36022
2014-05-30 00:00:00,1.3602,1.35981,1.36044,1.36032
2014-05-30 01:00:00,1.36033,1.36027,1.36117,1.36049
2014-05-30 02:00:00,1.36051,1.36019,1.36067,1.36052
2014-05-30 03:00:00,1.3605,1.36013,1.36059,1.36034
2014-05-30 04:00:00,1.36035,1.35999,1.36064,1.36053
2014-05-30 05:00:00,1.36053,1.36014,1.36072,1.36016
2014-05-30 06:00:00,1.36013,1.35979,1.3611,1.36101
2014-05-30 07:00:00,1.361,1.3603,1.36162,1.36118
2014-05-30 08:00:00,1.36119,1.36024,1.36147,1.36104
2014-05-30 09:00:00,1.36102,1.36079,1.36171,1.36138
2014-05-30 10:00:00,1.36139,1.36078,1.36148,1.36105
2014-05-30 11:00:00,1.36105,1.3606,1.36124,1.36121
2014-05-30 12:00:00,1.36119,1.36037,1.36195,1.36167
2014-05-30 13:00:00,1.36168,1.36145,1.3638,1.36186
2014-05-30 14:00:00,1.36188,1.36168,1.3646,1.36457
2014-05-30 15:00:00,1.36456,1.36366,1.36498,1.36384
2014-05-30 16:00:00,1.36383,1.36324,1.36434,1.36408
2014-05-30 17:00:00,1.36407,1.3635,1.36424,1.36417
2014-05-30 18:00:00,1.3642,1.36322,1.36427,1.36325
2014-05-30 19:00:00,1.36328,1.36287,1.36377,1.36307
2014-05-30 20:00:00,1.36306,1.36237,1.36342,1.3629
2014-06-01 21:00:00,1.36353,1.36256,1.36356,1.36317
2014-06-01 22:00:00,1.36316,1.36173,1.36316,1.36229
2014-06-01 23:00:00,1.3623,1.36218,1.36286,1.36284
2014-06-02 00:00:00,1.36282,1.36199,1.36282,1.36224
2014-06-02 01:00:00,1.36225,1.36209,1.36244,1.3624
2014-06-02 02:00:00,1.36241,1.36209,1.3628,1.36275
2014-06-02 03:00:00,1.36273,1.36273,1.36324,1.36284
2014-06-02 04:00:00,1.36284,1.36259,1.36287,1.3628
2014-06-02 05:00:00,1.3628,1.36269,1.36355,1.36331
2014-06-02 06:00:00,1.36331,1.36269,1.36356,1.36318
2014-06-02 07:00:00,1.36317,1.36037,1.36317,1.36067
2014-06-02 08:00:00,1.36063,1.35931,1.36066,1.35956
2014-06-02 09:00:00,1.35958,1.35948,1.36043,1.36034
2014-06-02 10:00:00,1.36032,1.35992,1.36107,1.3609
2014-06-02 11:00:00,1.36088,1.36068,1.36157,1.36098
2014-06-02 12:00:00,1.36093,1.36019,1.36275,1.36185
2014-06-02 13:00:00,1.36184,1.36077,1.36196,1.36098
2014-06-02 14:00:00,1.36098,1.36054,1.36237,1.36061
2014-06-02 15:00:00,1.36061,1.36,1.36098,1.36048
2014-06-02 16:00:00,1.3605,1.35874,1.36053,1.35949
2014-06-02 17:00:00,1.35949,1.35904,1.36012,1.36012
2014-06-02 18:00:00,1.3601,1.35925,1.36012,1.35955
2014-06-02 19:00:00,1.35954,1.35953,1.35981,1.35979
2014-06-02 20:00:00,1.35977,1.35939,1.35982,1.35947
2014-06-02 21:00:00,1.35947,1.35947,1.35982,1.35978
2014-06-02 22:00:00,1.35976,1.35957,1.35986,1.35977
2014-06-02 23:00:00,1.35978,1.35953,1.3598,1.35961
2014-06-03 00:00:00,1.35964,1.35925,1.36041,1.36022
2014-06-03 01:00:00,1.36024,1.36006,1.36035,1.36017
2014-06-03 02:00:00,1.36014,1.36004,1.36033,1.36021
2014-06-03 03:00:00,1.36023,1.36015,1.36039,1.36029
2014-06-03 04:00:00,1.36026,1.36019,1.36046,1.36038
2014-06-03 05:00:00,1.36039,1.36025,1.36066,1.36025
2014-06-03 06:00:00,1.36026,1.36006,1.36081,1.36032
2014-06-03 07:00:00,1.36028,1.36004,1.36064,1.36045
2014-06-03 08:00:00,1.36043,1.35886,1.36081,1.35886
2014-06-03 09:00:00,1.35882,1.3583,1.3613,1.36084
2014-06-03 10:00:00,1.36086,1.36035,1.36114,1.3605
2014-06-03 11:00:00,1.36049,1.3604,1.36248,1.36215
2014-06-03 12:00:00,1.36215,1.36214,1.36474,1.36352
2014-06-03 13:00:00,1.3635,1.36339,1.36439,1.36368
2014-06-03 14:00:00,1.3637,1.36182,1.36376,1.36204
2014-06-03 15:00:00,1.36204,1.3618,1.36284,1.36234
2014-06-03 16:00:00,1.36234,1.36199,1.36328,1.36327
2014-06-03 17:00:00,1.36325,1.36269,1.36328,1.36281
2014-06-03 18:00:00,1.36282,1.36219,1.36303,1.36224
2014-06-03 19:00:00,1.36222,1.36198,1.36244,1.36209
2014-06-03 20:00:00,1.36208,1.36204,1.36297,1.36262
2014-06-03 21:00:00,1.36262,1.36243,1.36292,1.36266
2014-06-03 22:00:00,1.36265,1.36247,1.36289,1.36273
2014-06-03 23:00:00,1.36272,1.36181,1.36272,1.36204
2014-06-04 00:00:00,1.36205,1.36147,1.36224,1.36162
2014-06-04 01:00:00,1.36167,1.36114,1.36174,1.36168
2014-06-04 02:00:00,1.36171,1.36125,1.36173,1.36143
2014-06-04 03:00:00,1.36141,1.36086,1.36149,1.36127
2014-06-04 04:00:00,1.36124,1.36082,1.36127,1.36121
2014-06-04 05:00:00,1.36124,1.36109,1.36156,1.36156
2014-06-04 06:00:00,1.36157,1.36049,1.36157,1.36057
2014-06-04 07:00:00,1.36057,1.36039,1.36138,1.36109
2014-06-04 08:00:00,1.3611,1.36018,1.36268,1.36133
2014-06-04 09:00:00,1.36134,1.35995,1.36173,1.36131
2014-06-04 10:00:00,1.36131,1.36105,1.36212,1.36189
2014-06-04 11:00:00,1.36188,1.36165,1.3626,1.3623
2014-06-04 12:00:00,1.36233,1.36185,1.36383,1.36274
2014-06-04 13:00:00,1.36274,1.36109,1.36297,1.36164
2014-06-04 14:00:00,1.36161,1.36075,1.36238,1.36208
2014-06-04 15:00:00,1.36207,1.36128,1.3622,1.36181
2014-06-04 16:00:00,1.36179,1.36063,1.36193,1.36077
2014-06-04 17:00:00,1.36077,1.35994,1.36083,1.36033
2014-06-04 18:00:00,1.36031,1.35961,1.36053,1.35988
2014-06-04 19:00:00,1.35988,1.35974,1.3602,1.35985
2014-06-04 20:00:00,1.35986,1.35956,1.36002,1.35976
2014-06-04 21:00:00,1.35983,1.35978,1.36006,1.36
2014-06-04 22:00:00,1.36,1.35971,1.36,1.35992
2014-06-04 23:00:00,1.35989,1.35988,1.36024,1.36019
2014-06-05 00:00:00,1.36018,1.35987,1.36044,1.35999
2014-06-05 01:00:00,1.35994,1.35936,1.36001,1.35966
2014-06-05 02:00:00,1.35968,1.3594,1.36013,1.35964
2014-06-05 03:00:00,1.35963,1.3596,1.35998,1.35982
2014-06-05 04:00:00,1.35983,1.35983,1.36024,1.36015
2014-06-05 05:00:00,1.36017,1.35992,1.36043,1.36013
2014-06-05 06:00:00,1.36021,1.36002,1.36134,1.36046
2014-06-05 07:00:00,1.36046,1.36,1.36098,1.36093
2014-06-05 08:00:00,1.3609,1.3606,1.36133,1.36119
2014-06-05 09:00:00,1.3612,1.36098,1.36171,1.3614
2014-06-05 10:00:00,1.3614,1.36051,1.36173,1.36081
2014-06-05 11:00:00,1.36082,1.35564,1.36417,1.35684
2014-06-05 12:00:00,1.35684,1.35022,1.35783,1.35378
2014-06-05 13:00:00,1.35378,1.35289,1.36012,1.35827
2014-06-05 14:00:00,1.35828,1.35723,1.36532,1.36148
2014-06-05 15:00:00,1.36149,1.36061,1.36243,1.36182
2014-06-05 16:00:00,1.36183,1.36161,1.36442,1.36367
2014-06-05 17:00:00,1.36367,1.3629,1.36697,1.3659
2014-06-05 18:00:00,1.36592,1.36488,1.36678,1.36576
2014-06-05 19:00:00,1.36576,1.36508,1.36589,1.36569
2014-06-05 20:00:00,1.3657,1.36551,1.36651,1.36598
2014-06-05 21:00:00,1.36624,1.36589,1.36641,1.36623
2014-06-05 22:00:00,1.36622,1.36569,1.36629,1.36606
2014-06-05 23:00:00,1.36606,1.36564,1.36644,1.36599
2014-06-06 00:00:00,1.36602,1.36567,1.36623,1.36579
2014-06-06 01:00:00,1.36576,1.36574,1.36631,1.3662
2014-06-06 02:00:00,1.3662,1.36592,1.36635,1.36605
2014-06-06 03:00:00,1.36601,1.36574,1.36606,1.36575
2014-06-06 04:00:00,1.36575,1.36541,1.36585,1.36558
2014-06-06 05:00:00,1.36558,1.36546,1.36597,1.36549
2014-06-06 06:00:00,1.36553,1.36474,1.36608,1.36528
2014-06-06 07:00:00,1.36527,1.36443,1.36548,1.3647
2014-06-06 08:00:00,1.36474,1.36278,1.36494,1.36351
2014-06-06 09:00:00,1.36348,1.36207,1.36379,1.36216
2014-06-06 10:00:00,1.36214,1.36202,1.36331,1.3631
2014-06-06 11:00:00,1.3631,1.36296,1.36474,1.36382
2014-06-06 12:00:00,1.36381,1.36228,1.36768,1.36632
2014-06-06 13:00:00,1.36634,1.36209,1.36669,1.36314
2014-06-06 14:00:00,1.36312,1.36229,1.36428,1.36389
2014-06-06 15:00:00,1.36388,1.36301,1.36413,1.36383
2014-06-06 16:00:00,1.36381,1.36339,1.36391,1.36381
2014-06-06 17:00:00,1.36381,1.36327,1.36398,1.36379
2014-06-06 18:00:00,1.36377,1.36358,1.36477,1.3645
2014-06-06 19:00:00,1.36452,1.36387,1.36456,1.36439
2014-06-06 20:00:00,1.36439,1.36394,1.36452,1.36394
2014-06-08 21:00:00,1.36421,1.36396,1.36454,1.36454
2014-06-08 22:00:00,1.36454,1.36433,1.36475,1.3644
2014-06-08 23:00:00,1.36437,1.36433,1.36478,1.36472
2014-06-09 00:00:00,1.36473,1.36432,1.36477,1.36439
2014-06-09 01:00:00,1.36436,1.3642,1.3646,1.36425
2014-06-09 02:00:00,1.36425,1.3641,1.36461,1.3642
2014-06-09 03:00:00,1.36422,1.36412,1.36447,1.36441
2014-06-09 04:00:00,1.3644,1.36439,1.36462,1.36449
2014-06-09 05:00:00,1.36448,1.36421,1.36464,1.36459
2014-06-09 06:00:00,1.3646,1.36444,1.36681,1.36645
2014-06-09 07:00:00,1.36643,1.36412,1.3665,1.36486
2014-06-09 08:00:00,1.36486,1.36339,1.36508,1.36341
2014-06-09 09:00:00,1.3634,1.36196,1.3638,1.36196
2014-06-09 10:00:00,1.36196,1.36153,1.36262,1.3624
2014-06-09 11:00:00,1.36241,1.36039,1.36254,1.36129
2014-06-09 12:00:00,1.36129,1.36019,1.36156,1.36071
2014-06-09 13:00:00,1.36071,1.35818,1.36087,1.35847
2014-06-09 14:00:00,1.35844,1.35822,1.35953,1.3592
2014-06-09 15:00:00,1.35917,1.35869,1.35945,1.35881
2014-06-09 16:00:00,1.35884,1.35831,1.35921,1.35856
2014-06-09 17:00:00,1.35858,1.35847,1.35894,1.35856
2014-06-09 18:00:00,1.35856,1.35848,1.35883,1.35878
2014-06-09 19:00:00,1.35878,1.35871,1.35901,1.35893
2014-06-09 20:00:00,1.35892,1.35886,1.35934,1.35931
2014-06-09 21:00:00,1.35912,1.35899,1.35931,1.35921
2014-06-09 22:00:00,1.3592,1.35912,1.35933,1.35917
2014-06-09 23:00:00,1.35916,1.35884,1.35925,1.35921
2014-06-10 00:00:00,1.35922,1.35871,1.35923,1.35904
2014-06-10 01:00:00,1.35904,1.35865,1.35931,1.35904
2014-06-10 02:00:00,1.35902,1.35878,1.3591,1.35901
2014-06-10 03:00:00,1.35899,1.35886,1.35922,1.35893
2014-06-10 04:00:00,1.35893,1.35848,1.35915,1.3585
2014-06-10 05:00:00,1.35848,1.35844,1.35894,1.35868
2014-06-10 06:00:00,1.35867,1.35864,1.36005,1.35971
2014-06-10 07:00:00,1.35968,1.35903,1.36015,1.35914
2014-06-10 08:00:00,1.35912,1.35559,1.35919,1.35568
2014-06-10 09:00:00,1.35566,1.3541,1.35608,1.35425
2014-06-10 10:00:00,1.35423,1.3533,1.35491,1.35445
2014-06-10 11:00:00,1.35446,1.35369,1.35476,1.35454
2014-06-10 12:00:00,1.35454,1.35422,1.35576,1.35444
2014-06-10 13:00:00,1.35444,1.35406,1.35534,1.35528
2014-06-10 14:00:00,1.35527,1.35384,1.35546,1.35443
2014-06-10 15:00:00,1.35443,1.35408,1.35525,1.35415
2014-06-10 16:00:00,1.35417,1.3541,1.3547,1.35452
2014-06-10 17:00:00,1.35453,1.35353,1.35453,1.35361
2014-06-10 18:00:00,1.35363,1.35359,1.35452,1.35434
2014-06-10 19:00:00,1.35433,1.35419,1.35475,1.35462
2014-06-10 20:00:00,1.35459,1.35431,1.35473,1.35457
2014-06-10 21:00:00,1.35439,1.35433,1.35459,1.3544
2014-06-10 22:00:00,1.3544,1.35432,1.35468,1.3544
2014-06-10 23:00:00,1.35439,1.35377,1.3547,1.35386
2014-06-11 00:00:00,1.35385,1.35252,1.35409,1.35327
2014-06-11 01:00:00,1.35326,1.35224,1.35336,1.35239
2014-06-11 02:00:00,1.35237,1.3521,1.35267,1.35249
2014-06-11 03:00:00,1.3525,1.35245,1.35329,1.35321
2014-06-11 04:00:00,1.35321,1.35294,1.3534,1.35328
2014-06-11 05:00:00,1.35327,1.35314,1.35443,1.35442
2014-06-11 06:00:00,1.35443,1.35357,1.35451,1.3539
2014-06-11 07:00:00,1.35391,1.35333,1.35435,1.35378
2014-06-11 08:00:00,1.35376,1.35213,1.35404,1.35249
2014-06-11 09:00:00,1.35246,1.35238,1.35374,1.35309
2014-06-11 10:00:00,1.3531,1.35276,1.35353,1.35333
2014-06-11 11:00:00,1.35336,1.35308,1.35565,1.35483
2014-06-11 12:00:00,1.35484,1.35396,1.35501,1.35445
2014-06-11 13:00:00,1.35446,1.35327,1.35549,1.35378
2014-06-11 14:00:00,1.35376,1.35253,1.35395,1.35323
2014-06-11 15:00:00,1.35321,1.3526,1.35338,1.35316
2014-06-11 16:00:00,1.35318,1.35316,1.35383,1.3535
2014-06-11 17:00:00,1.35349,1.35289,1.3536,1.35311
2014-06-11 18:00:00,1.3531,1.35279,1.3535,1.35281
2014-06-11 19:00:00,1.35282,1.35253,1.3531,1.35273
2014-06-11 20:00:00,1.35273,1.35264,1.35315,1.353
2014-06-11 21:00:00,1.353,1.35256,1.35356,1.35334
2014-06-11 22:00:00,1.35333,1.35309,1.35342,1.35323
2014-06-11 23:00:00,1.35325,1.35316,1.35355,1.35355
2014-06-12 00:00:00,1.35351,1.3532,1.35398,1.35388
2014-06-12 01:00:00,1.35388,1.35377,1.35444,1.35425
2014-06-12 02:00:00,1.35427,1.35376,1.35434,1.35429
2014-06-12 03:00:00,1.3543,1.3542,1.35459,1.35442
2014-06-12 04:00:00,1.35442,1.35389,1.35442,1.3542
2014-06-12 05:00:00,1.35419,1.35379,1.3543,1.3539
2014-06-12 06:00:00,1.35388,1.35313,1.35487,1.3543
2014-06-12 07:00:00,1.3543,1.35282,1.35454,1.35323
2014-06-12 08:00:00,1.35323,1.35188,1.35327,1.3527
2014-06-12 09:00:00,1.35271,1.35117,1.35303,1.35201
2014-06-12 10:00:00,1.352,1.35185,1.35276,1.35216
2014-06-12 11:00:00,1.35219,1.35209,1.35278,1.35244
2014-06-12 12:00:00,1.35248,1.35215,1.35446,1.35429
2014-06-12 13:00:00,1.35426,1.35324,1.35446,1.35414
2014-06-12 14:00:00,1.35415,1.35347,1.35542,1.35505
2014-06-12 15:00:00,1.35504,1.35445,1.35654,1.35547
2014-06-12 16:00:00,1.35545,1.35419,1.3556,1.35462
2014-06-12 17:00:00,1.35461,1.3546,1.35632,1.35559
2014-06-12 18:00:00,1.35561,1.35549,1.35715,1.35639
2014-06-12 19:00:00,1.35639,1.35614,1.35676,1.35636
2014-06-12 20:00:00,1.35638,1.35465,1.35709,1.35493
2014-06-12 21:00:00,1.35506,1.35477,1.35535,1.35485
2014-06-12 22:00:00,1.35486,1.35467,1.35504,1.35501
2014-06-12 23:00:00,1.355,1.3548,1.35532,1.35502
2014-06-13 00:00:00,1.355,1.35496,1.35567,1.35551
2014-06-13 01:00:00,1.35551,1.35525,1.35643,1.35597
2014-06-13 02:00:00,1.35597,1.3555,1.35601,1.3557
2014-06-13 03:00:00,1.35569,1.3554,1.35593,1.35582
2014-06-13 04:00:00,1.35583,1.35564,1.35637,1.3558
2014-06-13 05:00:00,1.35579,1.35541,1.35609,1.35597
2014-06-13 06:00:00,1.35598,1.35563,1.35735,1.35691
2014-06-13 07:00:00,1.35694,1.35661,1.35748,1.35738
2014-06-13 08:00:00,1.35739,1.35696,1.35783,1.35703
2014-06-13 09:00:00,1.35705,1.3566,1.35748,1.35707
2014-06-13 10:00:00,1.35708,1.35389,1.35721,1.35407
2014-06-13 11:00:00,1.35409,1.35286,1.35409,1.35357
2014-06-13 12:00:00,1.35359,1.35301,1.3544,1.35424
2014-06-13 13:00:00,1.35425,1.35354,1.35456,1.35396
2014-06-13 14:00:00,1.35396,1.35249,1.35445,1.35279
2014-06-13 15:00:00,1.35278,1.35207,1.35373,1.35216
2014-06-13 16:00:00,1.35219,1.35206,1.35337,1.35308
2014-06-13 17:00:00,1.3531,1.35301,1.35367,1.35338
2014-06-13 18:00:00,1.35339,1.3531,1.35357,1.35331
2014-06-13 19:00:00,1.35329,1.35324,1.35411,1.35386
2014-06-13 20:00:00,1.35385,1.353,1.35412,1.35383
2014-06-15 21:00:00,1.35384,1.35336,1.35395,1.35369
2014-06-15 22:00:00,1.35369,1.35302,1.35376,1.35303
2014-06-15 23:00:00,1.35303,1.353,1.35355,1.35353
2014-06-16 00:00:00,1.35355,1.35353,1.35438,1.35417
2014-06-16 01:00:00,1.35415,1.35338,1.35436,1.35363
2014-06-16 02:00:00,1.35365,1.35362,1.35392,1.35386
2014-06-16 03:00:00,1.35387,1.35383,1.35415,1.35411
2014-06-16 04:00:00,1.35412,1.35395,1.35436,1.35431
2014-06-16 05:00:00,1.35432,1.35398,1.35463,1.35463
2014-06-16 06:00:00,1.35461,1.35368,1.35518,1.35385
2014-06-16 07:00:00,1.35387,1.35125,1.35393,1.35258
2014-06-16 08:00:00,1.35259,1.35206,1.35275,1.35248
2014-06-16 09:00:00,1.35251,1.3524,1.35341,1.35298
2014-06-16 10:00:00,1.35298,1.3526,1.35426,1.3541
2014-06-16 11:00:00,1.35413,1.35335,1.35439,1.3535
2014-06-16 12:00:00,1.35347,1.35292,1.3564,1.35539
2014-06-16 13:00:00,1.35538,1.35501,1.35634,1.35601
2014-06-16 14:00:00,1.35602,1.35584,1.35715,1.35706
2014-06-16 15:00:00,1.35706,1.35668,1.3579,1.35765
2014-06-16 16:00:00,1.35766,1.35654,1.35766,1.35695
2014-06-16 17:00:00,1.35693,1.35659,1.35718,1.35665
2014-06-16 18:00:00,1.35665,1.35663,1.35698,1.35667
2014-06-16 19:00:00,1.35665,1.35646,1.35728,1.35698
2014-06-16 20:00:00,1.35701,1.35695,1.35732,1.3573
2014-06-16 21:00:00,1.35714,1.35706,1.35735,1.3572
2014-06-16 22:00:00,1.35719,1.3571,1.35738,1.3573
2014-06-16 23:00:00,1.35732,1.35711,1.35769,1.35753
2014-06-17 00:00:00,1.35753,1.35738,1.35867,1.35766
2014-06-17 01:00:00,1.35764,1.35576,1.35778,1.35598
2014-06-17 02:00:00,1.35601,1.3559,1.35651,1.35626
2014-06-17 03:00:00,1.35627,1.35616,1.35661,1.35618
2014-06-17 04:00:00,1.35614,1.3556,1.35642,1.35588
2014-06-17 05:00:00,1.35587,1.35572,1.35621,1.35613
2014-06-17 06:00:00,1.35611,1.35597,1.35667,1.35626
2014-06-17 07:00:00,1.35623,1.35525,1.35665,1.35595
2014-06-17 08:00:00,1.35594,1.35556,1.35784,1.35744
2014-06-17 09:00:00,1.35742,1.3557,1.35778,1.35623
2014-06-17 10:00:00,1.35621,1.35589,1.35701,1.35649
2014-06-17 11:00:00,1.35649,1.35634,1.35698,1.3566
2014-06-17 12:00:00,1.35662,1.35364,1.35705,1.35414
2014-06-17 13:00:00,1.35412,1.35368,1.35501,1.3543
2014-06-17 14:00:00,1.3543,1.35358,1.35474,1.35435
2014-06-17 15:00:00,1.35436,1.35392,1.35458,1.35423
2014-06-17 16:00:00,1.35422,1.35406,1.35454,1.35441
2014-06-17 17:00:00,1.35439,1.35381,1.35486,1.35396
2014-06-17 18:00:00,1.35395,1.3539,1.35427,1.35416
2014-06-17 19:00:00,1.35418,1.35414,1.35441,1.35417
2014-06-17 20:00:00,1.35416,1.35414,1.35467,1.35446
2014-06-17 21:00:00,1.35438,1.35438,1.35464,1.35454
2014-06-17 22:00:00,1.35453,1.35444,1.35475,1.3546
2014-06-17 23:00:00,1.35458,1.35447,1.35484,1.35482
2014-06-18 00:00:00,1.35484,1.35459,1.35496,1.35467
2014-06-18 01:00:00,1.35468,1.3546,1.35487,1.35469
2014-06-18 02:00:00,1.35471,1.35463,1.35477,1.35469
2014-06-18 03:00:00,1.35467,1.35438,1.35471,1.3545
2014-06-18 04:00:00,1.35451,1.35425,1.35465,1.35431
2014-06-18 05:00:00,1.3543,1.35421,1.35473,1.35442
2014-06-18 06:00:00,1.3544,1.35412,1.35454,1.35425
2014-06-18 07:00:00,1.35424,1.35412,1.35561,1.35464
2014-06-18 08:00:00,1.35464,1.35453,1.35563,1.35535
2014-06-18 09:00:00,1.35534,1.35526,1.35645,1.35572
2014-06-18 10:00:00,1.3557,1.35555,1.35702,1.35659
2014-06-18 11:00:00,1.3566,1.35615,1.35696,1.3562
2014-06-18 12:00:00,1.35623,1.35611,1.35706,1.35688
2014-06-18 13:00:00,1.35689,1.35652,1.35762,1.35747
2014-06-18 14:00:00,1.35745,1.35706,1.35834,1.35714
2014-06-18 15:00:00,1.35714,1.3564,1.35732,1.35661
2014-06-18 16:00:00,1.3566,1.35651,1.35747,1.35741
2014-06-18 17:00:00,1.35738,1.3569,1.35788,1.35742
2014-06-18 18:00:00,1.35736,1.35452,1.35984,1.35585
2014-06-18 19:00:00,1.35582,1.35522,1.35939,1.3584
2014-06-18 20:00:00,1.35843,1.35824,1.35948,1.35938
2014-06-18 21:00:00,1.35897,1.35864,1.35928,1.35869
2014-06-18 22:00:00,1.35868,1.35838,1.3589,1.35864
2014-06-18 23:00:00,1.35866,1.35836,1.35893,1.35891
2014-06-19 00:00:00,1.35892,1.3586,1.35959,1.35882
2014-06-19 01:00:00,1.35879,1.3585,1.35904,1.3585
2014-06-19 02:00:00,1.35848,1.35843,1.35918,1.35915
2014-06-19 03:00:00,1.35917,1.35891,1.3592,1.359
2014-06-19 04:00:00,1.35899,1.35879,1.35938,1.35936
2014-06-19 05:00:00,1.35934,1.35874,1.35936,1.35879
2014-06-19 06:00:00,1.35877,1.35874,1.36273,1.36246
2014-06-19 07:00:00,1.36247,1.36121,1.36253,1.36164
2014-06-19 08:00:00,1.36163,1.36162,1.3643,1.36376
2014-06-19 09:00:00,1.36375,1.36311,1.36426,1.3635
2014-06-19 10:00:00,1.3635,1.36217,1.36366,1.36243
2014-06-19 11:00:00,1.36244,1.36165,1.36305,1.36169
2014-06-19 12:00:00,1.36169,1.36161,1.36269,1.36216
2014-06-19 13:00:00,1.36216,1.36215,1.36352,1.36328
2014-06-19 14:00:00,1.36326,1.3626,1.36398,1.36311
2014-06-19 15:00:00,1.36311,1.3615,1.36345,1.36185
2014-06-19 16:00:00,1.36186,1.36107,1.36223,1.36202
2014-06-19 17:00:00,1.36203,1.36027,1.36215,1.36054
2014-06-19 18:00:00,1.36056,1.36039,1.36092,1.36076
2014-06-19 19:00:00,1.36078,1.36013,1.36078,1.36028
2014-06-19 20:00:00,1.36028,1.36022,1.36091,1.36065
2014-06-19 21:00:00,1.36046,1.36026,1.36079,1.36055
2014-06-19 22:00:00,1.36057,1.36049,1.3608,1.3608
2014-06-19 23:00:00,1.3608,1.36078,1.36115,1.36096
2014-06-20 00:00:00,1.36093,1.36058,1.36159,1.36128
2014-06-20 01:00:00,1.36129,1.36117,1.36183,1.36174
2014-06-20 02:00:00,1.36173,1.36152,1.36191,1.36152
2014-06-20 03:00:00,1.36153,1.36149,1.36214,1.36204
2014-06-20 04:00:00,1.36202,1.36202,1.36248,1.36247
2014-06-20 05:00:00,1.36247,1.36246,1.36332,1.36261
2014-06-20 06:00:00,1.36262,1.36168,1.36262,1.36203
2014-06-20 07:00:00,1.36203,1.36056,1.36204,1.36093
2014-06-20 08:00:00,1.36094,1.36051,1.36128,1.36105
2014-06-20 09:00:00,1.36105,1.36015,1.36113,1.36023
2014-06-20 10:00:00,1.36022,1.35924,1.36051,1.35924
2014-06-20 11:00:00,1.35921,1.35833,1.35937,1.35928
2014-06-20 12:00:00,1.35926,1.35688,1.35952,1.35732
2014-06-20 13:00:00,1.35733,1.35638,1.35834,1.3582
2014-06-20 14:00:00,1.3582,1.35714,1.35859,1.35754
2014-06-20 15:00:00,1.35754,1.3573,1.35895,1.35848
2014-06-20 16:00:00,1.35846,1.35828,1.35894,1.35837
2014-06-20 17:00:00,1.35837,1.3582,1.35901,1.35899
2014-06-20 18:00:00,1.35899,1.35885,1.35955,1.35924
2014-06-20 19:00:00,1.35927,1.35919,1.35979,1.35969
2014-06-20 20:00:00,1.35968,1.35962,1.35999,1.3598
2014-06-22 21:00:00,1.35869,1.35824,1.3595,1.35926
2014-06-22 22:00:00,1.35928,1.35918,1.35953,1.35936
2014-06-22 23:00:00,1.35936,1.35903,1.35959,1.35908
2014-06-23 00:00:00,1.35905,1.35864,1.35938,1.3589
2014-06-23 01:00:00,1.3589,1.35876,1.35961,1.35937
2014-06-23 02:00:00,1.35934,1.35927,1.36094,1.36066
2014-06-23 03:00:00,1.36063,1.36018,1.36074,1.36032
2014-06-23 04:00:00,1.36031,1.36031,1.36095,1.36077
2014-06-23 05:00:00,1.36079,1.36054,1.36128,1.36071
2014-06-23 06:00:00,1.3607,1.36047,1.3613,1.36084
2014-06-23 07:00:00,1.36085,1.35883,1.36085,1.35897
2014-06-23 08:00:00,1.35898,1.35788,1.3593,1.35801
2014-06-23 09:00:00,1.35802,1.35734,1.35842,1.35767
2014-06-23 10:00:00,1.35766,1.35743,1.35863,1.35854
2014-06-23 11:00:00,1.35855,1.35807,1.35945,1.35924
2014-06-23 12:00:00,1.35922,1.35915,1.36023,1.35978
2014-06-23 13:00:00,1.35981,1.35818,1.35983,1.35868
2014-06-23 14:00:00,1.35866,1.35805,1.35956,1.35919
2014-06-23 15:00:00,1.35919,1.35882,1.35952,1.35922
2014-06-23 16:00:00,1.35922,1.35877,1.35959,1.35958
2014-06-23 17:00:00,1.35955,1.35947,1.36036,1.3603
2014-06-23 18:00:00,1.36029,1.36002,1.36039,1.36034
2014-06-23 19:00:00,1.36034,1.36006,1.36046,1.36013
2014-06-23 20:00:00,1.36014,1.36004,1.36032,1.36028
2014-06-23 21:00:00,1.36031,1.36009,1.36035,1.36029
2014-06-23 22:00:00,1.36028,1.36004,1.36032,1.36016
2014-06-23 23:00:00,1.36013,1.35995,1.36027,1.35997
2014-06-24 00:00:00,1.35998,1.35986,1.36018,1.36006
2014-06-24 01:00:00,1.36005,1.35958,1.36007,1.3598
2014-06-24 02:00:00,1.35979,1.35919,1.35986,1.35925
2014-06-24 03:00:00,1.35924,1.35923,1.35966,1.35954
2014-06-24 04:00:00,1.35954,1.35942,1.35968,1.35953
2014-06-24 05:00:00,1.3595,1.35924,1.35967,1.35942
2014-06-24 06:00:00,1.3594,1.35936,1.36113,1.36103
2014-06-24 07:00:00,1.36102,1.36016,1.36119,1.36043
2014-06-24 08:00:00,1.36049,1.35934,1.36236,1.36222
2014-06-24 09:00:00,1.36223,1.36156,1.36252,1.36201
2014-06-24 10:00:00,1.36201,1.36156,1.36271,1.36212
2014-06-24 11:00:00,1.36212,1.36185,1.36271,1.36222
2014-06-24 12:00:00,1.36221,1.36129,1.3623,1.36168
2014-06-24 13:00:00,1.36169,1.36132,1.36215,1.36159
2014-06-24 14:00:00,1.36157,1.35941,1.36157,1.35952
2014-06-24 15:00:00,1.35953,1.3583,1.35969,1.35873
2014-06-24 16:00:00,1.35872,1.35852,1.35898,1.35861
2014-06-24 17:00:00,1.35861,1.35861,1.36195,1.361
2014-06-24 18:00:00,1.36101,1.35987,1.36128,1.36015
2014-06-24 19:00:00,1.36013,1.35993,1.3604,1.36038
2014-06-24 20:00:00,1.36036,1.3603,1.36075,1.36036
2014-06-24 21:00:00,1.36052,1.36006,1.36073,1.36021
2014-06-24 22:00:00,1.36021,1.36018,1.36044,1.36038
2014-06-24 23:00:00,1.36038,1.36021,1.36059,1.36052
2014-06-25 00:00:00,1.36053,1.36021,1.36055,1.36039
2014-06-25 01:00:00,1.36038,1.36012,1.36063,1.36022
2014-06-25 02:00:00,1.36025,1.36018,1.36036,1.36023
2014-06-25 03:00:00,1.36023,1.36023,1.36067,1.36065
2014-06-25 04:00:00,1.36064,1.36031,1.36081,1.36071
2014-06-25 05:00:00,1.36069,1.36044,1.36101,1.36068
2014-06-25 06:00:00,1.36066,1.36059,1.36188,1.36165
2014-06-25 07:00:00,1.36164,1.36102,1.36166,1.36112
2014-06-25 08:00:00,1.36111,1.36046,1.36139,1.36088
2014-06-25 09:00:00,1.36088,1.36007,1.36098,1.3603
2014-06-25 10:00:00,1.36029,1.36,1.36059,1.36026
2014-06-25 11:00:00,1.36029,1.36001,1.36107,1.36103
2014-06-25 12:00:00,1.36104,1.36102,1.36504,1.36416
2014-06-25 13:00:00,1.36418,1.36319,1.3646,1.36344
2014-06-25 14:00:00,1.36345,1.3632,1.36452,1.36335
2014-06-25 15:00:00,1.36336,1.36306,1.36379,1.36362
2014-06-25 16:00:00,1.36365,1.36341,1.36411,1.36375
2014-06-25 17:00:00,1.36377,1.36329,1.36388,1.36352
2014-06-25 18:00:00,1.36349,1.36259,1.3637,1.36284
2014-06-25 19:00:00,1.36284,1.36261,1.36311,1.36284
2014-06-25 20:00:00,1.36284,1.36258,1.36313,1.36268
2014-06-25 21:00:00,1.36281,1.36251,1.36305,1.36298
2014-06-25 22:00:00,1.36297,1.36277,1.3632,1.3631
2014-06-25 23:00:00,1.3631,1.36266,1.36313,1.36275
2014-06-26 00:00:00,1.36276,1.36267,1.36327,1.36318
2014-06-26 01:00:00,1.36318,1.36291,1.36343,1.36293
2014-06-26 02:00:00,1.36293,1.36293,1.36341,1.36338
2014-06-26 03:00:00,1.36337,1.36321,1.36359,1.36329
2014-06-26 04:00:00,1.36331,1.36312,1.36338,1.36318
2014-06-26 05:00:00,1.36318,1.36311,1.36376,1.36376
2014-06-26 06:00:00,1.36374,1.36324,1.36409,1.3635
2014-06-26 07:00:00,1.3635,1.36219,1.36352,1.3623
2014-06-26 08:00:00,1.36228,1.36123,1.3625,1.36232
2014-06-26 09:00:00,1.36233,1.36106,1.36233,1.36138
2014-06-26 10:00:00,1.3614,1.36124,1.36193,1.36125
2014-06-26 11:00:00,1.36127,1.36057,1.36153,1.36083
2014-06-26 12:00:00,1.36084,1.35949,1.3613,1.3597
2014-06-26 13:00:00,1.35972,1.35754,1.36036,1.35869
2014-06-26 14:00:00,1.35871,1.35821,1.35959,1.35884
2014-06-26 15:00:00,1.35884,1.35873,1.36175,1.36094
2014-06-26 16:00:00,1.36093,1.36069,1.36159,1.36118
2014-06-26 17:00:00,1.36118,1.36093,1.36146,1.36111
2014-06-26 18:00:00,1.36113,1.3607,1.36138,1.36072
2014-06-26 19:00:00,1.36072,1.36065,1.36092,1.36091
2014-06-26 20:00:00,1.36092,1.36082,1.36136,1.36094
2014-06-26 21:00:00,1.36085,1.36073,1.36121,1.36118
2014-06-26 22:00:00,1.36117,1.36101,1.36133,1.36133
2014-06-26 23:00:00,1.36133,1.36107,1.36133,1.36111
2014-06-27 00:00:00,1.36109,1.36099,1.36186,1.36179
2014-06-27 01:00:00,1.36182,1.36161,1.36208,1.36162
2014-06-27 02:00:00,1.36163,1.36163,1.36233,1.36224
2014-06-27 03:00:00,1.36223,1.36215,1.36284,1.36259
2014-06-27 04:00:00,1.36257,1.36234,1.36281,1.36256
2014-06-27 05:00:00,1.36254,1.36241,1.36278,1.36241
2014-06-27 06:00:00,1.36242,1.36228,1.36341,1.36329
2014-06-27 07:00:00,1.36326,1.36133,1.36332,1.36225
2014-06-27 08:00:00,1.3622,1.36167,1.36263,1.36203
2014-06-27 09:00:00,1.36205,1.36095,1.36221,1.36116
2014-06-27 10:00:00,1.36117,1.36097,1.36169,1.36107
2014-06-27 11:00:00,1.36107,1.36095,1.36201,1.36151
2014-06-27 12:00:00,1.36151,1.36133,1.36301,1.36233
2014-06-27 13:00:00,1.36233,1.36226,1.36309,1.36292
2014-06-27 14:00:00,1.36294,1.36278,1.36422,1.36404
2014-06-27 15:00:00,1.36402,1.36268,1.36402,1.36301
2014-06-27 16:00:00,1.36303,1.36292,1.36447,1.36404
2014-06-27 17:00:00,1.36403,1.3638,1.36439,1.36434
2014-06-27 18:00:00,1.36435,1.36423,1.36473,1.36444
2014-06-27 19:00:00,1.36444,1.36443,1.36487,1.36471
2014-06-27 20:00:00,1.3647,1.36446,1.36501,1.36452
2014-06-29 21:00:00,1.36414,1.36385,1.36464,1.36438
2014-06-29 22:00:00,1.36435,1.36433,1.36466,1.3645
2014-06-29 23:00:00,1.36452,1.36419,1.36459,1.36429
2014-06-30 00:00:00,1.36428,1.36404,1.36465,1.36441
2014-06-30 01:00:00,1.36439,1.36427,1.36468,1.36453
2014-06-30 02:00:00,1.36452,1.36432,1.36469,1.36439
2014-06-30 03:00:00,1.3644,1.36423,1.36452,1.36441
2014-06-30 04:00:00,1.36441,1.36425,1.36452,1.36448
2014-06-30 05:00:00,1.36448,1.36401,1.3645,1.36403
2014-06-30 06:00:00,1.36402,1.36399,1.36537,1.36405
2014-06-30 07:00:00,1.36404,1.36403,1.36591,1.36509
2014-06-30 08:00:00,1.36508,1.36489,1.36562,1.36535
2014-06-30 09:00:00,1.36535,1.36494,1.36622,1.36526
2014-06-30 10:00:00,1.36526,1.36484,1.36565,1.36501
2014-06-30 11:00:00,1.36502,1.36497,1.36586,1.36559
2014-06-30 12:00:00,1.36557,1.36456,1.36615,1.36584
2014-06-30 13:00:00,1.36587,1.36542,1.36646,1.3663
2014-06-30 14:00:00,1.36629,1.36562,1.36915,1.36905
2014-06-30 15:00:00,1.36906,1.36845,1.36974,1.36895
2014-06-30 16:00:00,1.36892,1.3686,1.36909,1.36899
2014-06-30 17:00:00,1.36897,1.36889,1.36937,1.36915
2014-06-30 18:00:00,1.36915,1.36906,1.36949,1.36944
2014-06-30 19:00:00,1.36943,1.36906,1.36948,1.36924
2014-06-30 20:00:00,1.36925,1.36903,1.36941,1.36905
2014-06-30 21:00:00,1.36906,1.36896,1.36939,1.36925
2014-06-30 22:00:00,1.36924,1.36904,1.36945,1.3691
2014-06-30 23:00:00,1.36911,1.36902,1.36924,1.3691
2014-07-01 00:00:00,1.3691,1.36881,1.36932,1.36932
2014-07-01 01:00:00,1.3693,1.36887,1.36934,1.36922
2014-07-01 02:00:00,1.36924,1.36867,1.36927,1.36887
2014-07-01 03:00:00,1.36888,1.36856,1.36889,1.36867
2014-07-01 04:00:00,1.36868,1.36833,1.36894,1.36851
2014-07-01 05:00:00,1.36853,1.36815,1.36857,1.3684
2014-07-01 06:00:00,1.3684,1.3678,1.36846,1.36821
2014-07-01 07:00:00,1.36819,1.36812,1.36934,1.36915
2014-07-01 08:00:00,1.36913,1.3684,1.36924,1.36888
2014-07-01 09:00:00,1.36889,1.36778,1.36967,1.36933
2014-07-01 10:00:00,1.36936,1.36863,1.36962,1.36882
2014-07-01 11:00:00,1.36884,1.36826,1.36933,1.3687
2014-07-01 12:00:00,1.36869,1.36812,1.36892,1.36836
2014-07-01 13:00:00,1.36834,1.36814,1.36892,1.36829
2014-07-01 14:00:00,1.3683,1.3675,1.37,1.36797
2014-07-01 15:00:00,1.36797,1.36785,1.36875,1.36799
2014-07-01 16:00:00,1.368,1.36794,1.36927,1.36906
2014-07-01 17:00:00,1.36905,1.36814,1.36925,1.36824
2014-07-01 18:00:00,1.36825,1.3678,1.36844,1.36791
2014-07-01 19:00:00,1.36793,1.3676,1.36801,1.36779
2014-07-01 20:00:00,1.3678,1.36765,1.36805,1.36765
2014-07-01 21:00:00,1.36781,1.36766,1.36797,1.36783
2014-07-01 22:00:00,1.36785,1.36781,1.36793,1.3679
2014-07-01 23:00:00,1.36792,1.36789,1.36819,1.36799
2014-07-02 00:00:00,1.36798,1.36776,1.36806,1.36777
2014-07-02 01:00:00,1.36778,1.36747,1.36795,1.36765
2014-07-02 02:00:00,1.36765,1.36758,1.36782,1.36775
2014-07-02 03:00:00,1.36773,1.36763,1.36787,1.36764
2014-07-02 04:00:00,1.36763,1.36687,1.36765,1.36715
2014-07-02 05:00:00,1.36716,1.36668,1.36737,1.36693
2014-07-02 06:00:00,1.36693,1.36692,1.36807,1.36777
2014-07-02 07:00:00,1.36777,1.36681,1.36792,1.3671
2014-07-02 08:00:00,1.36708,1.36546,1.36712,1.36555
2014-07-02 09:00:00,1.36554,1.36552,1.36644,1.36603
2014-07-02 10:00:00,1.36603,1.36597,1.36656,1.36626
2014-07-02 11:00:00,1.36628,1.36608,1.36674,1.36667
2014-07-02 12:00:00,1.36669,1.36338,1.36692,1.36474
2014-07-02 13:00:00,1.36473,1.3643,1.36544,1.36525
2014-07-02 14:00:00,1.3652,1.3649,1.36596,1.36538
2014-07-02 15:00:00,1.36537,1.36485,1.36575,1.36554
2014-07-02 16:00:00,1.36556,1.36468,1.3656,1.36513
2014-07-02 17:00:00,1.36514,1.36507,1.36552,1.36543
2014-07-02 18:00:00,1.36542,1.36535,1.36569,1.3655
2014-07-02 19:00:00,1.3655,1.36533,1.36565,1.36541
2014-07-02 20:00:00,1.3654,1.36536,1.36588,1.36574
2014-07-02 21:00:00,1.36559,1.36551,1.36586,1.36564
2014-07-02 22:00:00,1.36564,1.36549,1.36578,1.36557
2014-07-02 23:00:00,1.36557,1.36515,1.36569,1.36527
2014-07-03 00:00:00,1.36526,1.36519,1.36559,1.36538
2014-07-03 01:00:00,1.36541,1.36492,1.36547,1.36547
2014-07-03 02:00:00,1.36546,1.36491,1.36548,1.36504
2014-07-03 03:00:00,1.36505,1.36468,1.36516,1.3648
2014-07-03 04:00:00,1.36482,1.36471,1.36503,1.3649
2014-07-03 05:00:00,1.36491,1.36472,1.36527,1.36478
2014-07-03 06:00:00,1.36479,1.36449,1.36583,1.36555
2014-07-03 07:00:00,1.36553,1.36541,1.36637,1.36612
2014-07-03 08:00:00,1.36611,1.36511,1.36615,1.36533
2014-07-03 09:00:00,1.36532,1.36502,1.36567,1.36517
2014-07-03 10:00:00,1.36514,1.36476,1.36542,1.36508
2014-07-03 11:00:00,1.36508,1.36484,1.36532,1.36508
2014-07-03 12:00:00,1.36507,1.36017,1.36525,1.36017
2014-07-03 13:00:00,1.36016,1.35958,1.36176,1.36024
2014-07-03 14:00:00,1.36024,1.36006,1.36202,1.36094
2014-07-03 15:00:00,1.36093,1.36021,1.36122,1.36086
2014-07-03 16:00:00,1.36088,1.36019,1.36106,1.36021
2014-07-03 17:00:00,1.36022,1.36019,1.36099,1.36083
2014-07-03 18:00:00,1.36083,1.36056,1.36101,1.36089
2014-07-03 19:00:00,1.36088,1.36062,1.36115,1.36071
2014-07-03 20:00:00,1.36069,1.36069,1.36107,1.3608
2014-07-03 21:00:00,1.36083,1.36067,1.36096,1.36079
2014-07-03 22:00:00,1.36077,1.36076,1.36092,1.3609
2014-07-03 23:00:00,1.36089,1.36075,1.36094,1.36083
2014-07-04 00:00:00,1.36082,1.36034,1.36082,1.36052
2014-07-04 01:00:00,1.36054,1.36009,1.36063,1.3606
2014-07-04 02:00:00,1.36061,1.36043,1.36087,1.36086
2014-07-04 03:00:00,1.36086,1.36077,1.36107,1.36083
2014-07-04 04:00:00,1.36085,1.36048,1.36087,1.36083
2014-07-04 05:00:00,1.36082,1.36038,1.361,1.36039
2014-07-04 06:00:00,1.3604,1.35978,1.36044,1.36012
2014-07-04 07:00:00,1.36013,1.35892,1.3604,1.35907
2014-07-04 08:00:00,1.35906,1.35855,1.35911,1.35864
2014-07-04 09:00:00,1.35862,1.3586,1.3593,1.3588
2014-07-04 10:00:00,1.35879,1.35876,1.35908,1.3588
2014-07-04 11:00:00,1.35881,1.35869,1.35945,1.359
2014-07-04 12:00:00,1.35901,1.3585,1.35914,1.35856
2014-07-04 13:00:00,1.35857,1.35851,1.35905,1.35883
2014-07-04 14:00:00,1.35882,1.35862,1.35894,1.35877
2014-07-04 15:00:00,1.3588,1.35878,1.36016,1.35978
2014-07-04 16:00:00,1.35979,1.35928,1.35996,1.3593
2014-07-04 17:00:00,1.35932,1.35908,1.35968,1.35934
2014-07-04 18:00:00,1.35934,1.35909,1.35934,1.35919
2014-07-04 19:00:00,1.3592,1.35918,1.35934,1.35929
2014-07-04 20:00:00,1.35929,1.35894,1.35944,1.35923
2014-07-06 21:00:00,1.35933,1.35884,1.35956,1.35926
2014-07-06 22:00:00,1.35923,1.35868,1.35941,1.35877
2014-07-06 23:00:00,1.35876,1.35834,1.35895,1.35874
2014-07-07 00:00:00,1.35877,1.35811,1.35894,1.35821
2014-07-07 01:00:00,1.3582,1.35806,1.35843,1.35829
2014-07-07 02:00:00,1.3583,1.35828,1.35869,1.35839
2014-07-07 03:00:00,1.35839,1.35834,1.35854,1.35836
2014-07-07 04:00:00,1.35834,1.35804,1.35854,1.35828
2014-07-07 05:00:00,1.35825,1.35806,1.35854,1.35826
2014-07-07 06:00:00,1.35824,1.35754,1.35824,1.35784
2014-07-07 07:00:00,1.35785,1.35784,1.35881,1.35851
2014-07-07 08:00:00,1.35851,1.35849,1.3601,1.35981
2014-07-07 09:00:00,1.3598,1.35941,1.3598,1.35952
2014-07-07 10:00:00,1.3595,1.35857,1.35965,1.35965
2014-07-07 11:00:00,1.35962,1.35938,1.36001,1.35954
2014-07-07 12:00:00,1.35954,1.35909,1.35997,1.35924
2014-07-07 13:00:00,1.35923,1.35915,1.36003,1.35952
2014-07-07 14:00:00,1.35951,1.35924,1.36003,1.35954
2014-07-07 15:00:00,1.35954,1.35943,1.36054,1.36024
2014-07-07 16:00:00,1.36022,1.36015,1.36084,1.36049
2014-07-07 17:00:00,1.3605,1.36027,1.36087,1.36052
2014-07-07 18:00:00,1.3605,1.36027,1.36078,1.36073
2014-07-07 19:00:00,1.3607,1.36047,1.36081,1.36065
2014-07-07 20:00:00,1.36067,1.36025,1.36069,1.3603
2014-07-07 21:00:00,1.36039,1.36022,1.36053,1.3605
2014-07-07 22:00:00,1.36051,1.36047,1.36063,1.36059
2014-07-07 23:00:00,1.36058,1.36052,1.36082,1.36054
2014-07-08 00:00:00,1.36056,1.36053,1.36091,1.3606
2014-07-08 01:00:00,1.36061,1.36038,1.36084,1.36062
2014-07-08 02:00:00,1.36063,1.36033,1.36063,1.36033
2014-07-08 03:00:00,1.36032,1.36023,1.36053,1.36026
2014-07-08 04:00:00,1.36024,1.36022,1.36049,1.36032
2014-07-08 05:00:00,1.36029,1.36001,1.3605,1.36002
2014-07-08 06:00:00,1.36002,1.35926,1.36035,1.35939
2014-07-08 07:00:00,1.35941,1.35877,1.35986,1.35905
2014-07-08 08:00:00,1.35908,1.35883,1.36043,1.36003
2014-07-08 09:00:00,1.36003,1.35928,1.36009,1.35928
2014-07-08 10:00:00,1.35926,1.359,1.35955,1.35934
2014-07-08 11:00:00,1.35932,1.35926,1.35973,1.35944
2014-07-08 12:00:00,1.35943,1.35889,1.35974,1.35973
2014-07-08 13:00:00,1.35971,1.35943,1.36169,1.36121
2014-07-08 14:00:00,1.3612,1.36081,1.3617,1.36138
2014-07-08 15:00:00,1.36136,1.36101,1.36151,1.36138
2014-07-08 16:00:00,1.36136,1.3606,1.36158,1.36063
2014-07-08 17:00:00,1.36066,1.36066,1.36128,1.36114
2014-07-08 18:00:00,1.36112,1.36103,1.36129,1.36104
2014-07-08 19:00:00,1.36102,1.36092,1.36122,1.36118
2014-07-08 20:00:00,1.36117,1.36084,1.36119,1.36101
2014-07-08 21:00:00,1.36082,1.36082,1.36138,1.3611
2014-07-08 22:00:00,1.36109,1.36101,1.36128,1.3612
2014-07-08 23:00:00,1.36121,1.36107,1.36165,1.36163
2014-07-09 00:00:00,1.36164,1.36127,1.36222,1.36155
2014-07-09 01:00:00,1.36155,1.36121,1.36158,1.36132
2014-07-09 02:00:00,1.36134,1.36101,1.36138,1.36105
2014-07-09 03:00:00,1.36105,1.36103,1.36147,1.36113
2014-07-09 04:00:00,1.36113,1.3611,1.36197,1.36172
2014-07-09 05:00:00,1.36174,1.36139,1.36186,1.36164
2014-07-09 06:00:00,1.36165,1.36156,1.363,1.36172
2014-07-09 07:00:00,1.36173,1.36123,1.36217,1.36141
2014-07-09 08:00:00,1.36139,1.36096,1.36169,1.36126
2014-07-09 09:00:00,1.36127,1.36085,1.36142,1.36124
2014-07-09 10:00:00,1.36126,1.361,1.36137,1.36114
2014-07-09 11:00:00,1.36116,1.36018,1.36122,1.36043
2014-07-09 12:00:00,1.36045,1.36022,1.36088,1.36042
2014-07-09 13:00:00,1.36043,1.36036,1.36175,1.36167
2014-07-09 14:00:00,1.36166,1.36166,1.36423,1.36391
2014-07-09 15:00:00,1.36393,1.36288,1.36402,1.36291
2014-07-09 16:00:00,1.36291,1.36247,1.36313,1.36263
2014-07-09 17:00:00,1.36263,1.36195,1.36264,1.3621
2014-07-09 18:00:00,1.36211,1.36105,1.36478,1.36454
2014-07-09 19:00:00,1.36453,1.36397,1.36472,1.36412
2014-07-09 20:00:00,1.36411,1.36388,1.36416,1.36393
2014-07-09 21:00:00,1.36385,1.36385,1.36417,1.36398
2014-07-09 22:00:00,1.36397,1.36386,1.3641,1.3639
2014-07-09 23:00:00,1.36391,1.36391,1.36432,1.3643
2014-07-10 00:00:00,1.36428,1.36419,1.36481,1.36452
2014-07-10 01:00:00,1.36451,1.36442,1.36487,1.36467
2014-07-10 02:00:00,1.36466,1.36418,1.36485,1.36475
2014-07-10 03:00:00,1.36475,1.36435,1.36475,1.36447
2014-07-10 04:00:00,1.36449,1.36442,1.36468,1.36463
2014-07-10 05:00:00,1.36463,1.36433,1.36473,1.36453
2014-07-10 06:00:00,1.36451,1.36327,1.36503,1.36334
2014-07-10 07:00:00,1.36333,1.36317,1.36379,1.36333
2014-07-10 08:00:00,1.36332,1.36302,1.36359,1.36335
2014-07-10 09:00:00,1.36335,1.36228,1.36373,1.36239
2014-07-10 10:00:00,1.36238,1.36138,1.36264,1.36141
2014-07-10 11:00:00,1.36139,1.36022,1.36182,1.36054
2014-07-10 12:00:00,1.36053,1.36013,1.36149,1.36114
2014-07-10 13:00:00,1.36114,1.36013,1.36132,1.36013
2014-07-10 14:00:00,1.36016,1.35887,1.36017,1.35998
2014-07-10 15:00:00,1.35998,1.35978,1.36055,1.35997
2014-07-10 16:00:00,1.35996,1.35897,1.36003,1.3597
2014-07-10 17:00:00,1.35969,1.35959,1.36029,1.35999
2014-07-10 18:00:00,1.36,1.35936,1.3604,1.36027
2014-07-10 19:00:00,1.3603,1.35998,1.36086,1.36077
2014-07-10 20:00:00,1.36077,1.36063,1.36097,1.36073
2014-07-10 21:00:00,1.36066,1.36051,1.36083,1.36058
2014-07-10 22:00:00,1.36059,1.36049,1.36085,1.36063
2014-07-10 23:00:00,1.3606,1.36,1.3606,1.36037
2014-07-11 00:00:00,1.36038,1.35957,1.3604,1.35959
2014-07-11 01:00:00,1.35958,1.35948,1.36002,1.35967
2014-07-11 02:00:00,1.35967,1.35961,1.3603,1.36018
2014-07-11 03:00:00,1.36018,1.36014,1.36048,1.36027
2014-07-11 04:00:00,1.36025,1.35985,1.36037,1.35999
2014-07-11 05:00:00,1.35999,1.35952,1.36004,1.35986
2014-07-11 06:00:00,1.35986,1.35986,1.36054,1.36039
2014-07-11 07:00:00,1.36039,1.36012,1.3612,1.36045
2014-07-11 08:00:00,1.36045,1.36045,1.3624,1.36124
2014-07-11 09:00:00,1.36125,1.36039,1.36133,1.36039
2014-07-11 10:00:00,1.36039,1.3602,1.36093,1.36037
2014-07-11 11:00:00,1.36036,1.35998,1.36091,1.36054
2014-07-11 12:00:00,1.36055,1.35931,1.36063,1.35981
2014-07-11 13:00:00,1.35979,1.35913,1.36079,1.36052
2014-07-11 14:00:00,1.36054,1.35975,1.36083,1.35982
2014-07-11 15:00:00,1.35982,1.35953,1.36002,1.35979
2014-07-11 16:00:00,1.35977,1.35967,1.36038,1.36031
2014-07-11 17:00:00,1.36031,1.36009,1.36057,1.36046
2014-07-11 18:00:00,1.36043,1.36036,1.36088,1.36077
2014-07-11 19:00:00,1.36078,1.36061,1.36085,1.36077
2014-07-11 20:00:00,1.36079,1.36013,1.36094,1.36021
2014-07-13 21:00:00,1.35978,1.35942,1.36067,1.36045
2014-07-13 22:00:00,1.36045,1.36012,1.36063,1.3604
2014-07-13 23:00:00,1.36039,1.36009,1.36043,1.36018
2014-07-14 00:00:00,1.36017,1.35984,1.36022,1.35989
2014-07-14 01:00:00,1.35989,1.3598,1.3601,1.36003
2014-07-14 02:00:00,1.36002,1.36001,1.3604,1.36031
2014-07-14 03:00:00,1.36029,1.36014,1.36041,1.36029
2014-07-14 04:00:00,1.36029,1.36027,1.36049,1.36039
2014-07-14 05:00:00,1.3604,1.36018,1.3605,1.36035
2014-07-14 06:00:00,1.36035,1.35967,1.36109,1.36072
2014-07-14 07:00:00,1.36071,1.36042,1.36397,1.3635
2014-07-14 08:00:00,1.36352,1.36271,1.36359,1.36285
2014-07-14 09:00:00,1.36284,1.36194,1.36299,1.36209
2014-07-14 10:00:00,1.36209,1.36208,1.36291,1.36247
2014-07-14 11:00:00,1.36247,1.36228,1.36303,1.36263
2014-07-14 12:00:00,1.36264,1.36217,1.36309,1.36219
2014-07-14 13:00:00,1.36221,1.36165,1.3623,1.36177
2014-07-14 14:00:00,1.36175,1.36175,1.36273,1.36264
2014-07-14 15:00:00,1.36265,1.36192,1.36284,1.36193
2014-07-14 16:00:00,1.36191,1.36099,1.362,1.36112
2014-07-14 17:00:00,1.3611,1.36081,1.36148,1.36115
2014-07-14 18:00:00,1.36114,1.3611,1.36195,1.36177
2014-07-14 19:00:00,1.36178,1.36172,1.36212,1.36186
2014-07-14 20:00:00,1.36187,1.36171,1.36193,1.36172
2014-07-14 21:00:00,1.36175,1.36169,1.36205,1.36202
2014-07-14 22:00:00,1.362,1.36187,1.36203,1.362
2014-07-14 23:00:00,1.36199,1.36198,1.36223,1.36212
2014-07-15 00:00:00,1.36214,1.36168,1.36215,1.36192
2014-07-15 01:00:00,1.36193,1.36172,1.36259,1.36236
2014-07-15 02:00:00,1.36237,1.36127,1.36237,1.36137
2014-07-15 03:00:00,1.36139,1.36133,1.36171,1.36153
2014-07-15 04:00:00,1.36151,1.3615,1.36195,1.36193
2014-07-15 05:00:00,1.36192,1.3616,1.36193,1.36176
2014-07-15 06:00:00,1.36176,1.36047,1.36192,1.36098
2014-07-15 07:00:00,1.36098,1.36046,1.3621,1.36178
2014-07-15 08:00:00,1.36177,1.36012,1.36275,1.36036
2014-07-15 09:00:00,1.36036,1.35868,1.36043,1.35969
2014-07-15 10:00:00,1.35969,1.35927,1.3608,1.36054
2014-07-15 11:00:00,1.36053,1.36039,1.36196,1.36183
2014-07-15 12:00:00,1.36185,1.35998,1.3619,1.36046
2014-07-15 13:00:00,1.36046,1.35884,1.36073,1.35923
2014-07-15 14:00:00,1.35919,1.35615,1.36121,1.35688
2014-07-15 15:00:00,1.35687,1.3563,1.35803,1.35722
2014-07-15 16:00:00,1.35722,1.35662,1.35758,1.35671
2014-07-15 17:00:00,1.35669,1.35667,1.35708,1.35678
2014-07-15 18:00:00,1.35676,1.35659,1.35695,1.35675
2014-07-15 19:00:00,1.35676,1.35646,1.35684,1.35665
2014-07-15 20:00:00,1.35663,1.35654,1.35698,1.35661
2014-07-15 21:00:00,1.3566,1.3566,1.35715,1.35677
2014-07-15 22:00:00,1.35677,1.35661,1.35703,1.35675
2014-07-15 23:00:00,1.35675,1.35671,1.35708,1.35703
2014-07-16 00:00:00,1.35701,1.35635,1.35707,1.35688
2014-07-16 01:00:00,1.35691,1.3564,1.35695,1.35672
2014-07-16 02:00:00,1.35674,1.35628,1.35686,1.35635
2014-07-16 03:00:00,1.35634,1.35619,1.35643,1.35633
2014-07-16 04:00:00,1.35636,1.35592,1.35643,1.35599
2014-07-16 05:00:00,1.35599,1.35564,1.3562,1.35603
2014-07-16 06:00:00,1.35605,1.35576,1.35684,1.35596
2014-07-16 07:00:00,1.35597,1.35513,1.35607,1.35529
2014-07-16 08:00:00,1.35529,1.35409,1.35551,1.35425
2014-07-16 09:00:00,1.35426,1.35338,1.35436,1.35351
2014-07-16 10:00:00,1.35349,1.35301,1.35398,1.35332
2014-07-16 11:00:00,1.35332,1.35318,1.35379,1.35363
2014-07-16 12:00:00,1.35362,1.35254,1.35363,1.35273
2014-07-16 13:00:00,1.35274,1.35251,1.35349,1.35295
2014-07-16 14:00:00,1.35295,1.35275,1.35397,1.35349
2014-07-16 15:00:00,1.35347,1.35266,1.35358,1.35293
2014-07-16 16:00:00,1.35292,1.35257,1.35295,1.3528
2014-07-16 17:00:00,1.35278,1.35209,1.35289,1.35217
2014-07-16 18:00:00,1.35217,1.35213,1.35244,1.35222
2014-07-16 19:00:00,1.35223,1.35206,1.35236,1.35234
2014-07-16 20:00:00,1.35234,1.3522,1.35258,1.35236
2014-07-16 21:00:00,1.35244,1.35227,1.35257,1.35251
2014-07-16 22:00:00,1.35249,1.35231,1.35259,1.35249
2014-07-16 23:00:00,1.35248,1.35246,1.35286,1.35277
2014-07-17 00:00:00,1.35275,1.35236,1.35308,1.35277
2014-07-17 01:00:00,1.35277,1.35262,1.35319,1.35305
2014-07-17 02:00:00,1.35304,1.35279,1.35334,1.3528
2014-07-17 03:00:00,1.35282,1.35268,1.353,1.35273
2014-07-17 04:00:00,1.35272,1.35245,1.35287,1.35265
2014-07-17 05:00:00,1.35266,1.35209,1.35267,1.35216
2014-07-17 06:00:00,1.35218,1.35201,1.35275,1.35263
2014-07-17 07:00:00,1.35263,1.35246,1.35356,1.35328
2014-07-17 08:00:00,1.35329,1.35293,1.35352,1.35298
2014-07-17 09:00:00,1.35298,1.35286,1.35393,1.35315
2014-07-17 10:00:00,1.35313,1.35271,1.35328,1.35279
2014-07-17 11:00:00,1.35279,1.35245,1.35294,1.3525
2014-07-17 12:00:00,1.35252,1.3523,1.35343,1.3534
2014-07-17 13:00:00,1.35337,1.35251,1.35344,1.35275
2014-07-17 14:00:00,1.35271,1.35153,1.35295,1.35173
2014-07-17 15:00:00,1.35175,1.35173,1.35294,1.35284
2014-07-17 16:00:00,1.35283,1.35166,1.35327,1.35237
2014-07-17 17:00:00,1.35238,1.35205,1.35281,1.35239
2014-07-17 18:00:00,1.35239,1.35223,1.35276,1.35261
2014-07-17 19:00:00,1.35263,1.3525,1.35291,1.35253
2014-07-17 20:00:00,1.35252,1.35237,1.35282,1.35241
2014-07-17 21:00:00,1.35232,1.35225,1.35267,1.35258
2014-07-17 22:00:00,1.35258,1.35202,1.35261,1.35216
2014-07-17 23:00:00,1.35214,1.35122,1.35226,1.35183
2014-07-18 00:00:00,1.35182,1.35145,1.35248,1.3523
2014-07-18 01:00:00,1.3523,1.35169,1.35231,1.35204
2014-07-18 02:00:00,1.35205,1.35188,1.35274,1.35251
2014-07-18 03:00:00,1.35249,1.3524,1.3528,1.35277
2014-07-18 04:00:00,1.35275,1.35248,1.35278,1.35251
2014-07-18 05:00:00,1.3525,1.35197,1.35251,1.35214
2014-07-18 06:00:00,1.35216,1.3519,1.3527,1.35214
2014-07-18 07:00:00,1.35211,1.35207,1.3533,1.35301
2014-07-18 08:00:00,1.35303,1.35287,1.35356,1.35327
2014-07-18 09:00:00,1.35324,1.35213,1.35333,1.3522
2014-07-18 10:00:00,1.35221,1.35196,1.35254,1.3522
2014-07-18 11:00:00,1.3522,1.35204,1.35297,1.35269
2014-07-18 12:00:00,1.35271,1.35167,1.35284,1.35172
2014-07-18 13:00:00,1.35175,1.34904,1.352,1.3507
2014-07-18 14:00:00,1.35073,1.35062,1.35186,1.35088
2014-07-18 15:00:00,1.35086,1.35048,1.35146,1.35138
2014-07-18 16:00:00,1.35136,1.35117,1.35183,1.35183
2014-07-18 17:00:00,1.35183,1.35161,1.35303,1.35277
2014-07-18 18:00:00,1.35277,1.35243,1.35295,1.35258
2014-07-18 19:00:00,1.35259,1.35234,1.35264,1.35239
2014-07-18 20:00:00,1.35238,1.35194,1.35261,1.35204
2014-07-20 21:00:00,1.35268,1.35187,1.35299,1.35288
2014-07-20 22:00:00,1.35288,1.35248,1.35304,1.35297
2014-07-20 23:00:00,1.35297,1.35286,1.35314,1.353
2014-07-21 00:00:00,1.353,1.35277,1.35314,1.35289
2014-07-21 01:00:00,1.35288,1.35286,1.35312,1.35311
2014-07-21 02:00:00,1.35313,1.35295,1.3534,1.35295
2014-07-21 03:00:00,1.35297,1.35296,1.35378,1.35366
2014-07-21 04:00:00,1.35364,1.35349,1.35487,1.35418
2014-07-21 05:00:00,1.35415,1.35406,1.3544,1.35418
2014-07-21 06:00:00,1.35417,1.35332,1.3543,1.35345
2014-07-21 07:00:00,1.35344,1.35182,1.35348,1.35236
2014-07-21 08:00:00,1.35235,1.35218,1.35294,1.35248
2014-07-21 09:00:00,1.35249,1.35188,1.35267,1.35241
2014-07-21 10:00:00,1.35239,1.35205,1.35277,1.35227
2014-07-21 11:00:00,1.35225,1.35126,1.3523,1.35164
2014-07-21 12:00:00,1.35164,1.35137,1.35254,1.35248
2014-07-21 13:00:00,1.35249,1.35158,1.3526,1.35158
2014-07-21 14:00:00,1.35159,1.35152,1.35239,1.35197
2014-07-21 15:00:00,1.35197,1.35181,1.35247,1.35229
2014-07-21 16:00:00,1.35228,1.35183,1.35237,1.35202
2014-07-21 17:00:00,1.352,1.35178,1.35211,1.35205
2014-07-21 18:00:00,1.35206,1.3519,1.35231,1.35213
2014-07-21 19:00:00,1.35213,1.35208,1.3524,1.35209
2014-07-21 20:00:00,1.35208,1.35208,1.35236,1.35218
2014-07-21 21:00:00,1.35208,1.35208,1.35232,1.35223
2014-07-21 22:00:00,1.35223,1.35215,1.35236,1.35227
2014-07-21 23:00:00,1.35228,1.35217,1.35258,1.35217
2014-07-22 00:00:00,1.35219,1.35216,1.35259,1.35245
2014-07-22 01:00:00,1.35245,1.35218,1.35262,1.35251
2014-07-22 02:00:00,1.35253,1.35244,1.35291,1.35261
2014-07-22 03:00:00,1.35259,1.35238,1.35274,1.35247
2014-07-22 04:00:00,1.35247,1.35232,1.35266,1.35247
2014-07-22 05:00:00,1.35245,1.35218,1.35246,1.3522
2014-07-22 06:00:00,1.35218,1.3517,1.35233,1.35198
2014-07-22 07:00:00,1.352,1.35025,1.35211,1.35035
2014-07-22 08:00:00,1.35033,1.34808,1.35037,1.34852
2014-07-22 09:00:00,1.34852,1.34778,1.34908,1.34822
2014-07-22 10:00:00,1.34823,1.34778,1.34876,1.34827
2014-07-22 11:00:00,1.34826,1.34807,1.34874,1.34842
2014-07-22 12:00:00,1.34839,1.34584,1.3492,1.34851
2014-07-22 13:00:00,1.34852,1.34639,1.34958,1.34691
2014-07-22 14:00:00,1.34692,1.34596,1.34695,1.34666
2014-07-22 15:00:00,1.34665,1.34642,1.34725,1.34684
2014-07-22 16:00:00,1.34686,1.34645,1.34688,1.34664
2014-07-22 17:00:00,1.34666,1.34652,1.34715,1.34677
2014-07-22 18:00:00,1.34677,1.34653,1.34689,1.34659
2014-07-22 19:00:00,1.34659,1.34653,1.34684,1.34679
2014-07-22 20:00:00,1.34676,1.34625,1.3469,1.34634
2014-07-22 21:00:00,1.34637,1.3463,1.3466,1.34656
2014-07-22 22:00:00,1.34654,1.34649,1.34676,1.3466
2014-07-22 23:00:00,1.34659,1.34642,1.34664,1.34664
2014-07-23 00:00:00,1.34663,1.34646,1.34689,1.34647
2014-07-23 01:00:00,1.34646,1.34576,1.34701,1.34623
2014-07-23 02:00:00,1.34623,1.3459,1.34641,1.3463
2014-07-23 03:00:00,1.34632,1.34623,1.34657,1.34643
2014-07-23 04:00:00,1.34644,1.34628,1.34647,1.34634
2014-07-23 05:00:00,1.34636,1.34632,1.34669,1.3465
2014-07-23 06:00:00,1.34651,1.34616,1.34679,1.34639
2014-07-23 07:00:00,1.34636,1.34544,1.34637,1.34558
2014-07-23 08:00:00,1.34556,1.34556,1.34729,1.34678
2014-07-23 09:00:00,1.34679,1.34623,1.34707,1.34628
2014-07-23 10:00:00,1.3463,1.34621,1.34732,1.34731
2014-07-23 11:00:00,1.34728,1.34652,1.34737,1.34689
2014-07-23 12:00:00,1.3469,1.34617,1.34708,1.3466
2014-07-23 13:00:00,1.3466,1.34631,1.34721,1.34691
2014-07-23 14:00:00,1.34689,1.3455,1.34729,1.34623
2014-07-23 15:00:00,1.34622,1.34599,1.34701,1.3461
2014-07-23 16:00:00,1.3461,1.34597,1.34632,1.34622
2014-07-23 17:00:00,1.34619,1.34555,1.34644,1.34616
2014-07-23 18:00:00,1.34617,1.34556,1.34619,1.34571
2014-07-23 19:00:00,1.34574,1.3457,1.34617,1.34616
2014-07-23 20:00:00,1.34615,1.34604,1.34632,1.34606
2014-07-23 21:00:00,1.34605,1.34515,1.3463,1.34622
2014-07-23 22:00:00,1.34619,1.34581,1.34619,1.34585
2014-07-23 23:00:00,1.34588,1.34562,1.34612,1.34608
2014-07-24 00:00:00,1.34607,1.34571,1.34613,1.34586
2014-07-24 01:00:00,1.34586,1.34548,1.34622,1.34601
2014-07-24 02:00:00,1.34599,1.34568,1.34606,1.3459
2014-07-24 03:00:00,1.3459,1.34582,1.34615,1.346
2014-07-24 04:00:00,1.34602,1.34574,1.34602,1.34583
2014-07-24 05:00:00,1.34581,1.34559,1.34598,1.34559
2014-07-24 06:00:00,1.34559,1.34374,1.34561,1.34492
2014-07-24 07:00:00,1.34495,1.34448,1.3475,1.34714
2014-07-24 08:00:00,1.34715,1.3466,1.34845,1.34843
2014-07-24 09:00:00,1.34842,1.34736,1.34844,1.34765
2014-07-24 10:00:00,1.34766,1.347,1.34777,1.3474
2014-07-24 11:00:00,1.34738,1.34705,1.34831,1.34788
2014-07-24 12:00:00,1.34788,1.34645,1.3479,1.34715
2014-07-24 13:00:00,1.34716,1.34575,1.3473,1.3464
2014-07-24 14:00:00,1.34638,1.34638,1.34733,1.34686
2014-07-24 15:00:00,1.34687,1.34616,1.34698,1.34673
2014-07-24 16:00:00,1.34672,1.34642,1.34697,1.3469
2014-07-24 17:00:00,1.3469,1.3464,1.34719,1.34662
2014-07-24 18:00:00,1.34664,1.34629,1.34671,1.34629
2014-07-24 19:00:00,1.3463,1.34608,1.34638,1.3463
2014-07-24 20:00:00,1.34629,1.3461,1.34657,1.34614
2014-07-24 21:00:00,1.3462,1.34615,1.34635,1.34619
2014-07-24 22:00:00,1.3462,1.3461,1.3464,1.34629
2014-07-24 23:00:00,1.34627,1.34626,1.34652,1.34647
2014-07-25 00:00:00,1.34647,1.34645,1.34674,1.3465
2014-07-25 01:00:00,1.34653,1.34626,1.34676,1.34646
2014-07-25 02:00:00,1.34649,1.34636,1.3467,1.34663
2014-07-25 03:00:00,1.34665,1.34646,1.34668,1.34658
2014-07-25 04:00:00,1.34656,1.34655,1.34681,1.34674
2014-07-25 05:00:00,1.34673,1.3467,1.34707,1.34677
2014-07-25 06:00:00,1.34677,1.34664,1.3475,1.3474
2014-07-25 07:00:00,1.34741,1.34607,1.34742,1.34637
2014-07-25 08:00:00,1.34637,1.34421,1.34639,1.34453
2014-07-25 09:00:00,1.34452,1.34406,1.34514,1.34494
2014-07-25 10:00:00,1.34494,1.34476,1.34555,1.34527
2014-07-25 11:00:00,1.34525,1.34425,1.34542,1.3448
2014-07-25 12:00:00,1.34477,1.34267,1.34482,1.34324
2014-07-25 13:00:00,1.34322,1.34273,1.34439,1.34381
2014-07-25 14:00:00,1.34379,1.34309,1.34394,1.34319
2014-07-25 15:00:00,1.34318,1.34273,1.34365,1.34303
2014-07-25 16:00:00,1.34305,1.34207,1.34309,1.34284
2014-07-25 17:00:00,1.34284,1.34279,1.34334,1.34318
2014-07-25 18:00:00,1.34319,1.3431,1.34352,1.34318
2014-07-25 19:00:00,1.34316,1.34287,1.34331,1.34306
2014-07-25 20:00:00,1.34308,1.34271,1.34309,1.34275
2014-07-27 21:00:00,1.34293,1.34241,1.34311,1.34297
2014-07-27 22:00:00,1.34296,1.34296,1.34318,1.34305
2014-07-27 23:00:00,1.34306,1.34267,1.34335,1.34282
2014-07-28 00:00:00,1.34284,1.3428,1.3433,1.34291
2014-07-28 01:00:00,1.34289,1.3427,1.34321,1.34295
2014-07-28 02:00:00,1.34295,1.34295,1.34329,1.34308
2014-07-28 03:00:00,1.34307,1.34278,1.34313,1.34288
2014-07-28 04:00:00,1.3429,1.34265,1.34295,1.34277
2014-07-28 05:00:00,1.34275,1.34265,1.3429,1.34285
2014-07-28 06:00:00,1.34288,1.34278,1.34371,1.34355
2014-07-28 07:00:00,1.34357,1.34282,1.34382,1.34311
2014-07-28 08:00:00,1.3431,1.34299,1.34379,1.34379
2014-07-28 09:00:00,1.3438,1.34357,1.34417,1.34361
2014-07-28 10:00:00,1.34359,1.34343,1.34396,1.34384
2014-07-28 11:00:00,1.34386,1.34342,1.34404,1.34368
2014-07-28 12:00:00,1.34367,1.34303,1.34388,1.3438
2014-07-28 13:00:00,1.3438,1.34337,1.34391,1.34366
2014-07-28 14:00:00,1.34364,1.34349,1.344,1.34389
2014-07-28 15:00:00,1.34389,1.34384,1.34422,1.34392
2014-07-28 16:00:00,1.3439,1.34358,1.3441,1.34408
2014-07-28 17:00:00,1.34408,1.34381,1.34434,1.34385
2014-07-28 18:00:00,1.34385,1.34327,1.34406,1.34338
2014-07-28 19:00:00,1.3434,1.3431,1.34354,1.34318
2014-07-28 20:00:00,1.34316,1.34313,1.34391,1.3437
2014-07-28 21:00:00,1.34354,1.34354,1.34398,1.34389
2014-07-28 22:00:00,1.34388,1.34362,1.34389,1.3438
2014-07-28 23:00:00,1.3438,1.34367,1.3438,1.34367
2014-07-29 00:00:00,1.34369,1.34359,1.34399,1.34396
2014-07-29 01:00:00,1.34396,1.34374,1.34398,1.34376
2014-07-29 02:00:00,1.34379,1.34324,1.34382,1.34343
2014-07-29 03:00:00,1.34345,1.34325,1.34359,1.34328
2014-07-29 04:00:00,1.3433,1.34302,1.34337,1.34318
2014-07-29 05:00:00,1.34319,1.34287,1.34325,1.34304
2014-07-29 06:00:00,1.34305,1.34269,1.34338,1.34285
2014-07-29 07:00:00,1.34286,1.3427,1.34375,1.34319
2014-07-29 08:00:00,1.34321,1.34318,1.34397,1.34388
2014-07-29 09:00:00,1.34391,1.34343,1.3444,1.34344
2014-07-29 10:00:00,1.34345,1.34321,1.34372,1.34364
2014-07-29 11:00:00,1.34363,1.34288,1.34366,1.34317
2014-07-29 12:00:00,1.34319,1.34123,1.34351,1.34166
2014-07-29 13:00:00,1.34165,1.34113,1.34215,1.3414
2014-07-29 14:00:00,1.34138,1.34082,1.34151,1.34104
2014-07-29 15:00:00,1.34106,1.34079,1.34183,1.34086
2014-07-29 16:00:00,1.34088,1.34038,1.34115,1.34103
2014-07-29 17:00:00,1.34102,1.34096,1.34127,1.34104
2014-07-29 18:00:00,1.34105,1.34067,1.34109,1.34087
2014-07-29 19:00:00,1.34086,1.34074,1.34116,1.34093
2014-07-29 20:00:00,1.34093,1.34067,1.34098,1.34067
2014-07-29 21:00:00,1.34065,1.34061,1.34113,1.34082
2014-07-29 22:00:00,1.34083,1.34076,1.34107,1.34086
2014-07-29 23:00:00,1.34084,1.34078,1.34104,1.34092
2014-07-30 00:00:00,1.34094,1.34088,1.34127,1.34112
2014-07-30 01:00:00,1.34112,1.34108,1.34148,1.34131
2014-07-30 02:00:00,1.34134,1.34107,1.3414,1.34116
2014-07-30 03:00:00,1.34114,1.34083,1.34115,1.3409
2014-07-30 04:00:00,1.34091,1.34077,1.34101,1.34101
2014-07-30 05:00:00,1.341,1.34029,1.34107,1.34085
2014-07-30 06:00:00,1.34085,1.34019,1.34087,1.34076
2014-07-30 07:00:00,1.34078,1.33938,1.34083,1.33976
2014-07-30 08:00:00,1.33976,1.33957,1.34032,1.33997
2014-07-30 09:00:00,1.33995,1.33974,1.34032,1.34014
2014-07-30 10:00:00,1.34012,1.33978,1.34033,1.33999
2014-07-30 11:00:00,1.33998,1.33985,1.34029,1.3401
2014-07-30 12:00:00,1.34012,1.33696,1.34063,1.3376
2014-07-30 13:00:00,1.33762,1.33716,1.33807,1.33752
2014-07-30 14:00:00,1.33754,1.33665,1.33823,1.33775
2014-07-30 15:00:00,1.33776,1.33732,1.33813,1.33774
2014-07-30 16:00:00,1.33774,1.33745,1.33827,1.33784
2014-07-30 17:00:00,1.33785,1.33738,1.33828,1.33757
2014-07-30 18:00:00,1.33755,1.33669,1.34048,1.33902
2014-07-30 19:00:00,1.33905,1.33863,1.33942,1.33914
2014-07-30 20:00:00,1.33914,1.33912,1.33963,1.33952
2014-07-30 21:00:00,1.33947,1.3393,1.33974,1.33944
2014-07-30 22:00:00,1.33942,1.33935,1.33973,1.33939
2014-07-30 23:00:00,1.33941,1.3392,1.33947,1.33943
2014-07-31 00:00:00,1.33943,1.3394,1.33989,1.33981
2014-07-31 01:00:00,1.33982,1.3396,1.33991,1.33965
2014-07-31 02:00:00,1.33965,1.33961,1.33995,1.33992
2014-07-31 03:00:00,1.33993,1.33959,1.33998,1.33961
2014-07-31 04:00:00,1.33963,1.33919,1.33973,1.33935
2014-07-31 05:00:00,1.33935,1.33933,1.33996,1.33976
2014-07-31 06:00:00,1.33974,1.33879,1.33979,1.33881
2014-07-31 07:00:00,1.33881,1.33851,1.33967,1.33954
2014-07-31 08:00:00,1.33954,1.33889,1.34002,1.33911
2014-07-31 09:00:00,1.33906,1.33824,1.33988,1.33866
2014-07-31 10:00:00,1.33867,1.33822,1.3393,1.33863
2014-07-31 11:00:00,1.33864,1.33792,1.33872,1.33838
2014-07-31 12:00:00,1.33836,1.3371,1.33839,1.33819
2014-07-31 13:00:00,1.3382,1.3377,1.3399,1.33864
2014-07-31 14:00:00,1.33863,1.33773,1.33935,1.33807
2014-07-31 15:00:00,1.33809,1.33782,1.33892,1.33885
2014-07-31 16:00:00,1.33883,1.33833,1.33894,1.33851
2014-07-31 17:00:00,1.3385,1.33837,1.33913,1.33891
2014-07-31 18:00:00,1.33892,1.33867,1.33929,1.33883
2014-07-31 19:00:00,1.3388,1.33867,1.33893,1.33888
2014-07-31 20:00:00,1.33887,1.33869,1.339,1.33885
2014-07-31 21:00:00,1.3387,1.33851,1.33887,1.33878
2014-07-31 22:00:00,1.33877,1.33866,1.33884,1.33875
2014-07-31 23:00:00,1.33874,1.33874,1.33902,1.33886
2014-08-01 00:00:00,1.33884,1.33861,1.33916,1.33889
2014-08-01 01:00:00,1.33889,1.33848,1.33898,1.33872
2014-08-01 02:00:00,1.33872,1.33854,1.3389,1.33869
2014-08-01 03:00:00,1.33871,1.33868,1.33898,1.33877
2014-08-01 04:00:00,1.33875,1.33823,1.33876,1.33854
2014-08-01 05:00:00,1.33853,1.33834,1.33876,1.33839
2014-08-01 06:00:00,1.3384,1.33818,1.33898,1.33825
2014-08-01 07:00:00,1.33825,1.33778,1.33868,1.33796
2014-08-01 08:00:00,1.33794,1.33786,1.33931,1.33905
2014-08-01 09:00:00,1.33903,1.33869,1.33956,1.33945
2014-08-01 10:00:00,1.33945,1.33927,1.34019,1.33952
2014-08-01 11:00:00,1.33952,1.33902,1.33991,1.33985
2014-08-01 12:00:00,1.33985,1.33846,1.3432,1.34154
2014-08-01 13:00:00,1.34155,1.34098,1.34293,1.3417
2014-08-01 14:00:00,1.34164,1.34072,1.34445,1.3428
2014-08-01 15:00:00,1.34283,1.34246,1.34406,1.34349
2014-08-01 16:00:00,1.3435,1.34257,1.34351,1.34306
2014-08-01 17:00:00,1.34306,1.34259,1.34329,1.34262
2014-08-01 18:00:00,1.34263,1.34252,1.34327,1.34277
2014-08-01 19:00:00,1.34274,1.34213,1.3428,1.34213
2014-08-01 20:00:00,1.34211,1.34208,1.34308,1.3429
2014-08-03 21:00:00,1.34289,1.34236,1.34304,1.34268
2014-08-03 22:00:00,1.34266,1.34228,1.34266,1.3424
2014-08-03 23:00:00,1.34242,1.3424,1.34274,1.34272
2014-08-04 00:00:00,1.34274,1.34255,1.34294,1.34255
2014-08-04 01:00:00,1.34252,1.3417,1.34252,1.34174
2014-08-04 02:00:00,1.34176,1.34173,1.34213,1.34201
2014-08-04 03:00:00,1.34203,1.34187,1.34256,1.34248
2014-08-04 04:00:00,1.34246,1.3421,1.34246,1.34217
2014-08-04 05:00:00,1.34217,1.34188,1.34223,1.34212
2014-08-04 06:00:00,1.34214,1.34157,1.34293,1.34181
2014-08-04 07:00:00,1.34178,1.34161,1.34307,1.34286
2014-08-04 08:00:00,1.34285,1.34233,1.34302,1.34267
2014-08-04 09:00:00,1.34264,1.342,1.34291,1.34202
2014-08-04 10:00:00,1.34201,1.34182,1.34247,1.34196
2014-08-04 11:00:00,1.34194,1.34158,1.34218,1.34188
2014-08-04 12:00:00,1.34188,1.34175,1.34245,1.34227
2014-08-04 13:00:00,1.34228,1.34197,1.34241,1.34205
2014-08-04 14:00:00,1.34204,1.34181,1.3421,1.34188
2014-08-04 15:00:00,1.34188,1.34106,1.34197,1.34138
2014-08-04 16:00:00,1.34136,1.34088,1.34176,1.34168
2014-08-04 17:00:00,1.34166,1.34155,1.34208,1.34191
2014-08-04 18:00:00,1.3419,1.3417,1.34207,1.34183
2014-08-04 19:00:00,1.3418,1.34175,1.34213,1.34207
2014-08-04 20:00:00,1.3421,1.34187,1.34229,1.342
2014-08-04 21:00:00,1.3421,1.34203,1.34226,1.34216
2014-08-04 22:00:00,1.34215,1.34201,1.3422,1.34211
2014-08-04 23:00:00,1.3421,1.34198,1.3422,1.34211
2014-08-05 00:00:00,1.34208,1.34178,1.34218,1.34199
2014-08-05 01:00:00,1.34197,1.34145,1.3421,1.34164
2014-08-05 02:00:00,1.34162,1.34155,1.34204,1.34186
2014-08-05 03:00:00,1.34189,1.3417,1.34206,1.34195
2014-08-05 04:00:00,1.34195,1.34186,1.34222,1.34214
2014-08-05 05:00:00,1.34212,1.34202,1.34243,1.34243
2014-08-05 06:00:00,1.34243,1.34167,1.34243,1.34228
2014-08-05 07:00:00,1.34226,1.34008,1.34233,1.3408
2014-08-05 08:00:00,1.34081,1.33885,1.34104,1.33917
2014-08-05 09:00:00,1.33918,1.33899,1.33973,1.33918
2014-08-05 10:00:00,1.3392,1.33847,1.33928,1.33911
2014-08-05 11:00:00,1.33912,1.33819,1.3392,1.33887
2014-08-05 12:00:00,1.33884,1.33799,1.33891,1.33846
2014-08-05 13:00:00,1.33847,1.33763,1.33858,1.33773
2014-08-05 14:00:00,1.33773,1.33577,1.33777,1.33686
2014-08-05 15:00:00,1.33684,1.33599,1.33711,1.33649
2014-08-05 16:00:00,1.3365,1.33603,1.33696,1.33686
2014-08-05 17:00:00,1.33687,1.33618,1.33694,1.33656
2014-08-05 18:00:00,1.33655,1.33655,1.33758,1.33715
2014-08-05 19:00:00,1.33715,1.33713,1.33775,1.33729
2014-08-05 20:00:00,1.33731,1.33731,1.33763,1.33746
2014-08-05 21:00:00,1.33756,1.33707,1.33756,1.33711
2014-08-05 22:00:00,1.33707,1.33683,1.33722,1.33694
2014-08-05 23:00:00,1.33691,1.33687,1.33712,1.3371
2014-08-06 00:00:00,1.3371,1.33633,1.33724,1.33652
2014-08-06 01:00:00,1.33649,1.336,1.33672,1.33648
2014-08-06 02:00:00,1.33646,1.33635,1.3368,1.3367
2014-08-06 03:00:00,1.33669,1.3366,1.33713,1.33673
2014-08-06 04:00:00,1.33673,1.3365,1.3369,1.33661
2014-08-06 05:00:00,1.3366,1.33638,1.33692,1.33641
2014-08-06 06:00:00,1.33638,1.33484,1.33643,1.33585
2014-08-06 07:00:00,1.33586,1.33582,1.33734,1.33718
2014-08-06 08:00:00,1.3372,1.33646,1.33742,1.33662
2014-08-06 09:00:00,1.33659,1.33553,1.33664,1.33584
2014-08-06 10:00:00,1.33582,1.33326,1.33594,1.33413
2014-08-06 11:00:00,1.33413,1.33367,1.33444,1.33418
2014-08-06 12:00:00,1.3342,1.33386,1.33565,1.33484
2014-08-06 13:00:00,1.33486,1.3345,1.33551,1.33474
2014-08-06 14:00:00,1.33476,1.33465,1.33583,1.33561
2014-08-06 15:00:00,1.33561,1.3349,1.33563,1.3354
2014-08-06 16:00:00,1.33541,1.33524,1.33864,1.33685
2014-08-06 17:00:00,1.33686,1.33665,1.33839,1.33776
2014-08-06 18:00:00,1.33776,1.33737,1.33828,1.33768
2014-08-06 19:00:00,1.33767,1.33752,1.33829,1.33791
2014-08-06 20:00:00,1.33789,1.33775,1.33835,1.33812
2014-08-06 21:00:00,1.3381,1.338,1.33866,1.33832
2014-08-06 22:00:00,1.33829,1.3379,1.33829,1.33824
2014-08-06 23:00:00,1.33824,1.3379,1.33833,1.33792
2014-08-07 00:00:00,1.3379,1.33785,1.33878,1.33821
2014-08-07 01:00:00,1.33819,1.33798,1.3391,1.33899
2014-08-07 02:00:00,1.33901,1.3384,1.33901,1.3385
2014-08-07 03:00:00,1.33852,1.33841,1.33891,1.33879
2014-08-07 04:00:00,1.33878,1.33847,1.33897,1.33849
2014-08-07 05:00:00,1.3385,1.33798,1.3388,1.33827
2014-08-07 06:00:00,1.33827,1.33705,1.33827,1.33769
2014-08-07 07:00:00,1.33772,1.33697,1.33821,1.33719
2014-08-07 08:00:00,1.33717,1.33641,1.33755,1.33736
2014-08-07 09:00:00,1.33737,1.33692,1.3379,1.3378
2014-08-07 10:00:00,1.33781,1.33747,1.33807,1.33754
2014-08-07 11:00:00,1.33753,1.33718,1.33811,1.3374
2014-08-07 12:00:00,1.3374,1.33509,1.33932,1.33825
2014-08-07 13:00:00,1.33828,1.33418,1.33883,1.33495
2014-08-07 14:00:00,1.33494,1.33368,1.33546,1.33512
2014-08-07 15:00:00,1.33514,1.33504,1.33641,1.33612
2014-08-07 16:00:00,1.33609,1.33455,1.33622,1.33501
2014-08-07 17:00:00,1.33501,1.3348,1.33571,1.33561
2014-08-07 18:00:00,1.33562,1.33548,1.33646,1.33581
2014-08-07 19:00:00,1.33583,1.3358,1.33661,1.3364
2014-08-07 20:00:00,1.33638,1.33602,1.33642,1.33614
2014-08-07 21:00:00,1.33611,1.33589,1.33634,1.3361
2014-08-07 22:00:00,1.33609,1.33587,1.3361,1.33596
2014-08-07 23:00:00,1.33598,1.33567,1.33602,1.33568
2014-08-08 00:00:00,1.33565,1.3351,1.33616,1.3351
2014-08-08 01:00:00,1.3351,1.33428,1.33541,1.3348
2014-08-08 02:00:00,1.33483,1.33452,1.33639,1.33612
2014-08-08 03:00:00,1.33614,1.3354,1.33627,1.33557
2014-08-08 04:00:00,1.3356,1.33548,1.33628,1.33624
2014-08-08 05:00:00,1.33622,1.33571,1.33634,1.33582
2014-08-08 06:00:00,1.33582,1.33582,1.34074,1.33935
2014-08-08 07:00:00,1.33937,1.33757,1.33957,1.33792
2014-08-08 08:00:00,1.33794,1.33784,1.33973,1.33881
2014-08-08 09:00:00,1.33879,1.33839,1.33968,1.33906
2014-08-08 10:00:00,1.33904,1.33891,1.3402,1.33927
2014-08-08 11:00:00,1.33928,1.33852,1.33969,1.33891
2014-08-08 12:00:00,1.3389,1.33821,1.33953,1.3392
2014-08-08 13:00:00,1.3392,1.33859,1.33966,1.33957
2014-08-08 14:00:00,1.33957,1.33948,1.34323,1.34111
2014-08-08 15:00:00,1.34112,1.34102,1.34196,1.34112
2014-08-08 16:00:00,1.34112,1.34059,1.34163,1.34152
2014-08-08 17:00:00,1.34154,1.34095,1.34169,1.34119
2014-08-08 18:00:00,1.34117,1.3407,1.34122,1.34108
2014-08-08 19:00:00,1.34108,1.34061,1.3412,1.34118
2014-08-08 20:00:00,1.34117,1.34046,1.34163,1.34096
2014-08-10 21:00:00,1.34068,1.33997,1.341,1.34055
2014-08-10 22:00:00,1.34055,1.34026,1.34068,1.34048
2014-08-10 23:00:00,1.34047,1.34035,1.34071,1.34039
2014-08-11 00:00:00,1.34039,1.34012,1.3408,1.3402
2014-08-11 01:00:00,1.34022,1.33974,1.34028,1.33997
2014-08-11 02:00:00,1.33999,1.33971,1.3402,1.33997
2014-08-11 03:00:00,1.33998,1.33979,1.34006,1.33996
2014-08-11 04:00:00,1.33995,1.33995,1.34018,1.34008
2014-08-11 05:00:00,1.34005,1.33977,1.3402,1.33982
2014-08-11 06:00:00,1.33984,1.33894,1.33993,1.33913
2014-08-11 07:00:00,1.33915,1.33875,1.33971,1.33948
2014-08-11 08:00:00,1.3395,1.33829,1.33967,1.33867
2014-08-11 09:00:00,1.33865,1.33828,1.33892,1.33883
2014-08-11 10:00:00,1.33883,1.33868,1.33926,1.33924
2014-08-11 11:00:00,1.33926,1.33889,1.33934,1.33915
2014-08-11 12:00:00,1.33915,1.33841,1.3396,1.33922
2014-08-11 13:00:00,1.33923,1.33818,1.33927,1.33853
2014-08-11 14:00:00,1.33854,1.3382,1.33883,1.33878
2014-08-11 15:00:00,1.3388,1.33801,1.33887,1.33843
2014-08-11 16:00:00,1.33846,1.33813,1.33879,1.33851
2014-08-11 17:00:00,1.33851,1.33827,1.33871,1.33865
2014-08-11 18:00:00,1.33864,1.33808,1.33873,1.33809
2014-08-11 19:00:00,1.33812,1.33812,1.3385,1.33842
2014-08-11 20:00:00,1.33842,1.33819,1.33857,1.33832
2014-08-11 21:00:00,1.33803,1.33803,1.33848,1.33842
2014-08-11 22:00:00,1.3384,1.3383,1.33855,1.33841
2014-08-11 23:00:00,1.33839,1.33804,1.33845,1.33818
2014-08-12 00:00:00,1.33817,1.33747,1.33826,1.33781
2014-08-12 01:00:00,1.33779,1.33672,1.33788,1.3372
2014-08-12 02:00:00,1.33718,1.33686,1.33751,1.33689
2014-08-12 03:00:00,1.33691,1.33691,1.33736,1.33717
2014-08-12 04:00:00,1.33718,1.33709,1.3376,1.33723
2014-08-12 05:00:00,1.33725,1.3368,1.33752,1.33695
2014-08-12 06:00:00,1.33693,1.33602,1.33719,1.33621
2014-08-12 07:00:00,1.33619,1.33618,1.33704,1.33667
2014-08-12 08:00:00,1.33666,1.33507,1.33666,1.33515
2014-08-12 09:00:00,1.3352,1.3339,1.33527,1.3342
2014-08-12 10:00:00,1.33419,1.33356,1.33429,1.33392
2014-08-12 11:00:00,1.33395,1.33395,1.33482,1.33413
2014-08-12 12:00:00,1.33412,1.33405,1.3354,1.3351
2014-08-12 13:00:00,1.33511,1.33482,1.33607,1.33585
2014-08-12 14:00:00,1.33585,1.33439,1.33588,1.33569
2014-08-12 15:00:00,1.3357,1.33534,1.33606,1.3356
2014-08-12 16:00:00,1.33561,1.33549,1.33616,1.33592
2014-08-12 17:00:00,1.33593,1.33581,1.33674,1.33674
2014-08-12 18:00:00,1.33676,1.33638,1.33694,1.33673
2014-08-12 19:00:00,1.33675,1.33658,1.33678,1.33663
2014-08-12 20:00:00,1.33663,1.33658,1.33687,1.33674
2014-08-12 21:00:00,1.33646,1.33646,1.3368,1.3367
2014-08-12 22:00:00,1.3367,1.33665,1.33689,1.33677
2014-08-12 23:00:00,1.33676,1.3364,1.33685,1.33644
2014-08-13 00:00:00,1.33646,1.33635,1.33671,1.33658
2014-08-13 01:00:00,1.33658,1.33633,1.33672,1.33637
2014-08-13 02:00:00,1.33637,1.33598,1.33646,1.33643
2014-08-13 03:00:00,1.33645,1.33631,1.33661,1.3365
2014-08-13 04:00:00,1.33648,1.3363,1.33662,1.33636
2014-08-13 05:00:00,1.33636,1.33615,1.33653,1.33617
2014-08-13 06:00:00,1.33614,1.33614,1.33727,1.33682
2014-08-13 07:00:00,1.3368,1.33484,1.33682,1.33515
2014-08-13 08:00:00,1.33513,1.33476,1.33563,1.33496
2014-08-13 09:00:00,1.33495,1.33417,1.33634,1.33569
2014-08-13 10:00:00,1.33567,1.33507,1.33579,1.33565
2014-08-13 11:00:00,1.33566,1.33557,1.33657,1.33636
2014-08-13 12:00:00,1.33633,1.33582,1.34146,1.34111
2014-08-13 13:00:00,1.34112,1.33842,1.34141,1.33893
2014-08-13 14:00:00,1.33892,1.33726,1.33912,1.33796
2014-08-13 15:00:00,1.33794,1.33548,1.3381,1.33664
2014-08-13 16:00:00,1.33662,1.33611,1.33715,1.33706
2014-08-13 17:00:00,1.33707,1.3366,1.33724,1.33667
2014-08-13 18:00:00,1.33668,1.33664,1.33704,1.33681
2014-08-13 19:00:00,1.33681,1.33624,1.33685,1.33628
2014-08-13 20:00:00,1.33626,1.33625,1.33669,1.33629
2014-08-13 21:00:00,1.33643,1.3361,1.33648,1.33629
2014-08-13 22:00:00,1.33627,1.33615,1.33656,1.33644
2014-08-13 23:00:00,1.33646,1.33619,1.33664,1.33654
2014-08-14 00:00:00,1.33653,1.33605,1.33667,1.33607
2014-08-14 01:00:00,1.33607,1.33557,1.33613,1.33579
2014-08-14 02:00:00,1.33579,1.33565,1.33611,1.33589
2014-08-14 03:00:00,1.33587,1.33577,1.33622,1.3361
2014-08-14 04:00:00,1.33607,1.33594,1.33646,1.33643
2014-08-14 05:00:00,1.33644,1.33547,1.33676,1.33566
2014-08-14 06:00:00,1.3356,1.33471,1.33661,1.33596
2014-08-14 07:00:00,1.33599,1.33584,1.33688,1.33596
2014-08-14 08:00:00,1.33597,1.33544,1.33665,1.33597
2014-08-14 09:00:00,1.33595,1.33542,1.33958,1.33797
2014-08-14 10:00:00,1.33795,1.33707,1.33799,1.33725
2014-08-14 11:00:00,1.33726,1.33723,1.33849,1.33742
2014-08-14 12:00:00,1.33742,1.33716,1.34036,1.33959
2014-08-14 13:00:00,1.3396,1.33871,1.34072,1.34026
2014-08-14 14:00:00,1.34027,1.33784,1.3403,1.33804
2014-08-14 15:00:00,1.33802,1.33728,1.33818,1.3375
2014-08-14 16:00:00,1.33752,1.33675,1.33759,1.33681
2014-08-14 17:00:00,1.33682,1.33632,1.337,1.33645
2014-08-14 18:00:00,1.33644,1.33585,1.33666,1.33659
2014-08-14 19:00:00,1.33659,1.33657,1.3369,1.33685
2014-08-14 20:00:00,1.33688,1.3363,1.3369,1.3363
2014-08-14 21:00:00,1.33624,1.33624,1.33669,1.3363
2014-08-14 22:00:00,1.33632,1.33595,1.33636,1.33631
2014-08-14 23:00:00,1.33631,1.33599,1.33637,1.33609
2014-08-15 00:00:00,1.33608,1.33596,1.33647,1.33609
2014-08-15 01:00:00,1.33606,1.33592,1.33629,1.33611
2014-08-15 02:00:00,1.33608,1.33583,1.33614,1.33607
2014-08-15 03:00:00,1.33606,1.33599,1.33639,1.33629
2014-08-15 04:00:00,1.33626,1.33626,1.3368,1.33654
2014-08-15 05:00:00,1.33655,1.33632,1.33675,1.33675
2014-08-15 06:00:00,1.33675,1.336,1.33688,1.33674
2014-08-15 07:00:00,1.33672,1.33648,1.33773,1.33765
2014-08-15 08:00:00,1.33764,1.33731,1.33913,1.33831
2014-08-15 09:00:00,1.33828,1.33606,1.33847,1.33614
2014-08-15 10:00:00,1.33614,1.3361,1.33774,1.33755
2014-08-15 11:00:00,1.33753,1.33737,1.33905,1.33894
2014-08-15 12:00:00,1.33893,1.33763,1.34044,1.33974
2014-08-15 13:00:00,1.33976,1.3384,1.34014,1.33925
2014-08-15 14:00:00,1.33924,1.3377,1.34115,1.33824
2014-08-15 15:00:00,1.33823,1.33801,1.33993,1.33904
2014-08-15 16:00:00,1.33907,1.33802,1.33943,1.33859
2014-08-15 17:00:00,1.33857,1.33824,1.33949,1.33915
2014-08-15 18:00:00,1.33912,1.33893,1.33982,1.33973
2014-08-15 19:00:00,1.33973,1.33913,1.33978,1.33973
2014-08-15 20:00:00,1.33974,1.33946,1.33996,1.33962
2014-08-17 21:00:00,1.33895,1.33822,1.33975,1.33905
2014-08-17 22:00:00,1.33914,1.33879,1.3394,1.3389
2014-08-17 23:00:00,1.33888,1.33874,1.33925,1.33891
2014-08-18 00:00:00,1.33894,1.33871,1.33925,1.33898
2014-08-18 01:00:00,1.33894,1.33885,1.33954,1.33941
2014-08-18 02:00:00,1.33938,1.33924,1.3397,1.33967
2014-08-18 03:00:00,1.33964,1.3395,1.33986,1.33952
2014-08-18 04:00:00,1.3395,1.3394,1.3398,1.33977
2014-08-18 05:00:00,1.33973,1.33902,1.33977,1.33906
2014-08-18 06:00:00,1.33908,1.33829,1.33929,1.33845
2014-08-18 07:00:00,1.33847,1.3381,1.3388,1.33857
2014-08-18 08:00:00,1.33853,1.33825,1.33888,1.3384
2014-08-18 09:00:00,1.33836,1.33836,1.33937,1.33924
2014-08-18 10:00:00,1.33928,1.33846,1.33943,1.33884
2014-08-18 11:00:00,1.33881,1.33874,1.3392,1.33874
2014-08-18 12:00:00,1.33876,1.3379,1.33881,1.33841
2014-08-18 13:00:00,1.33842,1.33644,1.33864,1.33657
2014-08-18 14:00:00,1.33659,1.33586,1.33698,1.33629
2014-08-18 15:00:00,1.33626,1.33524,1.33652,1.33572
2014-08-18 16:00:00,1.33576,1.33551,1.3362,1.33614
2014-08-18 17:00:00,1.33615,1.33595,1.33657,1.33655
2014-08-18 18:00:00,1.33651,1.33594,1.33651,1.33602
2014-08-18 19:00:00,1.33598,1.33594,1.33645,1.33628
2014-08-18 20:00:00,1.33627,1.33604,1.33638,1.33616
2014-08-18 21:00:00,1.33627,1.33603,1.33633,1.33609
2014-08-18 22:00:00,1.33614,1.33593,1.33626,1.33596
2014-08-18 23:00:00,1.33592,1.33592,1.3362,1.33597
2014-08-19 00:00:00,1.33599,1.33531,1.33599,1.33553
2014-08-19 01:00:00,1.33551,1.33547,1.3359,1.33585
2014-08-19 02:00:00,1.33583,1.33547,1.33583,1.33561
2014-08-19 03:00:00,1.33559,1.3355,1.33576,1.33573
2014-08-19 04:00:00,1.3357,1.33553,1.33581,1.33568
2014-08-19 05:00:00,1.33571,1.3355,1.33578,1.33552
2014-08-19 06:00:00,1.33548,1.33427,1.3356,1.33473
2014-08-19 07:00:00,1.3347,1.33461,1.33571,1.33505
2014-08-19 08:00:00,1.33501,1.33434,1.33554,1.33535
2014-08-19 09:00:00,1.33533,1.33441,1.3355,1.33459
2014-08-19 10:00:00,1.33457,1.3345,1.33523,1.33474
2014-08-19 11:00:00,1.33472,1.33407,1.33508,1.33484
2014-08-19 12:00:00,1.3349,1.3318,1.33557,1.3324
2014-08-19 13:00:00,1.33241,1.33134,1.33275,1.33146
2014-08-19 14:00:00,1.33149,1.3313,1.33242,1.33182
2014-08-19 15:00:00,1.33184,1.33128,1.33214,1.33194
2014-08-19 16:00:00,1.33196,1.3316,1.33206,1.33174
2014-08-19 17:00:00,1.33175,1.3315,1.33217,1.33168
2014-08-19 18:00:00,1.33171,1.33157,1.33215,1.33179
2014-08-19 19:00:00,1.33185,1.33173,1.33207,1.33207
2014-08-19 20:00:00,1.3321,1.33185,1.33226,1.33185
2014-08-19 21:00:00,1.33206,1.33158,1.33221,1.33174
2014-08-19 22:00:00,1.33176,1.33176,1.33205,1.33198
2014-08-19 23:00:00,1.33202,1.33183,1.33237,1.33202
2014-08-20 00:00:00,1.33198,1.33172,1.33213,1.33176
2014-08-20 01:00:00,1.33178,1.33149,1.33206,1.33154
2014-08-20 02:00:00,1.33158,1.33088,1.33158,1.33092
2014-08-20 03:00:00,1.33095,1.33025,1.33122,1.33051
2014-08-20 04:00:00,1.33048,1.33042,1.33092,1.3305
2014-08-20 05:00:00,1.33048,1.33005,1.33066,1.33005
2014-08-20 06:00:00,1.33009,1.33006,1.33076,1.3307
2014-08-20 07:00:00,1.33072,1.32851,1.33072,1.32931
2014-08-20 08:00:00,1.32933,1.32869,1.33038,1.32934
2014-08-20 09:00:00,1.3293,1.32828,1.32946,1.32833
2014-08-20 10:00:00,1.32835,1.32746,1.32857,1.32773
2014-08-20 11:00:00,1.32777,1.3277,1.32854,1.32854
2014-08-20 12:00:00,1.3285,1.32828,1.32924,1.32841
2014-08-20 13:00:00,1.32842,1.32814,1.32931,1.32875
2014-08-20 14:00:00,1.32873,1.32845,1.32907,1.32866
2014-08-20 15:00:00,1.32861,1.32819,1.32969,1.32832
2014-08-20 16:00:00,1.32829,1.32806,1.32911,1.32897
2014-08-20 17:00:00,1.32894,1.32858,1.3292,1.32887
2014-08-20 18:00:00,1.32881,1.32555,1.32884,1.32608
2014-08-20 19:00:00,1.32605,1.32548,1.32681,1.32604
2014-08-20 20:00:00,1.32608,1.32572,1.32648,1.32575
2014-08-20 21:00:00,1.32585,1.32562,1.32594,1.32572
2014-08-20 22:00:00,1.3257,1.32563,1.32593,1.32585
2014-08-20 23:00:00,1.32581,1.32576,1.32599,1.32586
2014-08-21 00:00:00,1.32589,1.32546,1.32601,1.32548
2014-08-21 01:00:00,1.32552,1.32414,1.32576,1.32487
2014-08-21 02:00:00,1.32483,1.3245,1.32511,1.3247
2014-08-21 03:00:00,1.32474,1.32438,1.32498,1.32445
2014-08-21 04:00:00,1.32439,1.32419,1.32489,1.32436
2014-08-21 05:00:00,1.32433,1.32433,1.32491,1.32481
2014-08-21 06:00:00,1.32475,1.32459,1.32642,1.32614
2014-08-21 07:00:00,1.32605,1.32563,1.32774,1.32735
2014-08-21 08:00:00,1.32731,1.32624,1.32742,1.32704
2014-08-21 09:00:00,1.32702,1.32637,1.32709,1.32654
2014-08-21 10:00:00,1.3265,1.326,1.32665,1.32602
2014-08-21 11:00:00,1.32605,1.32574,1.32667,1.32642
2014-08-21 12:00:00,1.32645,1.32554,1.32695,1.32613
2014-08-21 13:00:00,1.32614,1.32614,1.32739,1.32684
2014-08-21 14:00:00,1.32679,1.32615,1.32863,1.32838
2014-08-21 15:00:00,1.3284,1.32781,1.3288,1.32845
2014-08-21 16:00:00,1.32847,1.3277,1.32851,1.3278
2014-08-21 17:00:00,1.32784,1.32733,1.3281,1.32808
2014-08-21 18:00:00,1.32805,1.32772,1.3282,1.32803
2014-08-21 19:00:00,1.32799,1.32781,1.32831,1.328
2014-08-21 20:00:00,1.32805,1.32793,1.32828,1.32793
2014-08-21 21:00:00,1.32803,1.32795,1.32819,1.32817
2014-08-21 22:00:00,1.32815,1.32794,1.32815,1.32798
2014-08-21 23:00:00,1.32798,1.32772,1.32802,1.3278
2014-08-22 00:00:00,1.32777,1.32731,1.32779,1.32756
2014-08-22 01:00:00,1.32758,1.3275,1.32778,1.32768
2014-08-22 02:00:00,1.32767,1.32759,1.32809,1.32801
2014-08-22 03:00:00,1.32804,1.32804,1.32849,1.32849
2014-08-22 04:00:00,1.32852,1.32832,1.32877,1.32874
2014-08-22 05:00:00,1.3287,1.32846,1.32919,1.32884
2014-08-22 06:00:00,1.32881,1.32871,1.32962,1.32906
2014-08-22 07:00:00,1.32908,1.3275,1.32914,1.32868
2014-08-22 08:00:00,1.32864,1.32821,1.32924,1.32827
2014-08-22 09:00:00,1.32825,1.32702,1.32825,1.32762
2014-08-22 10:00:00,1.32758,1.32631,1.32775,1.32708
2014-08-22 11:00:00,1.32712,1.32618,1.3272,1.32641
2014-08-22 12:00:00,1.32638,1.32573,1.32732,1.32708
2014-08-22 13:00:00,1.32708,1.32642,1.32759,1.32674
2014-08-22 14:00:00,1.32678,1.32204,1.32818,1.32305
2014-08-22 15:00:00,1.3231,1.32228,1.32433,1.32361
2014-08-22 16:00:00,1.32364,1.32357,1.32426,1.3239
2014-08-22 17:00:00,1.32393,1.32363,1.32407,1.32374
2014-08-22 18:00:00,1.32377,1.32243,1.3261,1.32414
2014-08-22 19:00:00,1.32412,1.32409,1.32486,1.32425
2014-08-22 20:00:00,1.32423,1.3237,1.32462,1.32396
2014-08-24 21:00:00,1.31931,1.31847,1.3203,1.31901
2014-08-24 22:00:00,1.31894,1.31887,1.32002,1.31908
2014-08-24 23:00:00,1.31914,1.31906,1.31996,1.31967
2014-08-25 00:00:00,1.31963,1.3196,1.32054,1.32011
2014-08-25 01:00:00,1.32014,1.3196,1.32019,1.31995
2014-08-25 02:00:00,1.31999,1.3199,1.32047,1.32034
2014-08-25 03:00:00,1.32031,1.32006,1.32045,1.32045
2014-08-25 04:00:00,1.32041,1.32026,1.32064,1.32061
2014-08-25 05:00:00,1.3206,1.32029,1.32076,1.32041
2014-08-25 06:00:00,1.32043,1.31881,1.32073,1.31964
2014-08-25 07:00:00,1.31961,1.31857,1.31977,1.31867
2014-08-25 08:00:00,1.31859,1.31826,1.31998,1.31995
2014-08-25 09:00:00,1.31997,1.3195,1.32034,1.32024
2014-08-25 10:00:00,1.3202,1.31975,1.32028,1.31997
2014-08-25 11:00:00,1.32,1.31934,1.32,1.31987
2014-08-25 12:00:00,1.31991,1.31904,1.32102,1.31937
2014-08-25 13:00:00,1.31938,1.31895,1.32013,1.31953
2014-08-25 14:00:00,1.31958,1.3195,1.3206,1.31972
2014-08-25 15:00:00,1.31976,1.31967,1.32048,1.32045
2014-08-25 16:00:00,1.32042,1.31972,1.32049,1.31975
2014-08-25 17:00:00,1.31976,1.31924,1.31985,1.31932
2014-08-25 18:00:00,1.31935,1.3192,1.31951,1.31922
2014-08-25 19:00:00,1.31919,1.31916,1.31946,1.31934
2014-08-25 20:00:00,1.31937,1.31903,1.31961,1.31903
2014-08-25 21:00:00,1.31913,1.31896,1.31926,1.31902
2014-08-25 22:00:00,1.31898,1.31846,1.31919,1.31865
2014-08-25 23:00:00,1.3186,1.31786,1.31872,1.31856
2014-08-26 00:00:00,1.31859,1.31847,1.31897,1.31877
2014-08-26 01:00:00,1.31881,1.31881,1.32001,1.31985
2014-08-26 02:00:00,1.31987,1.31961,1.32033,1.32032
2014-08-26 03:00:00,1.32028,1.32017,1.32073,1.32023
2014-08-26 04:00:00,1.32019,1.3201,1.32049,1.32023
2014-08-26 05:00:00,1.32028,1.31991,1.32038,1.32031
2014-08-26 06:00:00,1.3203,1.3203,1.32142,1.32083
2014-08-26 07:00:00,1.32087,1.31907,1.32089,1.31924
2014-08-26 08:00:00,1.31926,1.31892,1.32004,1.31918
2014-08-26 09:00:00,1.31922,1.31922,1.32047,1.32044
2014-08-26 10:00:00,1.32046,1.31969,1.32088,1.31978
2014-08-26 11:00:00,1.31981,1.31894,1.31997,1.31918
2014-08-26 12:00:00,1.31914,1.31843,1.3201,1.32002
2014-08-26 13:00:00,1.32003,1.31931,1.32051,1.31977
2014-08-26 14:00:00,1.31975,1.31916,1.32082,1.32026
2014-08-26 15:00:00,1.32023,1.31863,1.32031,1.31886
2014-08-26 16:00:00,1.31882,1.31878,1.31969,1.31897
2014-08-26 17:00:00,1.319,1.31641,1.31907,1.31674
2014-08-26 18:00:00,1.3167,1.31663,1.31742,1.31718
2014-08-26 19:00:00,1.3172,1.3169,1.31772,1.31703
2014-08-26 20:00:00,1.31706,1.31655,1.31715,1.31655
2014-08-26 21:00:00,1.31669,1.31663,1.31702,1.3168
2014-08-26 22:00:00,1.31683,1.31651,1.31688,1.31673
2014-08-26 23:00:00,1.3167,1.31669,1.31704,1.31688
2014-08-27 00:00:00,1.31692,1.31521,1.31697,1.31592
2014-08-27 01:00:00,1.31596,1.31577,1.31632,1.31625
2014-08-27 02:00:00,1.31628,1.31613,1.31672,1.31654
2014-08-27 03:00:00,1.31652,1.31602,1.31675,1.31619
2014-08-27 04:00:00,1.31622,1.3156,1.31629,1.31607
2014-08-27 05:00:00,1.31605,1.3156,1.31644,1.31639
2014-08-27 06:00:00,1.31636,1.31604,1.31832,1.31809
2014-08-27 07:00:00,1.31815,1.31786,1.31883,1.3185
2014-08-27 08:00:00,1.31846,1.31763,1.31874,1.3182
2014-08-27 09:00:00,1.31823,1.3177,1.31849,1.31818
2014-08-27 10:00:00,1.31821,1.31792,1.3186,1.31822
2014-08-27 11:00:00,1.31826,1.31746,1.31876,1.31835
2014-08-27 12:00:00,1.3183,1.31763,1.31866,1.31863
2014-08-27 13:00:00,1.31864,1.31679,1.31864,1.31738
2014-08-27 14:00:00,1.31741,1.31679,1.32093,1.32025
2014-08-27 15:00:00,1.32024,1.31878,1.32057,1.31908
2014-08-27 16:00:00,1.3191,1.31887,1.31931,1.31924
2014-08-27 17:00:00,1.31927,1.31908,1.3207,1.31989
2014-08-27 18:00:00,1.31987,1.31924,1.31994,1.31959
2014-08-27 19:00:00,1.31954,1.31929,1.31969,1.31943
2014-08-27 20:00:00,1.31939,1.31911,1.31947,1.31911
2014-08-27 21:00:00,1.31921,1.31907,1.31952,1.31934
2014-08-27 22:00:00,1.31931,1.31917,1.31933,1.3192
2014-08-27 23:00:00,1.31922,1.31892,1.31929,1.31914
2014-08-28 00:00:00,1.31916,1.31878,1.31984,1.3197
2014-08-28 01:00:00,1.31966,1.31958,1.32153,1.32146
2014-08-28 02:00:00,1.3215,1.32089,1.32164,1.32112
2014-08-28 03:00:00,1.32114,1.32112,1.32164,1.3214
2014-08-28 04:00:00,1.32136,1.32115,1.32161,1.32122
2014-08-28 05:00:00,1.32125,1.32043,1.32168,1.32052
2014-08-28 06:00:00,1.32049,1.32025,1.32114,1.32061
2014-08-28 07:00:00,1.32055,1.31975,1.32203,1.32004
2014-08-28 08:00:00,1.32003,1.31968,1.32177,1.32069
2014-08-28 09:00:00,1.32071,1.31851,1.32146,1.31853
2014-08-28 10:00:00,1.31849,1.31707,1.31908,1.31755
2014-08-28 11:00:00,1.31754,1.31729,1.31887,1.31834
2014-08-28 12:00:00,1.31839,1.31685,1.3186,1.31786
2014-08-28 13:00:00,1.31787,1.3159,1.31799,1.31705
2014-08-28 14:00:00,1.31701,1.31618,1.31762,1.31747
2014-08-28 15:00:00,1.31745,1.31703,1.31838,1.31769
2014-08-28 16:00:00,1.31772,1.31667,1.3178,1.31741
2014-08-28 17:00:00,1.31737,1.3173,1.31805,1.31783
2014-08-28 18:00:00,1.31786,1.31782,1.31848,1.31844
2014-08-28 19:00:00,1.3184,1.31819,1.31849,1.31836
2014-08-28 20:00:00,1.31834,1.318,1.31837,1.318
2014-08-28 21:00:00,1.31787,1.31787,1.31842,1.31831
2014-08-28 22:00:00,1.31827,1.31798,1.3183,1.31805
2014-08-28 23:00:00,1.3181,1.31808,1.3185,1.31836
2014-08-29 00:00:00,1.31831,1.31804,1.31858,1.31806
2014-08-29 01:00:00,1.31802,1.31791,1.31836,1.31827
2014-08-29 02:00:00,1.31831,1.31803,1.31831,1.31803
2014-08-29 03:00:00,1.318,1.31792,1.31825,1.31795
2014-08-29 04:00:00,1.31797,1.31737,1.31809,1.31745
2014-08-29 05:00:00,1.3174,1.31732,1.31788,1.3175
2014-08-29 06:00:00,1.31748,1.31599,1.31748,1.31626
2014-08-29 07:00:00,1.3163,1.31615,1.31759,1.31694
2014-08-29 08:00:00,1.31698,1.31669,1.31831,1.31763
2014-08-29 09:00:00,1.3177,1.31749,1.31941,1.31766
2014-08-29 10:00:00,1.31763,1.31763,1.31943,1.3188
2014-08-29 11:00:00,1.31876,1.3182,1.31956,1.31903
2014-08-29 12:00:00,1.31907,1.31796,1.3193,1.3184
2014-08-29 13:00:00,1.31845,1.31709,1.31859,1.31752
2014-08-29 14:00:00,1.31755,1.31688,1.31892,1.31711
2014-08-29 15:00:00,1.31715,1.31413,1.31739,1.31488
2014-08-29 16:00:00,1.31485,1.31392,1.31538,1.31442
2014-08-29 17:00:00,1.31441,1.3136,1.31466,1.31424
2014-08-29 18:00:00,1.31427,1.31332,1.3143,1.31348
2014-08-29 19:00:00,1.31345,1.3134,1.31396,1.31384
2014-08-29 20:00:00,1.31388,1.31303,1.31426,1.31312
2014-08-31 21:00:00,1.31262,1.31231,1.31316,1.31274
2014-08-31 22:00:00,1.31281,1.31275,1.31341,1.31336
2014-08-31 23:00:00,1.31339,1.3124,1.31339,1.31261
2014-09-01 00:00:00,1.31265,1.31243,1.31316,1.31271
2014-09-01 01:00:00,1.31275,1.31231,1.31296,1.31247
2014-09-01 02:00:00,1.31244,1.31186,1.31249,1.31235
2014-09-01 03:00:00,1.31232,1.3119,1.31234,1.3119
2014-09-01 04:00:00,1.31195,1.31195,1.31264,1.31262
2014-09-01 05:00:00,1.31266,1.31221,1.3129,1.31262
2014-09-01 06:00:00,1.31259,1.31226,1.31337,1.31309
2014-09-01 07:00:00,1.31313,1.31271,1.31346,1.31318
2014-09-01 08:00:00,1.31316,1.31286,1.31438,1.31411
2014-09-01 09:00:00,1.31415,1.3136,1.31449,1.31382
2014-09-01 10:00:00,1.31378,1.31309,1.31392,1.31363
2014-09-01 11:00:00,1.31367,1.3133,1.31379,1.31352
2014-09-01 12:00:00,1.31355,1.31316,1.31406,1.314
2014-09-01 13:00:00,1.314,1.3133,1.31404,1.3134
2014-09-01 14:00:00,1.31342,1.31327,1.31361,1.31361
2014-09-01 15:00:00,1.31356,1.31272,1.31361,1.31272
2014-09-01 16:00:00,1.31269,1.31266,1.31369,1.31302
2014-09-01 17:00:00,1.31299,1.31279,1.31302,1.31286
2014-09-01 18:00:00,1.31282,1.3127,1.31304,1.31298
2014-09-01 19:00:00,1.31294,1.31293,1.31302,1.313
2014-09-01 20:00:00,1.31296,1.31265,1.31304,1.31265
2014-09-01 21:00:00,1.31275,1.31259,1.31295,1.31273
2014-09-01 22:00:00,1.31272,1.31271,1.31291,1.31289
2014-09-01 23:00:00,1.3129,1.31284,1.3131,1.31306
2014-09-02 00:00:00,1.31303,1.31291,1.31325,1.31307
2014-09-02 01:00:00,1.3131,1.31163,1.31314,1.31185
2014-09-02 02:00:00,1.31188,1.3118,1.31244,1.31215
2014-09-02 03:00:00,1.31219,1.31164,1.31235,1.31175
2014-09-02 04:00:00,1.31172,1.3114,1.31219,1.31199
2014-09-02 05:00:00,1.31194,1.3119,1.31244,1.31209
2014-09-02 06:00:00,1.31212,1.31196,1.31275,1.31256
2014-09-02 07:00:00,1.31253,1.31228,1.31364,1.31255
2014-09-02 08:00:00,1.31259,1.31147,1.3132,1.31156
2014-09-02 09:00:00,1.31159,1.31099,1.31191,1.31115
2014-09-02 10:00:00,1.31112,1.31098,1.31187,1.31176
2014-09-02 11:00:00,1.31172,1.3111,1.31172,1.31154
2014-09-02 12:00:00,1.31157,1.31123,1.31231,1.31226
2014-09-02 13:00:00,1.31226,1.31207,1.3127,1.31252
2014-09-02 14:00:00,1.31244,1.31145,1.31297,1.31216
2014-09-02 15:00:00,1.31219,1.3115,1.31289,1.31232
2014-09-02 16:00:00,1.31227,1.31221,1.31279,1.31246
2014-09-02 17:00:00,1.31249,1.31241,1.31334,1.3129
2014-09-02 18:00:00,1.31293,1.3122,1.31293,1.31257
2014-09-02 19:00:00,1.31254,1.31248,1.31335,1.31283
2014-09-02 20:00:00,1.31279,1.3127,1.31338,1.31315
2014-09-02 21:00:00,1.31325,1.31312,1.31326,1.31318
2014-09-02 22:00:00,1.3132,1.31314,1.31339,1.31325
2014-09-02 23:00:00,1.31328,1.31288,1.31345,1.31305
2014-09-03 00:00:00,1.313,1.31286,1.31343,1.31311
2014-09-03 01:00:00,1.31306,1.31279,1.31327,1.313
2014-09-03 02:00:00,1.31297,1.31297,1.31346,1.31322
2014-09-03 03:00:00,1.31325,1.31218,1.3134,1.31239
2014-09-03 04:00:00,1.31242,1.31225,1.31266,1.31243
2014-09-03 05:00:00,1.3124,1.31232,1.31323,1.31297
2014-09-03 06:00:00,1.31294,1.31275,1.31415,1.31335
2014-09-03 07:00:00,1.31331,1.3125,1.31388,1.31262
2014-09-03 08:00:00,1.31258,1.31254,1.31555,1.31398
2014-09-03 09:00:00,1.31403,1.31333,1.31461,1.31403
2014-09-03 10:00:00,1.31399,1.31399,1.31552,1.31489
2014-09-03 11:00:00,1.31485,1.3146,1.31595,1.3152
2014-09-03 12:00:00,1.31525,1.3146,1.31531,1.31512
2014-09-03 13:00:00,1.31512,1.314,1.31519,1.31446
2014-09-03 14:00:00,1.31439,1.31356,1.31497,1.31363
2014-09-03 15:00:00,1.31366,1.31319,1.314,1.31353
2014-09-03 16:00:00,1.31351,1.31333,1.31438,1.31409
2014-09-03 17:00:00,1.31412,1.3134,1.31449,1.31356
2014-09-03 18:00:00,1.3136,1.31349,1.31483,1.31438
2014-09-03 19:00:00,1.31442,1.3141,1.31491,1.31465
2014-09-03 20:00:00,1.31461,1.31458,1.31512,1.31484
2014-09-03 21:00:00,1.31485,1.31456,1.31495,1.3148
2014-09-03 22:00:00,1.31478,1.31472,1.31533,1.31509
2014-09-03 23:00:00,1.31506,1.31474,1.31506,1.31477
2014-09-04 00:00:00,1.31474,1.31447,1.31515,1.31453
2014-09-04 01:00:00,1.31456,1.31427,1.31491,1.31435
2014-09-04 02:00:00,1.31438,1.31438,1.31477,1.31462
2014-09-04 03:00:00,1.31458,1.31456,1.3149,1.31476
2014-09-04 04:00:00,1.31478,1.31458,1.31486,1.31462
2014-09-04 05:00:00,1.31464,1.31426,1.31472,1.31462
2014-09-04 06:00:00,1.31462,1.31378,1.31535,1.31397
2014-09-04 07:00:00,1.31394,1.31356,1.31426,1.31422
2014-09-04 08:00:00,1.31417,1.31403,1.31503,1.31461
2014-09-04 09:00:00,1.31457,1.31444,1.31502,1.31445
2014-09-04 10:00:00,1.31448,1.3119,1.31457,1.31279
2014-09-04 11:00:00,1.31281,1.30358,1.3139,1.30492
2014-09-04 12:00:00,1.30486,1.29947,1.30488,1.30233
2014-09-04 13:00:00,1.3023,1.30047,1.30289,1.30115
2014-09-04 14:00:00,1.30092,1.29549,1.30136,1.29655
2014-09-04 15:00:00,1.29658,1.29196,1.29731,1.29253
2014-09-04 16:00:00,1.29256,1.29243,1.29459,1.29459
2014-09-04 17:00:00,1.29461,1.29418,1.29567,1.29513
2014-09-04 18:00:00,1.29518,1.29353,1.29562,1.29357
2014-09-04 19:00:00,1.29361,1.29358,1.29486,1.29473
2014-09-04 20:00:00,1.29475,1.29384,1.29484,1.29414
2014-09-04 21:00:00,1.2944,1.29343,1.29447,1.29349
2014-09-04 22:00:00,1.29353,1.29336,1.29395,1.29353
2014-09-04 23:00:00,1.29351,1.29214,1.29396,1.29294
2014-09-05 00:00:00,1.29298,1.29244,1.29329,1.29324
2014-09-05 01:00:00,1.29327,1.293,1.29364,1.29361
2014-09-05 02:00:00,1.29358,1.29321,1.29381,1.29344
2014-09-05 03:00:00,1.29342,1.29315,1.29346,1.29321
2014-09-05 04:00:00,1.29323,1.29313,1.29358,1.29317
2014-09-05 05:00:00,1.2932,1.29295,1.29362,1.29354
2014-09-05 06:00:00,1.29351,1.29333,1.29439,1.29424
2014-09-05 07:00:00,1.2942,1.29326,1.29442,1.29371
2014-09-05 08:00:00,1.29369,1.29361,1.29527,1.29516
2014-09-05 09:00:00,1.29513,1.2951,1.29572,1.29543
2014-09-05 10:00:00,1.2954,1.29527,1.29637,1.29548
2014-09-05 11:00:00,1.29551,1.29498,1.29643,1.29511
2014-09-05 12:00:00,1.29513,1.29422,1.29857,1.29727
2014-09-05 13:00:00,1.29728,1.29573,1.29799,1.297
2014-09-05 14:00:00,1.29703,1.29559,1.29805,1.29574
2014-09-05 15:00:00,1.29577,1.29537,1.29658,1.29551
2014-09-05 16:00:00,1.29554,1.29442,1.29582,1.29503
2014-09-05 17:00:00,1.29506,1.29489,1.29567,1.29548
2014-09-05 18:00:00,1.29545,1.2954,1.29601,1.29562
2014-09-05 19:00:00,1.29565,1.295,1.29571,1.29503
2014-09-05 20:00:00,1.29506,1.29462,1.29541,1.29479
2014-09-07 21:00:00,1.29543,1.29491,1.29567,1.29541
2014-09-07 22:00:00,1.29536,1.29504,1.29575,1.29538
2014-09-07 23:00:00,1.29532,1.29483,1.29547,1.29514
2014-09-08 00:00:00,1.29511,1.29489,1.29547,1.29524
2014-09-08 01:00:00,1.29521,1.29492,1.29585,1.29545
2014-09-08 02:00:00,1.29548,1.29502,1.29557,1.29511
2014-09-08 03:00:00,1.29508,1.29383,1.29508,1.29392
2014-09-08 04:00:00,1.29388,1.29337,1.29412,1.29404
2014-09-08 05:00:00,1.29409,1.29311,1.29415,1.29359
2014-09-08 06:00:00,1.29364,1.29306,1.2941,1.29362
2014-09-08 07:00:00,1.29358,1.2933,1.29485,1.29421
2014-09-08 08:00:00,1.29417,1.29382,1.29506,1.29428
2014-09-08 09:00:00,1.29433,1.2941,1.29479,1.29451
2014-09-08 10:00:00,1.29447,1.29435,1.29514,1.29444
2014-09-08 11:00:00,1.29449,1.29438,1.29543,1.29473
2014-09-08 12:00:00,1.29476,1.2943,1.29567,1.29516
2014-09-08 13:00:00,1.29516,1.29334,1.29516,1.29391
2014-09-08 14:00:00,1.29394,1.29354,1.29506,1.29477
2014-09-08 15:00:00,1.29473,1.29382,1.295,1.29474
2014-09-08 16:00:00,1.29477,1.29319,1.2949,1.29335
2014-09-08 17:00:00,1.29331,1.28809,1.29342,1.29068
2014-09-08 18:00:00,1.29064,1.29,1.29086,1.29067
2014-09-08 19:00:00,1.29063,1.28913,1.29075,1.28988
2014-09-08 20:00:00,1.28983,1.2893,1.28986,1.2893
2014-09-08 21:00:00,1.28917,1.2891,1.28993,1.28993
2014-09-08 22:00:00,1.28991,1.28932,1.28996,1.28971
2014-09-08 23:00:00,1.28974,1.28889,1.28982,1.28905
2014-09-09 00:00:00,1.2891,1.28886,1.28966,1.28945
2014-09-09 01:00:00,1.2895,1.28919,1.28997,1.28921
2014-09-09 02:00:00,1.28923,1.28763,1.28968,1.28816
2014-09-09 03:00:00,1.28818,1.28661,1.28825,1.28733
2014-09-09 04:00:00,1.28737,1.28686,1.28762,1.28748
2014-09-09 05:00:00,1.28751,1.28751,1.28839,1.28827
2014-09-09 06:00:00,1.28824,1.2881,1.28941,1.2889
2014-09-09 07:00:00,1.28885,1.28706,1.2889,1.28754
2014-09-09 08:00:00,1.28752,1.28588,1.28756,1.28754
2014-09-09 09:00:00,1.28752,1.28741,1.28907,1.28851
2014-09-09 10:00:00,1.28848,1.28805,1.28947,1.28885
2014-09-09 11:00:00,1.2888,1.28835,1.28945,1.2889
2014-09-09 12:00:00,1.28892,1.28829,1.29079,1.28829
2014-09-09 13:00:00,1.28829,1.28728,1.28907,1.28815
2014-09-09 14:00:00,1.28819,1.28819,1.29183,1.29132
2014-09-09 15:00:00,1.29137,1.29079,1.2924,1.29084
2014-09-09 16:00:00,1.2908,1.2902,1.29265,1.29153
2014-09-09 17:00:00,1.29156,1.29125,1.29219,1.2915
2014-09-09 18:00:00,1.29148,1.2914,1.29206,1.29179
2014-09-09 19:00:00,1.29175,1.29136,1.29568,1.29487
2014-09-09 20:00:00,1.29484,1.29361,1.2949,1.29365
2014-09-09 21:00:00,1.2938,1.29363,1.29434,1.29398
2014-09-09 22:00:00,1.29397,1.29337,1.29397,1.29372
2014-09-09 23:00:00,1.29377,1.29336,1.29437,1.29404
2014-09-10 00:00:00,1.29401,1.29369,1.29512,1.29426
2014-09-10 01:00:00,1.29429,1.29384,1.29472,1.29391
2014-09-10 02:00:00,1.29388,1.29264,1.29398,1.29275
2014-09-10 03:00:00,1.29279,1.29265,1.29337,1.29269
2014-09-10 04:00:00,1.29265,1.2922,1.29311,1.29225
2014-09-10 05:00:00,1.29221,1.29221,1.2928,1.29276
2014-09-10 06:00:00,1.29273,1.29235,1.29479,1.29393
2014-09-10 07:00:00,1.29389,1.29236,1.29392,1.293
2014-09-10 08:00:00,1.29302,1.29245,1.29437,1.29426
2014-09-10 09:00:00,1.29428,1.29374,1.29622,1.29452
2014-09-10 10:00:00,1.29457,1.29427,1.29534,1.295
2014-09-10 11:00:00,1.29503,1.29297,1.29512,1.29311
2014-09-10 12:00:00,1.29316,1.28994,1.29341,1.29041
2014-09-10 13:00:00,1.29041,1.28964,1.29337,1.29267
2014-09-10 14:00:00,1.29263,1.29108,1.29329,1.29151
2014-09-10 15:00:00,1.29147,1.29004,1.29195,1.29069
2014-09-10 16:00:00,1.29072,1.2883,1.29105,1.29013
2014-09-10 17:00:00,1.29017,1.28947,1.29073,1.29064
2014-09-10 18:00:00,1.29067,1.29021,1.29154,1.29032
2014-09-10 19:00:00,1.29035,1.29018,1.29146,1.29142
2014-09-10 20:00:00,1.29137,1.29083,1.29188,1.2915
2014-09-10 21:00:00,1.29157,1.2913,1.29162,1.29157
2014-09-10 22:00:00,1.29162,1.29152,1.29232,1.29224
2014-09-10 23:00:00,1.29227,1.29153,1.29242,1.29161
2014-09-11 00:00:00,1.29164,1.29163,1.29238,1.2923
2014-09-11 01:00:00,1.29226,1.29095,1.29228,1.29104
2014-09-11 02:00:00,1.29101,1.29058,1.29129,1.29126
2014-09-11 03:00:00,1.29124,1.29119,1.29157,1.29135
2014-09-11 04:00:00,1.29138,1.2905,1.29145,1.29055
2014-09-11 05:00:00,1.29053,1.29016,1.29133,1.29051
2014-09-11 06:00:00,1.29055,1.28964,1.29154,1.29096
2014-09-11 07:00:00,1.29099,1.29044,1.29362,1.29345
2014-09-11 08:00:00,1.29349,1.29247,1.29391,1.29276
2014-09-11 09:00:00,1.29272,1.29206,1.2934,1.29212
2014-09-11 10:00:00,1.29214,1.29109,1.29257,1.29154
2014-09-11 11:00:00,1.29152,1.29148,1.29267,1.29267
2014-09-11 12:00:00,1.29263,1.29247,1.29504,1.29498
2014-09-11 13:00:00,1.29493,1.29286,1.29513,1.29314
2014-09-11 14:00:00,1.2931,1.29189,1.29514,1.29406
2014-09-11 15:00:00,1.29409,1.29296,1.29412,1.2935
2014-09-11 16:00:00,1.29348,1.29344,1.29441,1.29387
2014-09-11 17:00:00,1.2939,1.29217,1.29396,1.2926
2014-09-11 18:00:00,1.29263,1.29201,1.29348,1.29225
2014-09-11 19:00:00,1.2922,1.29147,1.29244,1.29166
2014-09-11 20:00:00,1.29171,1.29168,1.29234,1.29234
2014-09-11 21:00:00,1.29178,1.29161,1.29283,1.29221
2014-09-11 22:00:00,1.29225,1.29204,1.29253,1.29221
2014-09-11 23:00:00,1.29223,1.29201,1.29256,1.29218
2014-09-12 00:00:00,1.29221,1.29144,1.29242,1.29214
2014-09-12 01:00:00,1.29217,1.29136,1.29245,1.292
2014-09-12 02:00:00,1.29196,1.29169,1.29235,1.29169
2014-09-12 03:00:00,1.29164,1.29138,1.29215,1.29192
2014-09-12 04:00:00,1.29195,1.29142,1.29226,1.29201
2014-09-12 05:00:00,1.29199,1.29177,1.29249,1.2924
2014-09-12 06:00:00,1.29243,1.29191,1.29323,1.29235
2014-09-12 07:00:00,1.29233,1.2917,1.29287,1.29278
2014-09-12 08:00:00,1.29278,1.29174,1.2931,1.29239
2014-09-12 09:00:00,1.29236,1.29157,1.29315,1.29227
2014-09-12 10:00:00,1.29223,1.29199,1.29288,1.29281
2014-09-12 11:00:00,1.29283,1.29255,1.29391,1.29328
2014-09-12 12:00:00,1.2933,1.29217,1.29554,1.29407
2014-09-12 13:00:00,1.29407,1.29083,1.29422,1.29256
2014-09-12 14:00:00,1.2926,1.29257,1.29476,1.29368
2014-09-12 15:00:00,1.29363,1.29347,1.29622,1.29543
2014-09-12 16:00:00,1.29539,1.29504,1.29785,1.2973
2014-09-12 17:00:00,1.29735,1.29473,1.29768,1.29522
2014-09-12 18:00:00,1.29517,1.29412,1.29529,1.29476
2014-09-12 19:00:00,1.29473,1.29401,1.2951,1.29475
2014-09-12 20:00:00,1.29472,1.29469,1.29635,1.29612
2014-09-14 21:00:00,1.29707,1.29625,1.29707,1.2968
2014-09-14 22:00:00,1.29678,1.29615,1.29689,1.29617
2014-09-14 23:00:00,1.29615,1.29582,1.29618,1.29591
2014-09-15 00:00:00,1.29586,1.29493,1.29588,1.29554
2014-09-15 01:00:00,1.29552,1.29513,1.29678,1.29646
2014-09-15 02:00:00,1.29642,1.29626,1.29684,1.29645
2014-09-15 03:00:00,1.29642,1.29596,1.29662,1.2963
2014-09-15 04:00:00,1.29626,1.2953,1.29638,1.29569
2014-09-15 05:00:00,1.29564,1.29526,1.29624,1.29611
2014-09-15 06:00:00,1.29609,1.29493,1.29609,1.2953
2014-09-15 07:00:00,1.29525,1.29307,1.29529,1.29393
2014-09-15 08:00:00,1.29388,1.29154,1.2939,1.29196
2014-09-15 09:00:00,1.29202,1.2919,1.29287,1.29227
2014-09-15 10:00:00,1.29225,1.29159,1.29251,1.29217
2014-09-15 11:00:00,1.29221,1.29151,1.29254,1.2922
2014-09-15 12:00:00,1.29222,1.29083,1.29234,1.29178
2014-09-15 13:00:00,1.29178,1.29157,1.29469,1.29466
2014-09-15 14:00:00,1.29463,1.29316,1.29506,1.29376
2014-09-15 15:00:00,1.29379,1.29379,1.29502,1.29497
2014-09-15 16:00:00,1.29494,1.29285,1.29508,1.29317
2014-09-15 17:00:00,1.29319,1.29319,1.29439,1.29384
2014-09-15 18:00:00,1.29381,1.2934,1.29443,1.29344
2014-09-15 19:00:00,1.29341,1.29298,1.29443,1.29387
2014-09-15 20:00:00,1.29385,1.29353,1.29408,1.29381
2014-09-15 21:00:00,1.29398,1.29363,1.29427,1.29399
2014-09-15 22:00:00,1.29398,1.29353,1.29398,1.29376
2014-09-15 23:00:00,1.29375,1.29368,1.2939,1.2938
2014-09-16 00:00:00,1.29377,1.2937,1.29456,1.29405
2014-09-16 01:00:00,1.29402,1.29388,1.29596,1.29526
2014-09-16 02:00:00,1.29529,1.29464,1.29529,1.29496
2014-09-16 03:00:00,1.29493,1.29415,1.295,1.29417
2014-09-16 04:00:00,1.29422,1.2936,1.29429,1.29384
2014-09-16 05:00:00,1.29389,1.29358,1.29427,1.29362
2014-09-16 06:00:00,1.29358,1.29217,1.29377,1.29275
2014-09-16 07:00:00,1.29278,1.29262,1.29421,1.29421
2014-09-16 08:00:00,1.29419,1.29378,1.29476,1.29446
2014-09-16 09:00:00,1.29459,1.29376,1.29552,1.29489
2014-09-16 10:00:00,1.29493,1.294,1.29663,1.29437
2014-09-16 11:00:00,1.29433,1.29389,1.29487,1.29454
2014-09-16 12:00:00,1.29451,1.29407,1.2954,1.29423
2014-09-16 13:00:00,1.2942,1.29397,1.29513,1.29459
2014-09-16 14:00:00,1.29463,1.29365,1.29508,1.29414
2014-09-16 15:00:00,1.29409,1.29349,1.29781,1.29742
2014-09-16 16:00:00,1.29752,1.29586,1.29947,1.29643
2014-09-16 17:00:00,1.29645,1.29563,1.29717,1.29696
2014-09-16 18:00:00,1.29693,1.29574,1.29706,1.29586
2014-09-16 19:00:00,1.29589,1.29574,1.29637,1.29582
2014-09-16 20:00:00,1.29585,1.2955,1.29602,1.29583
2014-09-16 21:00:00,1.29628,1.29558,1.29633,1.29569
2014-09-16 22:00:00,1.29572,1.29481,1.29575,1.29496
2014-09-16 23:00:00,1.29502,1.29499,1.29588,1.29573
2014-09-17 00:00:00,1.29578,1.29524,1.29584,1.29555
2014-09-17 01:00:00,1.29552,1.29488,1.29559,1.29518
2014-09-17 02:00:00,1.2952,1.295,1.29562,1.29526
2014-09-17 03:00:00,1.2953,1.29488,1.29554,1.29507
2014-09-17 04:00:00,1.29511,1.2949,1.29529,1.29498
2014-09-17 05:00:00,1.29502,1.29469,1.29511,1.29479
2014-09-17 06:00:00,1.29477,1.29446,1.29567,1.29483
2014-09-17 07:00:00,1.29485,1.29428,1.29611,1.29592
2014-09-17 08:00:00,1.29589,1.2954,1.29661,1.29568
2014-09-17 09:00:00,1.29573,1.29527,1.29635,1.2959
2014-09-17 10:00:00,1.29595,1.29529,1.29703,1.29562
2014-09-17 11:00:00,1.29566,1.29521,1.29582,1.29559
2014-09-17 12:00:00,1.29561,1.29543,1.29808,1.29699
2014-09-17 13:00:00,1.29699,1.29517,1.29728,1.29654
2014-09-17 14:00:00,1.2965,1.29531,1.29694,1.2959
2014-09-17 15:00:00,1.29586,1.29372,1.2959,1.2957
2014-09-17 16:00:00,1.29566,1.29506,1.29642,1.2951
2014-09-17 17:00:00,1.29512,1.29512,1.29646,1.29591
2014-09-17 18:00:00,1.29588,1.28964,1.29751,1.29165
2014-09-17 19:00:00,1.29167,1.28514,1.29277,1.28747
2014-09-17 20:00:00,1.28744,1.28623,1.28764,1.28627
2014-09-17 21:00:00,1.28635,1.28335,1.2865,1.28442
2014-09-17 22:00:00,1.28444,1.28371,1.28489,1.2838
2014-09-17 23:00:00,1.28383,1.28338,1.28487,1.28484
2014-09-18 00:00:00,1.28483,1.28483,1.28575,1.28549
2014-09-18 01:00:00,1.28551,1.28528,1.28642,1.28635
2014-09-18 02:00:00,1.28632,1.28612,1.28723,1.28686
2014-09-18 03:00:00,1.28684,1.28632,1.28728,1.28644
2014-09-18 04:00:00,1.28646,1.28581,1.28652,1.28583
2014-09-18 05:00:00,1.28585,1.2853,1.28676,1.28671
2014-09-18 06:00:00,1.28665,1.28632,1.28834,1.28804
2014-09-18 07:00:00,1.28801,1.28685,1.2888,1.2887
2014-09-18 08:00:00,1.28865,1.2881,1.28954,1.28887
2014-09-18 09:00:00,1.28889,1.28717,1.29059,1.28717
2014-09-18 10:00:00,1.28719,1.28692,1.28804,1.28759
2014-09-18 11:00:00,1.28762,1.28732,1.28858,1.28753
2014-09-18 12:00:00,1.28757,1.28556,1.28877,1.28854
2014-09-18 13:00:00,1.28855,1.28837,1.29018,1.289
2014-09-18 14:00:00,1.28892,1.28859,1.29231,1.29204
2014-09-18 15:00:00,1.292,1.29055,1.29285,1.29117
2014-09-18 16:00:00,1.29123,1.29119,1.29234,1.29223
2014-09-18 17:00:00,1.29228,1.29082,1.29228,1.29133
2014-09-18 18:00:00,1.29136,1.29101,1.29181,1.29153
2014-09-18 19:00:00,1.29156,1.29141,1.29202,1.29167
2014-09-18 20:00:00,1.29169,1.29166,1.29297,1.29205
2014-09-18 21:00:00,1.29223,1.29101,1.29246,1.29154
2014-09-18 22:00:00,1.29154,1.29106,1.29194,1.29165
2014-09-18 23:00:00,1.29171,1.29153,1.29205,1.29199
2014-09-19 00:00:00,1.29196,1.29008,1.29206,1.2911
2014-09-19 01:00:00,1.29114,1.28965,1.29155,1.29105
2014-09-19 02:00:00,1.29103,1.29053,1.29164,1.29158
2014-09-19 03:00:00,1.29155,1.29149,1.29252,1.29192
2014-09-19 04:00:00,1.29188,1.29147,1.29283,1.29174
2014-09-19 05:00:00,1.29171,1.29008,1.29171,1.29013
2014-09-19 06:00:00,1.29009,1.28846,1.29084,1.28893
2014-09-19 07:00:00,1.28891,1.28871,1.29028,1.28902
2014-09-19 08:00:00,1.28897,1.28663,1.28936,1.28763
2014-09-19 09:00:00,1.28761,1.28677,1.2886,1.2881
2014-09-19 10:00:00,1.28809,1.28612,1.28812,1.2863
2014-09-19 11:00:00,1.28635,1.28523,1.28675,1.28583
2014-09-19 12:00:00,1.28577,1.28458,1.28768,1.28679
2014-09-19 13:00:00,1.2868,1.2841,1.28707,1.28525
2014-09-19 14:00:00,1.28529,1.28303,1.2856,1.28401
2014-09-19 15:00:00,1.28397,1.28326,1.28535,1.28348
2014-09-19 16:00:00,1.28352,1.28312,1.28402,1.28325
2014-09-19 17:00:00,1.28328,1.28318,1.28442,1.28422
2014-09-19 18:00:00,1.28424,1.2833,1.2843,1.28346
2014-09-19 19:00:00,1.28348,1.28312,1.28374,1.28362
2014-09-19 20:00:00,1.28362,1.28265,1.28362,1.28284
2014-09-21 21:00:00,1.28319,1.28249,1.28324,1.28268
2014-09-21 22:00:00,1.28269,1.28257,1.28357,1.28349
2014-09-21 23:00:00,1.28347,1.28347,1.28438,1.28391
2014-09-22 00:00:00,1.28388,1.28388,1.2849,1.2849
2014-09-22 01:00:00,1.28494,1.28418,1.28514,1.28508
2014-09-22 02:00:00,1.28505,1.28499,1.2858,1.28574
2014-09-22 03:00:00,1.28578,1.28578,1.28674,1.28596
2014-09-22 04:00:00,1.28601,1.28592,1.28643,1.2861
2014-09-22 05:00:00,1.28605,1.28578,1.28665,1.28648
2014-09-22 06:00:00,1.28644,1.28562,1.28664,1.2863
2014-09-22 07:00:00,1.28631,1.28525,1.28663,1.28535
2014-09-22 08:00:00,1.28541,1.28452,1.28566,1.28455
2014-09-22 09:00:00,1.28452,1.28425,1.2855,1.28539
2014-09-22 10:00:00,1.28537,1.2833,1.28557,1.28379
2014-09-22 11:00:00,1.28382,1.28382,1.28463,1.2846
2014-09-22 12:00:00,1.28464,1.28416,1.28561,1.28539
2014-09-22 13:00:00,1.2854,1.28348,1.28554,1.28391
2014-09-22 14:00:00,1.28394,1.28205,1.28494,1.28212
2014-09-22 15:00:00,1.28208,1.28157,1.2834,1.28279
2014-09-22 16:00:00,1.28283,1.28235,1.28375,1.28316
2014-09-22 17:00:00,1.2832,1.28231,1.28328,1.28302
2014-09-22 18:00:00,1.28299,1.28296,1.28402,1.28344
2014-09-22 19:00:00,1.28346,1.28341,1.28498,1.28489
2014-09-22 20:00:00,1.28485,1.2844,1.28506,1.28474
2014-09-22 21:00:00,1.28457,1.28414,1.28479,1.28454
2014-09-22 22:00:00,1.28459,1.28444,1.2849,1.28479
2014-09-22 23:00:00,1.2848,1.28477,1.28514,1.28498
2014-09-23 00:00:00,1.28496,1.28458,1.28514,1.28505
2014-09-23 01:00:00,1.28508,1.28501,1.28631,1.28526
2014-09-23 02:00:00,1.28521,1.28478,1.28571,1.2852
2014-09-23 03:00:00,1.28517,1.28502,1.28559,1.28512
2014-09-23 04:00:00,1.2851,1.28484,1.28531,1.28508
2014-09-23 05:00:00,1.28511,1.28477,1.28527,1.28495
2014-09-23 06:00:00,1.28492,1.2842,1.28516,1.28471
2014-09-23 07:00:00,1.28473,1.2847,1.28657,1.28571
2014-09-23 08:00:00,1.28566,1.28522,1.28848,1.28815
2014-09-23 09:00:00,1.28812,1.28729,1.28944,1.28901
2014-09-23 10:00:00,1.28904,1.28785,1.28953,1.28836
2014-09-23 11:00:00,1.28839,1.28833,1.29008,1.28995
2014-09-23 12:00:00,1.28992,1.28744,1.28996,1.28817
2014-09-23 13:00:00,1.28818,1.28769,1.28907,1.28793
2014-09-23 14:00:00,1.28797,1.28541,1.28843,1.28631
2014-09-23 15:00:00,1.28628,1.28551,1.28666,1.28573
2014-09-23 16:00:00,1.28577,1.28445,1.28584,1.28468
2014-09-23 17:00:00,1.28471,1.28471,1.28582,1.28527
2014-09-23 18:00:00,1.28525,1.28525,1.28596,1.28572
2014-09-23 19:00:00,1.28569,1.28535,1.28596,1.28564
2014-09-23 20:00:00,1.28561,1.28451,1.28582,1.28451
2014-09-23 21:00:00,1.28456,1.28443,1.28501,1.28478
2014-09-23 22:00:00,1.28475,1.28418,1.2849,1.2846
2014-09-23 23:00:00,1.28459,1.28389,1.28516,1.28485
2014-09-24 00:00:00,1.28482,1.28478,1.28548,1.28493
2014-09-24 01:00:00,1.28495,1.28459,1.28541,1.28529
2014-09-24 02:00:00,1.28533,1.28497,1.28574,1.2854
2014-09-24 03:00:00,1.28535,1.28512,1.28573,1.28562
2014-09-24 04:00:00,1.28559,1.28528,1.28574,1.28528
2014-09-24 05:00:00,1.28531,1.28459,1.28543,1.2847
2014-09-24 06:00:00,1.28474,1.2839,1.28516,1.28514
2014-09-24 07:00:00,1.28516,1.28459,1.28633,1.28582
2014-09-24 08:00:00,1.28575,1.28435,1.28582,1.28455
2014-09-24 09:00:00,1.28458,1.28402,1.28505,1.28485
2014-09-24 10:00:00,1.28481,1.2842,1.28506,1.28425
2014-09-24 11:00:00,1.28426,1.28262,1.28437,1.28352
2014-09-24 12:00:00,1.28348,1.28226,1.28351,1.28266
2014-09-24 13:00:00,1.28268,1.27841,1.28272,1.27862
2014-09-24 14:00:00,1.27856,1.27736,1.27989,1.27968
2014-09-24 15:00:00,1.27971,1.27811,1.28006,1.27859
2014-09-24 16:00:00,1.27862,1.27799,1.2791,1.27861
2014-09-24 17:00:00,1.27857,1.27829,1.279,1.27832
2014-09-24 18:00:00,1.27829,1.27779,1.27839,1.27801
2014-09-24 19:00:00,1.27799,1.2778,1.27858,1.27821
2014-09-24 20:00:00,1.27825,1.27773,1.27835,1.27784
2014-09-24 21:00:00,1.27791,1.2776,1.27804,1.27773
2014-09-24 22:00:00,1.27775,1.27748,1.27797,1.27753
2014-09-24 23:00:00,1.27757,1.27746,1.27784,1.27766
2014-09-25 00:00:00,1.27769,1.2774,1.27802,1.27802
2014-09-25 01:00:00,1.278,1.27773,1.27828,1.27817
2014-09-25 02:00:00,1.27815,1.27743,1.27818,1.27774
2014-09-25 03:00:00,1.2777,1.27635,1.2777,1.27663
2014-09-25 04:00:00,1.27661,1.27643,1.27686,1.27659
2014-09-25 05:00:00,1.27656,1.27621,1.27683,1.27652
2014-09-25 06:00:00,1.27656,1.27299,1.27682,1.27364
2014-09-25 07:00:00,1.27359,1.27152,1.27533,1.27157
2014-09-25 08:00:00,1.27153,1.26958,1.27249,1.27245
2014-09-25 09:00:00,1.27248,1.27216,1.27351,1.27301
2014-09-25 10:00:00,1.27304,1.27151,1.27326,1.27232
2014-09-25 11:00:00,1.27228,1.2707,1.27237,1.27187
2014-09-25 12:00:00,1.27191,1.27091,1.2729,1.27273
2014-09-25 13:00:00,1.27274,1.27092,1.27385,1.27321
2014-09-25 14:00:00,1.27324,1.273,1.27641,1.2746
2014-09-25 15:00:00,1.27455,1.27242,1.27489,1.27474
2014-09-25 16:00:00,1.27478,1.27366,1.27494,1.274
2014-09-25 17:00:00,1.27404,1.27342,1.27484,1.27441
2014-09-25 18:00:00,1.27444,1.27444,1.27574,1.27474
2014-09-25 19:00:00,1.27467,1.2744,1.27502,1.27454
2014-09-25 20:00:00,1.27448,1.27399,1.27507,1.27488
2014-09-25 21:00:00,1.27476,1.27466,1.2752,1.27511
2014-09-25 22:00:00,1.27504,1.27495,1.27575,1.27563
2014-09-25 23:00:00,1.27565,1.27543,1.27603,1.27547
2014-09-26 00:00:00,1.27545,1.27527,1.27595,1.27573
2014-09-26 01:00:00,1.27576,1.27505,1.27576,1.27507
2014-09-26 02:00:00,1.27511,1.27397,1.27537,1.27454
2014-09-26 03:00:00,1.27458,1.27436,1.2749,1.27468
2014-09-26 04:00:00,1.27464,1.27421,1.27498,1.27438
2014-09-26 05:00:00,1.27441,1.27371,1.27486,1.27413
2014-09-26 06:00:00,1.2741,1.27272,1.27458,1.27414
2014-09-26 07:00:00,1.27409,1.27374,1.27561,1.27463
2014-09-26 08:00:00,1.27465,1.27407,1.27549,1.27477
2014-09-26 09:00:00,1.27474,1.27416,1.275,1.27456
2014-09-26 10:00:00,1.27452,1.27407,1.27476,1.27425
2014-09-26 11:00:00,1.2743,1.27245,1.27438,1.27316
2014-09-26 12:00:00,1.27312,1.27103,1.27396,1.27136
2014-09-26 13:00:00,1.27132,1.26884,1.27282,1.26967
2014-09-26 14:00:00,1.26966,1.26776,1.27031,1.26955
2014-09-26 15:00:00,1.26951,1.26816,1.2701,1.26853
2014-09-26 16:00:00,1.2685,1.26806,1.26901,1.2689
2014-09-26 17:00:00,1.26894,1.26843,1.26926,1.26845
2014-09-26 18:00:00,1.26849,1.26762,1.26849,1.2682
2014-09-26 19:00:00,1.26818,1.26766,1.26835,1.26826
2014-09-26 20:00:00,1.26824,1.26801,1.26856,1.26815
2014-09-28 21:00:00,1.26796,1.26753,1.26832,1.26808
2014-09-28 22:00:00,1.26806,1.26655,1.26806,1.26708
2014-09-28 23:00:00,1.26707,1.26685,1.26764,1.2675
2014-09-29 00:00:00,1.26746,1.2674,1.26869,1.26811
2014-09-29 01:00:00,1.26815,1.26725,1.2686,1.26805
2014-09-29 02:00:00,1.26809,1.2673,1.26821,1.26774
2014-09-29 03:00:00,1.2677,1.2676,1.26804,1.26787
2014-09-29 04:00:00,1.26784,1.2672,1.26791,1.2672
2014-09-29 05:00:00,1.26724,1.2663,1.26741,1.26679
2014-09-29 06:00:00,1.26675,1.26671,1.26914,1.26888
2014-09-29 07:00:00,1.26892,1.26753,1.26972,1.26757
2014-09-29 08:00:00,1.26757,1.26739,1.26899,1.26741
2014-09-29 09:00:00,1.26743,1.26688,1.26805,1.26775
2014-09-29 10:00:00,1.26772,1.26762,1.26884,1.26842
2014-09-29 11:00:00,1.26846,1.26843,1.27071,1.27033
2014-09-29 12:00:00,1.27037,1.2692,1.27144,1.27101
2014-09-29 13:00:00,1.27105,1.26985,1.2714,1.27029
2014-09-29 14:00:00,1.27032,1.26773,1.27083,1.26842
2014-09-29 15:00:00,1.26845,1.26836,1.27115,1.2703
2014-09-29 16:00:00,1.27032,1.26963,1.27052,1.2697
2014-09-29 17:00:00,1.26969,1.26811,1.26982,1.26862
2014-09-29 18:00:00,1.26862,1.26842,1.26925,1.26919
2014-09-29 19:00:00,1.26915,1.26887,1.26917,1.26893
2014-09-29 20:00:00,1.26896,1.26826,1.269,1.2683
2014-09-29 21:00:00,1.26852,1.26838,1.26898,1.2688
2014-09-29 22:00:00,1.26885,1.26865,1.26904,1.26901
2014-09-29 23:00:00,1.26901,1.26879,1.2691,1.26896
2014-09-30 00:00:00,1.26895,1.26809,1.26897,1.26831
2014-09-30 01:00:00,1.26834,1.26817,1.26894,1.26843
2014-09-30 02:00:00,1.26845,1.26839,1.26938,1.26927
2014-09-30 03:00:00,1.26923,1.26899,1.2702,1.26928
2014-09-30 04:00:00,1.26924,1.26889,1.26955,1.26928
2014-09-30 05:00:00,1.2693,1.26844,1.26946,1.26869
2014-09-30 06:00:00,1.26873,1.26865,1.27018,1.26898
2014-09-30 07:00:00,1.26902,1.26811,1.26941,1.26845
2014-09-30 08:00:00,1.26843,1.26526,1.26858,1.26577
2014-09-30 09:00:00,1.26571,1.25896,1.26574,1.25971
2014-09-30 10:00:00,1.25969,1.25897,1.26093,1.25922
2014-09-30 11:00:00,1.2592,1.25709,1.25984,1.2588
2014-09-30 12:00:00,1.25876,1.25765,1.26028,1.25951
2014-09-30 13:00:00,1.25952,1.25896,1.2626,1.2607
2014-09-30 14:00:00,1.26079,1.26076,1.26342,1.26334
2014-09-30 15:00:00,1.26331,1.26129,1.26334,1.26273
2014-09-30 16:00:00,1.26269,1.2617,1.26284,1.2628
2014-09-30 17:00:00,1.26274,1.26242,1.26336,1.26267
2014-09-30 18:00:00,1.26269,1.26263,1.26341,1.26292
2014-09-30 19:00:00,1.26296,1.26259,1.26319,1.26289
2014-09-30 20:00:00,1.26292,1.2628,1.26316,1.26288
2014-09-30 21:00:00,1.26268,1.26262,1.26311,1.26295
2014-09-30 22:00:00,1.26292,1.26248,1.26297,1.2629
2014-09-30 23:00:00,1.26288,1.26244,1.26297,1.26275
2014-10-01 00:00:00,1.2628,1.26195,1.26319,1.26208
2014-10-01 01:00:00,1.26212,1.26102,1.2623,1.26143
2014-10-01 02:00:00,1.26145,1.26072,1.26186,1.2611
2014-10-01 03:00:00,1.26113,1.26093,1.26183,1.26162
2014-10-01 04:00:00,1.26165,1.26111,1.26204,1.26122
2014-10-01 05:00:00,1.26125,1.26125,1.26234,1.2622
2014-10-01 06:00:00,1.26217,1.2618,1.26299,1.2619
2014-10-01 07:00:00,1.26186,1.2593,1.2625,1.25957
2014-10-01 08:00:00,1.25952,1.2585,1.26013,1.26003
2014-10-01 09:00:00,1.25999,1.25982,1.26158,1.2612
2014-10-01 10:00:00,1.26117,1.25914,1.26155,1.2595
2014-10-01 11:00:00,1.25955,1.25841,1.25985,1.2594
2014-10-01 12:00:00,1.25945,1.25828,1.26181,1.26135
2014-10-01 13:00:00,1.26139,1.2602,1.26159,1.26144
2014-10-01 14:00:00,1.26148,1.25896,1.26392,1.25941
2014-10-01 15:00:00,1.25935,1.25901,1.26227,1.26164
2014-10-01 16:00:00,1.26161,1.26049,1.26214,1.26084
2014-10-01 17:00:00,1.26086,1.26026,1.26159,1.26078
2014-10-01 18:00:00,1.26081,1.26054,1.26134,1.26062
2014-10-01 19:00:00,1.26057,1.26047,1.2617,1.26158
2014-10-01 20:00:00,1.26162,1.2614,1.26247,1.26219
2014-10-01 21:00:00,1.26169,1.26152,1.26194,1.26175
2014-10-01 22:00:00,1.26179,1.26148,1.26218,1.26211
2014-10-01 23:00:00,1.26214,1.26204,1.26292,1.2621
2014-10-02 00:00:00,1.26211,1.2619,1.26282,1.26218
2014-10-02 01:00:00,1.2622,1.26214,1.2629,1.26223
2014-10-02 02:00:00,1.26226,1.26211,1.26468,1.26468
2014-10-02 03:00:00,1.26468,1.26426,1.26737,1.2659
2014-10-02 04:00:00,1.26586,1.2652,1.26626,1.26584
2014-10-02 05:00:00,1.26587,1.26432,1.26607,1.26449
2014-10-02 06:00:00,1.26446,1.26211,1.26465,1.26296
2014-10-02 07:00:00,1.26299,1.26132,1.26344,1.26247
2014-10-02 08:00:00,1.26246,1.26162,1.265,1.26441
2014-10-02 09:00:00,1.26441,1.26269,1.26451,1.26366
2014-10-02 10:00:00,1.26365,1.26257,1.26438,1.26369
2014-10-02 11:00:00,1.26374,1.26287,1.26442,1.26299
2014-10-02 12:00:00,1.26296,1.26131,1.26635,1.26592
2014-10-02 13:00:00,1.26595,1.26497,1.2691,1.26558
2014-10-02 14:00:00,1.26564,1.26241,1.26628,1.26524
2014-10-02 15:00:00,1.26527,1.26405,1.26705,1.26692
2014-10-02 16:00:00,1.26688,1.26539,1.26795,1.26751
2014-10-02 17:00:00,1.26754,1.26674,1.2681,1.26773
2014-10-02 18:00:00,1.26777,1.26726,1.26983,1.26738
2014-10-02 19:00:00,1.26735,1.26623,1.26739,1.26629
2014-10-02 20:00:00,1.26627,1.26621,1.26694,1.26665
2014-10-02 21:00:00,1.2667,1.26659,1.26742,1.2669
2014-10-02 22:00:00,1.26692,1.26668,1.26712,1.26696
2014-10-02 23:00:00,1.26697,1.26675,1.26711,1.26677
2014-10-03 00:00:00,1.26678,1.26546,1.26683,1.26586
2014-10-03 01:00:00,1.26588,1.26537,1.26628,1.26567
2014-10-03 02:00:00,1.2657,1.26524,1.26603,1.26566
2014-10-03 03:00:00,1.26563,1.26517,1.26586,1.26549
2014-10-03 04:00:00,1.26545,1.26534,1.26575,1.26567
2014-10-03 05:00:00,1.26565,1.26475,1.26565,1.26486
2014-10-03 06:00:00,1.2648,1.26402,1.26495,1.26436
2014-10-03 07:00:00,1.26432,1.26417,1.26516,1.26421
2014-10-03 08:00:00,1.26421,1.26256,1.26446,1.26298
2014-10-03 09:00:00,1.26302,1.26201,1.26336,1.26205
2014-10-03 10:00:00,1.26208,1.26109,1.26211,1.26184
2014-10-03 11:00:00,1.26189,1.26119,1.26253,1.26143
2014-10-03 12:00:00,1.2614,1.25144,1.26175,1.25391
2014-10-03 13:00:00,1.25389,1.25123,1.25488,1.25198
2014-10-03 14:00:00,1.25189,1.25,1.25199,1.25106
2014-10-03 15:00:00,1.25103,1.25047,1.25228,1.25155
2014-10-03 16:00:00,1.25153,1.25032,1.25174,1.2512
2014-10-03 17:00:00,1.25123,1.25086,1.25147,1.2514
2014-10-03 18:00:00,1.25138,1.25071,1.25164,1.25079
2014-10-03 19:00:00,1.25073,1.25073,1.25114,1.25108
2014-10-03 20:00:00,1.25108,1.25092,1.25171,1.25116
2014-10-05 21:00:00,1.25107,1.25089,1.2514,1.25105
2014-10-05 22:00:00,1.25106,1.25086,1.25129,1.25091
2014-10-05 23:00:00,1.25096,1.25079,1.25132,1.25121
2014-10-06 00:00:00,1.25125,1.25113,1.25195,1.2516
2014-10-06 01:00:00,1.25157,1.25148,1.25204,1.25153
2014-10-06 02:00:00,1.25156,1.25142,1.25181,1.25164
2014-10-06 03:00:00,1.25168,1.25152,1.25181,1.2518
2014-10-06 04:00:00,1.25177,1.25153,1.25189,1.25182
2014-10-06 05:00:00,1.25178,1.2517,1.25227,1.25185
2014-10-06 06:00:00,1.25182,1.25133,1.25334,1.2529
2014-10-06 07:00:00,1.25292,1.25282,1.25384,1.25371
2014-10-06 08:00:00,1.25371,1.25329,1.2546,1.25459
2014-10-06 09:00:00,1.25461,1.25378,1.25488,1.25432
2014-10-06 10:00:00,1.25428,1.25413,1.25581,1.25515
2014-10-06 11:00:00,1.25519,1.25516,1.25667,1.25665
2014-10-06 12:00:00,1.25661,1.25455,1.25693,1.25541
2014-10-06 13:00:00,1.25537,1.2542,1.2559,1.25577
2014-10-06 14:00:00,1.25579,1.25556,1.25763,1.25681
2014-10-06 15:00:00,1.25684,1.25635,1.25943,1.25914
2014-10-06 16:00:00,1.25916,1.25727,1.25961,1.25948
2014-10-06 17:00:00,1.25951,1.25896,1.26062,1.25959
2014-10-06 18:00:00,1.2596,1.2596,1.26516,1.26254
2014-10-06 19:00:00,1.2625,1.26188,1.26742,1.2643
2014-10-06 20:00:00,1.26429,1.2642,1.26587,1.26534
2014-10-06 21:00:00,1.2653,1.26438,1.26608,1.26524
2014-10-06 22:00:00,1.26526,1.26494,1.26566,1.2653
2014-10-06 23:00:00,1.26527,1.26429,1.26534,1.26429
2014-10-07 00:00:00,1.26425,1.26256,1.26443,1.26256
2014-10-07 01:00:00,1.26259,1.26093,1.2627,1.26168
2014-10-07 02:00:00,1.26171,1.26047,1.26189,1.26141
2014-10-07 03:00:00,1.26138,1.26089,1.26227,1.26177
2014-10-07 04:00:00,1.26174,1.26116,1.2628,1.26208
2014-10-07 05:00:00,1.26205,1.26168,1.26341,1.26179
2014-10-07 06:00:00,1.26172,1.26067,1.26344,1.26307
2014-10-07 07:00:00,1.26305,1.26283,1.2664,1.26391
2014-10-07 08:00:00,1.26395,1.26144,1.26419,1.26328
2014-10-07 09:00:00,1.26331,1.25922,1.26342,1.25961
2014-10-07 10:00:00,1.25958,1.25831,1.26029,1.25939
2014-10-07 11:00:00,1.25933,1.25867,1.26163,1.2611
2014-10-07 12:00:00,1.26113,1.26026,1.26284,1.26147
2014-10-07 13:00:00,1.26143,1.26113,1.26546,1.26405
2014-10-07 14:00:00,1.26402,1.26141,1.26424,1.26287
2014-10-07 15:00:00,1.26287,1.26175,1.26341,1.26251
2014-10-07 16:00:00,1.26255,1.26255,1.26607,1.26515
2014-10-07 17:00:00,1.26511,1.26308,1.26561,1.26421
2014-10-07 18:00:00,1.26423,1.26423,1.26637,1.26628
2014-10-07 19:00:00,1.2663,1.2654,1.26813,1.26608
2014-10-07 20:00:00,1.26613,1.26603,1.26725,1.26672
2014-10-07 21:00:00,1.26672,1.26606,1.26697,1.26638
2014-10-07 22:00:00,1.26643,1.26619,1.26683,1.26683
2014-10-07 23:00:00,1.2668,1.2664,1.26825,1.26643
2014-10-08 00:00:00,1.26644,1.26451,1.26649,1.2652
2014-10-08 01:00:00,1.26523,1.26385,1.2653,1.26485
2014-10-08 02:00:00,1.2648,1.26289,1.26505,1.26305
2014-10-08 03:00:00,1.26301,1.26274,1.26356,1.2635
2014-10-08 04:00:00,1.26354,1.26316,1.26387,1.26324
2014-10-08 05:00:00,1.26325,1.26268,1.26336,1.26308
2014-10-08 06:00:00,1.26307,1.26223,1.26372,1.26368
2014-10-08 07:00:00,1.26364,1.26347,1.26564,1.26525
2014-10-08 08:00:00,1.26523,1.26445,1.2667,1.26643
2014-10-08 09:00:00,1.26645,1.26539,1.26839,1.26563
2014-10-08 10:00:00,1.26565,1.26561,1.26669,1.2661
2014-10-08 11:00:00,1.26612,1.26453,1.26663,1.26486
2014-10-08 12:00:00,1.26483,1.26404,1.26745,1.26678
2014-10-08 13:00:00,1.2668,1.26624,1.26793,1.2671
2014-10-08 14:00:00,1.26705,1.26575,1.26915,1.26859
2014-10-08 15:00:00,1.26855,1.26711,1.26907,1.26825
2014-10-08 16:00:00,1.26822,1.26731,1.26879,1.26772
2014-10-08 17:00:00,1.26773,1.26516,1.26791,1.26561
2014-10-08 18:00:00,1.26553,1.26552,1.27485,1.27308
2014-10-08 19:00:00,1.27314,1.27131,1.27485,1.27406
2014-10-08 20:00:00,1.2741,1.27313,1.27432,1.27329
2014-10-08 21:00:00,1.27339,1.27288,1.27371,1.27297
2014-10-08 22:00:00,1.27291,1.27265,1.27326,1.27287
2014-10-08 23:00:00,1.27289,1.27286,1.27541,1.27402
2014-10-09 00:00:00,1.27397,1.27188,1.27401,1.27346
2014-10-09 01:00:00,1.27343,1.27223,1.27435,1.27339
2014-10-09 02:00:00,1.27342,1.27246,1.27406,1.27291
2014-10-09 03:00:00,1.27288,1.27253,1.27512,1.27427
2014-10-09 04:00:00,1.27431,1.27431,1.27591,1.27492
2014-10-09 05:00:00,1.27496,1.27377,1.2751,1.27383
2014-10-09 06:00:00,1.27381,1.27305,1.27673,1.27613
2014-10-09 07:00:00,1.27611,1.27511,1.27908,1.27843
2014-10-09 08:00:00,1.27841,1.27583,1.27885,1.27598
2014-10-09 09:00:00,1.276,1.27511,1.27715,1.27604
2014-10-09 10:00:00,1.27601,1.27505,1.27666,1.27607
2014-10-09 11:00:00,1.27606,1.27597,1.27841,1.27685
2014-10-09 12:00:00,1.27687,1.27182,1.27766,1.27317
2014-10-09 13:00:00,1.27315,1.2703,1.2732,1.27232
2014-10-09 14:00:00,1.2723,1.27089,1.2732,1.27117
2014-10-09 15:00:00,1.27115,1.26742,1.2722,1.2682
2014-10-09 16:00:00,1.26822,1.26628,1.26884,1.26858
2014-10-09 17:00:00,1.26856,1.26746,1.26998,1.26828
2014-10-09 18:00:00,1.26824,1.26762,1.26912,1.26876
2014-10-09 19:00:00,1.26872,1.26798,1.26932,1.26857
2014-10-09 20:00:00,1.26853,1.26848,1.26917,1.26892
2014-10-09 21:00:00,1.26883,1.26864,1.2692,1.26887
2014-10-09 22:00:00,1.2689,1.26791,1.26893,1.26834
2014-10-09 23:00:00,1.26836,1.26822,1.269,1.26878
2014-10-10 00:00:00,1.26881,1.26843,1.26998,1.26986
2014-10-10 01:00:00,1.26982,1.26962,1.27154,1.27055
2014-10-10 02:00:00,1.27052,1.26945,1.27091,1.26957
2014-10-10 03:00:00,1.26952,1.26919,1.26981,1.26979
2014-10-10 04:00:00,1.26975,1.26955,1.27032,1.26993
2014-10-10 05:00:00,1.2699,1.26975,1.27085,1.27056
2014-10-10 06:00:00,1.27058,1.26769,1.27075,1.26852
2014-10-10 07:00:00,1.26856,1.26595,1.2688,1.26667
2014-10-10 08:00:00,1.26667,1.26494,1.26711,1.26704
2014-10-10 09:00:00,1.26707,1.26627,1.26763,1.26685
2014-10-10 10:00:00,1.26682,1.26567,1.26747,1.26684
2014-10-10 11:00:00,1.26688,1.26432,1.26719,1.26482
2014-10-10 12:00:00,1.26486,1.26203,1.2655,1.2631
2014-10-10 13:00:00,1.26315,1.26307,1.26496,1.2634
2014-10-10 14:00:00,1.26337,1.26082,1.26373,1.26252
2014-10-10 15:00:00,1.26245,1.26226,1.26387,1.26353
2014-10-10 16:00:00,1.2635,1.26302,1.2645,1.26381
2014-10-10 17:00:00,1.26386,1.2621,1.26391,1.26255
2014-10-10 18:00:00,1.26248,1.26115,1.2627,1.26137
2014-10-10 19:00:00,1.26135,1.26051,1.26262,1.26126
2014-10-10 20:00:00,1.26124,1.26116,1.26282,1.26278
2014-10-12 21:00:00,1.2629,1.2619,1.2629,1.26285
2014-10-12 22:00:00,1.26284,1.26265,1.26467,1.26455
2014-10-12 23:00:00,1.26458,1.2636,1.26462,1.26393
2014-10-13 00:00:00,1.26388,1.26331,1.26477,1.26456
2014-10-13 01:00:00,1.26458,1.26458,1.26886,1.26873
2014-10-13 02:00:00,1.26876,1.26783,1.2697,1.26926
2014-10-13 03:00:00,1.2693,1.2683,1.26948,1.2692
2014-10-13 04:00:00,1.26922,1.26783,1.26936,1.26828
2014-10-13 05:00:00,1.26825,1.26727,1.26872,1.26776
2014-10-13 06:00:00,1.2678,1.26582,1.26868,1.2661
2014-10-13 07:00:00,1.26607,1.26506,1.26711,1.26706
2014-10-13 08:00:00,1.26711,1.26653,1.26821,1.26748
2014-10-13 09:00:00,1.26744,1.26672,1.26809,1.26803
2014-10-13 10:00:00,1.26806,1.2676,1.2695,1.26861
2014-10-13 11:00:00,1.26856,1.26856,1.26939,1.26876
2014-10-13 12:00:00,1.26872,1.26755,1.26889,1.26818
2014-10-13 13:00:00,1.26821,1.26806,1.26987,1.26849
2014-10-13 14:00:00,1.26846,1.26786,1.26951,1.26797
2014-10-13 15:00:00,1.26794,1.26696,1.26932,1.26858
2014-10-13 16:00:00,1.26858,1.26642,1.26858,1.26653
2014-10-13 17:00:00,1.2665,1.26646,1.26782,1.26764
2014-10-13 18:00:00,1.26761,1.26734,1.26807,1.2679
2014-10-13 19:00:00,1.26785,1.26771,1.26926,1.26887
2014-10-13 20:00:00,1.2689,1.2689,1.27605,1.27514
2014-10-13 21:00:00,1.27522,1.27393,1.27667,1.27404
2014-10-13 22:00:00,1.27402,1.2734,1.27427,1.27348
2014-10-13 23:00:00,1.27351,1.27208,1.27485,1.27211
2014-10-14 00:00:00,1.27213,1.27138,1.27227,1.27209
2014-10-14 01:00:00,1.27211,1.27174,1.27309,1.27277
2014-10-14 02:00:00,1.27274,1.27212,1.27295,1.27256
2014-10-14 03:00:00,1.2726,1.27178,1.2726,1.27199
2014-10-14 04:00:00,1.27205,1.27159,1.27223,1.27218
2014-10-14 05:00:00,1.27221,1.27099,1.27278,1.27118
2014-10-14 06:00:00,1.27123,1.27047,1.27217,1.27048
2014-10-14 07:00:00,1.27054,1.26898,1.27065,1.26997
2014-10-14 08:00:00,1.26997,1.26787,1.27057,1.26795
2014-10-14 09:00:00,1.26801,1.26393,1.26815,1.26468
2014-10-14 10:00:00,1.26466,1.26448,1.26599,1.26528
2014-10-14 11:00:00,1.26531,1.26482,1.26652,1.26497
2014-10-14 12:00:00,1.26491,1.26444,1.26582,1.26519
2014-10-14 13:00:00,1.26521,1.26448,1.26573,1.26567
2014-10-14 14:00:00,1.26569,1.26547,1.26788,1.26656
2014-10-14 15:00:00,1.26657,1.26568,1.26757,1.26589
2014-10-14 16:00:00,1.26593,1.26552,1.26683,1.26596
2014-10-14 17:00:00,1.266,1.26537,1.26649,1.2656
2014-10-14 18:00:00,1.26558,1.26401,1.26558,1.26474
2014-10-14 19:00:00,1.2647,1.26416,1.26583,1.26546
2014-10-14 20:00:00,1.26543,1.26498,1.26631,1.26558
2014-10-14 21:00:00,1.26582,1.26524,1.266,1.26573
2014-10-14 22:00:00,1.26569,1.2641,1.26569,1.2644
2014-10-14 23:00:00,1.26445,1.26312,1.26453,1.26409
2014-10-15 00:00:00,1.26412,1.26347,1.26476,1.26363
2014-10-15 01:00:00,1.26367,1.26241,1.26399,1.26376
2014-10-15 02:00:00,1.26375,1.26337,1.26413,1.26408
2014-10-15 03:00:00,1.26412,1.26378,1.26476,1.2643
2014-10-15 04:00:00,1.26426,1.26364,1.26459,1.26398
2014-10-15 05:00:00,1.26401,1.26368,1.26461,1.26398
2014-10-15 06:00:00,1.26395,1.26385,1.26591,1.26517
2014-10-15 07:00:00,1.26519,1.26388,1.2661,1.26459
2014-10-15 08:00:00,1.26456,1.26429,1.26687,1.26527
2014-10-15 09:00:00,1.26531,1.26412,1.26537,1.26451
2014-10-15 10:00:00,1.26455,1.26371,1.26475,1.26422
2014-10-15 11:00:00,1.26417,1.26406,1.26758,1.26702
2014-10-15 12:00:00,1.26699,1.26645,1.27565,1.27431
2014-10-15 13:00:00,1.27428,1.27367,1.28853,1.27749
2014-10-15 14:00:00,1.27747,1.27416,1.27864,1.27581
2014-10-15 15:00:00,1.27583,1.27513,1.27973,1.27788
2014-10-15 16:00:00,1.27787,1.27773,1.28141,1.27899
2014-10-15 17:00:00,1.27893,1.27698,1.27992,1.27822
2014-10-15 18:00:00,1.27818,1.27703,1.27934,1.2775
2014-10-15 19:00:00,1.27744,1.27714,1.2816,1.28067
2014-10-15 20:00:00,1.28063,1.28003,1.28435,1.28359
2014-10-15 21:00:00,1.28331,1.28131,1.28352,1.28149
2014-10-15 22:00:00,1.28152,1.28074,1.28267,1.28243
2014-10-15 23:00:00,1.28241,1.28111,1.28266,1.28199
2014-10-16 00:00:00,1.28193,1.28124,1.28442,1.28398
2014-10-16 01:00:00,1.28393,1.28293,1.28438,1.28309
2014-10-16 02:00:00,1.28313,1.28244,1.28332,1.28251
2014-10-16 03:00:00,1.28247,1.28167,1.28295,1.28188
2014-10-16 04:00:00,1.28187,1.28126,1.28243,1.28216
2014-10-16 05:00:00,1.28219,1.28125,1.28234,1.28138
2014-10-16 06:00:00,1.28142,1.2785,1.28178,1.27938
2014-10-16 07:00:00,1.27942,1.27723,1.28037,1.27936
2014-10-16 08:00:00,1.27932,1.27853,1.28228,1.27947
2014-10-16 09:00:00,1.27949,1.27509,1.28172,1.27514
2014-10-16 10:00:00,1.27511,1.27051,1.27527,1.27423
2014-10-16 11:00:00,1.27425,1.27356,1.2766,1.27396
2014-10-16 12:00:00,1.274,1.27339,1.27767,1.27478
2014-10-16 13:00:00,1.27482,1.27355,1.27651,1.27446
2014-10-16 14:00:00,1.27448,1.27316,1.2796,1.278
2014-10-16 15:00:00,1.27797,1.2777,1.28139,1.28101
2014-10-16 16:00:00,1.28097,1.28025,1.2828,1.28243
2014-10-16 17:00:00,1.28247,1.28079,1.28393,1.2808
2014-10-16 18:00:00,1.28083,1.27916,1.28091,1.27991
2014-10-16 19:00:00,1.27997,1.27883,1.28047,1.28033
2014-10-16 20:00:00,1.28028,1.27994,1.28097,1.28069
2014-10-16 21:00:00,1.28074,1.27938,1.28084,1.28031
2014-10-16 22:00:00,1.28024,1.27927,1.2808,1.28075
2014-10-16 23:00:00,1.2807,1.28022,1.28142,1.28036
2014-10-17 00:00:00,1.28039,1.27986,1.28111,1.28081
2014-10-17 01:00:00,1.2808,1.28032,1.28148,1.28035
2014-10-17 02:00:00,1.28032,1.27993,1.28072,1.27998
2014-10-17 03:00:00,1.28001,1.27936,1.2802,1.27959
2014-10-17 04:00:00,1.27955,1.2793,1.2799,1.27981
2014-10-17 05:00:00,1.27978,1.27969,1.28093,1.28058
2014-10-17 06:00:00,1.28056,1.27799,1.28081,1.27887
2014-10-17 07:00:00,1.2789,1.27812,1.27971,1.27851
2014-10-17 08:00:00,1.27849,1.27821,1.28341,1.28323
2014-10-17 09:00:00,1.2832,1.28034,1.28361,1.28104
2014-10-17 10:00:00,1.28108,1.27997,1.28255,1.28132
2014-10-17 11:00:00,1.28128,1.2812,1.2834,1.28336
2014-10-17 12:00:00,1.28332,1.27854,1.28359,1.28039
2014-10-17 13:00:00,1.28036,1.27532,1.28038,1.2758
2014-10-17 14:00:00,1.2758,1.27553,1.2779,1.2765
2014-10-17 15:00:00,1.27653,1.2743,1.27693,1.2754
2014-10-17 16:00:00,1.27537,1.27529,1.27748,1.27707
2014-10-17 17:00:00,1.27711,1.27697,1.27788,1.27757
2014-10-17 18:00:00,1.27759,1.27618,1.27771,1.2771
2014-10-17 19:00:00,1.27712,1.27558,1.27741,1.27594
2014-10-17 20:00:00,1.27597,1.27551,1.27621,1.27561
2014-10-19 21:00:00,1.27484,1.27461,1.27596,1.27543
2014-10-19 22:00:00,1.2755,1.27354,1.27555,1.27416
2014-10-19 23:00:00,1.27411,1.27375,1.27507,1.27467
2014-10-20 00:00:00,1.27466,1.27466,1.27579,1.27517
2014-10-20 01:00:00,1.27514,1.27489,1.2769,1.27615
2014-10-20 02:00:00,1.27619,1.27612,1.27692,1.27661
2014-10-20 03:00:00,1.27666,1.27549,1.27671,1.27578
2014-10-20 04:00:00,1.27574,1.27511,1.27574,1.27552
2014-10-20 05:00:00,1.27548,1.27532,1.27593,1.27552
2014-10-20 06:00:00,1.27557,1.27307,1.2758,1.2734
2014-10-20 07:00:00,1.27342,1.27342,1.27743,1.27672
2014-10-20 08:00:00,1.27675,1.27543,1.27778,1.27557
2014-10-20 09:00:00,1.27562,1.27516,1.27723,1.27693
2014-10-20 10:00:00,1.27696,1.2765,1.27752,1.27691
2014-10-20 11:00:00,1.2769,1.27684,1.2789,1.27684
2014-10-20 12:00:00,1.27681,1.27662,1.27839,1.27667
2014-10-20 13:00:00,1.27672,1.27546,1.27711,1.27679
2014-10-20 14:00:00,1.27677,1.27611,1.27833,1.27797
2014-10-20 15:00:00,1.278,1.2775,1.27876,1.2782
2014-10-20 16:00:00,1.27825,1.27782,1.27986,1.27948
2014-10-20 17:00:00,1.27951,1.2792,1.28058,1.27952
2014-10-20 18:00:00,1.2795,1.27922,1.28105,1.28076
2014-10-20 19:00:00,1.28072,1.27978,1.28162,1.28037
2014-10-20 20:00:00,1.28041,1.2797,1.2807,1.2798
2014-10-20 21:00:00,1.27991,1.27922,1.28008,1.27939
2014-10-20 22:00:00,1.27944,1.27914,1.27997,1.27928
2014-10-20 23:00:00,1.27926,1.27878,1.2795,1.27936
2014-10-21 00:00:00,1.27932,1.27907,1.28008,1.27917
2014-10-21 01:00:00,1.27919,1.27899,1.27955,1.27915
2014-10-21 02:00:00,1.2792,1.27902,1.28046,1.28004
2014-10-21 03:00:00,1.28001,1.2798,1.28117,1.28099
2014-10-21 04:00:00,1.28101,1.28084,1.28241,1.28232
2014-10-21 05:00:00,1.2823,1.28165,1.28242,1.28186
2014-10-21 06:00:00,1.28182,1.28105,1.28364,1.28156
2014-10-21 07:00:00,1.28153,1.28153,1.28396,1.2827
2014-10-21 08:00:00,1.28273,1.28066,1.28286,1.28105
2014-10-21 09:00:00,1.28108,1.27608,1.28154,1.2763
2014-10-21 10:00:00,1.27625,1.2753,1.27698,1.27556
2014-10-21 11:00:00,1.27561,1.27451,1.27836,1.27798
2014-10-21 12:00:00,1.27792,1.27484,1.27804,1.27549
2014-10-21 13:00:00,1.27545,1.27329,1.27605,1.27381
2014-10-21 14:00:00,1.27389,1.27159,1.27392,1.27287
2014-10-21 15:00:00,1.27289,1.27167,1.27308,1.27235
2014-10-21 16:00:00,1.27237,1.27227,1.27341,1.27326
2014-10-21 17:00:00,1.27322,1.27284,1.27419,1.27357
2014-10-21 18:00:00,1.27355,1.27209,1.27361,1.27249
2014-10-21 19:00:00,1.27246,1.27143,1.27269,1.27146
2014-10-21 20:00:00,1.27143,1.27138,1.27196,1.2714
2014-10-21 21:00:00,1.27152,1.27107,1.27175,1.27111
2014-10-21 22:00:00,1.27113,1.27057,1.27138,1.27098
2014-10-21 23:00:00,1.27102,1.27087,1.27138,1.27129
2014-10-22 00:00:00,1.27125,1.27087,1.27168,1.27113
2014-10-22 01:00:00,1.27115,1.27115,1.27256,1.27239
2014-10-22 02:00:00,1.27244,1.27178,1.27272,1.27221
2014-10-22 03:00:00,1.27224,1.27224,1.273,1.27249
2014-10-22 04:00:00,1.27247,1.27217,1.27264,1.27238
2014-10-22 05:00:00,1.27242,1.27203,1.27274,1.27251
2014-10-22 06:00:00,1.27247,1.27218,1.2739,1.27329
2014-10-22 07:00:00,1.27333,1.27018,1.2735,1.27141
2014-10-22 08:00:00,1.27142,1.26802,1.2715,1.26887
2014-10-22 09:00:00,1.2689,1.26867,1.26984,1.26886
2014-10-22 10:00:00,1.26884,1.26859,1.26973,1.26902
2014-10-22 11:00:00,1.26906,1.269,1.27265,1.27005
2014-10-22 12:00:00,1.27005,1.26604,1.27041,1.2664
2014-10-22 13:00:00,1.26638,1.26586,1.26795,1.26659
2014-10-22 14:00:00,1.26655,1.26515,1.2669,1.2666
2014-10-22 15:00:00,1.26655,1.26466,1.26669,1.26569
2014-10-22 16:00:00,1.26566,1.26554,1.26657,1.26632
2014-10-22 17:00:00,1.26628,1.2652,1.26648,1.26546
2014-10-22 18:00:00,1.26551,1.26412,1.26555,1.26448
2014-10-22 19:00:00,1.26443,1.26367,1.26492,1.26438
2014-10-22 20:00:00,1.26435,1.26411,1.26485,1.26433
2014-10-22 21:00:00,1.26453,1.26392,1.26474,1.26434
2014-10-22 22:00:00,1.26437,1.26412,1.2647,1.26468
2014-10-22 23:00:00,1.26466,1.26398,1.26466,1.2641
2014-10-23 00:00:00,1.26407,1.26368,1.26496,1.26378
2014-10-23 01:00:00,1.26379,1.2633,1.2644,1.26337
2014-10-23 02:00:00,1.26341,1.26331,1.26383,1.26334
2014-10-23 03:00:00,1.26337,1.26322,1.26394,1.26374
2014-10-23 04:00:00,1.26378,1.26359,1.26393,1.26387
2014-10-23 05:00:00,1.26385,1.26361,1.2647,1.26459
2014-10-23 06:00:00,1.26456,1.26291,1.26496,1.26362
2014-10-23 07:00:00,1.26352,1.26131,1.26542,1.26379
2014-10-23 08:00:00,1.26389,1.26385,1.26667,1.26605
2014-10-23 09:00:00,1.26601,1.26532,1.267,1.26592
2014-10-23 10:00:00,1.26589,1.2657,1.2676,1.26653
2014-10-23 11:00:00,1.26655,1.26577,1.26712,1.26703
2014-10-23 12:00:00,1.26705,1.26519,1.26715,1.26591
2014-10-23 13:00:00,1.26596,1.26438,1.26652,1.26502
2014-10-23 14:00:00,1.26504,1.26302,1.26529,1.2647
2014-10-23 15:00:00,1.26466,1.26412,1.26603,1.26562
2014-10-23 16:00:00,1.26555,1.26409,1.26619,1.26411
2014-10-23 17:00:00,1.26414,1.26389,1.26481,1.26472
2014-10-23 18:00:00,1.26467,1.26368,1.26493,1.2649
2014-10-23 19:00:00,1.26486,1.26469,1.2663,1.26501
2014-10-23 20:00:00,1.26497,1.26441,1.26509,1.26442
2014-10-23 21:00:00,1.26457,1.26427,1.26481,1.26445
2014-10-23 22:00:00,1.26446,1.26442,1.26532,1.26501
2014-10-23 23:00:00,1.265,1.26467,1.26527,1.26489
2014-10-24 00:00:00,1.26486,1.2646,1.26608,1.26554
2014-10-24 01:00:00,1.26557,1.2651,1.26598,1.26577
2014-10-24 02:00:00,1.26576,1.26502,1.26582,1.26521
2014-10-24 03:00:00,1.2652,1.26497,1.26575,1.26552
2014-10-24 04:00:00,1.26549,1.26509,1.2657,1.26544
2014-10-24 05:00:00,1.26542,1.26532,1.26574,1.26539
2014-10-24 06:00:00,1.26544,1.2645,1.26643,1.26462
2014-10-24 07:00:00,1.26466,1.26342,1.26496,1.26407
2014-10-24 08:00:00,1.26403,1.26379,1.26566,1.26553
2014-10-24 09:00:00,1.26559,1.26404,1.26569,1.26443
2014-10-24 10:00:00,1.26448,1.2642,1.26538,1.26525
2014-10-24 11:00:00,1.26522,1.26471,1.26631,1.26599
2014-10-24 12:00:00,1.26602,1.26456,1.26805,1.26748
2014-10-24 13:00:00,1.26753,1.26657,1.26901,1.26817
2014-10-24 14:00:00,1.26826,1.26591,1.26952,1.26682
2014-10-24 15:00:00,1.26684,1.26644,1.26753,1.26739
2014-10-24 16:00:00,1.26736,1.2659,1.26736,1.26591
2014-10-24 17:00:00,1.26596,1.26596,1.26742,1.26723
2014-10-24 18:00:00,1.26725,1.26631,1.26739,1.26633
2014-10-24 19:00:00,1.26635,1.26635,1.26696,1.26672
2014-10-24 20:00:00,1.26677,1.26658,1.26703,1.26677
2014-10-26 21:00:00,1.26748,1.26704,1.2677,1.26734
2014-10-26 22:00:00,1.2673,1.26713,1.26786,1.26752
2014-10-26 23:00:00,1.26755,1.26718,1.26852,1.26754
2014-10-27 00:00:00,1.26757,1.26747,1.26913,1.2687
2014-10-27 01:00:00,1.26874,1.26857,1.26983,1.26983
2014-10-27 02:00:00,1.26981,1.26928,1.27139,1.27058
2014-10-27 03:00:00,1.27054,1.27027,1.27091,1.27052
2014-10-27 04:00:00,1.27048,1.27019,1.2707,1.27056
2014-10-27 05:00:00,1.27053,1.27025,1.2708,1.27038
2014-10-27 06:00:00,1.27035,1.26932,1.27081,1.26946
2014-10-27 07:00:00,1.26941,1.26833,1.26962,1.26913
2014-10-27 08:00:00,1.2691,1.26847,1.27038,1.26926
2014-10-27 09:00:00,1.26935,1.26827,1.27058,1.26838
2014-10-27 10:00:00,1.26835,1.26677,1.26855,1.26677
2014-10-27 11:00:00,1.26674,1.26651,1.2677,1.26739
2014-10-27 12:00:00,1.26741,1.26741,1.26921,1.26829
2014-10-27 13:00:00,1.26832,1.26748,1.26856,1.26813
2014-10-27 14:00:00,1.2681,1.26807,1.2723,1.27077
2014-10-27 15:00:00,1.2708,1.27027,1.27145,1.27109
2014-10-27 16:00:00,1.27109,1.27094,1.27182,1.27117
2014-10-27 17:00:00,1.27115,1.27025,1.27138,1.27039
2014-10-27 18:00:00,1.27038,1.27036,1.27106,1.27085
2014-10-27 19:00:00,1.2708,1.27027,1.27084,1.27048
2014-10-27 20:00:00,1.27048,1.26964,1.27048,1.26964
2014-10-27 21:00:00,1.26993,1.26952,1.27008,1.26964
2014-10-27 22:00:00,1.26967,1.26948,1.26983,1.26952
2014-10-27 23:00:00,1.2695,1.2695,1.27029,1.27018
2014-10-28 00:00:00,1.2702,1.2696,1.27087,1.27052
2014-10-28 01:00:00,1.27047,1.27004,1.27135,1.27096
2014-10-28 02:00:00,1.27094,1.27077,1.27122,1.27092
2014-10-28 03:00:00,1.27097,1.27071,1.27149,1.27089
2014-10-28 04:00:00,1.27084,1.27038,1.27087,1.27048
2014-10-28 05:00:00,1.27051,1.26976,1.27067,1.27006
2014-10-28 06:00:00,1.2701,1.26982,1.27037,1.27029
2014-10-28 07:00:00,1.27026,1.27005,1.27188,1.27134
2014-10-28 08:00:00,1.27133,1.26951,1.2717,1.26951
2014-10-28 09:00:00,1.26952,1.26842,1.26984,1.26959
2014-10-28 10:00:00,1.26955,1.26876,1.27003,1.26972
2014-10-28 11:00:00,1.2697,1.2693,1.27096,1.26991
2014-10-28 12:00:00,1.26994,1.26981,1.27589,1.27457
2014-10-28 13:00:00,1.27459,1.27402,1.27643,1.27405
2014-10-28 14:00:00,1.27403,1.27177,1.27477,1.27474
2014-10-28 15:00:00,1.27476,1.27375,1.27527,1.27463
2014-10-28 16:00:00,1.27458,1.27393,1.27485,1.27432
2014-10-28 17:00:00,1.27436,1.27375,1.27496,1.2738
2014-10-28 18:00:00,1.27385,1.27348,1.27469,1.27359
2014-10-28 19:00:00,1.27355,1.27321,1.27385,1.27379
2014-10-28 20:00:00,1.27382,1.27308,1.27386,1.27323
2014-10-28 21:00:00,1.27323,1.27305,1.27356,1.27322
2014-10-28 22:00:00,1.27326,1.27319,1.27362,1.27353
2014-10-28 23:00:00,1.27357,1.27357,1.27379,1.27365
2014-10-29 00:00:00,1.27367,1.27302,1.27391,1.27331
2014-10-29 01:00:00,1.27327,1.27276,1.27387,1.27381
2014-10-29 02:00:00,1.27378,1.27344,1.27381,1.27365
2014-10-29 03:00:00,1.27362,1.2733,1.27402,1.27345
2014-10-29 04:00:00,1.27343,1.27335,1.27367,1.27349
2014-10-29 05:00:00,1.27352,1.27352,1.2739,1.27382
2014-10-29 06:00:00,1.27378,1.27346,1.27468,1.27375
2014-10-29 07:00:00,1.27371,1.27316,1.27458,1.27381
2014-10-29 08:00:00,1.27377,1.27231,1.27405,1.27235
2014-10-29 09:00:00,1.27237,1.27237,1.27335,1.27294
2014-10-29 10:00:00,1.27292,1.2728,1.27436,1.27392
2014-10-29 11:00:00,1.27388,1.27314,1.27453,1.27314
2014-10-29 12:00:00,1.27319,1.27288,1.27422,1.27378
2014-10-29 13:00:00,1.27377,1.27322,1.2744,1.27397
2014-10-29 14:00:00,1.27399,1.27394,1.27688,1.27581
2014-10-29 15:00:00,1.27585,1.27556,1.27701,1.27601
2014-10-29 16:00:00,1.27603,1.27493,1.27655,1.27561
2014-10-29 17:00:00,1.27557,1.27198,1.2756,1.27249
2014-10-29 18:00:00,1.27228,1.2632,1.2729,1.26452
2014-10-29 19:00:00,1.26449,1.26363,1.26527,1.26378
2014-10-29 20:00:00,1.26382,1.26294,1.26412,1.26298
2014-10-29 21:00:00,1.26283,1.26253,1.26371,1.26358
2014-10-29 22:00:00,1.26361,1.26337,1.26384,1.26376
2014-10-29 23:00:00,1.26373,1.26305,1.26388,1.26312
2014-10-30 00:00:00,1.26315,1.26185,1.26324,1.2624
2014-10-30 01:00:00,1.26236,1.26159,1.2625,1.26237
2014-10-30 02:00:00,1.26238,1.26207,1.2627,1.26245
2014-10-30 03:00:00,1.26241,1.26172,1.26252,1.26177
2014-10-30 04:00:00,1.26179,1.26047,1.26201,1.26072
2014-10-30 05:00:00,1.26077,1.25858,1.26077,1.25967
2014-10-30 06:00:00,1.25965,1.25932,1.26038,1.25978
2014-10-30 07:00:00,1.25975,1.25836,1.26025,1.25885
2014-10-30 08:00:00,1.25887,1.25559,1.25891,1.25731
2014-10-30 09:00:00,1.25728,1.25547,1.25924,1.25849
2014-10-30 10:00:00,1.25856,1.25832,1.25979,1.25869
2014-10-30 11:00:00,1.25865,1.2582,1.25975,1.25849
2014-10-30 12:00:00,1.25852,1.25432,1.26074,1.26001
2014-10-30 13:00:00,1.26003,1.25912,1.26138,1.26076
2014-10-30 14:00:00,1.26072,1.26071,1.26258,1.26224
2014-10-30 15:00:00,1.26219,1.26071,1.26232,1.2621
2014-10-30 16:00:00,1.26206,1.26161,1.26313,1.26175
2014-10-30 17:00:00,1.26173,1.26069,1.26181,1.26087
2014-10-30 18:00:00,1.2609,1.26058,1.26152,1.26116
2014-10-30 19:00:00,1.2611,1.2603,1.26143,1.26038
2014-10-30 20:00:00,1.26035,1.26035,1.26129,1.26114
2014-10-30 21:00:00,1.26108,1.26108,1.26166,1.26124
2014-10-30 22:00:00,1.26128,1.26043,1.26153,1.26045
2014-10-30 23:00:00,1.26047,1.26031,1.26134,1.26084
2014-10-31 00:00:00,1.26082,1.25988,1.26085,1.26041
2014-10-31 01:00:00,1.26045,1.25988,1.26074,1.25991
2014-10-31 02:00:00,1.25993,1.25951,1.2601,1.26001
2014-10-31 03:00:00,1.25998,1.25983,1.26027,1.26024
2014-10-31 04:00:00,1.26021,1.25825,1.26031,1.25863
2014-10-31 05:00:00,1.25863,1.25646,1.25863,1.25673
2014-10-31 06:00:00,1.2567,1.25585,1.25793,1.25627
2014-10-31 07:00:00,1.2563,1.25404,1.25806,1.25681
2014-10-31 08:00:00,1.25677,1.25582,1.25784,1.2573
2014-10-31 09:00:00,1.25724,1.25479,1.25746,1.25617
2014-10-31 10:00:00,1.25617,1.25569,1.25865,1.25767
2014-10-31 11:00:00,1.25764,1.25736,1.25909,1.25824
2014-10-31 12:00:00,1.25828,1.25182,1.25828,1.25218
2014-10-31 13:00:00,1.25222,1.24849,1.25305,1.25128
2014-10-31 14:00:00,1.25125,1.24966,1.25179,1.25061
2014-10-31 15:00:00,1.25058,1.24893,1.25294,1.25286
2014-10-31 16:00:00,1.2529,1.25229,1.25383,1.25337
2014-10-31 17:00:00,1.25333,1.25275,1.25437,1.25308
2014-10-31 18:00:00,1.25312,1.25252,1.25377,1.2526
2014-10-31 19:00:00,1.25257,1.25253,1.25364,1.25296
2014-10-31 20:00:00,1.25293,1.25196,1.25347,1.25221
2014-11-02 22:00:00,1.2504,1.25009,1.25132,1.25078
2014-11-02 23:00:00,1.25083,1.25012,1.25107,1.25015
2014-11-03 00:00:00,1.25018,1.24333,1.2511,1.24612
2014-11-03 01:00:00,1.24613,1.2446,1.2478,1.24657
2014-11-03 02:00:00,1.24658,1.24658,1.24801,1.24801
2014-11-03 03:00:00,1.24798,1.24765,1.24831,1.24816
2014-11-03 04:00:00,1.24821,1.24785,1.24848,1.24837
2014-11-03 05:00:00,1.24836,1.24809,1.24872,1.2484
2014-11-03 06:00:00,1.24839,1.24829,1.24984,1.24936
2014-11-03 07:00:00,1.24936,1.24834,1.25047,1.24932
2014-11-03 08:00:00,1.24933,1.24875,1.25004,1.24984
2014-11-03 09:00:00,1.24982,1.24913,1.2509,1.24968
2014-11-03 10:00:00,1.24973,1.24893,1.25056,1.25
2014-11-03 11:00:00,1.24998,1.24892,1.25013,1.24982
2014-11-03 12:00:00,1.24977,1.24936,1.25059,1.24936
2014-11-03 13:00:00,1.24931,1.24845,1.25096,1.25046
2014-11-03 14:00:00,1.25044,1.24913,1.25052,1.24939
2014-11-03 15:00:00,1.24933,1.24688,1.25057,1.24828
2014-11-03 16:00:00,1.24833,1.24772,1.24956,1.24858
2014-11-03 17:00:00,1.24855,1.24773,1.2487,1.24848
2014-11-03 18:00:00,1.24844,1.24698,1.24874,1.24812
2014-11-03 19:00:00,1.24814,1.24785,1.24966,1.24879
2014-11-03 20:00:00,1.24881,1.2486,1.24949,1.24909
2014-11-03 21:00:00,1.24908,1.24794,1.24915,1.24795
2014-11-03 22:00:00,1.2482,1.24787,1.2493,1.24896
2014-11-03 23:00:00,1.24893,1.24864,1.24971,1.24918
2014-11-04 00:00:00,1.24915,1.24895,1.25037,1.24988
2014-11-04 01:00:00,1.24984,1.2496,1.25086,1.24988
2014-11-04 02:00:00,1.24991,1.24943,1.25088,1.25064
2014-11-04 03:00:00,1.25063,1.25063,1.25304,1.2526
2014-11-04 04:00:00,1.25257,1.25165,1.25287,1.25173
2014-11-04 05:00:00,1.25176,1.25173,1.25254,1.25227
2014-11-04 06:00:00,1.25226,1.25135,1.25276,1.25161
2014-11-04 07:00:00,1.2516,1.25006,1.25162,1.25055
2014-11-04 08:00:00,1.25053,1.25017,1.25157,1.25095
2014-11-04 09:00:00,1.2509,1.25029,1.25126,1.25102
2014-11-04 10:00:00,1.251,1.24996,1.25288,1.25232
2014-11-04 11:00:00,1.25236,1.25109,1.25237,1.25123
2014-11-04 12:00:00,1.25124,1.251,1.25174,1.25135
2014-11-04 13:00:00,1.25136,1.25103,1.25247,1.25221
2014-11-04 14:00:00,1.25218,1.25044,1.25218,1.25094
2014-11-04 15:00:00,1.25096,1.25093,1.25767,1.25709
2014-11-04 16:00:00,1.25705,1.25503,1.2573,1.25526
2014-11-04 17:00:00,1.25522,1.25414,1.25534,1.25444
2014-11-04 18:00:00,1.25445,1.25392,1.25537,1.2552
2014-11-04 19:00:00,1.25522,1.25499,1.25574,1.25557
2014-11-04 20:00:00,1.25558,1.25432,1.25568,1.25444
2014-11-04 21:00:00,1.25438,1.2542,1.25475,1.25447
2014-11-04 22:00:00,1.25408,1.25401,1.25523,1.25522
2014-11-04 23:00:00,1.2552,1.25491,1.25588,1.25511
2014-11-05 00:00:00,1.25513,1.25459,1.25563,1.25557
2014-11-05 01:00:00,1.2556,1.25539,1.25633,1.25563
2014-11-05 02:00:00,1.25561,1.255,1.25572,1.25558
2014-11-05 03:00:00,1.2556,1.25551,1.25668,1.25616
2014-11-05 04:00:00,1.25618,1.25525,1.25642,1.25575
2014-11-05 05:00:00,1.25575,1.25386,1.25586,1.25433
2014-11-05 06:00:00,1.25438,1.25276,1.25451,1.2533
2014-11-05 07:00:00,1.25329,1.25151,1.25369,1.25167
2014-11-05 08:00:00,1.25162,1.24911,1.25214,1.25011
2014-11-05 09:00:00,1.25015,1.24799,1.25015,1.24821
2014-11-05 10:00:00,1.24821,1.24742,1.2494,1.24871
2014-11-05 11:00:00,1.24867,1.24706,1.24947,1.24714
2014-11-05 12:00:00,1.24718,1.24662,1.24846,1.24727
2014-11-05 13:00:00,1.2473,1.24649,1.25061,1.24936
2014-11-05 14:00:00,1.24935,1.2474,1.25033,1.24744
2014-11-05 15:00:00,1.24744,1.24561,1.24961,1.24879
2014-11-05 16:00:00,1.24878,1.24737,1.24938,1.24874
2014-11-05 17:00:00,1.24869,1.24773,1.24958,1.24916
2014-11-05 18:00:00,1.24919,1.24762,1.24942,1.24796
2014-11-05 19:00:00,1.24795,1.24746,1.24852,1.24783
2014-11-05 20:00:00,1.24783,1.24744,1.24834,1.24821
2014-11-05 21:00:00,1.2482,1.24815,1.24864,1.24831
2014-11-05 22:00:00,1.24836,1.24714,1.24852,1.24747
2014-11-05 23:00:00,1.2475,1.24711,1.2479,1.24767
2014-11-06 00:00:00,1.24772,1.24725,1.24894,1.24767
2014-11-06 01:00:00,1.24764,1.24759,1.24897,1.24847
2014-11-06 02:00:00,1.24843,1.24798,1.24942,1.24818
2014-11-06 03:00:00,1.24818,1.24802,1.24916,1.24895
2014-11-06 04:00:00,1.24898,1.24865,1.25154,1.25136
2014-11-06 05:00:00,1.25132,1.25076,1.25293,1.25239
2014-11-06 06:00:00,1.25237,1.25163,1.25284,1.25214
2014-11-06 07:00:00,1.25209,1.25054,1.25235,1.25062
2014-11-06 08:00:00,1.2506,1.24946,1.25157,1.25048
2014-11-06 09:00:00,1.25044,1.25003,1.25131,1.25096
2014-11-06 10:00:00,1.251,1.25042,1.25258,1.25124
2014-11-06 11:00:00,1.25129,1.25104,1.25328,1.25187
2014-11-06 12:00:00,1.25187,1.2509,1.25295,1.25204
2014-11-06 13:00:00,1.25207,1.23891,1.25256,1.24175
2014-11-06 14:00:00,1.24172,1.23984,1.24472,1.24438
2014-11-06 15:00:00,1.24438,1.24206,1.24438,1.24348
2014-11-06 16:00:00,1.24349,1.24068,1.24377,1.24112
2014-11-06 17:00:00,1.24116,1.23943,1.24147,1.23971
2014-11-06 18:00:00,1.23966,1.23844,1.24008,1.23909
2014-11-06 19:00:00,1.23911,1.23817,1.23927,1.23859
2014-11-06 20:00:00,1.23858,1.23738,1.23881,1.23751
2014-11-06 21:00:00,1.2375,1.23628,1.23771,1.2374
2014-11-06 22:00:00,1.23702,1.23672,1.23797,1.23786
2014-11-06 23:00:00,1.23785,1.23708,1.23819,1.23798
2014-11-07 00:00:00,1.23796,1.23746,1.23856,1.23786
2014-11-07 01:00:00,1.23788,1.23735,1.2382,1.23795
2014-11-07 02:00:00,1.23794,1.23769,1.23849,1.238
2014-11-07 03:00:00,1.23801,1.23773,1.23839,1.23776
2014-11-07 04:00:00,1.23773,1.23673,1.23794,1.23703
2014-11-07 05:00:00,1.23702,1.23702,1.23795,1.23772
2014-11-07 06:00:00,1.23772,1.23754,1.23858,1.2379
2014-11-07 07:00:00,1.2379,1.23754,1.2396,1.23849
2014-11-07 08:00:00,1.23844,1.2384,1.24006,1.23945
2014-11-07 09:00:00,1.23947,1.23857,1.24009,1.23934
2014-11-07 10:00:00,1.2393,1.23905,1.24072,1.24046
2014-11-07 11:00:00,1.24048,1.23934,1.24058,1.23937
2014-11-07 12:00:00,1.23936,1.23895,1.23976,1.23929
2014-11-07 13:00:00,1.23929,1.23563,1.24388,1.23791
2014-11-07 14:00:00,1.23791,1.23785,1.24379,1.24298
2014-11-07 15:00:00,1.24303,1.24106,1.2441,1.24133
2014-11-07 16:00:00,1.24134,1.24111,1.24294,1.24216
2014-11-07 17:00:00,1.24221,1.24218,1.24395,1.24322
2014-11-07 18:00:00,1.24319,1.24295,1.24693,1.24495
2014-11-07 19:00:00,1.24498,1.24279,1.24526,1.2441
2014-11-07 20:00:00,1.24407,1.2438,1.24608,1.24526
2014-11-07 21:00:00,1.24522,1.24509,1.24624,1.24529
2014-11-09 22:00:00,1.24694,1.24584,1.24694,1.2463
2014-11-09 23:00:00,1.2463,1.24594,1.24791,1.24596
2014-11-10 00:00:00,1.24598,1.24528,1.24663,1.24593
2014-11-10 01:00:00,1.24592,1.24536,1.24744,1.24719
2014-11-10 02:00:00,1.24718,1.24705,1.24888,1.24754
2014-11-10 03:00:00,1.24757,1.24718,1.2486,1.2482
2014-11-10 04:00:00,1.24822,1.2479,1.24859,1.24805
2014-11-10 05:00:00,1.2481,1.24743,1.24873,1.24788
2014-11-10 06:00:00,1.24786,1.24727,1.24855,1.2473
2014-11-10 07:00:00,1.24729,1.24642,1.24822,1.24738
2014-11-10 08:00:00,1.24738,1.24665,1.2481,1.24744
2014-11-10 09:00:00,1.24745,1.24726,1.24942,1.24848
2014-11-10 10:00:00,1.24843,1.24812,1.25088,1.25066
2014-11-10 11:00:00,1.25068,1.24814,1.25078,1.24852
2014-11-10 12:00:00,1.24855,1.24813,1.24955,1.24862
2014-11-10 13:00:00,1.24865,1.24736,1.2489,1.24852
2014-11-10 14:00:00,1.24852,1.244,1.24852,1.2441
2014-11-10 15:00:00,1.24404,1.24279,1.24469,1.24431
2014-11-10 16:00:00,1.24427,1.24217,1.24444,1.24245
2014-11-10 17:00:00,1.24249,1.24193,1.24337,1.24262
2014-11-10 18:00:00,1.24261,1.24185,1.24336,1.24336
2014-11-10 19:00:00,1.24339,1.24211,1.24352,1.24222
2014-11-10 20:00:00,1.24227,1.24181,1.24234,1.24205
2014-11-10 21:00:00,1.24205,1.24175,1.24286,1.24195
2014-11-10 22:00:00,1.24188,1.2416,1.24262,1.24237
2014-11-10 23:00:00,1.24238,1.24229,1.24305,1.24251
2014-11-11 00:00:00,1.2425,1.24191,1.2432,1.24314
2014-11-11 01:00:00,1.24316,1.24302,1.244,1.24331
2014-11-11 02:00:00,1.24334,1.24334,1.24402,1.24381
2014-11-11 03:00:00,1.24384,1.24275,1.24402,1.24278
2014-11-11 04:00:00,1.24281,1.24156,1.2429,1.24179
2014-11-11 05:00:00,1.24181,1.24144,1.24248,1.24246
2014-11-11 06:00:00,1.24244,1.24147,1.24259,1.24188
2014-11-11 07:00:00,1.24185,1.24046,1.24241,1.24066
2014-11-11 08:00:00,1.24069,1.23944,1.24176,1.2411
2014-11-11 09:00:00,1.24112,1.23938,1.24149,1.24061
2014-11-11 10:00:00,1.24059,1.24002,1.24104,1.24081
2014-11-11 11:00:00,1.24078,1.24066,1.24265,1.24122
2014-11-11 12:00:00,1.24125,1.24125,1.2426,1.24174
2014-11-11 13:00:00,1.24177,1.2416,1.24373,1.24253
2014-11-11 14:00:00,1.24251,1.2422,1.24348,1.2423
2014-11-11 15:00:00,1.24227,1.24119,1.24279,1.24265
2014-11-11 16:00:00,1.24263,1.24236,1.24569,1.24507
2014-11-11 17:00:00,1.24509,1.24448,1.24662,1.24625
2014-11-11 18:00:00,1.24618,1.24585,1.24941,1.24838
2014-11-11 19:00:00,1.24834,1.24749,1.24989,1.24753
2014-11-11 20:00:00,1.24756,1.24729,1.24851,1.24757
2014-11-11 21:00:00,1.24757,1.24704,1.2477,1.24723
2014-11-11 22:00:00,1.24715,1.24675,1.24757,1.24729
2014-11-11 23:00:00,1.2473,1.24694,1.2477,1.24754
2014-11-12 00:00:00,1.24753,1.24544,1.2477,1.24564
2014-11-12 01:00:00,1.24567,1.24534,1.24626,1.24615
2014-11-12 02:00:00,1.24615,1.24595,1.24737,1.24631
2014-11-12 03:00:00,1.2463,1.24581,1.24693,1.24664
2014-11-12 04:00:00,1.24665,1.24576,1.24692,1.2466
2014-11-12 05:00:00,1.24658,1.24653,1.24788,1.24788
2014-11-12 06:00:00,1.24788,1.24765,1.24934,1.24787
2014-11-12 07:00:00,1.24782,1.24752,1.24975,1.24959
2014-11-12 08:00:00,1.24958,1.24579,1.24958,1.24706
2014-11-12 09:00:00,1.24711,1.24295,1.24735,1.24374
2014-11-12 10:00:00,1.24373,1.24371,1.2471,1.24644
2014-11-12 11:00:00,1.24637,1.24531,1.24904,1.24587
2014-11-12 12:00:00,1.24587,1.24519,1.24728,1.24625
2014-11-12 13:00:00,1.24625,1.24571,1.24918,1.24701
2014-11-12 14:00:00,1.24705,1.24466,1.24726,1.2453
2014-11-12 15:00:00,1.24529,1.24518,1.24864,1.2476
2014-11-12 16:00:00,1.24765,1.24517,1.24818,1.24549
2014-11-12 17:00:00,1.24552,1.2433,1.24578,1.2438
2014-11-12 18:00:00,1.2438,1.24182,1.24443,1.24255
2014-11-12 19:00:00,1.24258,1.24227,1.2433,1.24317
2014-11-12 20:00:00,1.24314,1.24282,1.24355,1.2434
2014-11-12 21:00:00,1.24342,1.24332,1.24397,1.24365
2014-11-12 22:00:00,1.24335,1.24266,1.24383,1.24274
2014-11-12 23:00:00,1.24278,1.24257,1.2434,1.24295
2014-11-13 00:00:00,1.24292,1.24273,1.24396,1.24358
2014-11-13 01:00:00,1.24355,1.24331,1.24468,1.24466
2014-11-13 02:00:00,1.24462,1.24313,1.2451,1.24411
2014-11-13 03:00:00,1.24407,1.24323,1.24433,1.24424
2014-11-13 04:00:00,1.24424,1.24393,1.24462,1.24458
2014-11-13 05:00:00,1.24456,1.2442,1.24468,1.2445
2014-11-13 06:00:00,1.24449,1.24415,1.24508,1.24415
2014-11-13 07:00:00,1.24411,1.24335,1.24568,1.24526
2014-11-13 08:00:00,1.24524,1.24512,1.24693,1.24645
2014-11-13 09:00:00,1.24645,1.24534,1.24718,1.24626
2014-11-13 10:00:00,1.24627,1.24607,1.24753,1.24657
2014-11-13 11:00:00,1.24661,1.24615,1.24714,1.24615
2014-11-13 12:00:00,1.24619,1.2456,1.2467,1.24566
2014-11-13 13:00:00,1.24568,1.24504,1.24759,1.24558
2014-11-13 14:00:00,1.24561,1.24558,1.24702,1.24677
2014-11-13 15:00:00,1.24679,1.24666,1.24897,1.24732
2014-11-13 16:00:00,1.24731,1.24627,1.24834,1.24756
2014-11-13 17:00:00,1.24752,1.24544,1.24761,1.24641
2014-11-13 18:00:00,1.24643,1.24604,1.24811,1.2475
2014-11-13 19:00:00,1.24751,1.24751,1.24911,1.24862
2014-11-13 20:00:00,1.24864,1.24735,1.2487,1.24773
2014-11-13 21:00:00,1.24768,1.24737,1.24786,1.24738
2014-11-13 22:00:00,1.24745,1.24731,1.24777,1.24744
2014-11-13 23:00:00,1.24746,1.24719,1.24757,1.2473
2014-11-14 00:00:00,1.24731,1.24601,1.24758,1.24611
2014-11-14 01:00:00,1.24615,1.24584,1.24685,1.24663
2014-11-14 02:00:00,1.24666,1.24509,1.24666,1.24527
2014-11-14 03:00:00,1.24531,1.24511,1.24562,1.24543
2014-11-14 04:00:00,1.24547,1.24407,1.24581,1.24409
2014-11-14 05:00:00,1.24406,1.24264,1.24436,1.24303
2014-11-14 06:00:00,1.24302,1.24261,1.24425,1.24416
2014-11-14 07:00:00,1.24416,1.24317,1.24556,1.24496
2014-11-14 08:00:00,1.245,1.24419,1.24708,1.24644
2014-11-14 09:00:00,1.24647,1.2453,1.24681,1.24624
2014-11-14 10:00:00,1.24617,1.24521,1.24681,1.24617
2014-11-14 11:00:00,1.24619,1.24416,1.24622,1.24453
2014-11-14 12:00:00,1.24454,1.24415,1.24528,1.24418
2014-11-14 13:00:00,1.24418,1.23972,1.24423,1.24138
2014-11-14 14:00:00,1.24141,1.24052,1.24255,1.24141
2014-11-14 15:00:00,1.24139,1.24136,1.24937,1.24774
2014-11-14 16:00:00,1.24778,1.24621,1.2499,1.24923
2014-11-14 17:00:00,1.24919,1.24912,1.25433,1.25136
2014-11-14 18:00:00,1.25137,1.25137,1.25256,1.25255
2014-11-14 19:00:00,1.25251,1.25221,1.25455,1.25239
2014-11-14 20:00:00,1.25236,1.252,1.25282,1.25259
2014-11-14 21:00:00,1.2526,1.25165,1.25277,1.25209
2014-11-16 22:00:00,1.25281,1.25172,1.253,1.25175
2014-11-16 23:00:00,1.25179,1.25135,1.25206,1.25206
2014-11-17 00:00:00,1.25203,1.25173,1.25475,1.25243
2014-11-17 01:00:00,1.25245,1.25245,1.25487,1.25422
2014-11-17 02:00:00,1.25419,1.25414,1.25767,1.25677
2014-11-17 03:00:00,1.25676,1.25515,1.25716,1.25515
2014-11-17 04:00:00,1.25516,1.25472,1.25555,1.25474
2014-11-17 05:00:00,1.25476,1.25407,1.25506,1.25456
2014-11-17 06:00:00,1.25454,1.25362,1.25481,1.25371
2014-11-17 07:00:00,1.25373,1.2523,1.25396,1.25306
2014-11-17 08:00:00,1.25305,1.25147,1.25305,1.25216
2014-11-17 09:00:00,1.25213,1.24819,1.25213,1.24919
2014-11-17 10:00:00,1.24917,1.24843,1.24965,1.2495
2014-11-17 11:00:00,1.24953,1.24893,1.25069,1.24897
2014-11-17 12:00:00,1.24895,1.24862,1.25019,1.24951
2014-11-17 13:00:00,1.24954,1.24907,1.25053,1.24964
2014-11-17 14:00:00,1.2496,1.24571,1.25044,1.24585
2014-11-17 15:00:00,1.24582,1.24453,1.24633,1.2456
2014-11-17 16:00:00,1.24556,1.24446,1.24612,1.24456
2014-11-17 17:00:00,1.24459,1.24459,1.24564,1.24475
2014-11-17 18:00:00,1.24472,1.24464,1.24557,1.24526
2014-11-17 19:00:00,1.24523,1.24508,1.24594,1.24513
2014-11-17 20:00:00,1.24511,1.24492,1.24536,1.24492
2014-11-17 21:00:00,1.24494,1.2447,1.24523,1.24476
2014-11-17 22:00:00,1.24479,1.24436,1.24514,1.24489
2014-11-17 23:00:00,1.2449,1.24423,1.24495,1.24495
2014-11-18 00:00:00,1.24498,1.24482,1.24646,1.24636
2014-11-18 01:00:00,1.24638,1.24598,1.24696,1.24677
2014-11-18 02:00:00,1.2468,1.2468,1.24757,1.24745
2014-11-18 03:00:00,1.24741,1.24707,1.24754,1.24735
2014-11-18 04:00:00,1.24732,1.24708,1.24747,1.24715
2014-11-18 05:00:00,1.24713,1.24674,1.24754,1.24716
2014-11-18 06:00:00,1.24713,1.24692,1.2474,1.24703
2014-11-18 07:00:00,1.24706,1.24686,1.24942,1.24881
2014-11-18 08:00:00,1.24884,1.24811,1.24967,1.24932
2014-11-18 09:00:00,1.24928,1.24865,1.2518,1.25119
2014-11-18 10:00:00,1.25126,1.25093,1.25396,1.25096
2014-11-18 11:00:00,1.25092,1.25083,1.25228,1.25152
2014-11-18 12:00:00,1.25149,1.25029,1.25179,1.25029
2014-11-18 13:00:00,1.25032,1.25032,1.25338,1.25289
2014-11-18 14:00:00,1.25293,1.25046,1.2532,1.25106
2014-11-18 15:00:00,1.25107,1.25008,1.2531,1.25299
2014-11-18 16:00:00,1.25302,1.25263,1.25445,1.25326
2014-11-18 17:00:00,1.25322,1.25284,1.25403,1.25309
2014-11-18 18:00:00,1.25307,1.25307,1.25416,1.25366
2014-11-18 19:00:00,1.25363,1.25295,1.25381,1.25332
2014-11-18 20:00:00,1.25333,1.25306,1.25375,1.25346
2014-11-18 21:00:00,1.25348,1.25317,1.25377,1.25317
2014-11-18 22:00:00,1.25327,1.25288,1.25345,1.25311
2014-11-18 23:00:00,1.25311,1.25294,1.25354,1.25315
2014-11-19 00:00:00,1.25315,1.25182,1.25339,1.25224
2014-11-19 01:00:00,1.25225,1.25148,1.25256,1.25235
2014-11-19 02:00:00,1.25233,1.25203,1.25245,1.25215
2014-11-19 03:00:00,1.25211,1.25119,1.25211,1.25168
2014-11-19 04:00:00,1.25165,1.25128,1.25204,1.25189
2014-11-19 05:00:00,1.25189,1.25147,1.25246,1.25244
2014-11-19 06:00:00,1.25241,1.25185,1.25305,1.25224
2014-11-19 07:00:00,1.25225,1.25134,1.25365,1.25343
2014-11-19 08:00:00,1.25344,1.25303,1.25471,1.25437
2014-11-19 09:00:00,1.25434,1.25259,1.25449,1.25308
2014-11-19 10:00:00,1.25304,1.25234,1.25441,1.25423
2014-11-19 11:00:00,1.25421,1.25306,1.25464,1.25355
2014-11-19 12:00:00,1.2535,1.25287,1.25399,1.2531
2014-11-19 13:00:00,1.25313,1.25296,1.25698,1.25657
2014-11-19 14:00:00,1.25657,1.25417,1.25683,1.25417
2014-11-19 15:00:00,1.25419,1.25236,1.25423,1.25409
2014-11-19 16:00:00,1.25406,1.25385,1.25511,1.25474
2014-11-19 17:00:00,1.25471,1.25469,1.25553,1.25496
2014-11-19 18:00:00,1.25493,1.2544,1.25649,1.25631
2014-11-19 19:00:00,1.25633,1.25232,1.25975,1.25431
2014-11-19 20:00:00,1.25433,1.25321,1.25443,1.25423
2014-11-19 21:00:00,1.2542,1.25411,1.25532,1.2552
2014-11-19 22:00:00,1.25515,1.25429,1.25548,1.25444
2014-11-19 23:00:00,1.25448,1.25373,1.25458,1.25397
2014-11-20 00:00:00,1.25394,1.25335,1.25485,1.25364
2014-11-20 01:00:00,1.25367,1.25296,1.2539,1.25378
2014-11-20 02:00:00,1.25375,1.25349,1.2543,1.2543
2014-11-20 03:00:00,1.25433,1.25406,1.25487,1.25439
2014-11-20 04:00:00,1.25438,1.25367,1.25489,1.25465
2014-11-20 05:00:00,1.25463,1.25435,1.25485,1.25443
2014-11-20 06:00:00,1.2544,1.25374,1.25489,1.25403
2014-11-20 07:00:00,1.25404,1.25226,1.25415,1.25377
2014-11-20 08:00:00,1.25369,1.25035,1.25747,1.25163
2014-11-20 09:00:00,1.25164,1.25049,1.25228,1.25168
2014-11-20 10:00:00,1.25168,1.25102,1.25302,1.25278
2014-11-20 11:00:00,1.2528,1.25245,1.25424,1.25339
2014-11-20 12:00:00,1.25341,1.25301,1.25501,1.25429
2014-11-20 13:00:00,1.25425,1.25087,1.25606,1.25418
2014-11-20 14:00:00,1.25419,1.25399,1.25681,1.25517
2014-11-20 15:00:00,1.25511,1.25214,1.25547,1.25401
2014-11-20 16:00:00,1.25399,1.25184,1.25479,1.25247
2014-11-20 17:00:00,1.25245,1.2523,1.25389,1.25379
2014-11-20 18:00:00,1.25374,1.25368,1.25576,1.25495
2014-11-20 19:00:00,1.25493,1.25453,1.25537,1.25508
2014-11-20 20:00:00,1.25506,1.25417,1.25508,1.25438
2014-11-20 21:00:00,1.25436,1.25367,1.25455,1.25367
2014-11-20 22:00:00,1.25391,1.25375,1.2546,1.25413
2014-11-20 23:00:00,1.25416,1.25339,1.25448,1.25424
2014-11-21 00:00:00,1.25422,1.25408,1.25529,1.25457
2014-11-21 01:00:00,1.2546,1.2546,1.25608,1.256
2014-11-21 02:00:00,1.25602,1.25532,1.25676,1.25567
2014-11-21 03:00:00,1.25566,1.25497,1.25653,1.25619
2014-11-21 04:00:00,1.25617,1.25503,1.25664,1.25516
2014-11-21 05:00:00,1.25519,1.25438,1.25558,1.25462
2014-11-21 06:00:00,1.25464,1.25394,1.25504,1.25426
2014-11-21 07:00:00,1.25431,1.25363,1.25507,1.25434
2014-11-21 08:00:00,1.25438,1.24651,1.25526,1.24651
2014-11-21 09:00:00,1.24648,1.24316,1.24711,1.24379
2014-11-21 10:00:00,1.24383,1.2423,1.24592,1.24309
2014-11-21 11:00:00,1.24307,1.24149,1.24387,1.24253
2014-11-21 12:00:00,1.2425,1.24195,1.24379,1.2422
2014-11-21 13:00:00,1.24225,1.24112,1.24308,1.24143
2014-11-21 14:00:00,1.24139,1.24049,1.24298,1.24238
2014-11-21 15:00:00,1.24235,1.24102,1.24335,1.24112
2014-11-21 16:00:00,1.24115,1.23892,1.2416,1.23921
2014-11-21 17:00:00,1.23918,1.23801,1.23924,1.23873
2014-11-21 18:00:00,1.23878,1.23743,1.2388,1.2382
2014-11-21 19:00:00,1.23822,1.23821,1.23948,1.23865
2014-11-21 20:00:00,1.23868,1.23833,1.23917,1.23915
2014-11-21 21:00:00,1.23908,1.23851,1.23937,1.23851
2014-11-23 22:00:00,1.23618,1.23576,1.23742,1.23711
2014-11-23 23:00:00,1.23714,1.23635,1.23748,1.2371
2014-11-24 00:00:00,1.23712,1.23712,1.2384,1.23801
2014-11-24 01:00:00,1.23803,1.23716,1.23877,1.23854
2014-11-24 02:00:00,1.23852,1.23817,1.23906,1.23848
2014-11-24 03:00:00,1.2385,1.23846,1.2396,1.23907
2014-11-24 04:00:00,1.2391,1.2391,1.23969,1.23961
2014-11-24 05:00:00,1.23961,1.2393,1.23986,1.23958
2014-11-24 06:00:00,1.23961,1.23933,1.23993,1.23939
2014-11-24 07:00:00,1.23942,1.23894,1.24052,1.23973
2014-11-24 08:00:00,1.23976,1.2373,1.24054,1.23776
2014-11-24 09:00:00,1.23777,1.23771,1.2414,1.24021
2014-11-24 10:00:00,1.24019,1.23921,1.24062,1.24054
2014-11-24 11:00:00,1.24057,1.24048,1.24135,1.24106
2014-11-24 12:00:00,1.24106,1.24026,1.24137,1.24083
2014-11-24 13:00:00,1.24081,1.2401,1.24218,1.2417
2014-11-24 14:00:00,1.24168,1.24096,1.24289,1.24194
2014-11-24 15:00:00,1.24198,1.24198,1.24394,1.24358
2014-11-24 16:00:00,1.24361,1.24249,1.2444,1.24261
2014-11-24 17:00:00,1.24258,1.24235,1.24344,1.24269
2014-11-24 18:00:00,1.24267,1.24257,1.24388,1.24382
2014-11-24 19:00:00,1.24384,1.24323,1.24391,1.2433
2014-11-24 20:00:00,1.24332,1.24332,1.24428,1.24416
2014-11-24 21:00:00,1.24413,1.24382,1.24421,1.24411
2014-11-24 22:00:00,1.24409,1.24375,1.2442,1.24378
2014-11-24 23:00:00,1.24372,1.24294,1.24389,1.24332
2014-11-25 00:00:00,1.24333,1.24243,1.24343,1.24276
2014-11-25 01:00:00,1.2428,1.24255,1.24357,1.24329
2014-11-25 02:00:00,1.24325,1.24213,1.24325,1.2422
2014-11-25 03:00:00,1.24216,1.242,1.24276,1.2422
2014-11-25 04:00:00,1.24222,1.24175,1.24236,1.24189
2014-11-25 05:00:00,1.24192,1.2419,1.24264,1.24262
2014-11-25 06:00:00,1.2426,1.24226,1.24302,1.24247
2014-11-25 07:00:00,1.24243,1.24153,1.24342,1.24216
2014-11-25 08:00:00,1.24216,1.24182,1.24435,1.24362
2014-11-25 09:00:00,1.24364,1.24246,1.24383,1.24335
2014-11-25 10:00:00,1.24332,1.24311,1.244,1.24376
2014-11-25 11:00:00,1.24379,1.24304,1.2441,1.24352
2014-11-25 12:00:00,1.24348,1.24181,1.24353,1.24244
2014-11-25 13:00:00,1.24241,1.23974,1.24285,1.24117
2014-11-25 14:00:00,1.24119,1.24112,1.24653,1.2456
2014-11-25 15:00:00,1.24559,1.24535,1.24854,1.24844
2014-11-25 16:00:00,1.24848,1.24696,1.24865,1.24704
2014-11-25 17:00:00,1.24706,1.24589,1.24706,1.24589
2014-11-25 18:00:00,1.24592,1.2459,1.248,1.24797
2014-11-25 19:00:00,1.24794,1.24652,1.24831,1.24702
2014-11-25 20:00:00,1.24705,1.24682,1.24786,1.2476
2014-11-25 21:00:00,1.24763,1.24725,1.24764,1.24736
2014-11-25 22:00:00,1.24738,1.24709,1.24738,1.24729
2014-11-25 23:00:00,1.24733,1.24711,1.24805,1.24791
2014-11-26 00:00:00,1.2479,1.24743,1.24815,1.24797
2014-11-26 01:00:00,1.24794,1.24709,1.24841,1.24716
2014-11-26 02:00:00,1.2472,1.24654,1.24727,1.24706
2014-11-26 03:00:00,1.24705,1.24663,1.24745,1.24706
2014-11-26 04:00:00,1.24703,1.24681,1.24745,1.24733
2014-11-26 05:00:00,1.24737,1.24675,1.24737,1.24736
2014-11-26 06:00:00,1.2474,1.24705,1.2482,1.2472
2014-11-26 07:00:00,1.24721,1.2465,1.24779,1.24684
2014-11-26 08:00:00,1.2468,1.24673,1.24941,1.24713
2014-11-26 09:00:00,1.24713,1.24527,1.24781,1.24576
2014-11-26 10:00:00,1.2458,1.24432,1.24627,1.24591
2014-11-26 11:00:00,1.24587,1.2443,1.24587,1.2452
2014-11-26 12:00:00,1.24517,1.24514,1.24868,1.24847
2014-11-26 13:00:00,1.24842,1.24675,1.2507,1.24874
2014-11-26 14:00:00,1.24878,1.24806,1.25036,1.24954
2014-11-26 15:00:00,1.24951,1.24951,1.25308,1.25273
2014-11-26 16:00:00,1.25267,1.25005,1.25293,1.2502
2014-11-26 17:00:00,1.25019,1.25011,1.25132,1.25039
2014-11-26 18:00:00,1.25044,1.25033,1.25165,1.25126
2014-11-26 19:00:00,1.25124,1.25048,1.25145,1.25134
2014-11-26 20:00:00,1.25132,1.25053,1.25137,1.25086
2014-11-26 21:00:00,1.2509,1.25046,1.2509,1.25054
2014-11-26 22:00:00,1.25049,1.25009,1.2507,1.25061
2014-11-26 23:00:00,1.25059,1.25015,1.25059,1.25035
2014-11-27 00:00:00,1.25035,1.24983,1.25099,1.24983
2014-11-27 01:00:00,1.24986,1.24947,1.25012,1.24954
2014-11-27 02:00:00,1.24957,1.24957,1.25044,1.25044
2014-11-27 03:00:00,1.25045,1.25015,1.25104,1.25076
2014-11-27 04:00:00,1.25079,1.25051,1.25109,1.25092
2014-11-27 05:00:00,1.2509,1.25024,1.2509,1.25041
2014-11-27 06:00:00,1.25038,1.25032,1.2512,1.25059
2014-11-27 07:00:00,1.25057,1.25056,1.2523,1.25126
2014-11-27 08:00:00,1.25124,1.24761,1.25124,1.24854
2014-11-27 09:00:00,1.24858,1.24646,1.24871,1.24649
2014-11-27 10:00:00,1.24652,1.24652,1.24747,1.24726
2014-11-27 11:00:00,1.24723,1.24703,1.24854,1.24804
2014-11-27 12:00:00,1.24809,1.24809,1.24887,1.24872
2014-11-27 13:00:00,1.24868,1.24736,1.24931,1.24826
2014-11-27 14:00:00,1.24827,1.24811,1.24967,1.24858
2014-11-27 15:00:00,1.24855,1.2479,1.2498,1.24803
2014-11-27 16:00:00,1.24806,1.24712,1.24857,1.2475
2014-11-27 17:00:00,1.24746,1.24699,1.24777,1.24709
2014-11-27 18:00:00,1.2471,1.24641,1.24734,1.24696
2014-11-27 19:00:00,1.24689,1.24678,1.24706,1.24702
2014-11-27 20:00:00,1.24702,1.24643,1.24702,1.2466
2014-11-27 21:00:00,1.24654,1.24648,1.24665,1.24664
2014-11-27 22:00:00,1.24659,1.24553,1.24667,1.24582
2014-11-27 23:00:00,1.24579,1.24576,1.24632,1.24592
2014-11-28 00:00:00,1.24594,1.24477,1.24596,1.24503
2014-11-28 01:00:00,1.24506,1.24484,1.24632,1.24604
2014-11-28 02:00:00,1.24601,1.24529,1.24644,1.24529
2014-11-28 03:00:00,1.2453,1.24446,1.24578,1.24474
2014-11-28 04:00:00,1.24472,1.24444,1.24492,1.2446
2014-11-28 05:00:00,1.24459,1.24457,1.24498,1.24482
2014-11-28 06:00:00,1.24486,1.24456,1.24544,1.24544
2014-11-28 07:00:00,1.24546,1.24356,1.24632,1.24385
2014-11-28 08:00:00,1.24382,1.24287,1.24399,1.24394
2014-11-28 09:00:00,1.24392,1.24327,1.24509,1.24354
2014-11-28 10:00:00,1.24354,1.24341,1.24613,1.24475
2014-11-28 11:00:00,1.2448,1.24472,1.24787,1.2473
2014-11-28 12:00:00,1.24728,1.24721,1.24894,1.24819
2014-11-28 13:00:00,1.24821,1.24764,1.24891,1.24828
2014-11-28 14:00:00,1.24831,1.24615,1.24876,1.24655
2014-11-28 15:00:00,1.24654,1.24568,1.24733,1.24649
2014-11-28 16:00:00,1.24646,1.24327,1.2466,1.2437
2014-11-28 17:00:00,1.24369,1.24258,1.24388,1.24339
2014-11-28 18:00:00,1.24343,1.24329,1.24429,1.24411
2014-11-28 19:00:00,1.24405,1.24397,1.24447,1.24414
2014-11-28 20:00:00,1.2442,1.24386,1.24468,1.24389
2014-11-28 21:00:00,1.2439,1.2439,1.24511,1.24467
2014-11-30 22:00:00,1.24621,1.24409,1.24634,1.24458
2014-11-30 23:00:00,1.24455,1.2431,1.24464,1.24362
2014-12-01 00:00:00,1.24366,1.24265,1.24391,1.24345
2014-12-01 01:00:00,1.24344,1.24325,1.24457,1.24422
2014-12-01 02:00:00,1.24424,1.24385,1.24475,1.24463
2014-12-01 03:00:00,1.24461,1.24442,1.24514,1.24509
2014-12-01 04:00:00,1.24509,1.24509,1.24544,1.24538
2014-12-01 05:00:00,1.24541,1.24473,1.24563,1.24474
2014-12-01 06:00:00,1.2447,1.24462,1.24524,1.24494
2014-12-01 07:00:00,1.2449,1.24187,1.24511,1.24215
2014-12-01 08:00:00,1.24212,1.24187,1.24735,1.24415
2014-12-01 09:00:00,1.24415,1.24389,1.24686,1.24642
2014-12-01 10:00:00,1.24645,1.24611,1.24771,1.24644
2014-12-01 11:00:00,1.24643,1.24581,1.24774,1.24592
2014-12-01 12:00:00,1.24593,1.24544,1.2469,1.24669
2014-12-01 13:00:00,1.24672,1.24646,1.24859,1.24805
2014-12-01 14:00:00,1.24808,1.24749,1.2506,1.24986
2014-12-01 15:00:00,1.24985,1.2471,1.25048,1.24754
2014-12-01 16:00:00,1.24758,1.24684,1.2489,1.2489
2014-12-01 17:00:00,1.24893,1.24856,1.25023,1.24939
2014-12-01 18:00:00,1.24943,1.24796,1.25012,1.24798
2014-12-01 19:00:00,1.24795,1.247,1.24804,1.24774
2014-12-01 20:00:00,1.24773,1.24701,1.24773,1.24705
2014-12-01 21:00:00,1.24709,1.24664,1.24731,1.24686
2014-12-01 22:00:00,1.24685,1.2467,1.24739,1.2472
2014-12-01 23:00:00,1.24719,1.24673,1.24751,1.24695
2014-12-02 00:00:00,1.24694,1.24678,1.24755,1.2473
2014-12-02 01:00:00,1.24732,1.24613,1.24754,1.24656
2014-12-02 02:00:00,1.24652,1.24618,1.24672,1.24643
2014-12-02 03:00:00,1.24644,1.24621,1.24679,1.24654
2014-12-02 04:00:00,1.24653,1.24639,1.24695,1.24646
2014-12-02 05:00:00,1.24649,1.24612,1.24655,1.24639
2014-12-02 06:00:00,1.24643,1.24615,1.24667,1.24627
2014-12-02 07:00:00,1.24625,1.24493,1.24629,1.24529
2014-12-02 08:00:00,1.24529,1.24328,1.24566,1.24398
2014-12-02 09:00:00,1.24399,1.24335,1.24494,1.24347
2014-12-02 10:00:00,1.24342,1.24289,1.24404,1.24358
2014-12-02 11:00:00,1.24361,1.24358,1.2448,1.24392
2014-12-02 12:00:00,1.24393,1.24267,1.24417,1.24273
2014-12-02 13:00:00,1.24275,1.24091,1.24331,1.24238
2014-12-02 14:00:00,1.24238,1.23985,1.24278,1.24016
2014-12-02 15:00:00,1.24013,1.23947,1.24128,1.24005
2014-12-02 16:00:00,1.24008,1.23827,1.24046,1.23891
2014-12-02 17:00:00,1.23894,1.23837,1.23983,1.23856
2014-12-02 18:00:00,1.23853,1.23782,1.2389,1.23782
2014-12-02 19:00:00,1.23783,1.23762,1.23837,1.23783
2014-12-02 20:00:00,1.23784,1.23772,1.23847,1.23802
2014-12-02 21:00:00,1.23803,1.23772,1.23847,1.23819
2014-12-02 22:00:00,1.23809,1.23776,1.23839,1.23826
2014-12-02 23:00:00,1.23825,1.23815,1.23887,1.23868
2014-12-03 00:00:00,1.2387,1.23824,1.23887,1.23866
2014-12-03 01:00:00,1.23869,1.2382,1.23901,1.23876
2014-12-03 02:00:00,1.23874,1.23843,1.23896,1.23859
2014-12-03 03:00:00,1.23863,1.23832,1.23876,1.23839
2014-12-03 04:00:00,1.23836,1.23809,1.23893,1.23836
2014-12-03 05:00:00,1.23839,1.2371,1.2385,1.23718
2014-12-03 06:00:00,1.2372,1.23667,1.23754,1.23747
2014-12-03 07:00:00,1.23748,1.23617,1.23784,1.23741
2014-12-03 08:00:00,1.23737,1.23217,1.23748,1.23338
2014-12-03 09:00:00,1.23335,1.23239,1.23438,1.23267
2014-12-03 10:00:00,1.23265,1.23222,1.23415,1.23334
2014-12-03 11:00:00,1.23336,1.23209,1.23377,1.23226
2014-12-03 12:00:00,1.23223,1.23208,1.23365,1.23329
2014-12-03 13:00:00,1.23329,1.23237,1.23443,1.23237
2014-12-03 14:00:00,1.23239,1.23079,1.23265,1.23144
2014-12-03 15:00:00,1.23134,1.23015,1.23272,1.23212
2014-12-03 16:00:00,1.23212,1.23025,1.23212,1.23037
2014-12-03 17:00:00,1.23033,1.23008,1.2316,1.23039
2014-12-03 18:00:00,1.23043,1.23004,1.23066,1.23041
2014-12-03 19:00:00,1.23037,1.23023,1.23113,1.23084
2014-12-03 20:00:00,1.23087,1.23064,1.23152,1.23095
2014-12-03 21:00:00,1.23094,1.23073,1.23105,1.23096
2014-12-03 22:00:00,1.23087,1.23058,1.23106,1.23064
2014-12-03 23:00:00,1.23057,1.23057,1.23151,1.23136
2014-12-04 00:00:00,1.23132,1.23105,1.23189,1.23134
2014-12-04 01:00:00,1.23134,1.23117,1.23166,1.23149
2014-12-04 02:00:00,1.23145,1.2309,1.23158,1.23119
2014-12-04 03:00:00,1.23116,1.2305,1.23128,1.23059
2014-12-04 04:00:00,1.23063,1.23008,1.23066,1.2305
2014-12-04 05:00:00,1.23047,1.23035,1.23076,1.23051
2014-12-04 06:00:00,1.23049,1.23011,1.2308,1.23043
2014-12-04 07:00:00,1.23039,1.22951,1.23114,1.23039
2014-12-04 08:00:00,1.2304,1.2304,1.23226,1.23186
2014-12-04 09:00:00,1.2319,1.23108,1.23245,1.23153
2014-12-04 10:00:00,1.23151,1.23124,1.23202,1.23139
2014-12-04 11:00:00,1.23143,1.23042,1.23218,1.23065
2014-12-04 12:00:00,1.23064,1.2303,1.23195,1.2307
2014-12-04 13:00:00,1.23067,1.22753,1.2414,1.23954
2014-12-04 14:00:00,1.23953,1.23397,1.24103,1.23965
2014-12-04 15:00:00,1.2397,1.23717,1.24357,1.24354
2014-12-04 16:00:00,1.24357,1.24285,1.24556,1.24308
2014-12-04 17:00:00,1.24303,1.23561,1.2434,1.2374
2014-12-04 18:00:00,1.23743,1.23622,1.23833,1.23637
2014-12-04 19:00:00,1.23636,1.2359,1.23701,1.23668
2014-12-04 20:00:00,1.23673,1.23673,1.23841,1.23815
2014-12-04 21:00:00,1.23817,1.23759,1.23866,1.23785
2014-12-04 22:00:00,1.23777,1.23753,1.23819,1.23771
2014-12-04 23:00:00,1.23771,1.23771,1.23902,1.23849
2014-12-05 00:00:00,1.23854,1.23823,1.23922,1.2387
2014-12-05 01:00:00,1.23865,1.23747,1.23882,1.23751
2014-12-05 02:00:00,1.23747,1.23731,1.23813,1.2381
2014-12-05 03:00:00,1.23811,1.23788,1.23832,1.23807
2014-12-05 04:00:00,1.23811,1.23721,1.23811,1.23758
2014-12-05 05:00:00,1.23753,1.2375,1.2381,1.23767
2014-12-05 06:00:00,1.2377,1.23674,1.23802,1.23677
2014-12-05 07:00:00,1.23678,1.23647,1.23827,1.23806
2014-12-05 08:00:00,1.23802,1.23631,1.23819,1.23717
2014-12-05 09:00:00,1.23714,1.23592,1.23778,1.23679
2014-12-05 10:00:00,1.23676,1.23505,1.23701,1.23575
2014-12-05 11:00:00,1.2357,1.23457,1.23621,1.23502
2014-12-05 12:00:00,1.23506,1.23452,1.2367,1.23656
2014-12-05 13:00:00,1.23658,1.22778,1.23782,1.23004
2014-12-05 14:00:00,1.23001,1.22701,1.23236,1.22757
2014-12-05 15:00:00,1.22761,1.22759,1.2307,1.2296
2014-12-05 16:00:00,1.22956,1.22851,1.2309,1.23026
2014-12-05 17:00:00,1.23028,1.22911,1.23037,1.2292
2014-12-05 18:00:00,1.22923,1.22815,1.22977,1.22833
2014-12-05 19:00:00,1.22834,1.22804,1.22924,1.22882
2014-12-05 20:00:00,1.22886,1.22869,1.2295,1.22888
2014-12-05 21:00:00,1.22891,1.22789,1.22891,1.22827
2014-12-07 22:00:00,1.22865,1.22758,1.22901,1.22835
2014-12-07 23:00:00,1.22833,1.22833,1.23021,1.22932
2014-12-08 00:00:00,1.22932,1.22871,1.22976,1.22913
2014-12-08 01:00:00,1.22909,1.22909,1.23026,1.22938
2014-12-08 02:00:00,1.22938,1.22872,1.22952,1.22876
2014-12-08 03:00:00,1.22873,1.22854,1.22911,1.22854
2014-12-08 04:00:00,1.22855,1.22846,1.22897,1.22858
2014-12-08 05:00:00,1.22856,1.22833,1.22953,1.22938
2014-12-08 06:00:00,1.22934,1.22822,1.22934,1.22847
2014-12-08 07:00:00,1.22846,1.22604,1.22846,1.22689
2014-12-08 08:00:00,1.22685,1.22521,1.22785,1.22631
2014-12-08 09:00:00,1.22627,1.22552,1.22695,1.22591
2014-12-08 10:00:00,1.22591,1.2247,1.22595,1.2248
2014-12-08 11:00:00,1.22481,1.22466,1.2275,1.2264
2014-12-08 12:00:00,1.22645,1.22498,1.2268,1.22543
2014-12-08 13:00:00,1.22541,1.22481,1.22739,1.22728
2014-12-08 14:00:00,1.22724,1.22696,1.2282,1.22766
2014-12-08 15:00:00,1.22769,1.22755,1.22959,1.22883
2014-12-08 16:00:00,1.22884,1.22883,1.22999,1.22907
2014-12-08 17:00:00,1.22911,1.22898,1.23191,1.23139
2014-12-08 18:00:00,1.23138,1.23128,1.23287,1.23281
2014-12-08 19:00:00,1.23285,1.2315,1.23432,1.2325
2014-12-08 20:00:00,1.23253,1.23098,1.23267,1.23101
2014-12-08 21:00:00,1.23103,1.23057,1.23166,1.23164
2014-12-08 22:00:00,1.23123,1.23073,1.23177,1.23157
2014-12-08 23:00:00,1.23155,1.23123,1.2318,1.23141
2014-12-09 00:00:00,1.2314,1.23025,1.23145,1.23037
2014-12-09 01:00:00,1.23041,1.23021,1.23111,1.23058
2014-12-09 02:00:00,1.23053,1.23031,1.2313,1.23105
2014-12-09 03:00:00,1.23106,1.22913,1.23107,1.2292
2014-12-09 04:00:00,1.22922,1.22921,1.23171,1.2311
2014-12-09 05:00:00,1.23106,1.23078,1.23198,1.23192
2014-12-09 06:00:00,1.23195,1.23158,1.23406,1.23327
2014-12-09 07:00:00,1.23324,1.23198,1.23475,1.23466
2014-12-09 08:00:00,1.23462,1.23456,1.23667,1.2357
2014-12-09 09:00:00,1.2357,1.23397,1.23635,1.23458
2014-12-09 10:00:00,1.23454,1.23409,1.23649,1.23537
2014-12-09 11:00:00,1.23541,1.23469,1.23589,1.23479
2014-12-09 12:00:00,1.23482,1.23482,1.23765,1.2374
2014-12-09 13:00:00,1.23737,1.23619,1.2391,1.23906
2014-12-09 14:00:00,1.2391,1.23869,1.2404,1.23927
2014-12-09 15:00:00,1.23926,1.23889,1.2447,1.24245
2014-12-09 16:00:00,1.24248,1.24011,1.24342,1.24136
2014-12-09 17:00:00,1.24142,1.23813,1.24154,1.2393
2014-12-09 18:00:00,1.23931,1.23828,1.2396,1.23888
2014-12-09 19:00:00,1.23887,1.23717,1.239,1.23754
2014-12-09 20:00:00,1.23754,1.23642,1.23754,1.23713
2014-12-09 21:00:00,1.23712,1.23674,1.23743,1.23722
2014-12-09 22:00:00,1.23697,1.23665,1.23795,1.23775
2014-12-09 23:00:00,1.23773,1.23747,1.23941,1.23872
2014-12-10 00:00:00,1.23872,1.23802,1.23884,1.23811
2014-12-10 01:00:00,1.23815,1.23612,1.23832,1.2364
2014-12-10 02:00:00,1.23637,1.2362,1.23734,1.23713
2014-12-10 03:00:00,1.23716,1.23715,1.2383,1.23805
2014-12-10 04:00:00,1.23804,1.23794,1.23968,1.23932
2014-12-10 05:00:00,1.23935,1.23888,1.23971,1.23913
2014-12-10 06:00:00,1.23916,1.23859,1.23944,1.23868
2014-12-10 07:00:00,1.2387,1.23809,1.23939,1.23872
2014-12-10 08:00:00,1.23873,1.23634,1.23921,1.23907
2014-12-10 09:00:00,1.23903,1.23789,1.23983,1.23902
2014-12-10 10:00:00,1.23901,1.23709,1.2394,1.23751
2014-12-10 11:00:00,1.23754,1.23718,1.23856,1.23752
2014-12-10 12:00:00,1.23747,1.23652,1.23855,1.23773
2014-12-10 13:00:00,1.23776,1.23751,1.23977,1.23927
2014-12-10 14:00:00,1.23925,1.23849,1.24131,1.2411
2014-12-10 15:00:00,1.24114,1.24086,1.24352,1.24158
2014-12-10 16:00:00,1.24155,1.24094,1.2427,1.2424
2014-12-10 17:00:00,1.24242,1.24195,1.24335,1.24272
2014-12-10 18:00:00,1.24275,1.24246,1.24453,1.24443
2014-12-10 19:00:00,1.24439,1.24317,1.24447,1.24405
2014-12-10 20:00:00,1.24402,1.2424,1.24474,1.24443
2014-12-10 21:00:00,1.24439,1.24403,1.24476,1.24476
2014-12-10 22:00:00,1.24477,1.24431,1.24477,1.24455
2014-12-10 23:00:00,1.24451,1.24433,1.24855,1.24793
2014-12-11 00:00:00,1.24794,1.24728,1.24944,1.24887
2014-12-11 01:00:00,1.24886,1.24476,1.24901,1.24506
2014-12-11 02:00:00,1.2451,1.24502,1.24627,1.24549
2014-12-11 03:00:00,1.24546,1.24496,1.24608,1.24504
2014-12-11 04:00:00,1.24507,1.24457,1.24564,1.24466
2014-12-11 05:00:00,1.24466,1.24289,1.24497,1.24395
2014-12-11 06:00:00,1.24392,1.24381,1.24582,1.24541
2014-12-11 07:00:00,1.24542,1.24514,1.24855,1.24855
2014-12-11 08:00:00,1.24856,1.24404,1.24856,1.24442
2014-12-11 09:00:00,1.24446,1.24176,1.24492,1.24205
2014-12-11 10:00:00,1.24207,1.24137,1.24544,1.24523
2014-12-11 11:00:00,1.24522,1.24472,1.24634,1.24629
2014-12-11 12:00:00,1.24624,1.24318,1.24669,1.24322
2014-12-11 13:00:00,1.24322,1.2402,1.24393,1.2402
2014-12-11 14:00:00,1.24022,1.23763,1.24154,1.23932
2014-12-11 15:00:00,1.23933,1.23714,1.23957,1.23806
2014-12-11 16:00:00,1.23807,1.23782,1.24066,1.23962
2014-12-11 17:00:00,1.23959,1.23842,1.24025,1.23864
2014-12-11 18:00:00,1.23862,1.23709,1.23921,1.23723
2014-12-11 19:00:00,1.23727,1.23693,1.23855,1.23847
2014-12-11 20:00:00,1.23843,1.23786,1.2391,1.23879
2014-12-11 21:00:00,1.23878,1.23872,1.24112,1.24109
2014-12-11 22:00:00,1.2405,1.24,1.24108,1.24057
2014-12-11 23:00:00,1.24055,1.23908,1.24058,1.23923
2014-12-12 00:00:00,1.23923,1.23898,1.2403,1.23971
2014-12-12 01:00:00,1.23972,1.2391,1.24002,1.23945
2014-12-12 02:00:00,1.23945,1.23939,1.24035,1.23978
2014-12-12 03:00:00,1.23974,1.2391,1.23982,1.23947
2014-12-12 04:00:00,1.23951,1.23911,1.24011,1.23958
2014-12-12 05:00:00,1.23957,1.23904,1.23968,1.23945
2014-12-12 06:00:00,1.23946,1.2389,1.24004,1.23898
2014-12-12 07:00:00,1.23897,1.23837,1.24016,1.24003
2014-12-12 08:00:00,1.24004,1.23978,1.24274,1.24234
2014-12-12 09:00:00,1.24239,1.24228,1.24533,1.24251
2014-12-12 10:00:00,1.24249,1.24237,1.24382,1.24349
2014-12-12 11:00:00,1.24352,1.24271,1.24643,1.24551
2014-12-12 12:00:00,1.24551,1.24343,1.2456,1.24493
2014-12-12 13:00:00,1.24494,1.24406,1.24602,1.2457
2014-12-12 14:00:00,1.24568,1.24426,1.24761,1.24436
2014-12-12 15:00:00,1.24437,1.24324,1.24707,1.24614
2014-12-12 16:00:00,1.2461,1.24566,1.24847,1.24826
2014-12-12 17:00:00,1.24822,1.24545,1.24829,1.24545
2014-12-12 18:00:00,1.24547,1.24465,1.24623,1.24481
2014-12-12 19:00:00,1.24481,1.24479,1.24585,1.24509
2014-12-12 20:00:00,1.24507,1.24496,1.24576,1.24537
2014-12-12 21:00:00,1.24533,1.24425,1.24613,1.24576
2014-12-14 22:00:00,1.24709,1.24617,1.2477,1.24746
2014-12-14 23:00:00,1.24744,1.24556,1.24751,1.24634
2014-12-15 00:00:00,1.24633,1.2454,1.24664,1.24554
2014-12-15 01:00:00,1.24558,1.24438,1.24587,1.24538
2014-12-15 02:00:00,1.24534,1.24483,1.24576,1.24483
2014-12-15 03:00:00,1.2448,1.24335,1.24509,1.2434
2014-12-15 04:00:00,1.2434,1.2433,1.24436,1.24379
2014-12-15 05:00:00,1.2438,1.2438,1.24439,1.24432
2014-12-15 06:00:00,1.24432,1.24395,1.24556,1.24536
2014-12-15 07:00:00,1.24531,1.24482,1.24722,1.24552
2014-12-15 08:00:00,1.24548,1.24336,1.24548,1.24425
2014-12-15 09:00:00,1.2442,1.24178,1.2445,1.24197
2014-12-15 10:00:00,1.24197,1.24154,1.2425,1.24184
2014-12-15 11:00:00,1.24182,1.24164,1.24317,1.24264
2014-12-15 12:00:00,1.24268,1.24254,1.24337,1.24256
2014-12-15 13:00:00,1.24259,1.24171,1.24389,1.24343
2014-12-15 14:00:00,1.24346,1.24231,1.24389,1.2428
2014-12-15 15:00:00,1.2428,1.2416,1.24424,1.24198
2014-12-15 16:00:00,1.24198,1.24138,1.2478,1.24679
2014-12-15 17:00:00,1.24676,1.24341,1.24734,1.24365
2014-12-15 18:00:00,1.24365,1.2428,1.24406,1.24356
2014-12-15 19:00:00,1.24354,1.24294,1.24418,1.24361
2014-12-15 20:00:00,1.24358,1.24335,1.24416,1.24343
2014-12-15 21:00:00,1.24343,1.24328,1.24377,1.24354
2014-12-15 22:00:00,1.24359,1.2432,1.24448,1.24448
2014-12-15 23:00:00,1.24449,1.24384,1.24462,1.24397
2014-12-16 00:00:00,1.24396,1.24383,1.24476,1.24412
2014-12-16 01:00:00,1.24414,1.24351,1.24432,1.24428
2014-12-16 02:00:00,1.24427,1.24392,1.24504,1.24487
2014-12-16 03:00:00,1.24484,1.24468,1.24625,1.24591
2014-12-16 04:00:00,1.24595,1.24529,1.24607,1.24533
2014-12-16 05:00:00,1.2453,1.24513,1.24636,1.24612
2014-12-16 06:00:00,1.24616,1.244,1.24635,1.24445
2014-12-16 07:00:00,1.24448,1.24392,1.24621,1.24523
2014-12-16 08:00:00,1.24524,1.24441,1.24812,1.24797
2014-12-16 09:00:00,1.24796,1.24784,1.25189,1.25087
2014-12-16 10:00:00,1.25097,1.24845,1.25271,1.24919
2014-12-16 11:00:00,1.24918,1.24884,1.25492,1.25424
2014-12-16 12:00:00,1.25417,1.25314,1.25688,1.25526
2014-12-16 13:00:00,1.25523,1.25091,1.25543,1.25327
2014-12-16 14:00:00,1.25323,1.25043,1.25334,1.25241
2014-12-16 15:00:00,1.25242,1.24943,1.25327,1.25086
2014-12-16 16:00:00,1.25089,1.24771,1.25219,1.25016
2014-12-16 17:00:00,1.25012,1.24984,1.25168,1.25078
2014-12-16 18:00:00,1.25079,1.24985,1.25172,1.25005
2014-12-16 19:00:00,1.25003,1.24804,1.25033,1.24845
2014-12-16 20:00:00,1.24846,1.24846,1.2516,1.25145
2014-12-16 21:00:00,1.25143,1.25068,1.2516,1.25092
2014-12-16 22:00:00,1.25094,1.25071,1.25133,1.25101
2014-12-16 23:00:00,1.25101,1.25027,1.25113,1.25102
2014-12-17 00:00:00,1.251,1.25003,1.25133,1.25039
2014-12-17 01:00:00,1.25038,1.25032,1.25111,1.25046
2014-12-17 02:00:00,1.25045,1.2498,1.25152,1.24994
2014-12-17 03:00:00,1.24998,1.24884,1.25027,1.24925
2014-12-17 04:00:00,1.2493,1.24856,1.24951,1.24908
2014-12-17 05:00:00,1.24907,1.24867,1.24908,1.24877
2014-12-17 06:00:00,1.24882,1.24746,1.24884,1.24771
2014-12-17 07:00:00,1.24768,1.24617,1.2496,1.24621
2014-12-17 08:00:00,1.24618,1.24545,1.24694,1.24673
2014-12-17 09:00:00,1.24676,1.24535,1.24717,1.24612
2014-12-17 10:00:00,1.24608,1.24466,1.24697,1.24495
2014-12-17 11:00:00,1.24498,1.24451,1.24598,1.24594
2014-12-17 12:00:00,1.24597,1.24504,1.24652,1.24506
2014-12-17 13:00:00,1.24508,1.24463,1.24764,1.24676
2014-12-17 14:00:00,1.24674,1.24458,1.24714,1.24473
2014-12-17 15:00:00,1.24474,1.23858,1.24539,1.23934
2014-12-17 16:00:00,1.23931,1.23897,1.24168,1.2406
2014-12-17 17:00:00,1.24065,1.24014,1.24166,1.24127
2014-12-17 18:00:00,1.24125,1.23983,1.24189,1.24039
2014-12-17 19:00:00,1.24028,1.23193,1.24715,1.23234
2014-12-17 20:00:00,1.23236,1.23213,1.23725,1.23412
2014-12-17 21:00:00,1.23416,1.23354,1.23457,1.23408
2014-12-17 22:00:00,1.23416,1.23279,1.23473,1.23305
2014-12-17 23:00:00,1.23309,1.23282,1.2341,1.23362
2014-12-18 00:00:00,1.2336,1.23198,1.23391,1.23341
2014-12-18 01:00:00,1.23342,1.23324,1.23446,1.23385
2014-12-18 02:00:00,1.23383,1.23336,1.23462,1.23431
2014-12-18 03:00:00,1.23427,1.23423,1.23517,1.23448
2014-12-18 04:00:00,1.23452,1.23428,1.23463,1.23437
2014-12-18 05:00:00,1.23442,1.23399,1.23471,1.23436
2014-12-18 06:00:00,1.23434,1.23205,1.23437,1.23267
2014-12-18 07:00:00,1.2327,1.22771,1.23314,1.23173
2014-12-18 08:00:00,1.2317,1.2307,1.23338,1.23278
2014-12-18 09:00:00,1.23278,1.2295,1.23371,1.2302
2014-12-18 10:00:00,1.23014,1.23014,1.23332,1.23194
2014-12-18 11:00:00,1.23198,1.23112,1.23374,1.23129
2014-12-18 12:00:00,1.23127,1.22941,1.23141,1.22949
2014-12-18 13:00:00,1.22953,1.22652,1.22954,1.22731
2014-12-18 14:00:00,1.22732,1.22687,1.22889,1.22779
2014-12-18 15:00:00,1.22783,1.2272,1.2288,1.22792
2014-12-18 16:00:00,1.22789,1.22666,1.22976,1.22903
2014-12-18 17:00:00,1.22908,1.2273,1.22917,1.22832
2014-12-18 18:00:00,1.22829,1.22713,1.22874,1.2274
2014-12-18 19:00:00,1.22744,1.22737,1.22864,1.22827
2014-12-18 20:00:00,1.2283,1.22774,1.22872,1.22847
2014-12-18 21:00:00,1.22846,1.22816,1.22878,1.22845
2014-12-18 22:00:00,1.22848,1.22824,1.22882,1.22866
2014-12-18 23:00:00,1.22868,1.22824,1.22909,1.22874
2014-12-19 00:00:00,1.22875,1.22739,1.22876,1.22755
2014-12-19 01:00:00,1.22759,1.22748,1.22844,1.22842
2014-12-19 02:00:00,1.22845,1.22794,1.22856,1.22802
2014-12-19 03:00:00,1.22802,1.22731,1.22877,1.22759
2014-12-19 04:00:00,1.22762,1.22745,1.228,1.2279
2014-12-19 05:00:00,1.22789,1.22768,1.22847,1.2281
2014-12-19 06:00:00,1.22808,1.22803,1.22878,1.22872
2014-12-19 07:00:00,1.22874,1.22861,1.22974,1.22896
2014-12-19 08:00:00,1.22899,1.227,1.22906,1.22816
2014-12-19 09:00:00,1.2282,1.22707,1.22859,1.2274
2014-12-19 10:00:00,1.22738,1.22599,1.2286,1.22607
2014-12-19 11:00:00,1.22609,1.22524,1.22737,1.22626
2014-12-19 12:00:00,1.22629,1.2259,1.22829,1.22778
2014-12-19 13:00:00,1.22775,1.22731,1.22955,1.22921
2014-12-19 14:00:00,1.22923,1.22812,1.23016,1.2287
2014-12-19 15:00:00,1.22866,1.22587,1.22878,1.22612
2014-12-19 16:00:00,1.22617,1.22211,1.22643,1.22324
2014-12-19 17:00:00,1.22323,1.22253,1.22414,1.22397
2014-12-19 18:00:00,1.22399,1.22235,1.22408,1.22246
2014-12-19 19:00:00,1.22248,1.22194,1.2231,1.2226
2014-12-19 20:00:00,1.22257,1.22217,1.22278,1.22259
2014-12-19 21:00:00,1.22255,1.22251,1.22338,1.22251
2014-12-21 22:00:00,1.22211,1.22194,1.22243,1.22199
2014-12-21 23:00:00,1.222,1.22194,1.2226,1.22238
2014-12-22 00:00:00,1.22235,1.22198,1.22309,1.22251
2014-12-22 01:00:00,1.22253,1.22248,1.22389,1.22362
2014-12-22 02:00:00,1.22359,1.22339,1.22457,1.22439
2014-12-22 03:00:00,1.22435,1.22417,1.2248,1.2245
2014-12-22 04:00:00,1.22453,1.22388,1.22456,1.22408
2014-12-22 05:00:00,1.22407,1.22362,1.22443,1.22439
2014-12-22 06:00:00,1.22442,1.22442,1.22551,1.22509
2014-12-22 07:00:00,1.2251,1.22499,1.22675,1.2267
2014-12-22 08:00:00,1.22669,1.225,1.22675,1.22675
2014-12-22 09:00:00,1.22679,1.22537,1.2272,1.2263
2014-12-22 10:00:00,1.22632,1.22547,1.22639,1.226
2014-12-22 11:00:00,1.22598,1.22576,1.2265,1.22588
2014-12-22 12:00:00,1.22588,1.22544,1.22699,1.22547
2014-12-22 13:00:00,1.22544,1.22495,1.22656,1.22601
2014-12-22 14:00:00,1.22601,1.22513,1.22628,1.22534
2014-12-22 15:00:00,1.22534,1.22503,1.22629,1.22559
2014-12-22 16:00:00,1.22561,1.22503,1.22631,1.22506
2014-12-22 17:00:00,1.22506,1.22398,1.22558,1.22512
2014-12-22 18:00:00,1.22507,1.22407,1.22538,1.22414
2014-12-22 19:00:00,1.22414,1.2217,1.22427,1.22193
2014-12-22 20:00:00,1.22198,1.22159,1.22295,1.22256
2014-12-22 21:00:00,1.22251,1.22229,1.22307,1.22281
2014-12-22 22:00:00,1.22262,1.22248,1.22305,1.22269
2014-12-22 23:00:00,1.22274,1.22201,1.22274,1.22228
2014-12-23 00:00:00,1.22231,1.22211,1.22274,1.22263
2014-12-23 01:00:00,1.22267,1.22262,1.22327,1.22292
2014-12-23 02:00:00,1.22295,1.22261,1.22313,1.22303
2014-12-23 03:00:00,1.22303,1.22277,1.22339,1.22307
2014-12-23 04:00:00,1.22304,1.2228,1.22336,1.22326
2014-12-23 05:00:00,1.22323,1.22253,1.22332,1.2229
2014-12-23 06:00:00,1.22287,1.22274,1.22359,1.22324
2014-12-23 07:00:00,1.22319,1.22229,1.22385,1.22247
2014-12-23 08:00:00,1.22243,1.22239,1.22449,1.22333
2014-12-23 09:00:00,1.22333,1.22271,1.2239,1.22338
2014-12-23 10:00:00,1.22342,1.22261,1.22361,1.22324
2014-12-23 11:00:00,1.22325,1.22185,1.22325,1.22262
2014-12-23 12:00:00,1.22266,1.22104,1.22274,1.22143
2014-12-23 13:00:00,1.2214,1.21818,1.22144,1.21863
2014-12-23 14:00:00,1.21864,1.2167,1.21877,1.2167
2014-12-23 15:00:00,1.21675,1.21642,1.21898,1.21755
2014-12-23 16:00:00,1.21751,1.21709,1.21815,1.21796
2014-12-23 17:00:00,1.21792,1.2174,1.21843,1.21752
2014-12-23 18:00:00,1.21749,1.21658,1.21762,1.21744
2014-12-23 19:00:00,1.21741,1.2169,1.2177,1.2177
2014-12-23 20:00:00,1.21771,1.21689,1.21771,1.21708
2014-12-23 21:00:00,1.21706,1.2167,1.21721,1.21693
2014-12-23 22:00:00,1.21708,1.21684,1.21744,1.21718
2014-12-23 23:00:00,1.21717,1.21694,1.2178,1.21748
2014-12-24 00:00:00,1.21748,1.21743,1.21878,1.21867
2014-12-24 01:00:00,1.21864,1.21779,1.21878,1.21783
2014-12-24 02:00:00,1.21785,1.21689,1.21793,1.2169
2014-12-24 03:00:00,1.21693,1.21689,1.21772,1.21752
2014-12-24 04:00:00,1.21754,1.21723,1.2182,1.21723
2014-12-24 05:00:00,1.21719,1.21712,1.21803,1.21785
2014-12-24 06:00:00,1.21781,1.21717,1.21799,1.21755
2014-12-24 07:00:00,1.21759,1.21757,1.21933,1.21872
2014-12-24 08:00:00,1.21872,1.21846,1.21987,1.21984
2014-12-24 09:00:00,1.21986,1.21954,1.22063,1.22019
2014-12-24 10:00:00,1.22024,1.21944,1.22059,1.21949
2014-12-24 11:00:00,1.21946,1.21883,1.2199,1.21988
2014-12-24 12:00:00,1.21987,1.21928,1.22034,1.22003
2014-12-24 13:00:00,1.21998,1.21998,1.2219,1.22023
2014-12-24 14:00:00,1.22027,1.21904,1.22033,1.21904
2014-12-24 15:00:00,1.21908,1.21844,1.21942,1.21888
2014-12-24 16:00:00,1.21887,1.21858,1.21951,1.21866
2014-12-24 17:00:00,1.21868,1.21858,1.21927,1.21885
2014-12-24 18:00:00,1.21883,1.21867,1.21927,1.21926
2014-12-25 22:00:00,1.22183,1.22166,1.22249,1.22249
2014-12-25 23:00:00,1.22239,1.22029,1.22239,1.22068
2014-12-26 00:00:00,1.22074,1.22021,1.22151,1.22136
2014-12-26 01:00:00,1.22127,1.22115,1.22212,1.22174
2014-12-26 02:00:00,1.22174,1.22138,1.22176,1.22173
2014-12-26 03:00:00,1.22173,1.22151,1.22182,1.2217
2014-12-26 04:00:00,1.22169,1.22155,1.22202,1.22155
2014-12-26 05:00:00,1.22159,1.22123,1.2216,1.22132
2014-12-26 06:00:00,1.22131,1.22076,1.22162,1.22086
2014-12-26 07:00:00,1.22084,1.22042,1.22106,1.22062
2014-12-26 08:00:00,1.22061,1.21889,1.22062,1.21916
2014-12-26 09:00:00,1.21916,1.21862,1.2196,1.21931
2014-12-26 10:00:00,1.21927,1.21896,1.21945,1.21913
2014-12-26 11:00:00,1.21909,1.21852,1.21944,1.21905
2014-12-26 12:00:00,1.21908,1.21797,1.21933,1.21847
2014-12-26 13:00:00,1.21845,1.21683,1.21862,1.21785
2014-12-26 14:00:00,1.21784,1.21676,1.2181,1.21703
2014-12-26 15:00:00,1.21705,1.2168,1.2177,1.21696
2014-12-26 16:00:00,1.21698,1.21696,1.21767,1.21753
2014-12-26 17:00:00,1.21756,1.21724,1.21761,1.21743
2014-12-26 18:00:00,1.21743,1.21718,1.21829,1.21805
2014-12-26 19:00:00,1.21801,1.21738,1.21801,1.21762
2014-12-26 20:00:00,1.21762,1.21749,1.21778,1.21771
2014-12-26 21:00:00,1.21771,1.21737,1.21803,1.21777
2014-12-28 22:00:00,1.21749,1.21716,1.21802,1.21767
2014-12-28 23:00:00,1.21773,1.21667,1.21778,1.21679
2014-12-29 00:00:00,1.21681,1.21681,1.21864,1.21832
2014-12-29 01:00:00,1.21832,1.21805,1.21925,1.21863
2014-12-29 02:00:00,1.21862,1.21832,1.21917,1.21867
2014-12-29 03:00:00,1.21864,1.21836,1.219,1.21841
2014-12-29 04:00:00,1.21841,1.2184,1.21968,1.21964
2014-12-29 05:00:00,1.21967,1.21906,1.22013,1.21934
2014-12-29 06:00:00,1.21934,1.2185,1.21951,1.21851
2014-12-29 07:00:00,1.21847,1.21727,1.21911,1.21807
2014-12-29 08:00:00,1.21803,1.21771,1.21867,1.21799
2014-12-29 09:00:00,1.218,1.218,1.22202,1.22073
2014-12-29 10:00:00,1.22078,1.21853,1.2213,1.21899
2014-12-29 11:00:00,1.219,1.21847,1.2195,1.21894
2014-12-29 12:00:00,1.21891,1.21886,1.22017,1.22
2014-12-29 13:00:00,1.22,1.21955,1.22139,1.22091
2014-12-29 14:00:00,1.22092,1.21872,1.22117,1.21896
2014-12-29 15:00:00,1.21903,1.21786,1.21935,1.21811
2014-12-29 16:00:00,1.21808,1.21771,1.21846,1.21772
2014-12-29 17:00:00,1.21776,1.21695,1.21779,1.21712
2014-12-29 18:00:00,1.21708,1.21422,1.2171,1.21559
2014-12-29 19:00:00,1.21556,1.21526,1.21585,1.21551
2014-12-29 20:00:00,1.21549,1.21513,1.21556,1.21532
2014-12-29 21:00:00,1.21536,1.21484,1.21549,1.21502
2014-12-29 22:00:00,1.21507,1.21507,1.21586,1.21547
2014-12-29 23:00:00,1.21547,1.21503,1.21564,1.21526
2014-12-30 00:00:00,1.21527,1.2152,1.21611,1.21564
2014-12-30 01:00:00,1.21563,1.21493,1.21583,1.21493
2014-12-30 02:00:00,1.2149,1.21346,1.21493,1.21384
2014-12-30 03:00:00,1.21389,1.21311,1.21398,1.21385
2014-12-30 04:00:00,1.21389,1.2132,1.21406,1.21394
2014-12-30 05:00:00,1.21396,1.21329,1.21396,1.21331
2014-12-30 06:00:00,1.21327,1.2123,1.21348,1.21348
2014-12-30 07:00:00,1.21346,1.21266,1.21711,1.21617
2014-12-30 08:00:00,1.21621,1.21608,1.21867,1.21736
2014-12-30 09:00:00,1.2173,1.21592,1.21739,1.21595
2014-12-30 10:00:00,1.21591,1.21473,1.21614,1.21561
2014-12-30 11:00:00,1.21565,1.21526,1.2169,1.2165
2014-12-30 12:00:00,1.21647,1.21484,1.21647,1.21548
2014-12-30 13:00:00,1.2155,1.21493,1.21698,1.21691
2014-12-30 14:00:00,1.2169,1.2166,1.21777,1.21694
2014-12-30 15:00:00,1.21698,1.21604,1.21803,1.21643
2014-12-30 16:00:00,1.2164,1.21617,1.21757,1.21727
2014-12-30 17:00:00,1.21724,1.2156,1.21746,1.21566
2014-12-30 18:00:00,1.2157,1.21515,1.21617,1.21598
2014-12-30 19:00:00,1.216,1.21505,1.21635,1.21525
2014-12-30 20:00:00,1.21523,1.21516,1.21563,1.21546
2014-12-30 21:00:00,1.21549,1.21527,1.21584,1.21535
2014-12-30 22:00:00,1.21535,1.21527,1.21588,1.21562
2014-12-30 23:00:00,1.21558,1.21533,1.21616,1.21607
2014-12-31 00:00:00,1.21603,1.21569,1.21621,1.21569
2014-12-31 01:00:00,1.21571,1.21569,1.21682,1.21682
2014-12-31 02:00:00,1.21683,1.21618,1.21692,1.2163
2014-12-31 03:00:00,1.21633,1.21603,1.21659,1.21636
2014-12-31 04:00:00,1.21639,1.21568,1.21642,1.21575
2014-12-31 05:00:00,1.21574,1.21502,1.21586,1.21539
2014-12-31 06:00:00,1.21544,1.21491,1.21588,1.21491
2014-12-31 07:00:00,1.21488,1.21441,1.21569,1.21537
2014-12-31 08:00:00,1.21535,1.21475,1.21592,1.21542
2014-12-31 09:00:00,1.21545,1.2144,1.21547,1.21513
2014-12-31 10:00:00,1.21511,1.21508,1.21581,1.21527
2014-12-31 11:00:00,1.2153,1.2147,1.21561,1.2154
2014-12-31 12:00:00,1.21541,1.21455,1.2155,1.21471
2014-12-31 13:00:00,1.21474,1.21295,1.2148,1.21313
2014-12-31 14:00:00,1.21315,1.21106,1.21341,1.21275
2014-12-31 15:00:00,1.21273,1.20996,1.21337,1.20998
2014-12-31 16:00:00,1.20996,1.20967,1.2109,1.21001
2014-12-31 17:00:00,1.21002,1.20981,1.21063,1.2099
2014-12-31 18:00:00,1.20992,1.20978,1.2107,1.21002
2015-01-01 22:00:00,1.21005,1.20973,1.21057,1.21009
2015-01-01 23:00:00,1.21008,1.20775,1.21008,1.20866
2015-01-02 00:00:00,1.20864,1.20664,1.20884,1.20669
2015-01-02 01:00:00,1.2067,1.20513,1.20718,1.20667
2015-01-02 02:00:00,1.20666,1.20466,1.20682,1.20577
2015-01-02 03:00:00,1.20574,1.20544,1.20617,1.20566
2015-01-02 04:00:00,1.20564,1.20482,1.20586,1.20523
2015-01-02 05:00:00,1.20521,1.20457,1.20551,1.20514
2015-01-02 06:00:00,1.20514,1.20483,1.20571,1.20544
2015-01-02 07:00:00,1.20542,1.2034,1.20576,1.20554
2015-01-02 08:00:00,1.20557,1.20445,1.2069,1.20465
2015-01-02 09:00:00,1.20467,1.20384,1.20599,1.20574
2015-01-02 10:00:00,1.20574,1.20418,1.20574,1.20505
2015-01-02 11:00:00,1.20502,1.20444,1.20576,1.20536
2015-01-02 12:00:00,1.20534,1.20348,1.20543,1.20375
2015-01-02 13:00:00,1.20378,1.20249,1.20438,1.20305
2015-01-02 14:00:00,1.20302,1.20081,1.2033,1.20139
2015-01-02 15:00:00,1.2014,1.20113,1.20315,1.20306
2015-01-02 16:00:00,1.20303,1.20069,1.2031,1.20131
2015-01-02 17:00:00,1.20129,1.20032,1.20153,1.20091
2015-01-02 18:00:00,1.20094,1.20074,1.20147,1.20113
2015-01-02 19:00:00,1.20109,1.20037,1.20112,1.2005
2015-01-02 20:00:00,1.20047,1.20009,1.2008,1.20026
2015-01-02 21:00:00,1.20025,1.19996,1.20054,1.20005
2015-01-04 22:00:00,1.19516,1.18659,1.19526,1.19438
2015-01-04 23:00:00,1.19444,1.19295,1.19485,1.19458
2015-01-05 00:00:00,1.19462,1.19462,1.19752,1.19622
2015-01-05 01:00:00,1.19621,1.19505,1.19724,1.19541
2015-01-05 02:00:00,1.19543,1.1954,1.19647,1.19554
2015-01-05 03:00:00,1.19556,1.19435,1.19557,1.19435
2015-01-05 04:00:00,1.19437,1.1935,1.19446,1.19404
2015-01-05 05:00:00,1.19401,1.19254,1.19442,1.19345
2015-01-05 06:00:00,1.19342,1.19303,1.1947,1.1947
2015-01-05 07:00:00,1.19469,1.19397,1.19602,1.19555
2015-01-05 08:00:00,1.19553,1.1951,1.19756,1.1954
2015-01-05 09:00:00,1.19543,1.19426,1.196,1.19538
2015-01-05 10:00:00,1.19541,1.19137,1.19564,1.192
2015-01-05 11:00:00,1.19202,1.18995,1.19246,1.19049
2015-01-05 12:00:00,1.19051,1.18866,1.1919,1.18991
2015-01-05 13:00:00,1.18989,1.18921,1.1928,1.19123
2015-01-05 14:00:00,1.19127,1.19082,1.19352,1.19337
2015-01-05 15:00:00,1.1934,1.19163,1.19409,1.19361
2015-01-05 16:00:00,1.19358,1.19149,1.19389,1.19174
2015-01-05 17:00:00,1.19176,1.19118,1.19282,1.19226
2015-01-05 18:00:00,1.19223,1.19141,1.1934,1.1934
2015-01-05 19:00:00,1.19341,1.19318,1.19396,1.19384
2015-01-05 20:00:00,1.19378,1.19359,1.19491,1.19359
2015-01-05 21:00:00,1.1936,1.19311,1.19385,1.19311
2015-01-05 22:00:00,1.19318,1.19258,1.19351,1.19323
2015-01-05 23:00:00,1.19321,1.19306,1.19402,1.19372
2015-01-06 00:00:00,1.19369,1.19336,1.19428,1.19428
2015-01-06 01:00:00,1.19424,1.19355,1.19457,1.19403
2015-01-06 02:00:00,1.19404,1.19404,1.19542,1.19454
2015-01-06 03:00:00,1.19455,1.194,1.19493,1.19435
2015-01-06 04:00:00,1.19439,1.19423,1.19502,1.19485
2015-01-06 05:00:00,1.19481,1.19462,1.19579,1.19567
2015-01-06 06:00:00,1.1957,1.19525,1.19682,1.19596
2015-01-06 07:00:00,1.19596,1.1941,1.19619,1.19419
2015-01-06 08:00:00,1.19418,1.19215,1.19518,1.19435
2015-01-06 09:00:00,1.1944,1.19044,1.19455,1.19072
2015-01-06 10:00:00,1.19075,1.18951,1.19143,1.18977
2015-01-06 11:00:00,1.18979,1.18871,1.19189,1.18907
2015-01-06 12:00:00,1.18911,1.18836,1.19102,1.19068
2015-01-06 13:00:00,1.19064,1.1895,1.19158,1.1907
2015-01-06 14:00:00,1.19074,1.18867,1.19087,1.19039
2015-01-06 15:00:00,1.19042,1.19038,1.19331,1.19184
2015-01-06 16:00:00,1.19181,1.19153,1.19393,1.19353
2015-01-06 17:00:00,1.1935,1.19206,1.19575,1.19215
2015-01-06 18:00:00,1.19218,1.19216,1.19332,1.19329
2015-01-06 19:00:00,1.19327,1.19109,1.19356,1.19121
2015-01-06 20:00:00,1.19124,1.18882,1.1914,1.18977
2015-01-06 21:00:00,1.18975,1.18867,1.18985,1.18879
2015-01-06 22:00:00,1.18879,1.18392,1.18894,1.18719
2015-01-06 23:00:00,1.18718,1.1869,1.18783,1.18714
2015-01-07 00:00:00,1.18717,1.18629,1.18808,1.1869
2015-01-07 01:00:00,1.18692,1.18674,1.188,1.18769
2015-01-07 02:00:00,1.18764,1.18688,1.18786,1.18697
2015-01-07 03:00:00,1.18696,1.18659,1.18774,1.18758
2015-01-07 04:00:00,1.18753,1.18707,1.18774,1.18749
2015-01-07 05:00:00,1.18751,1.18735,1.18796,1.18779
2015-01-07 06:00:00,1.18775,1.18541,1.18792,1.18658
2015-01-07 07:00:00,1.18659,1.18622,1.18888,1.18869
2015-01-07 08:00:00,1.18872,1.1859,1.18956,1.18677
2015-01-07 09:00:00,1.18677,1.18512,1.18789,1.18529
2015-01-07 10:00:00,1.18522,1.18409,1.18756,1.18498
2015-01-07 11:00:00,1.18497,1.18177,1.18542,1.18198
2015-01-07 12:00:00,1.18195,1.18189,1.18446,1.18355
2015-01-07 13:00:00,1.18359,1.18183,1.18384,1.18294
2015-01-07 14:00:00,1.18297,1.18078,1.18304,1.18186
2015-01-07 15:00:00,1.1819,1.18014,1.18305,1.18018
2015-01-07 16:00:00,1.18017,1.18016,1.18271,1.18199
2015-01-07 17:00:00,1.18199,1.18168,1.18347,1.18289
2015-01-07 18:00:00,1.18289,1.18251,1.18365,1.18331
2015-01-07 19:00:00,1.18334,1.18072,1.18581,1.18494
2015-01-07 20:00:00,1.18492,1.18308,1.18496,1.18326
2015-01-07 21:00:00,1.18329,1.18328,1.18409,1.18372
2015-01-07 22:00:00,1.1836,1.18322,1.1841,1.18327
2015-01-07 23:00:00,1.18325,1.18303,1.18363,1.18328
2015-01-08 00:00:00,1.18325,1.1831,1.1847,1.18375
2015-01-08 01:00:00,1.18374,1.18247,1.18399,1.18253
2015-01-08 02:00:00,1.18252,1.18183,1.18266,1.18213
2015-01-08 03:00:00,1.1821,1.18168,1.18305,1.18263
2015-01-08 04:00:00,1.18264,1.18199,1.18285,1.18219
2015-01-08 05:00:00,1.18223,1.18165,1.18261,1.18207
2015-01-08 06:00:00,1.18203,1.18173,1.18237,1.18198
2015-01-08 07:00:00,1.18196,1.18028,1.18206,1.18196
2015-01-08 08:00:00,1.18193,1.1791,1.1822,1.17934
2015-01-08 09:00:00,1.17936,1.1779,1.18071,1.17806
2015-01-08 10:00:00,1.17805,1.17618,1.17857,1.17684
2015-01-08 11:00:00,1.17681,1.17631,1.17746,1.17724
2015-01-08 12:00:00,1.1772,1.17536,1.17786,1.17755
2015-01-08 13:00:00,1.17759,1.17613,1.1788,1.17866
2015-01-08 14:00:00,1.17862,1.17789,1.17984,1.17976
2015-01-08 15:00:00,1.17978,1.17709,1.17978,1.17917
2015-01-08 16:00:00,1.17913,1.17906,1.18137,1.18093
2015-01-08 17:00:00,1.18089,1.18027,1.18186,1.18167
2015-01-08 18:00:00,1.18163,1.17955,1.18164,1.17992
2015-01-08 19:00:00,1.17989,1.17796,1.17993,1.17835
2015-01-08 20:00:00,1.17835,1.17826,1.17911,1.17877
2015-01-08 21:00:00,1.1788,1.17876,1.17955,1.17903
2015-01-08 22:00:00,1.17908,1.17858,1.17935,1.17894
2015-01-08 23:00:00,1.17894,1.17858,1.17932,1.17914
2015-01-09 00:00:00,1.17911,1.17897,1.17965,1.17954
2015-01-09 01:00:00,1.17951,1.17945,1.18105,1.18004
2015-01-09 02:00:00,1.18006,1.17992,1.18084,1.18059
2015-01-09 03:00:00,1.18063,1.18004,1.18074,1.18028
2015-01-09 04:00:00,1.1803,1.1803,1.18122,1.18051
2015-01-09 05:00:00,1.18056,1.18056,1.18146,1.18096
2015-01-09 06:00:00,1.18098,1.17912,1.18113,1.17913
2015-01-09 07:00:00,1.17915,1.17844,1.17986,1.17927
2015-01-09 08:00:00,1.17931,1.17917,1.18077,1.1805
2015-01-09 09:00:00,1.18052,1.17971,1.18193,1.1815
2015-01-09 10:00:00,1.18154,1.1805,1.18192,1.18127
2015-01-09 11:00:00,1.18129,1.18075,1.18193,1.1809
2015-01-09 12:00:00,1.18089,1.18085,1.18175,1.18165
2015-01-09 13:00:00,1.18163,1.17616,1.18315,1.1787
2015-01-09 14:00:00,1.17875,1.17722,1.1796,1.1783
2015-01-09 15:00:00,1.17833,1.17827,1.18377,1.18314
2015-01-09 16:00:00,1.18316,1.18219,1.18441,1.18291
2015-01-09 17:00:00,1.18288,1.18282,1.18434,1.18295
2015-01-09 18:00:00,1.18296,1.18296,1.18423,1.18374
2015-01-09 19:00:00,1.18376,1.18302,1.1845,1.1841
2015-01-09 20:00:00,1.18413,1.18334,1.1843,1.18408
2015-01-09 21:00:00,1.18406,1.18254,1.18423,1.18377
2015-01-11 22:00:00,1.18443,1.18404,1.18687,1.18663
2015-01-11 23:00:00,1.18662,1.18565,1.18694,1.18692
2015-01-12 00:00:00,1.18692,1.18605,1.18692,1.18663
2015-01-12 01:00:00,1.1866,1.18504,1.18667,1.18566
2015-01-12 02:00:00,1.18569,1.1846,1.18575,1.1847
2015-01-12 03:00:00,1.18473,1.18446,1.18623,1.18544
2015-01-12 04:00:00,1.18545,1.18495,1.18562,1.18526
2015-01-12 05:00:00,1.18521,1.18513,1.18624,1.1861
2015-01-12 06:00:00,1.18614,1.18555,1.18703,1.18558
2015-01-12 07:00:00,1.1856,1.18493,1.1858,1.18537
2015-01-12 08:00:00,1.18536,1.18093,1.18538,1.18149
2015-01-12 09:00:00,1.18148,1.18048,1.1824,1.18128
2015-01-12 10:00:00,1.18126,1.1792,1.18147,1.17945
2015-01-12 11:00:00,1.17942,1.17877,1.18081,1.17986
2015-01-12 12:00:00,1.17986,1.17857,1.18038,1.17898
2015-01-12 13:00:00,1.17894,1.17887,1.18255,1.18229
2015-01-12 14:00:00,1.1823,1.18097,1.18444,1.1839
2015-01-12 15:00:00,1.18391,1.18158,1.18427,1.1816
2015-01-12 16:00:00,1.18161,1.18083,1.18315,1.18307
2015-01-12 17:00:00,1.18305,1.18167,1.18305,1.18252
2015-01-12 18:00:00,1.18249,1.18249,1.18444,1.18412
2015-01-12 19:00:00,1.18411,1.18371,1.18452,1.18387
2015-01-12 20:00:00,1.18388,1.18325,1.18399,1.18367
2015-01-12 21:00:00,1.18363,1.18308,1.18365,1.18317
2015-01-12 22:00:00,1.18306,1.18273,1.18335,1.18287
2015-01-12 23:00:00,1.1828,1.18263,1.18315,1.18315
2015-01-13 00:00:00,1.18314,1.18227,1.18426,1.18411
2015-01-13 01:00:00,1.18415,1.18348,1.18478,1.1843
2015-01-13 02:00:00,1.18431,1.18376,1.18454,1.18448
2015-01-13 03:00:00,1.18451,1.18444,1.1859,1.18452
2015-01-13 04:00:00,1.18453,1.1832,1.18473,1.18357
2015-01-13 05:00:00,1.18356,1.1823,1.18376,1.18273
2015-01-13 06:00:00,1.18274,1.18188,1.18344,1.18294
2015-01-13 07:00:00,1.18288,1.18279,1.18512,1.18496
2015-01-13 08:00:00,1.18492,1.18165,1.18492,1.18205
2015-01-13 09:00:00,1.18204,1.17935,1.18257,1.18077
2015-01-13 10:00:00,1.18074,1.1789,1.18106,1.18017
2015-01-13 11:00:00,1.18014,1.1786,1.18097,1.17928
2015-01-13 12:00:00,1.17927,1.17753,1.1798,1.17803
2015-01-13 13:00:00,1.17806,1.17666,1.17935,1.17692
2015-01-13 14:00:00,1.17692,1.17555,1.17793,1.17611
2015-01-13 15:00:00,1.17607,1.17521,1.1795,1.17808
2015-01-13 16:00:00,1.17811,1.17709,1.17993,1.17777
2015-01-13 17:00:00,1.17772,1.17728,1.17955,1.17838
2015-01-13 18:00:00,1.17838,1.17649,1.17875,1.17661
2015-01-13 19:00:00,1.1766,1.176,1.17796,1.17636
2015-01-13 20:00:00,1.17631,1.17581,1.17737,1.17707
2015-01-13 21:00:00,1.17703,1.17695,1.1777,1.17703
2015-01-13 22:00:00,1.17708,1.17653,1.17763,1.1775
2015-01-13 23:00:00,1.17754,1.17749,1.1779,1.17763
2015-01-14 00:00:00,1.17759,1.17698,1.17818,1.17701
2015-01-14 01:00:00,1.17698,1.17635,1.17732,1.17732
2015-01-14 02:00:00,1.1773,1.17671,1.17793,1.17785
2015-01-14 03:00:00,1.17782,1.17729,1.1779,1.17731
2015-01-14 04:00:00,1.17729,1.17729,1.17863,1.17852
2015-01-14 05:00:00,1.17848,1.17843,1.17942,1.17914
2015-01-14 06:00:00,1.17913,1.17844,1.17949,1.17851
2015-01-14 07:00:00,1.17848,1.17801,1.18081,1.17995
2015-01-14 08:00:00,1.17999,1.1773,1.18105,1.17911
2015-01-14 09:00:00,1.1791,1.17266,1.1796,1.17436
2015-01-14 10:00:00,1.17436,1.17385,1.17611,1.17579
2015-01-14 11:00:00,1.17581,1.17372,1.17596,1.17534
2015-01-14 12:00:00,1.17538,1.17425,1.17599,1.17574
2015-01-14 13:00:00,1.17571,1.17548,1.18456,1.18246
2015-01-14 14:00:00,1.1825,1.17876,1.1839,1.17899
2015-01-14 15:00:00,1.179,1.17707,1.17964,1.17858
2015-01-14 16:00:00,1.17854,1.17854,1.18103,1.18057
2015-01-14 17:00:00,1.18053,1.17843,1.1813,1.17871
2015-01-14 18:00:00,1.17869,1.17786,1.17921,1.1785
2015-01-14 19:00:00,1.17849,1.17744,1.17854,1.17759
2015-01-14 20:00:00,1.17764,1.17761,1.17919,1.17888
2015-01-14 21:00:00,1.17889,1.17796,1.17901,1.17871
2015-01-14 22:00:00,1.17855,1.17826,1.17917,1.17886
2015-01-14 23:00:00,1.1788,1.1783,1.17887,1.17834
2015-01-15 00:00:00,1.1783,1.17722,1.17901,1.17755
2015-01-15 01:00:00,1.17753,1.1772,1.17799,1.17744
2015-01-15 02:00:00,1.17741,1.17731,1.17816,1.17796
2015-01-15 03:00:00,1.17796,1.17784,1.17869,1.17804
2015-01-15 04:00:00,1.178,1.17734,1.17847,1.17739
2015-01-15 05:00:00,1.17741,1.17644,1.17759,1.17669
2015-01-15 06:00:00,1.17665,1.17596,1.1772,1.1772
2015-01-15 07:00:00,1.17724,1.17674,1.17857,1.1776
2015-01-15 08:00:00,1.17761,1.17493,1.17765,1.1759
2015-01-15 09:00:00,1.1759,1.15646,1.17654,1.17196
2015-01-15 10:00:00,1.17197,1.16661,1.17722,1.16857
2015-01-15 11:00:00,1.16858,1.16648,1.17314,1.16916
2015-01-15 12:00:00,1.16923,1.16791,1.17463,1.17364
2015-01-15 13:00:00,1.17365,1.16859,1.17406,1.16982
2015-01-15 14:00:00,1.16982,1.16169,1.17029,1.163
2015-01-15 15:00:00,1.16305,1.15849,1.1644,1.1585
2015-01-15 16:00:00,1.15849,1.15669,1.16094,1.15951
2015-01-15 17:00:00,1.15952,1.15913,1.16096,1.16005
2015-01-15 18:00:00,1.16004,1.15975,1.16348,1.16152
2015-01-15 19:00:00,1.16155,1.16018,1.16204,1.16123
2015-01-15 20:00:00,1.16127,1.16045,1.16223,1.16173
2015-01-15 21:00:00,1.16173,1.16061,1.1633,1.16293
2015-01-15 22:00:00,1.16293,1.1612,1.16332,1.16236
2015-01-15 23:00:00,1.16235,1.16202,1.16386,1.16355
2015-01-16 00:00:00,1.16359,1.16105,1.16382,1.16154
2015-01-16 01:00:00,1.16155,1.15991,1.16291,1.16261
2015-01-16 02:00:00,1.16259,1.16254,1.16383,1.1631
2015-01-16 03:00:00,1.16313,1.16306,1.16454,1.16385
2015-01-16 04:00:00,1.16389,1.16296,1.16405,1.16304
2015-01-16 05:00:00,1.16307,1.16249,1.16353,1.16286
2015-01-16 06:00:00,1.16282,1.16206,1.16422,1.16353
2015-01-16 07:00:00,1.16351,1.16229,1.16482,1.16319
2015-01-16 08:00:00,1.16316,1.16115,1.16453,1.16131
2015-01-16 09:00:00,1.16135,1.16108,1.16367,1.16268
2015-01-16 10:00:00,1.16268,1.15944,1.16348,1.15999
2015-01-16 11:00:00,1.15998,1.15751,1.16039,1.15857
2015-01-16 12:00:00,1.1586,1.15798,1.15967,1.1589
2015-01-16 13:00:00,1.15887,1.15733,1.16067,1.15834
2015-01-16 14:00:00,1.15836,1.15374,1.15852,1.155
2015-01-16 15:00:00,1.15492,1.14587,1.15515,1.14915
2015-01-16 16:00:00,1.14919,1.14885,1.1527,1.15155
2015-01-16 17:00:00,1.15158,1.15111,1.15474,1.15468
2015-01-16 18:00:00,1.15466,1.15309,1.15657,1.15377
2015-01-16 19:00:00,1.15373,1.15321,1.15843,1.15843
2015-01-16 20:00:00,1.15847,1.15615,1.15887,1.15679
2015-01-16 21:00:00,1.15677,1.15517,1.15735,1.15604
2015-01-18 22:00:00,1.1549,1.15486,1.1567,1.15609
2015-01-18 23:00:00,1.15613,1.1558,1.15725,1.15603
2015-01-19 00:00:00,1.15602,1.15521,1.15656,1.15605
2015-01-19 01:00:00,1.15601,1.15571,1.15733,1.15697
2015-01-19 02:00:00,1.15698,1.15554,1.15731,1.15558
2015-01-19 03:00:00,1.15561,1.1554,1.15614,1.15606
2015-01-19 04:00:00,1.15609,1.15542,1.1562,1.15564
2015-01-19 05:00:00,1.15565,1.15528,1.1562,1.15603
2015-01-19 06:00:00,1.15604,1.15514,1.15705,1.15681
2015-01-19 07:00:00,1.15676,1.15542,1.15848,1.15581
2015-01-19 08:00:00,1.15584,1.15507,1.15913,1.15834
2015-01-19 09:00:00,1.15836,1.15809,1.16275,1.16148
2015-01-19 10:00:00,1.16149,1.15887,1.16151,1.15999
2015-01-19 11:00:00,1.15995,1.15849,1.16073,1.15874
2015-01-19 12:00:00,1.15876,1.15849,1.16105,1.16056
2015-01-19 13:00:00,1.1606,1.16001,1.16227,1.16102
2015-01-19 14:00:00,1.161,1.15994,1.16254,1.16208
2015-01-19 15:00:00,1.16212,1.16136,1.16384,1.16304
2015-01-19 16:00:00,1.16307,1.16199,1.16382,1.1621
2015-01-19 17:00:00,1.16211,1.16019,1.16291,1.1608
2015-01-19 18:00:00,1.16086,1.15998,1.16162,1.16137
2015-01-19 19:00:00,1.16141,1.16005,1.1615,1.16006
2015-01-19 20:00:00,1.16012,1.16012,1.16093,1.16077
2015-01-19 21:00:00,1.16075,1.1602,1.16099,1.16032
2015-01-19 22:00:00,1.16015,1.16015,1.1608,1.16034
2015-01-19 23:00:00,1.16033,1.15904,1.16057,1.15939
2015-01-20 00:00:00,1.15939,1.15818,1.16011,1.15818
2015-01-20 01:00:00,1.15814,1.1572,1.15887,1.15882
2015-01-20 02:00:00,1.15884,1.15796,1.1589,1.15814
2015-01-20 03:00:00,1.15817,1.15755,1.15851,1.15798
2015-01-20 04:00:00,1.15799,1.15738,1.15821,1.15766
2015-01-20 05:00:00,1.15762,1.15745,1.15846,1.15832
2015-01-20 06:00:00,1.15831,1.1567,1.15836,1.15714
2015-01-20 07:00:00,1.15717,1.15673,1.15922,1.15902
2015-01-20 08:00:00,1.15903,1.15712,1.15921,1.15883
2015-01-20 09:00:00,1.15884,1.15765,1.16086,1.16031
2015-01-20 10:00:00,1.16034,1.15863,1.16138,1.16057
2015-01-20 11:00:00,1.16056,1.15686,1.16056,1.15818
2015-01-20 12:00:00,1.15822,1.15736,1.15937,1.15901
2015-01-20 13:00:00,1.15899,1.15768,1.16048,1.16033
2015-01-20 14:00:00,1.16033,1.15776,1.16033,1.15846
2015-01-20 15:00:00,1.1584,1.15699,1.15893,1.15728
2015-01-20 16:00:00,1.15732,1.15546,1.15843,1.15576
2015-01-20 17:00:00,1.15577,1.15431,1.15671,1.15468
2015-01-20 18:00:00,1.15463,1.15405,1.15551,1.15511
2015-01-20 19:00:00,1.15508,1.15398,1.15531,1.15498
2015-01-20 20:00:00,1.15497,1.15458,1.15524,1.15503
2015-01-20 21:00:00,1.15499,1.15465,1.15567,1.1548
2015-01-20 22:00:00,1.15512,1.15476,1.15549,1.15537
2015-01-20 23:00:00,1.15541,1.15419,1.15561,1.15449
2015-01-21 00:00:00,1.15449,1.15406,1.15571,1.15502
2015-01-21 01:00:00,1.15503,1.15502,1.15643,1.15605
2015-01-21 02:00:00,1.15607,1.15579,1.15676,1.15666
2015-01-21 03:00:00,1.15666,1.15627,1.15735,1.15681
2015-01-21 04:00:00,1.15684,1.15622,1.15754,1.1565
2015-01-21 05:00:00,1.1565,1.15605,1.15751,1.15736
2015-01-21 06:00:00,1.15738,1.15735,1.15882,1.15802
2015-01-21 07:00:00,1.15804,1.15529,1.15841,1.15563
2015-01-21 08:00:00,1.15562,1.15463,1.15756,1.15717
2015-01-21 09:00:00,1.15714,1.15638,1.15853,1.15702
2015-01-21 10:00:00,1.15705,1.15645,1.15824,1.1571
2015-01-21 11:00:00,1.15709,1.15657,1.15829,1.15757
2015-01-21 12:00:00,1.15752,1.15707,1.15929,1.15886
2015-01-21 13:00:00,1.15883,1.15864,1.16363,1.16321
2015-01-21 14:00:00,1.16318,1.15643,1.16791,1.16389
2015-01-21 15:00:00,1.16385,1.15805,1.16582,1.15859
2015-01-21 16:00:00,1.1586,1.15805,1.16127,1.15827
2015-01-21 17:00:00,1.15828,1.1565,1.1584,1.1573
2015-01-21 18:00:00,1.15734,1.15612,1.15767,1.15729
2015-01-21 19:00:00,1.1573,1.1573,1.15955,1.159
2015-01-21 20:00:00,1.159,1.15789,1.15907,1.15873
2015-01-21 21:00:00,1.15875,1.15866,1.16105,1.16084
2015-01-21 22:00:00,1.16088,1.16057,1.16161,1.16125
2015-01-21 23:00:00,1.16124,1.16059,1.16284,1.16134
2015-01-22 00:00:00,1.16136,1.15897,1.16155,1.16045
2015-01-22 01:00:00,1.16046,1.15976,1.16181,1.15978
2015-01-22 02:00:00,1.15981,1.15959,1.16047,1.16036
2015-01-22 03:00:00,1.16038,1.15972,1.16068,1.16054
2015-01-22 04:00:00,1.16054,1.15978,1.16085,1.15981
2015-01-22 05:00:00,1.15978,1.15878,1.16004,1.15901
2015-01-22 06:00:00,1.15903,1.15775,1.15906,1.15776
2015-01-22 07:00:00,1.15775,1.15748,1.15939,1.15764
2015-01-22 08:00:00,1.15762,1.15762,1.16165,1.16009
2015-01-22 09:00:00,1.16008,1.16008,1.16285,1.16226
2015-01-22 10:00:00,1.16226,1.16059,1.16381,1.16262
2015-01-22 11:00:00,1.16262,1.1617,1.1644,1.16255
2015-01-22 12:00:00,1.1625,1.15837,1.16451,1.16302
2015-01-22 13:00:00,1.16305,1.1508,1.16352,1.15607
2015-01-22 14:00:00,1.15614,1.14518,1.15647,1.14622
2015-01-22 15:00:00,1.14614,1.14131,1.14905,1.14165
2015-01-22 16:00:00,1.14166,1.14034,1.14312,1.14125
2015-01-22 17:00:00,1.14122,1.13756,1.14148,1.1382
2015-01-22 18:00:00,1.13822,1.13621,1.13839,1.13759
2015-01-22 19:00:00,1.13756,1.13687,1.13913,1.13782
2015-01-22 20:00:00,1.13778,1.1351,1.13815,1.13601
2015-01-22 21:00:00,1.13597,1.13145,1.13652,1.13638
2015-01-22 22:00:00,1.13628,1.13485,1.13689,1.13687
2015-01-22 23:00:00,1.13685,1.13415,1.13717,1.13461
2015-01-23 00:00:00,1.13466,1.13379,1.13679,1.13611
2015-01-23 01:00:00,1.13616,1.13585,1.13722,1.1361
2015-01-23 02:00:00,1.13613,1.13597,1.13687,1.13622
2015-01-23 03:00:00,1.13623,1.13606,1.13669,1.13633
2015-01-23 04:00:00,1.13637,1.13404,1.13657,1.13421
2015-01-23 05:00:00,1.13426,1.13136,1.13471,1.1335
2015-01-23 06:00:00,1.13348,1.13153,1.13417,1.13357
2015-01-23 07:00:00,1.13353,1.13286,1.13482,1.13452
2015-01-23 08:00:00,1.13442,1.1257,1.13555,1.12713
2015-01-23 09:00:00,1.1272,1.12303,1.12896,1.12325
2015-01-23 10:00:00,1.12328,1.12185,1.12455,1.12342
2015-01-23 11:00:00,1.12338,1.11672,1.12471,1.11717
2015-01-23 12:00:00,1.11717,1.1113,1.1198,1.11859
2015-01-23 13:00:00,1.11858,1.11647,1.12356,1.12345
2015-01-23 14:00:00,1.12344,1.12094,1.12606,1.1243
2015-01-23 15:00:00,1.12435,1.12325,1.12881,1.12453
2015-01-23 16:00:00,1.12452,1.12438,1.12867,1.12768
2015-01-23 17:00:00,1.12767,1.12518,1.12832,1.12547
2015-01-23 18:00:00,1.1255,1.12174,1.12569,1.12183
2015-01-23 19:00:00,1.12185,1.12177,1.12459,1.12458
2015-01-23 20:00:00,1.12457,1.12067,1.12472,1.12069
2015-01-23 21:00:00,1.12068,1.12025,1.12338,1.12039
2015-01-25 22:00:00,1.1148,1.11308,1.11554,1.11429
2015-01-25 23:00:00,1.11436,1.1097,1.11487,1.11404
2015-01-26 00:00:00,1.11405,1.11364,1.12,1.11658
2015-01-26 01:00:00,1.11653,1.11622,1.11896,1.11683
2015-01-26 02:00:00,1.11685,1.11507,1.11732,1.11534
2015-01-26 03:00:00,1.11538,1.11538,1.11771,1.1175
2015-01-26 04:00:00,1.11753,1.11706,1.11817,1.11719
2015-01-26 05:00:00,1.11723,1.11717,1.11943,1.11844
2015-01-26 06:00:00,1.11847,1.11847,1.12176,1.12163
2015-01-26 07:00:00,1.12162,1.1194,1.12421,1.12374
2015-01-26 08:00:00,1.12371,1.12145,1.12487,1.1235
2015-01-26 09:00:00,1.12363,1.12235,1.12606,1.12498
2015-01-26 10:00:00,1.12494,1.12259,1.12524,1.12287
2015-01-26 11:00:00,1.12285,1.12234,1.12485,1.12234
2015-01-26 12:00:00,1.1223,1.12207,1.12469,1.12442
2015-01-26 13:00:00,1.12439,1.12365,1.12759,1.12679
2015-01-26 14:00:00,1.12683,1.12494,1.12739,1.12711
2015-01-26 15:00:00,1.12708,1.12504,1.12845,1.1255
2015-01-26 16:00:00,1.12553,1.12548,1.12902,1.12883
2015-01-26 17:00:00,1.12878,1.12639,1.12949,1.12789
2015-01-26 18:00:00,1.12791,1.12686,1.12819,1.1274
2015-01-26 19:00:00,1.12741,1.12648,1.12759,1.12661
2015-01-26 20:00:00,1.1266,1.1258,1.12681,1.12619
2015-01-26 21:00:00,1.12618,1.12315,1.12629,1.12351
2015-01-26 22:00:00,1.12343,1.12299,1.12458,1.12354
2015-01-26 23:00:00,1.12353,1.12315,1.12493,1.12492
2015-01-27 00:00:00,1.12489,1.12313,1.12496,1.12345
2015-01-27 01:00:00,1.12345,1.12332,1.12576,1.12483
2015-01-27 02:00:00,1.12484,1.12373,1.12537,1.12406
2015-01-27 03:00:00,1.12403,1.12355,1.12448,1.12356
2015-01-27 04:00:00,1.12358,1.12358,1.12477,1.12446
2015-01-27 05:00:00,1.12449,1.12356,1.12457,1.12378
2015-01-27 06:00:00,1.12373,1.12231,1.12465,1.12433
2015-01-27 07:00:00,1.1243,1.12367,1.12537,1.12488
2015-01-27 08:00:00,1.12492,1.12409,1.13448,1.13361
2015-01-27 09:00:00,1.13357,1.13044,1.13393,1.13174
2015-01-27 10:00:00,1.13172,1.12739,1.13172,1.12802
2015-01-27 11:00:00,1.128,1.12604,1.12851,1.12736
2015-01-27 12:00:00,1.12736,1.12736,1.13026,1.12995
2015-01-27 13:00:00,1.12998,1.12981,1.13387,1.13371
2015-01-27 14:00:00,1.13374,1.13327,1.13876,1.13733
2015-01-27 15:00:00,1.13723,1.13517,1.1422,1.14006
2015-01-27 16:00:00,1.14009,1.13565,1.14034,1.13683
2015-01-27 17:00:00,1.13682,1.13325,1.13742,1.13518
2015-01-27 18:00:00,1.13516,1.13397,1.13642,1.1361
2015-01-27 19:00:00,1.13615,1.13552,1.13769,1.13687
2015-01-27 20:00:00,1.1369,1.13655,1.13787,1.13787
2015-01-27 21:00:00,1.13782,1.13701,1.13813,1.13792
2015-01-27 22:00:00,1.13792,1.13691,1.13812,1.13699
2015-01-27 23:00:00,1.13697,1.13595,1.13709,1.13673
2015-01-28 00:00:00,1.13673,1.1345,1.13673,1.13549
2015-01-28 01:00:00,1.13552,1.13299,1.13552,1.13345
2015-01-28 02:00:00,1.1334,1.13299,1.13397,1.13338
2015-01-28 03:00:00,1.13335,1.13335,1.13429,1.13397
2015-01-28 04:00:00,1.13399,1.13317,1.13413,1.13362
2015-01-28 05:00:00,1.13358,1.13329,1.13632,1.13547
2015-01-28 06:00:00,1.13544,1.13524,1.13815,1.1369
2015-01-28 07:00:00,1.13689,1.13366,1.13726,1.13437
2015-01-28 08:00:00,1.13441,1.13253,1.13574,1.13354
2015-01-28 09:00:00,1.13357,1.13337,1.13662,1.13618
2015-01-28 10:00:00,1.13622,1.13482,1.13806,1.13615
2015-01-28 11:00:00,1.13611,1.135,1.13685,1.13563
2015-01-28 12:00:00,1.13567,1.13501,1.13656,1.13528
2015-01-28 13:00:00,1.13531,1.13394,1.13539,1.13506
2015-01-28 14:00:00,1.13508,1.13064,1.13521,1.13072
2015-01-28 15:00:00,1.13072,1.13064,1.13417,1.13396
2015-01-28 16:00:00,1.13401,1.13311,1.13491,1.13399
2015-01-28 17:00:00,1.13402,1.13393,1.13619,1.13535
2015-01-28 18:00:00,1.13532,1.13272,1.13553,1.13324
2015-01-28 19:00:00,1.13328,1.13052,1.13677,1.13083
2015-01-28 20:00:00,1.13082,1.12814,1.13147,1.12886
2015-01-28 21:00:00,1.12889,1.12754,1.12936,1.12851
2015-01-28 22:00:00,1.12855,1.12713,1.12884,1.12756
2015-01-28 23:00:00,1.12755,1.12752,1.12896,1.12823
2015-01-29 00:00:00,1.12821,1.12805,1.12953,1.1289
2015-01-29 01:00:00,1.1289,1.12805,1.12913,1.12878
2015-01-29 02:00:00,1.12874,1.12817,1.12926,1.12817
2015-01-29 03:00:00,1.12819,1.1273,1.12849,1.12749
2015-01-29 04:00:00,1.12748,1.12645,1.12759,1.12681
2015-01-29 05:00:00,1.12683,1.1261,1.1275,1.12733
2015-01-29 06:00:00,1.1273,1.12696,1.12883,1.12809
2015-01-29 07:00:00,1.12813,1.12786,1.13039,1.12877
2015-01-29 08:00:00,1.12872,1.12645,1.12984,1.12872
2015-01-29 09:00:00,1.12872,1.12853,1.13183,1.13149
2015-01-29 10:00:00,1.13148,1.12883,1.13157,1.13062
2015-01-29 11:00:00,1.13057,1.12941,1.13267,1.13104
2015-01-29 12:00:00,1.13106,1.1292,1.1322,1.12961
2015-01-29 13:00:00,1.1296,1.12938,1.13256,1.13225
2015-01-29 14:00:00,1.13227,1.13198,1.13483,1.13339
2015-01-29 15:00:00,1.13343,1.13243,1.1367,1.13362
2015-01-29 16:00:00,1.13358,1.12957,1.134,1.13075
2015-01-29 17:00:00,1.13075,1.12781,1.13095,1.13033
2015-01-29 18:00:00,1.13029,1.12938,1.13146,1.13081
2015-01-29 19:00:00,1.13077,1.13047,1.13148,1.13124
2015-01-29 20:00:00,1.1312,1.13065,1.13263,1.13242
2015-01-29 21:00:00,1.13237,1.1316,1.13244,1.1318
2015-01-29 22:00:00,1.13167,1.13143,1.1328,1.13271
2015-01-29 23:00:00,1.13267,1.13244,1.13364,1.13329
2015-01-30 00:00:00,1.1333,1.13184,1.13369,1.13268
2015-01-30 01:00:00,1.13263,1.13252,1.13342,1.13327
2015-01-30 02:00:00,1.13323,1.13243,1.13347,1.13293
2015-01-30 03:00:00,1.13291,1.13209,1.13326,1.13257
2015-01-30 04:00:00,1.13259,1.13211,1.13277,1.13269
2015-01-30 05:00:00,1.13272,1.13266,1.13387,1.13385
2015-01-30 06:00:00,1.13386,1.13293,1.13441,1.13333
2015-01-30 07:00:00,1.13328,1.13199,1.13397,1.13356
2015-01-30 08:00:00,1.13353,1.13244,1.13519,1.13402
2015-01-30 09:00:00,1.13404,1.13035,1.13447,1.13081
2015-01-30 10:00:00,1.13081,1.1307,1.1356,1.13518
2015-01-30 11:00:00,1.13517,1.13336,1.1363,1.13356
2015-01-30 12:00:00,1.13361,1.13002,1.13484,1.13051
2015-01-30 13:00:00,1.13053,1.12915,1.13383,1.13169
2015-01-30 14:00:00,1.13171,1.12975,1.13251,1.13018
2015-01-30 15:00:00,1.13021,1.12798,1.13229,1.12835
2015-01-30 16:00:00,1.12834,1.1278,1.13035,1.12891
2015-01-30 17:00:00,1.12892,1.12815,1.13057,1.12868
2015-01-30 18:00:00,1.12864,1.12811,1.12977,1.12835
2015-01-30 19:00:00,1.12835,1.12819,1.13002,1.12908
2015-01-30 20:00:00,1.12911,1.12903,1.13149,1.1299
2015-01-30 21:00:00,1.12988,1.12743,1.1299,1.12778
2015-02-01 22:00:00,1.1307,1.13027,1.13182,1.13109
2015-02-01 23:00:00,1.13109,1.12999,1.13131,1.13066
2015-02-02 00:00:00,1.13059,1.1301,1.13115,1.13076
2015-02-02 01:00:00,1.13081,1.13081,1.13152,1.13147
2015-02-02 02:00:00,1.13149,1.13121,1.13247,1.13174
2015-02-02 03:00:00,1.13175,1.13047,1.13175,1.13097
2015-02-02 04:00:00,1.13093,1.13077,1.13128,1.13077
2015-02-02 05:00:00,1.13076,1.13066,1.13127,1.13078
2015-02-02 06:00:00,1.13077,1.12918,1.13079,1.13068
2015-02-02 07:00:00,1.13072,1.12968,1.13208,1.13151
2015-02-02 08:00:00,1.13152,1.13059,1.1344,1.13213
2015-02-02 09:00:00,1.1321,1.13156,1.13523,1.13511
2015-02-02 10:00:00,1.13505,1.13359,1.13535,1.13389
2015-02-02 11:00:00,1.13386,1.13147,1.13418,1.1328
2015-02-02 12:00:00,1.13279,1.13094,1.13287,1.13146
2015-02-02 13:00:00,1.13149,1.13011,1.13223,1.1311
2015-02-02 14:00:00,1.13105,1.13083,1.13415,1.13396
2015-02-02 15:00:00,1.13396,1.13369,1.13613,1.13413
2015-02-02 16:00:00,1.1341,1.13231,1.13498,1.13358
2015-02-02 17:00:00,1.13353,1.13264,1.13492,1.13321
2015-02-02 18:00:00,1.13318,1.13306,1.13495,1.13403
2015-02-02 19:00:00,1.13405,1.13381,1.13543,1.13449
2015-02-02 20:00:00,1.13444,1.13334,1.13483,1.13342
2015-02-02 21:00:00,1.13342,1.13332,1.13427,1.1338
2015-02-02 22:00:00,1.13376,1.1331,1.13436,1.13344
2015-02-02 23:00:00,1.13347,1.13343,1.13467,1.13382
2015-02-03 00:00:00,1.13377,1.13347,1.13481,1.13479
2015-02-03 01:00:00,1.1348,1.1343,1.13505,1.13467
2015-02-03 02:00:00,1.13463,1.13397,1.13478,1.1344
2015-02-03 03:00:00,1.13443,1.13276,1.13449,1.13297
2015-02-03 04:00:00,1.13297,1.13245,1.13324,1.13316
2015-02-03 05:00:00,1.13312,1.13214,1.13323,1.13307
2015-02-03 06:00:00,1.13307,1.13253,1.13386,1.13382
2015-02-03 07:00:00,1.13385,1.13262,1.13465,1.13309
2015-02-03 08:00:00,1.13309,1.13206,1.13514,1.13236
2015-02-03 09:00:00,1.13237,1.13118,1.13431,1.13329
2015-02-03 10:00:00,1.13327,1.1331,1.13539,1.13497
2015-02-03 11:00:00,1.13499,1.13365,1.1354,1.13379
2015-02-03 12:00:00,1.13383,1.13368,1.13573,1.13468
2015-02-03 13:00:00,1.13471,1.13407,1.1449,1.14422
2015-02-03 14:00:00,1.14426,1.14185,1.14461,1.14354
2015-02-03 15:00:00,1.14355,1.143,1.14492,1.14476
2015-02-03 16:00:00,1.14479,1.14436,1.14915,1.14604
2015-02-03 17:00:00,1.14607,1.14471,1.14864,1.14704
2015-02-03 18:00:00,1.14705,1.14705,1.15332,1.14823
2015-02-03 19:00:00,1.14825,1.14752,1.1499,1.1487
2015-02-03 20:00:00,1.14871,1.14806,1.14911,1.14815
2015-02-03 21:00:00,1.14816,1.14705,1.14882,1.1476
2015-02-03 22:00:00,1.14744,1.14624,1.14786,1.14634
2015-02-03 23:00:00,1.14638,1.14549,1.14702,1.14558
2015-02-04 00:00:00,1.14558,1.14552,1.14693,1.14605
2015-02-04 01:00:00,1.14601,1.14575,1.14748,1.1465
2015-02-04 02:00:00,1.14648,1.14543,1.14648,1.146
2015-02-04 03:00:00,1.14603,1.14562,1.14684,1.14622
2015-02-04 04:00:00,1.14619,1.14612,1.14734,1.14715
2015-02-04 05:00:00,1.14712,1.14662,1.14837,1.14772
2015-02-04 06:00:00,1.14774,1.14674,1.14841,1.14735
2015-02-04 07:00:00,1.14737,1.14582,1.14783,1.14655
2015-02-04 08:00:00,1.14654,1.14364,1.14763,1.14549
2015-02-04 09:00:00,1.14551,1.14412,1.14715,1.14445
2015-02-04 10:00:00,1.14443,1.14404,1.14626,1.14416
2015-02-04 11:00:00,1.14414,1.14349,1.14588,1.14573
2015-02-04 12:00:00,1.1457,1.14446,1.14617,1.14586
2015-02-04 13:00:00,1.1459,1.14296,1.14597,1.14388
2015-02-04 14:00:00,1.14388,1.14021,1.14403,1.14029
2015-02-04 15:00:00,1.14016,1.13984,1.14281,1.14234
2015-02-04 16:00:00,1.14238,1.14131,1.14327,1.14167
2015-02-04 17:00:00,1.14171,1.14003,1.14199,1.14148
2015-02-04 18:00:00,1.14146,1.14124,1.14253,1.14143
2015-02-04 19:00:00,1.14142,1.14095,1.1424,1.14175
2015-02-04 20:00:00,1.14169,1.13782,1.14464,1.13894
2015-02-04 21:00:00,1.13896,1.13143,1.13961,1.1342
2015-02-04 22:00:00,1.1342,1.13247,1.13479,1.13337
2015-02-04 23:00:00,1.1333,1.13032,1.13401,1.13159
2015-02-05 00:00:00,1.13156,1.13151,1.13456,1.13254
2015-02-05 01:00:00,1.13254,1.13254,1.13468,1.13416
2015-02-05 02:00:00,1.13419,1.13419,1.13586,1.13536
2015-02-05 03:00:00,1.13533,1.13481,1.13616,1.13565
2015-02-05 04:00:00,1.13569,1.13525,1.136,1.13525
2015-02-05 05:00:00,1.13522,1.13362,1.13535,1.13467
2015-02-05 06:00:00,1.13464,1.13311,1.13481,1.13401
2015-02-05 07:00:00,1.134,1.13389,1.13959,1.13796
2015-02-05 08:00:00,1.13796,1.1361,1.13827,1.13729
2015-02-05 09:00:00,1.13727,1.13637,1.13922,1.13886
2015-02-05 10:00:00,1.13891,1.13736,1.14551,1.14324
2015-02-05 11:00:00,1.14327,1.14182,1.14466,1.14242
2015-02-05 12:00:00,1.14239,1.14106,1.14393,1.14108
2015-02-05 13:00:00,1.14108,1.13897,1.14441,1.14232
2015-02-05 14:00:00,1.14235,1.14169,1.14349,1.14202
2015-02-05 15:00:00,1.14206,1.14189,1.14522,1.14272
2015-02-05 16:00:00,1.14274,1.14187,1.14342,1.14317
2015-02-05 17:00:00,1.14315,1.14293,1.14516,1.14506
2015-02-05 18:00:00,1.14502,1.14495,1.14979,1.14962
2015-02-05 19:00:00,1.14963,1.14671,1.14963,1.14736
2015-02-05 20:00:00,1.14733,1.14695,1.14868,1.14853
2015-02-05 21:00:00,1.14851,1.14703,1.1486,1.14753
2015-02-05 22:00:00,1.14748,1.14717,1.14847,1.14766
2015-02-05 23:00:00,1.14768,1.14671,1.14777,1.147
2015-02-06 00:00:00,1.14696,1.14654,1.14718,1.14718
2015-02-06 01:00:00,1.14717,1.14607,1.14717,1.14628
2015-02-06 02:00:00,1.14628,1.14628,1.14707,1.14649
2015-02-06 03:00:00,1.14653,1.14604,1.14674,1.1467
2015-02-06 04:00:00,1.14667,1.14643,1.14719,1.14699
2015-02-06 05:00:00,1.14696,1.14664,1.14711,1.14665
2015-02-06 06:00:00,1.14662,1.14607,1.14729,1.1463
2015-02-06 07:00:00,1.14629,1.1447,1.14644,1.1448
2015-02-06 08:00:00,1.14476,1.14406,1.14569,1.1447
2015-02-06 09:00:00,1.14471,1.14447,1.14691,1.14536
2015-02-06 10:00:00,1.14538,1.14306,1.14582,1.14307
2015-02-06 11:00:00,1.14308,1.14308,1.14468,1.14419
2015-02-06 12:00:00,1.1442,1.14411,1.14661,1.14562
2015-02-06 13:00:00,1.14559,1.13508,1.14649,1.13936
2015-02-06 14:00:00,1.13933,1.13319,1.13933,1.1341
2015-02-06 15:00:00,1.13406,1.1315,1.13524,1.13438
2015-02-06 16:00:00,1.13436,1.13278,1.13491,1.13292
2015-02-06 17:00:00,1.1329,1.1313,1.13343,1.13218
2015-02-06 18:00:00,1.13223,1.13113,1.13246,1.13135
2015-02-06 19:00:00,1.13137,1.13109,1.13192,1.1318
2015-02-06 20:00:00,1.13179,1.13152,1.13244,1.13191
2015-02-06 21:00:00,1.1319,1.13095,1.13231,1.13119
2015-02-08 22:00:00,1.12926,1.12897,1.13117,1.13107
2015-02-08 23:00:00,1.1311,1.13085,1.13247,1.13131
2015-02-09 00:00:00,1.1313,1.13092,1.13227,1.13136
2015-02-09 01:00:00,1.13136,1.13127,1.13298,1.13291
2015-02-09 02:00:00,1.13291,1.13274,1.1339,1.13368
2015-02-09 03:00:00,1.13365,1.13328,1.13384,1.13363
2015-02-09 04:00:00,1.13367,1.13308,1.13375,1.13338
2015-02-09 05:00:00,1.1334,1.13325,1.1338,1.13367
2015-02-09 06:00:00,1.13368,1.13206,1.13368,1.13223
2015-02-09 07:00:00,1.13227,1.13173,1.13459,1.13429
2015-02-09 08:00:00,1.13425,1.13378,1.13585,1.13383
2015-02-09 09:00:00,1.13386,1.13384,1.13518,1.13437
2015-02-09 10:00:00,1.13433,1.13155,1.13468,1.13184
2015-02-09 11:00:00,1.13185,1.12967,1.13206,1.13107
2015-02-09 12:00:00,1.13105,1.12698,1.13202,1.1272
2015-02-09 13:00:00,1.12723,1.12697,1.12986,1.12935
2015-02-09 14:00:00,1.12933,1.12883,1.13335,1.13295
2015-02-09 15:00:00,1.13292,1.13215,1.13465,1.13349
2015-02-09 16:00:00,1.13345,1.13126,1.13469,1.13152
2015-02-09 17:00:00,1.13156,1.13145,1.13364,1.13278
2015-02-09 18:00:00,1.13273,1.13267,1.13423,1.13342
2015-02-09 19:00:00,1.13345,1.1332,1.13542,1.13349
2015-02-09 20:00:00,1.13345,1.13169,1.13365,1.13228
2015-02-09 21:00:00,1.13224,1.13198,1.13295,1.13222
2015-02-09 22:00:00,1.13227,1.13223,1.13261,1.13239
2015-02-09 23:00:00,1.13234,1.13222,1.13339,1.13234
2015-02-10 00:00:00,1.13231,1.13231,1.13375,1.13355
2015-02-10 01:00:00,1.13351,1.13267,1.13351,1.13278
2015-02-10 02:00:00,1.13277,1.13264,1.13407,1.13391
2015-02-10 03:00:00,1.13394,1.13326,1.13448,1.13379
2015-02-10 04:00:00,1.13379,1.13298,1.13391,1.13308
2015-02-10 05:00:00,1.13304,1.13298,1.13349,1.13338
2015-02-10 06:00:00,1.13342,1.13274,1.1341,1.13289
2015-02-10 07:00:00,1.13292,1.13083,1.13349,1.13295
2015-02-10 08:00:00,1.13298,1.13121,1.13335,1.13137
2015-02-10 09:00:00,1.13135,1.12839,1.13154,1.1284
2015-02-10 10:00:00,1.12837,1.12749,1.12964,1.12812
2015-02-10 11:00:00,1.12811,1.12724,1.12855,1.1278
2015-02-10 12:00:00,1.12776,1.12727,1.13365,1.12879
2015-02-10 13:00:00,1.12876,1.12825,1.13228,1.12955
2015-02-10 14:00:00,1.1296,1.12948,1.13161,1.13127
2015-02-10 15:00:00,1.13125,1.12951,1.13267,1.13231
2015-02-10 16:00:00,1.1323,1.13093,1.13247,1.13136
2015-02-10 17:00:00,1.13139,1.13066,1.13268,1.13115
2015-02-10 18:00:00,1.1311,1.13021,1.13234,1.13207
2015-02-10 19:00:00,1.13206,1.13108,1.13263,1.13114
2015-02-10 20:00:00,1.13118,1.13104,1.13229,1.13152
2015-02-10 21:00:00,1.13153,1.13082,1.13192,1.13192
2015-02-10 22:00:00,1.13189,1.13074,1.13189,1.13145
2015-02-10 23:00:00,1.13145,1.13132,1.13203,1.13175
2015-02-11 00:00:00,1.13172,1.13155,1.13234,1.13222
2015-02-11 01:00:00,1.13219,1.1321,1.13299,1.13288
2015-02-11 02:00:00,1.13285,1.13228,1.13307,1.13236
2015-02-11 03:00:00,1.13237,1.13166,1.13274,1.13178
2015-02-11 04:00:00,1.13179,1.1316,1.1322,1.13177
2015-02-11 05:00:00,1.13179,1.13142,1.132,1.1317
2015-02-11 06:00:00,1.1317,1.13135,1.13222,1.13166
2015-02-11 07:00:00,1.13168,1.13019,1.13198,1.13198
2015-02-11 08:00:00,1.13199,1.13059,1.13297,1.13119
2015-02-11 09:00:00,1.13123,1.13102,1.13236,1.13229
2015-02-11 10:00:00,1.13227,1.13026,1.13228,1.13068
2015-02-11 11:00:00,1.13064,1.12888,1.13106,1.13026
2015-02-11 12:00:00,1.13028,1.13008,1.13202,1.13082
2015-02-11 13:00:00,1.13079,1.13058,1.13169,1.13145
2015-02-11 14:00:00,1.13143,1.12928,1.13196,1.12935
2015-02-11 15:00:00,1.12931,1.12871,1.13068,1.13046
2015-02-11 16:00:00,1.13048,1.12937,1.13149,1.12938
2015-02-11 17:00:00,1.12941,1.12791,1.12994,1.1293
2015-02-11 18:00:00,1.12932,1.12857,1.13059,1.13059
2015-02-11 19:00:00,1.13055,1.12965,1.13129,1.12995
2015-02-11 20:00:00,1.1299,1.12871,1.13079,1.12927
2015-02-11 21:00:00,1.12922,1.12876,1.13463,1.13334
2015-02-11 22:00:00,1.13323,1.13156,1.13487,1.13282
2015-02-11 23:00:00,1.13289,1.13005,1.13329,1.13103
2015-02-12 00:00:00,1.13102,1.13028,1.13226,1.13119
2015-02-12 01:00:00,1.13123,1.13074,1.13177,1.13164
2015-02-12 02:00:00,1.13165,1.13078,1.13186,1.13113
2015-02-12 03:00:00,1.13109,1.13049,1.13136,1.13128
2015-02-12 04:00:00,1.13125,1.13094,1.13136,1.13111
2015-02-12 05:00:00,1.13115,1.13081,1.13165,1.13154
2015-02-12 06:00:00,1.13152,1.13117,1.13176,1.13139
2015-02-12 07:00:00,1.13138,1.13094,1.1337,1.13246
2015-02-12 08:00:00,1.13247,1.1318,1.1349,1.13218
2015-02-12 09:00:00,1.13219,1.132,1.13537,1.13431
2015-02-12 10:00:00,1.13426,1.13253,1.13454,1.13362
2015-02-12 11:00:00,1.13366,1.13318,1.13434,1.13399
2015-02-12 12:00:00,1.13394,1.13319,1.13487,1.13329
2015-02-12 13:00:00,1.13329,1.13263,1.13741,1.135
2015-02-12 14:00:00,1.13502,1.13257,1.14013,1.1383
2015-02-12 15:00:00,1.1383,1.13643,1.139,1.1371
2015-02-12 16:00:00,1.13712,1.13707,1.14224,1.14068
2015-02-12 17:00:00,1.1407,1.13837,1.14117,1.13868
2015-02-12 18:00:00,1.13866,1.13779,1.13987,1.1394
2015-02-12 19:00:00,1.13937,1.13904,1.14153,1.14123
2015-02-12 20:00:00,1.14124,1.14061,1.14188,1.14097
2015-02-12 21:00:00,1.14098,1.14001,1.14101,1.14001
2015-02-12 22:00:00,1.13999,1.13945,1.14079,1.14003
2015-02-12 23:00:00,1.14003,1.13991,1.14084,1.14029
2015-02-13 00:00:00,1.14028,1.13986,1.14061,1.13996
2015-02-13 01:00:00,1.14,1.13933,1.14019,1.13989
2015-02-13 02:00:00,1.13986,1.13954,1.14029,1.13967
2015-02-13 03:00:00,1.13963,1.13962,1.14139,1.14136
2015-02-13 04:00:00,1.14136,1.14126,1.14343,1.14289
2015-02-13 05:00:00,1.14293,1.14257,1.1439,1.14387
2015-02-13 06:00:00,1.14385,1.14248,1.14385,1.14287
2015-02-13 07:00:00,1.14286,1.14166,1.14368,1.14281
2015-02-13 08:00:00,1.14283,1.14203,1.14423,1.14249
2015-02-13 09:00:00,1.14245,1.14235,1.14352,1.14297
2015-02-13 10:00:00,1.14285,1.14033,1.14307,1.1405
2015-02-13 11:00:00,1.14047,1.1404,1.14193,1.14163
2015-02-13 12:00:00,1.14159,1.13802,1.14162,1.13803
2015-02-13 13:00:00,1.13806,1.13785,1.14002,1.139
2015-02-13 14:00:00,1.13904,1.13833,1.1409,1.1403
2015-02-13 15:00:00,1.14032,1.13976,1.14313,1.14029
2015-02-13 16:00:00,1.14023,1.13999,1.14175,1.14072
2015-02-13 17:00:00,1.14076,1.13976,1.14095,1.14071
2015-02-13 18:00:00,1.1407,1.13844,1.14079,1.13903
2015-02-13 19:00:00,1.13908,1.1387,1.13962,1.13883
2015-02-13 20:00:00,1.13878,1.13863,1.14013,1.13978
2015-02-13 21:00:00,1.13977,1.13782,1.14009,1.1384
2015-02-15 22:00:00,1.13941,1.13887,1.14002,1.13975
2015-02-15 23:00:00,1.13976,1.13885,1.13997,1.13969
2015-02-16 00:00:00,1.13966,1.13958,1.14111,1.14081
2015-02-16 01:00:00,1.14077,1.14027,1.14097,1.14079
2015-02-16 02:00:00,1.14076,1.14023,1.14199,1.14142
2015-02-16 03:00:00,1.14144,1.14139,1.1422,1.142
2015-02-16 04:00:00,1.14199,1.14134,1.14204,1.14158
2015-02-16 05:00:00,1.14153,1.14087,1.14179,1.14135
2015-02-16 06:00:00,1.14136,1.1408,1.14247,1.1417
2015-02-16 07:00:00,1.14173,1.1409,1.14284,1.14278
2015-02-16 08:00:00,1.14279,1.1413,1.14279,1.14185
2015-02-16 09:00:00,1.14189,1.13947,1.14196,1.14026
2015-02-16 10:00:00,1.14022,1.13962,1.14169,1.14151
2015-02-16 11:00:00,1.14151,1.14098,1.14196,1.14162
2015-02-16 12:00:00,1.14163,1.14093,1.14174,1.14105
2015-02-16 13:00:00,1.14102,1.13983,1.14115,1.14054
2015-02-16 14:00:00,1.14057,1.14034,1.14142,1.141
2015-02-16 15:00:00,1.14104,1.14013,1.14132,1.14033
2015-02-16 16:00:00,1.14031,1.13621,1.14057,1.13722
2015-02-16 17:00:00,1.13726,1.13399,1.13808,1.13551
2015-02-16 18:00:00,1.13549,1.13179,1.13569,1.13307
2015-02-16 19:00:00,1.13308,1.13258,1.13512,1.13423
2015-02-16 20:00:00,1.13425,1.13382,1.13559,1.13456
2015-02-16 21:00:00,1.13457,1.13434,1.13546,1.13514
2015-02-16 22:00:00,1.13524,1.13404,1.13557,1.13453
2015-02-16 23:00:00,1.13454,1.133,1.13472,1.13318
2015-02-17 00:00:00,1.13321,1.13211,1.13423,1.13323
2015-02-17 01:00:00,1.13327,1.1327,1.13388,1.13366
2015-02-17 02:00:00,1.13363,1.13363,1.13543,1.13522
2015-02-17 03:00:00,1.13526,1.13453,1.1362,1.13596
2015-02-17 04:00:00,1.136,1.1357,1.13656,1.13602
2015-02-17 05:00:00,1.13605,1.13562,1.13654,1.13648
2015-02-17 06:00:00,1.13643,1.13451,1.1366,1.13474
2015-02-17 07:00:00,1.13471,1.13426,1.13599,1.13509
2015-02-17 08:00:00,1.13506,1.13364,1.13549,1.13504
2015-02-17 09:00:00,1.13509,1.13491,1.13979,1.13832
2015-02-17 10:00:00,1.13833,1.13758,1.14101,1.14048
2015-02-17 11:00:00,1.14048,1.14048,1.14482,1.14385
2015-02-17 12:00:00,1.14388,1.14214,1.14411,1.1426
2015-02-17 13:00:00,1.14261,1.14114,1.14267,1.14149
2015-02-17 14:00:00,1.14148,1.1395,1.14311,1.13987
2015-02-17 15:00:00,1.13986,1.13804,1.14034,1.13999
2015-02-17 16:00:00,1.14001,1.13896,1.14044,1.13938
2015-02-17 17:00:00,1.13941,1.13879,1.1424,1.1417
2015-02-17 18:00:00,1.14165,1.13893,1.14243,1.1404
2015-02-17 19:00:00,1.14038,1.13998,1.14141,1.14122
2015-02-17 20:00:00,1.14119,1.14088,1.14196,1.14172
2015-02-17 21:00:00,1.14172,1.14088,1.14183,1.1409
2015-02-17 22:00:00,1.14098,1.14083,1.14127,1.14088
2015-02-17 23:00:00,1.14085,1.13994,1.14098,1.14036
2015-02-18 00:00:00,1.1403,1.13973,1.14047,1.14025
2015-02-18 01:00:00,1.14028,1.13971,1.14043,1.13985
2015-02-18 02:00:00,1.13989,1.13976,1.14155,1.14073
2015-02-18 03:00:00,1.1407,1.14021,1.14078,1.14033
2015-02-18 04:00:00,1.14036,1.14013,1.14061,1.14037
2015-02-18 05:00:00,1.14032,1.14016,1.14106,1.14105
2015-02-18 06:00:00,1.14105,1.13951,1.1412,1.13961
2015-02-18 07:00:00,1.13955,1.13867,1.13958,1.13874
2015-02-18 08:00:00,1.13877,1.13773,1.14069,1.14069
2015-02-18 09:00:00,1.14068,1.1388,1.14112,1.13926
2015-02-18 10:00:00,1.13923,1.13812,1.13952,1.13878
2015-02-18 11:00:00,1.13877,1.13586,1.13877,1.13697
2015-02-18 12:00:00,1.13698,1.13655,1.13841,1.13837
2015-02-18 13:00:00,1.13836,1.13667,1.1387,1.13735
2015-02-18 14:00:00,1.13736,1.13519,1.13816,1.13561
2015-02-18 15:00:00,1.13564,1.13447,1.13675,1.13601
2015-02-18 16:00:00,1.13597,1.13375,1.13671,1.13404
2015-02-18 17:00:00,1.13404,1.13334,1.13457,1.13425
2015-02-18 18:00:00,1.13424,1.13357,1.13535,1.13373
2015-02-18 19:00:00,1.13376,1.13366,1.14094,1.13799
2015-02-18 20:00:00,1.13797,1.13767,1.1407,1.13986
2015-02-18 21:00:00,1.13992,1.13916,1.14036,1.13951
2015-02-18 22:00:00,1.13949,1.13851,1.14043,1.14015
2015-02-18 23:00:00,1.14011,1.13982,1.1403,1.13988
2015-02-19 00:00:00,1.13989,1.13986,1.14045,1.14028
2015-02-19 01:00:00,1.14026,1.14005,1.14177,1.14156
2015-02-19 02:00:00,1.14157,1.14157,1.14228,1.14208
2015-02-19 03:00:00,1.14211,1.14178,1.14238,1.14179
2015-02-19 04:00:00,1.14176,1.14101,1.142,1.14146
2015-02-19 05:00:00,1.14146,1.14098,1.1421,1.14188
2015-02-19 06:00:00,1.1419,1.14083,1.14213,1.1413
2015-02-19 07:00:00,1.14129,1.14087,1.14242,1.14089
2015-02-19 08:00:00,1.14085,1.14085,1.1449,1.14317
2015-02-19 09:00:00,1.14317,1.13925,1.14493,1.13942
2015-02-19 10:00:00,1.13939,1.13844,1.14049,1.13973
2015-02-19 11:00:00,1.13976,1.13852,1.14021,1.13952
2015-02-19 12:00:00,1.13952,1.13546,1.13959,1.13793
2015-02-19 13:00:00,1.13796,1.13656,1.13917,1.13691
2015-02-19 14:00:00,1.1369,1.13659,1.13881,1.13711
2015-02-19 15:00:00,1.13713,1.13682,1.13956,1.13888
2015-02-19 16:00:00,1.13885,1.13817,1.13941,1.13913
2015-02-19 17:00:00,1.13914,1.13646,1.1395,1.13714
2015-02-19 18:00:00,1.1371,1.1365,1.13791,1.13668
2015-02-19 19:00:00,1.13671,1.1357,1.1373,1.13628
2015-02-19 20:00:00,1.13624,1.1357,1.1366,1.1359
2015-02-19 21:00:00,1.13588,1.13571,1.13681,1.13659
2015-02-19 22:00:00,1.13657,1.13592,1.13674,1.1362
2015-02-19 23:00:00,1.13618,1.13611,1.13661,1.1365
2015-02-20 00:00:00,1.13646,1.13586,1.13652,1.13634
2015-02-20 01:00:00,1.13632,1.1356,1.13687,1.13677
2015-02-20 02:00:00,1.13674,1.1367,1.13718,1.13703
2015-02-20 03:00:00,1.13702,1.1364,1.13711,1.13658
2015-02-20 04:00:00,1.13661,1.1362,1.1368,1.13624
2015-02-20 05:00:00,1.13624,1.1361,1.13641,1.13641
2015-02-20 06:00:00,1.13638,1.13548,1.13668,1.13595
2015-02-20 07:00:00,1.13591,1.13378,1.13613,1.13549
2015-02-20 08:00:00,1.1355,1.13161,1.13593,1.13291
2015-02-20 09:00:00,1.13291,1.13031,1.13341,1.13286
2015-02-20 10:00:00,1.13282,1.13261,1.13528,1.13351
2015-02-20 11:00:00,1.13354,1.13109,1.13362,1.13205
2015-02-20 12:00:00,1.13209,1.12964,1.134,1.13128
2015-02-20 13:00:00,1.1313,1.12774,1.13156,1.1312
2015-02-20 14:00:00,1.13117,1.12875,1.13124,1.12925
2015-02-20 15:00:00,1.12923,1.12855,1.13737,1.13693
2015-02-20 16:00:00,1.13692,1.13509,1.1372,1.13694
2015-02-20 17:00:00,1.13694,1.13442,1.14291,1.13919
2015-02-20 18:00:00,1.13916,1.13833,1.14229,1.13866
2015-02-20 19:00:00,1.13866,1.13836,1.14154,1.1396
2015-02-20 20:00:00,1.13959,1.1365,1.14142,1.13757
2015-02-20 21:00:00,1.13754,1.13692,1.13834,1.1375
2015-02-22 22:00:00,1.13899,1.13757,1.13945,1.13793
2015-02-22 23:00:00,1.13795,1.1376,1.13839,1.13797
2015-02-23 00:00:00,1.13794,1.13576,1.13796,1.13766
2015-02-23 01:00:00,1.13768,1.13734,1.1379,1.13768
2015-02-23 02:00:00,1.13772,1.13772,1.13927,1.13856
2015-02-23 03:00:00,1.13856,1.13805,1.13867,1.13829
2015-02-23 04:00:00,1.13833,1.13815,1.1384,1.13816
2015-02-23 05:00:00,1.13813,1.13736,1.13813,1.13769
2015-02-23 06:00:00,1.13766,1.13745,1.13806,1.13745
2015-02-23 07:00:00,1.13746,1.13463,1.13758,1.13567
2015-02-23 08:00:00,1.13565,1.13298,1.13624,1.13402
2015-02-23 09:00:00,1.13403,1.13093,1.13415,1.13121
2015-02-23 10:00:00,1.13118,1.12981,1.13138,1.12987
2015-02-23 11:00:00,1.12984,1.12943,1.13138,1.13113
2015-02-23 12:00:00,1.13116,1.13027,1.13203,1.13027
2015-02-23 13:00:00,1.13029,1.12965,1.132,1.13197
2015-02-23 14:00:00,1.13194,1.13166,1.13278,1.13244
2015-02-23 15:00:00,1.13241,1.13237,1.13579,1.13537
2015-02-23 16:00:00,1.13533,1.13369,1.13597,1.1344
2015-02-23 17:00:00,1.13443,1.13205,1.13444,1.1331
2015-02-23 18:00:00,1.13315,1.13266,1.13511,1.13475
2015-02-23 19:00:00,1.13475,1.13305,1.13491,1.13316
2015-02-23 20:00:00,1.13322,1.1329,1.13351,1.13308
2015-02-23 21:00:00,1.13309,1.1328,1.13374,1.13328
2015-02-23 22:00:00,1.13347,1.13311,1.1338,1.13353
2015-02-23 23:00:00,1.1335,1.13302,1.13403,1.13328
2015-02-24 00:00:00,1.13326,1.13309,1.13392,1.13368
2015-02-24 01:00:00,1.13366,1.13328,1.13397,1.13394
2015-02-24 02:00:00,1.13392,1.13233,1.13403,1.1326
2015-02-24 03:00:00,1.13264,1.13261,1.13332,1.13325
2015-02-24 04:00:00,1.13324,1.13291,1.13404,1.13378
2015-02-24 05:00:00,1.13379,1.13292,1.1339,1.13296
2015-02-24 06:00:00,1.13293,1.13219,1.1341,1.13327
2015-02-24 07:00:00,1.13325,1.13233,1.13354,1.13287
2015-02-24 08:00:00,1.1329,1.13101,1.13301,1.13179
2015-02-24 09:00:00,1.1318,1.1299,1.13234,1.13018
2015-02-24 10:00:00,1.13019,1.12956,1.13111,1.1305
2015-02-24 11:00:00,1.1305,1.13048,1.13333,1.13202
2015-02-24 12:00:00,1.13206,1.1319,1.13335,1.13315
2015-02-24 13:00:00,1.13318,1.13232,1.13395,1.13318
2015-02-24 14:00:00,1.13318,1.13155,1.13338,1.13174
2015-02-24 15:00:00,1.13174,1.12871,1.135,1.13373
2015-02-24 16:00:00,1.13371,1.13033,1.13574,1.13056
2015-02-24 17:00:00,1.1306,1.13012,1.13467,1.13345
2015-02-24 18:00:00,1.13347,1.133,1.13439,1.1337
2015-02-24 19:00:00,1.13373,1.13347,1.13462,1.1336
2015-02-24 20:00:00,1.13356,1.13332,1.1344,1.13418
2015-02-24 21:00:00,1.13419,1.1337,1.1345,1.1337
2015-02-24 22:00:00,1.13391,1.13347,1.13426,1.1339
2015-02-24 23:00:00,1.13389,1.13351,1.1341,1.13387
2015-02-25 00:00:00,1.1339,1.13386,1.13514,1.13481
2015-02-25 01:00:00,1.13477,1.13418,1.13495,1.1344
2015-02-25 02:00:00,1.13444,1.13413,1.13487,1.13485
2015-02-25 03:00:00,1.13488,1.13425,1.13493,1.13483
2015-02-25 04:00:00,1.1348,1.13431,1.13491,1.13472
2015-02-25 05:00:00,1.1347,1.13433,1.13491,1.13474
2015-02-25 06:00:00,1.13477,1.13475,1.13536,1.13535
2015-02-25 07:00:00,1.13531,1.13494,1.13879,1.13731
2015-02-25 08:00:00,1.13732,1.1356,1.13804,1.13778
2015-02-25 09:00:00,1.13778,1.13625,1.13812,1.13673
2015-02-25 10:00:00,1.1367,1.13423,1.13708,1.13476
2015-02-25 11:00:00,1.13473,1.13406,1.13576,1.13423
2015-02-25 12:00:00,1.1342,1.13368,1.13583,1.13413
2015-02-25 13:00:00,1.13413,1.1335,1.1357,1.1348
2015-02-25 14:00:00,1.13477,1.13383,1.13508,1.13477
2015-02-25 15:00:00,1.13473,1.13443,1.13654,1.13565
2015-02-25 16:00:00,1.13566,1.13521,1.13675,1.13617
2015-02-25 17:00:00,1.13618,1.13534,1.13634,1.13627
2015-02-25 18:00:00,1.13624,1.13524,1.13634,1.13555
2015-02-25 19:00:00,1.13558,1.13532,1.13623,1.1358
2015-02-25 20:00:00,1.13576,1.13555,1.1364,1.13637
2015-02-25 21:00:00,1.13641,1.1357,1.1365,1.13586
2015-02-25 22:00:00,1.13591,1.13579,1.13643,1.13632
2015-02-25 23:00:00,1.13629,1.1359,1.13648,1.13634
2015-02-26 00:00:00,1.13632,1.13574,1.13672,1.13595
2015-02-26 01:00:00,1.13594,1.13594,1.13701,1.13638
2015-02-26 02:00:00,1.1364,1.1363,1.1368,1.1368
2015-02-26 03:00:00,1.13681,1.1362,1.13691,1.13676
2015-02-26 04:00:00,1.13672,1.13663,1.13729,1.13707
2015-02-26 05:00:00,1.13711,1.13626,1.13716,1.13626
2015-02-26 06:00:00,1.13623,1.13623,1.13668,1.13657
2015-02-26 07:00:00,1.13653,1.13478,1.13708,1.13505
2015-02-26 08:00:00,1.13508,1.13489,1.13662,1.1353
2015-02-26 09:00:00,1.13535,1.13435,1.13743,1.13724
2015-02-26 10:00:00,1.13723,1.13586,1.1379,1.13593
2015-02-26 11:00:00,1.13595,1.13482,1.13607,1.13489
2015-02-26 12:00:00,1.13489,1.13121,1.13517,1.13194
2015-02-26 13:00:00,1.13192,1.12408,1.13202,1.1258
2015-02-26 14:00:00,1.12576,1.12193,1.12627,1.12254
2015-02-26 15:00:00,1.12257,1.11976,1.12267,1.1213
2015-02-26 16:00:00,1.12128,1.1206,1.12245,1.12102
2015-02-26 17:00:00,1.12105,1.11858,1.12176,1.1194
2015-02-26 18:00:00,1.11942,1.11826,1.12007,1.12007
2015-02-26 19:00:00,1.1201,1.11909,1.12031,1.11945
2015-02-26 20:00:00,1.11942,1.11925,1.12003,1.11976
2015-02-26 21:00:00,1.11975,1.1193,1.11996,1.11967
2015-02-26 22:00:00,1.11972,1.11901,1.12019,1.11941
2015-02-26 23:00:00,1.11942,1.1193,1.12053,1.1202
2015-02-27 00:00:00,1.12022,1.12002,1.12124,1.12111
2015-02-27 01:00:00,1.12108,1.11985,1.12108,1.12035
2015-02-27 02:00:00,1.12039,1.12017,1.12095,1.12078
2015-02-27 03:00:00,1.12074,1.12058,1.12135,1.12122
2015-02-27 04:00:00,1.12124,1.12083,1.12137,1.12107
2015-02-27 05:00:00,1.1211,1.12102,1.12149,1.12145
2015-02-27 06:00:00,1.12142,1.12007,1.12158,1.12017
2015-02-27 07:00:00,1.12016,1.11984,1.12174,1.12142
2015-02-27 08:00:00,1.12145,1.11961,1.12267,1.12169
2015-02-27 09:00:00,1.12169,1.12143,1.12309,1.12209
2015-02-27 10:00:00,1.12205,1.12028,1.12438,1.12369
2015-02-27 11:00:00,1.12369,1.12198,1.12413,1.12223
2015-02-27 12:00:00,1.1222,1.12157,1.1234,1.12336
2015-02-27 13:00:00,1.12335,1.12172,1.12444,1.1226
2015-02-27 14:00:00,1.12265,1.11751,1.1229,1.11861
2015-02-27 15:00:00,1.1186,1.11817,1.12262,1.12157
2015-02-27 16:00:00,1.12155,1.1193,1.12248,1.11963
2015-02-27 17:00:00,1.11966,1.1186,1.11986,1.11938
2015-02-27 18:00:00,1.11945,1.1191,1.12059,1.12052
2015-02-27 19:00:00,1.1205,1.11913,1.1207,1.11925
2015-02-27 20:00:00,1.11921,1.11827,1.1194,1.11895
2015-02-27 21:00:00,1.11898,1.11889,1.1196,1.11912
2015-03-01 22:00:00,1.11801,1.11736,1.1186,1.11802
2015-03-01 23:00:00,1.11801,1.11593,1.11815,1.116
2015-03-02 00:00:00,1.11601,1.11601,1.1171,1.1166
2015-03-02 01:00:00,1.11663,1.1166,1.11741,1.11719
2015-03-02 02:00:00,1.11723,1.11701,1.11778,1.11707
2015-03-02 03:00:00,1.11708,1.11697,1.11787,1.11752
2015-03-02 04:00:00,1.11754,1.1175,1.11789,1.11782
2015-03-02 05:00:00,1.11781,1.11761,1.11826,1.1182
2015-03-02 06:00:00,1.11821,1.11731,1.1183,1.11734
2015-03-02 07:00:00,1.11736,1.11658,1.11806,1.11783
2015-03-02 08:00:00,1.11783,1.11762,1.11944,1.11918
2015-03-02 09:00:00,1.11916,1.11884,1.12173,1.12135
2015-03-02 10:00:00,1.12142,1.12107,1.1218,1.12151
2015-03-02 11:00:00,1.12154,1.12154,1.12362,1.12238
2015-03-02 12:00:00,1.12237,1.12188,1.12397,1.12194
2015-03-02 13:00:00,1.12194,1.12121,1.12323,1.12223
2015-03-02 14:00:00,1.12221,1.12135,1.12351,1.12139
2015-03-02 15:00:00,1.12132,1.11889,1.12161,1.11935
2015-03-02 16:00:00,1.11938,1.11791,1.11997,1.11882
2015-03-02 17:00:00,1.1188,1.1176,1.1188,1.1177
2015-03-02 18:00:00,1.11772,1.11772,1.11925,1.11922
2015-03-02 19:00:00,1.1192,1.11847,1.11977,1.11853
2015-03-02 20:00:00,1.11857,1.11791,1.11877,1.11807
2015-03-02 21:00:00,1.1181,1.11787,1.11838,1.11813
2015-03-02 22:00:00,1.11799,1.11777,1.11843,1.11781
2015-03-02 23:00:00,1.11788,1.11757,1.11829,1.11757
2015-03-03 00:00:00,1.11759,1.11759,1.1185,1.11817
2015-03-03 01:00:00,1.1182,1.11803,1.11935,1.11928
2015-03-03 02:00:00,1.11925,1.1189,1.11954,1.11929
2015-03-03 03:00:00,1.11926,1.11877,1.11951,1.11882
2015-03-03 04:00:00,1.11884,1.11884,1.12001,1.11979
2015-03-03 05:00:00,1.11977,1.1194,1.11998,1.1197
2015-03-03 06:00:00,1.11969,1.11903,1.12007,1.11961
2015-03-03 07:00:00,1.11959,1.11951,1.12117,1.1204
2015-03-03 08:00:00,1.12043,1.11793,1.12043,1.1187
2015-03-03 09:00:00,1.11866,1.11692,1.11886,1.11718
2015-03-03 10:00:00,1.11722,1.11656,1.11746,1.11715
2015-03-03 11:00:00,1.11719,1.11559,1.1172,1.11578
2015-03-03 12:00:00,1.11575,1.1154,1.11668,1.11641
2015-03-03 13:00:00,1.11638,1.11636,1.11769,1.11694
2015-03-03 14:00:00,1.11697,1.11697,1.11988,1.11988
2015-03-03 15:00:00,1.11991,1.11766,1.12,1.11837
2015-03-03 16:00:00,1.1184,1.11804,1.12114,1.12111
2015-03-03 17:00:00,1.12113,1.11905,1.12167,1.12008
2015-03-03 18:00:00,1.12012,1.11918,1.12024,1.1192
2015-03-03 19:00:00,1.11922,1.11766,1.11922,1.11772
2015-03-03 20:00:00,1.1177,1.11726,1.11782,1.11747
2015-03-03 21:00:00,1.11742,1.11716,1.11776,1.11741
2015-03-03 22:00:00,1.11737,1.11718,1.11812,1.11796
2015-03-03 23:00:00,1.11793,1.11752,1.11829,1.1182
2015-03-04 00:00:00,1.11817,1.11757,1.11845,1.11803
2015-03-04 01:00:00,1.11801,1.11762,1.11813,1.11783
2015-03-04 02:00:00,1.11785,1.11753,1.11801,1.11753
2015-03-04 03:00:00,1.11755,1.11721,1.11763,1.11732
2015-03-04 04:00:00,1.11729,1.11663,1.11729,1.11669
2015-03-04 05:00:00,1.11667,1.11636,1.1169,1.1169
2015-03-04 06:00:00,1.11693,1.11637,1.11711,1.11677
2015-03-04 07:00:00,1.11674,1.11612,1.11768,1.11756
2015-03-04 08:00:00,1.11754,1.11245,1.11754,1.11341
2015-03-04 09:00:00,1.11337,1.1115,1.11357,1.11301
2015-03-04 10:00:00,1.11305,1.11203,1.11389,1.11235
2015-03-04 11:00:00,1.11232,1.1116,1.11316,1.11273
2015-03-04 12:00:00,1.11271,1.11194,1.11385,1.11224
2015-03-04 13:00:00,1.11227,1.11145,1.11439,1.11338
2015-03-04 14:00:00,1.1134,1.10829,1.1134,1.10932
2015-03-04 15:00:00,1.10925,1.1061,1.10936,1.10684
2015-03-04 16:00:00,1.10682,1.10631,1.10798,1.10686
2015-03-04 17:00:00,1.10691,1.10676,1.10786,1.10721
2015-03-04 18:00:00,1.10717,1.10635,1.10735,1.10673
2015-03-04 19:00:00,1.10677,1.10677,1.10738,1.10733
2015-03-04 20:00:00,1.10729,1.10712,1.10759,1.10745
2015-03-04 21:00:00,1.10743,1.10729,1.10791,1.10767
2015-03-04 22:00:00,1.10745,1.10728,1.1082,1.10798
2015-03-04 23:00:00,1.108,1.1077,1.10845,1.10786
2015-03-05 00:00:00,1.10786,1.10722,1.108,1.10799
2015-03-05 01:00:00,1.10796,1.10699,1.10812,1.10706
2015-03-05 02:00:00,1.10709,1.10696,1.10769,1.10731
2015-03-05 03:00:00,1.10728,1.10646,1.10742,1.10657
2015-03-05 04:00:00,1.10655,1.10553,1.1069,1.10602
2015-03-05 05:00:00,1.10599,1.10543,1.10619,1.10546
2015-03-05 06:00:00,1.10541,1.10256,1.10551,1.10355
2015-03-05 07:00:00,1.10355,1.10319,1.10552,1.10505
2015-03-05 08:00:00,1.10508,1.10333,1.1061,1.10435
2015-03-05 09:00:00,1.10435,1.10344,1.10484,1.10357
2015-03-05 10:00:00,1.10358,1.10358,1.10528,1.10524
2015-03-05 11:00:00,1.10527,1.10418,1.1057,1.10485
2015-03-05 12:00:00,1.10486,1.10464,1.1061,1.10609
2015-03-05 13:00:00,1.10608,1.1026,1.1114,1.10329
2015-03-05 14:00:00,1.10331,1.10048,1.10431,1.10296
2015-03-05 15:00:00,1.10293,1.10218,1.10512,1.10318
2015-03-05 16:00:00,1.10317,1.10017,1.10329,1.10046
2015-03-05 17:00:00,1.10047,1.09863,1.10167,1.10165
2015-03-05 18:00:00,1.10164,1.10124,1.10238,1.10218
2015-03-05 19:00:00,1.1022,1.10214,1.1033,1.10253
2015-03-05 20:00:00,1.10255,1.10231,1.103,1.10274
2015-03-05 21:00:00,1.10273,1.10225,1.10295,1.10273
2015-03-05 22:00:00,1.10268,1.10264,1.1032,1.10305
2015-03-05 23:00:00,1.10304,1.10255,1.10312,1.10304
2015-03-06 00:00:00,1.10307,1.10128,1.10312,1.10197
2015-03-06 01:00:00,1.10198,1.10169,1.10279,1.1026
2015-03-06 02:00:00,1.1026,1.10227,1.10301,1.10233
2015-03-06 03:00:00,1.10234,1.102,1.1027,1.10268
2015-03-06 04:00:00,1.10266,1.10226,1.10294,1.10249
2015-03-06 05:00:00,1.10248,1.10196,1.1025,1.10218
2015-03-06 06:00:00,1.10216,1.10142,1.10233,1.10145
2015-03-06 07:00:00,1.10141,1.10106,1.10248,1.10242
2015-03-06 08:00:00,1.10241,1.0995,1.10252,1.0995
2015-03-06 09:00:00,1.09948,1.09646,1.09998,1.09668
2015-03-06 10:00:00,1.09664,1.09621,1.09738,1.09697
2015-03-06 11:00:00,1.09698,1.09293,1.09717,1.09387
2015-03-06 12:00:00,1.09389,1.09355,1.09704,1.09699
2015-03-06 13:00:00,1.09697,1.08683,1.09837,1.08947
2015-03-06 14:00:00,1.08946,1.08539,1.08998,1.08539
2015-03-06 15:00:00,1.08538,1.08415,1.08878,1.08596
2015-03-06 16:00:00,1.08597,1.08502,1.08742,1.08535
2015-03-06 17:00:00,1.08537,1.08448,1.08613,1.08548
2015-03-06 18:00:00,1.08549,1.08402,1.0857,1.08524
2015-03-06 19:00:00,1.08523,1.08487,1.08637,1.08554
2015-03-06 20:00:00,1.08552,1.08456,1.08578,1.08488
2015-03-06 21:00:00,1.0849,1.08343,1.08539,1.08382
2015-03-08 21:00:00,1.08284,1.08228,1.08332,1.08298
2015-03-08 22:00:00,1.08297,1.08218,1.08396,1.08377
2015-03-08 23:00:00,1.08374,1.08361,1.0845,1.08435
2015-03-09 00:00:00,1.08432,1.08429,1.08549,1.08469
2015-03-09 01:00:00,1.08467,1.08377,1.08474,1.08405
2015-03-09 02:00:00,1.08406,1.08355,1.0844,1.0843
2015-03-09 03:00:00,1.08428,1.08357,1.08439,1.0837
2015-03-09 04:00:00,1.0837,1.0837,1.08431,1.08407
2015-03-09 05:00:00,1.0841,1.08355,1.08435,1.08414
2015-03-09 06:00:00,1.08413,1.08411,1.08591,1.08573
2015-03-09 07:00:00,1.08573,1.08528,1.08675,1.08634
2015-03-09 08:00:00,1.08636,1.08609,1.08924,1.08918
2015-03-09 09:00:00,1.08919,1.08706,1.08992,1.0891
2015-03-09 10:00:00,1.08909,1.08768,1.09058,1.08791
2015-03-09 11:00:00,1.08794,1.08559,1.08814,1.08604
2015-03-09 12:00:00,1.08605,1.08458,1.08684,1.0858
2015-03-09 13:00:00,1.08582,1.08546,1.08732,1.08582
2015-03-09 14:00:00,1.08583,1.08452,1.08643,1.08455
2015-03-09 15:00:00,1.08457,1.08408,1.0859,1.08457
2015-03-09 16:00:00,1.08458,1.08374,1.0854,1.08465
2015-03-09 17:00:00,1.08466,1.08466,1.08617,1.08587
2015-03-09 18:00:00,1.08587,1.08516,1.08615,1.08565
2015-03-09 19:00:00,1.08565,1.08516,1.08622,1.08549
2015-03-09 20:00:00,1.08551,1.08466,1.08559,1.08498
2015-03-09 21:00:00,1.08476,1.08475,1.08518,1.08518
2015-03-09 22:00:00,1.08514,1.08448,1.0854,1.08469
2015-03-09 23:00:00,1.08467,1.08289,1.08473,1.08343
2015-03-10 00:00:00,1.08344,1.08245,1.08365,1.08319
2015-03-10 01:00:00,1.08318,1.08245,1.08331,1.08303
2015-03-10 02:00:00,1.08304,1.08231,1.08325,1.08247
2015-03-10 03:00:00,1.08248,1.07847,1.08255,1.07983
2015-03-10 04:00:00,1.07985,1.0792,1.08044,1.07965
2015-03-10 05:00:00,1.07962,1.0795,1.08021,1.07977
2015-03-10 06:00:00,1.07977,1.07883,1.08,1.07966
2015-03-10 07:00:00,1.07964,1.07916,1.08231,1.08022
2015-03-10 08:00:00,1.08021,1.07342,1.08037,1.07578
2015-03-10 09:00:00,1.07574,1.07415,1.07688,1.07531
2015-03-10 10:00:00,1.07529,1.07431,1.07681,1.07581
2015-03-10 11:00:00,1.07581,1.07296,1.07633,1.0732
2015-03-10 12:00:00,1.07323,1.07209,1.078,1.07397
2015-03-10 13:00:00,1.07399,1.073,1.07923,1.07684
2015-03-10 14:00:00,1.07683,1.07398,1.07715,1.07568
2015-03-10 15:00:00,1.07567,1.07023,1.07591,1.07062
2015-03-10 16:00:00,1.0706,1.06962,1.07221,1.07178
2015-03-10 17:00:00,1.0718,1.07055,1.07243,1.07187
2015-03-10 18:00:00,1.07186,1.06922,1.0722,1.06965
2015-03-10 19:00:00,1.06966,1.06921,1.07019,1.06993
2015-03-10 20:00:00,1.06995,1.06939,1.07045,1.06962
2015-03-10 21:00:00,1.06932,1.06651,1.06962,1.06782
2015-03-10 22:00:00,1.06786,1.06779,1.06919,1.06852
2015-03-10 23:00:00,1.06855,1.06855,1.07148,1.07061
2015-03-11 00:00:00,1.07059,1.06967,1.0716,1.07015
2015-03-11 01:00:00,1.07016,1.06998,1.07114,1.07042
2015-03-11 02:00:00,1.07042,1.06818,1.07047,1.06844
2015-03-11 03:00:00,1.06841,1.06759,1.06886,1.06816
2015-03-11 04:00:00,1.06815,1.06649,1.06832,1.06793
2015-03-11 05:00:00,1.06793,1.0678,1.06927,1.06879
2015-03-11 06:00:00,1.06879,1.06869,1.06956,1.06926
2015-03-11 07:00:00,1.06927,1.06704,1.06962,1.06815
2015-03-11 08:00:00,1.06813,1.06372,1.06835,1.06441
2015-03-11 09:00:00,1.06437,1.05933,1.06504,1.06015
2015-03-11 10:00:00,1.06013,1.05588,1.06067,1.05734
2015-03-11 11:00:00,1.0573,1.05641,1.06034,1.0601
2015-03-11 12:00:00,1.0601,1.05826,1.06273,1.05959
2015-03-11 13:00:00,1.05959,1.05726,1.06068,1.06003
2015-03-11 14:00:00,1.06005,1.05674,1.06055,1.05732
2015-03-11 15:00:00,1.05732,1.05564,1.06,1.05735
2015-03-11 16:00:00,1.05734,1.05703,1.05911,1.05723
2015-03-11 17:00:00,1.05721,1.05105,1.05764,1.0531
2015-03-11 18:00:00,1.05308,1.05266,1.05455,1.0531
2015-03-11 19:00:00,1.05314,1.05314,1.05547,1.05398
2015-03-11 20:00:00,1.05398,1.05372,1.05539,1.05451
2015-03-11 21:00:00,1.05453,1.05378,1.05477,1.05436
2015-03-11 22:00:00,1.05434,1.05421,1.05547,1.05506
2015-03-11 23:00:00,1.05505,1.05416,1.05514,1.05471
2015-03-12 00:00:00,1.05473,1.05317,1.05518,1.05488
2015-03-12 01:00:00,1.05487,1.0532,1.05519,1.05323
2015-03-12 02:00:00,1.05325,1.05042,1.0537,1.05071
2015-03-12 03:00:00,1.05073,1.04931,1.05255,1.04965
2015-03-12 04:00:00,1.04968,1.04964,1.0519,1.05124
2015-03-12 05:00:00,1.05123,1.05076,1.05347,1.05286
2015-03-12 06:00:00,1.05287,1.05284,1.05752,1.0567
2015-03-12 07:00:00,1.05669,1.05549,1.06404,1.06348
2015-03-12 08:00:00,1.0635,1.05846,1.06424,1.05959
2015-03-12 09:00:00,1.05958,1.05794,1.06089,1.05991
2015-03-12 10:00:00,1.0599,1.05875,1.06198,1.06185
2015-03-12 11:00:00,1.06184,1.0603,1.06442,1.06383
2015-03-12 12:00:00,1.06385,1.06116,1.06831,1.06401
2015-03-12 13:00:00,1.064,1.05998,1.06444,1.06135
2015-03-12 14:00:00,1.06133,1.05881,1.06457,1.0637
2015-03-12 15:00:00,1.06369,1.06066,1.06403,1.06135
2015-03-12 16:00:00,1.06136,1.05909,1.06215,1.05997
2015-03-12 17:00:00,1.05999,1.05904,1.06146,1.06087
2015-03-12 18:00:00,1.06089,1.05959,1.06207,1.05993
2015-03-12 19:00:00,1.05996,1.05995,1.06211,1.06173
2015-03-12 20:00:00,1.06173,1.06173,1.06396,1.0633
2015-03-12 21:00:00,1.0631,1.0621,1.06327,1.06233
2015-03-12 22:00:00,1.06233,1.06164,1.06248,1.06217
2015-03-12 23:00:00,1.06213,1.06212,1.06282,1.06261
2015-03-13 00:00:00,1.0626,1.06076,1.06272,1.06077
2015-03-13 01:00:00,1.0608,1.06068,1.06148,1.06088
2015-03-13 02:00:00,1.06087,1.06058,1.06143,1.0612
2015-03-13 03:00:00,1.06119,1.06083,1.06176,1.06136
2015-03-13 04:00:00,1.06135,1.06001,1.06136,1.06032
2015-03-13 05:00:00,1.06032,1.05956,1.06058,1.05998
2015-03-13 06:00:00,1.05997,1.05635,1.05997,1.05788
2015-03-13 07:00:00,1.05787,1.05713,1.06166,1.06116
2015-03-13 08:00:00,1.06116,1.06021,1.06341,1.06179
2015-03-13 09:00:00,1.06178,1.05912,1.0618,1.06079
2015-03-13 10:00:00,1.0608,1.05784,1.06123,1.05813
2015-03-13 11:00:00,1.05813,1.05607,1.05914,1.05672
2015-03-13 12:00:00,1.05674,1.05653,1.05981,1.05828
2015-03-13 13:00:00,1.05827,1.05298,1.05831,1.05315
2015-03-13 14:00:00,1.05322,1.05025,1.05396,1.05131
2015-03-13 15:00:00,1.05132,1.04764,1.05252,1.05225
2015-03-13 16:00:00,1.05227,1.05088,1.05319,1.0511
2015-03-13 17:00:00,1.05108,1.04644,1.05115,1.04906
2015-03-13 18:00:00,1.04906,1.04617,1.04906,1.04733
2015-03-13 19:00:00,1.04732,1.04705,1.04878,1.0477
2015-03-13 20:00:00,1.04772,1.04761,1.04958,1.04927
2015-03-15 21:00:00,1.04667,1.0464,1.04912,1.04854
2015-03-15 22:00:00,1.04845,1.04818,1.05046,1.04984
2015-03-15 23:00:00,1.04988,1.04788,1.05024,1.04832
2015-03-16 00:00:00,1.04832,1.04829,1.04974,1.04971
2015-03-16 01:00:00,1.04968,1.04947,1.05345,1.05262
2015-03-16 02:00:00,1.05262,1.05174,1.05339,1.05175
2015-03-16 03:00:00,1.05176,1.05105,1.05227,1.05192
2015-03-16 04:00:00,1.05193,1.05075,1.05254,1.05079
2015-03-16 05:00:00,1.05078,1.05012,1.05285,1.05245
2015-03-16 06:00:00,1.05247,1.05232,1.0548,1.05272
2015-03-16 07:00:00,1.05268,1.04973,1.0541,1.05303
2015-03-16 08:00:00,1.05302,1.05228,1.05523,1.05353
2015-03-16 09:00:00,1.05357,1.05245,1.05408,1.05352
2015-03-16 10:00:00,1.05352,1.05286,1.05464,1.05312
2015-03-16 11:00:00,1.0531,1.05232,1.05376,1.0527
2015-03-16 12:00:00,1.05271,1.05257,1.05578,1.05456
2015-03-16 13:00:00,1.05457,1.05425,1.06111,1.05964
2015-03-16 14:00:00,1.05967,1.05627,1.06152,1.05628
2015-03-16 15:00:00,1.05628,1.05628,1.05915,1.05742
2015-03-16 16:00:00,1.05743,1.05741,1.06153,1.06132
2015-03-16 17:00:00,1.06131,1.05828,1.06187,1.05897
2015-03-16 18:00:00,1.05895,1.05699,1.05941,1.05825
2015-03-16 19:00:00,1.05827,1.05726,1.0587,1.05737
2015-03-16 20:00:00,1.05737,1.05612,1.0578,1.05664
2015-03-16 21:00:00,1.05644,1.05615,1.05722,1.05665
2015-03-16 22:00:00,1.05662,1.05634,1.05698,1.05697
2015-03-16 23:00:00,1.05693,1.05685,1.05779,1.05711
2015-03-17 00:00:00,1.05708,1.05601,1.05725,1.05621
2015-03-17 01:00:00,1.05619,1.05508,1.0562,1.05596
2015-03-17 02:00:00,1.05597,1.05588,1.05727,1.05708
2015-03-17 03:00:00,1.05707,1.05601,1.05747,1.05623
2015-03-17 04:00:00,1.05624,1.056,1.05704,1.05665
2015-03-17 05:00:00,1.05663,1.05539,1.05663,1.05572
2015-03-17 06:00:00,1.05575,1.0551,1.05985,1.0582
2015-03-17 07:00:00,1.05819,1.05715,1.06147,1.0611
2015-03-17 08:00:00,1.06108,1.05815,1.06124,1.05864
2015-03-17 09:00:00,1.05865,1.0571,1.06081,1.06049
2015-03-17 10:00:00,1.06045,1.05955,1.06206,1.06137
2015-03-17 11:00:00,1.06134,1.05941,1.06175,1.0614
2015-03-17 12:00:00,1.06141,1.06059,1.06408,1.06158
2015-03-17 13:00:00,1.06158,1.06102,1.06413,1.06358
2015-03-17 14:00:00,1.06357,1.06104,1.06503,1.06172
2015-03-17 15:00:00,1.06171,1.05979,1.06173,1.0604
2015-03-17 16:00:00,1.06041,1.05832,1.06114,1.05949
2015-03-17 17:00:00,1.0595,1.05885,1.05979,1.05947
2015-03-17 18:00:00,1.05948,1.05907,1.06029,1.05987
2015-03-17 19:00:00,1.0599,1.05861,1.06048,1.05889
2015-03-17 20:00:00,1.05891,1.05869,1.05968,1.05952
2015-03-17 21:00:00,1.05876,1.05834,1.06,1.05954
2015-03-17 22:00:00,1.05942,1.05873,1.05956,1.05931
2015-03-17 23:00:00,1.05933,1.05915,1.05993,1.05943
2015-03-18 00:00:00,1.05941,1.05927,1.0608,1.06053
2015-03-18 01:00:00,1.06055,1.06031,1.0613,1.06074
2015-03-18 02:00:00,1.06071,1.0601,1.06105,1.06074
2015-03-18 03:00:00,1.06075,1.06022,1.06085,1.06054
2015-03-18 04:00:00,1.06053,1.06,1.0606,1.06005
2015-03-18 05:00:00,1.06006,1.05795,1.06006,1.05796
2015-03-18 06:00:00,1.05795,1.05794,1.0596,1.05931
2015-03-18 07:00:00,1.0593,1.0583,1.06189,1.06121
2015-03-18 08:00:00,1.06118,1.05914,1.06131,1.0608
2015-03-18 09:00:00,1.0608,1.05965,1.06141,1.06094
2015-03-18 10:00:00,1.06088,1.06056,1.0635,1.06229
2015-03-18 11:00:00,1.06228,1.05986,1.06254,1.06006
2015-03-18 12:00:00,1.06002,1.05886,1.06131,1.05918
2015-03-18 13:00:00,1.05918,1.05886,1.06119,1.0611
2015-03-18 14:00:00,1.06107,1.06019,1.06205,1.06087
2015-03-18 15:00:00,1.06085,1.06045,1.06452,1.06414
2015-03-18 16:00:00,1.0641,1.06294,1.06655,1.06559
2015-03-18 17:00:00,1.06558,1.06266,1.06689,1.06481
2015-03-18 18:00:00,1.06454,1.06083,1.07997,1.07384
2015-03-18 19:00:00,1.07386,1.07375,1.08371,1.08371
2015-03-18 20:00:00,1.08372,1.08319,1.10425,1.086
2015-03-18 21:00:00,1.08617,1.08236,1.08754,1.08272
2015-03-18 22:00:00,1.08282,1.08222,1.08373,1.08222
2015-03-18 23:00:00,1.08224,1.08184,1.08506,1.0848
2015-03-19 00:00:00,1.08482,1.0839,1.09187,1.0885
2015-03-19 01:00:00,1.08848,1.08228,1.08873,1.08456
2015-03-19 02:00:00,1.08454,1.07916,1.08455,1.07929
2015-03-19 03:00:00,1.07931,1.07637,1.08085,1.0768
2015-03-19 04:00:00,1.07678,1.07565,1.07815,1.07618
2015-03-19 05:00:00,1.07618,1.07591,1.07785,1.07714
2015-03-19 06:00:00,1.07712,1.077,1.07876,1.07855
2015-03-19 07:00:00,1.07856,1.0679,1.07948,1.07092
2015-03-19 08:00:00,1.07094,1.06294,1.07094,1.06568
2015-03-19 09:00:00,1.06567,1.06561,1.0692,1.06901
2015-03-19 10:00:00,1.06898,1.06597,1.0716,1.06929
2015-03-19 11:00:00,1.06931,1.06865,1.07366,1.06985
2015-03-19 12:00:00,1.06989,1.06398,1.07035,1.06626
2015-03-19 13:00:00,1.06624,1.06449,1.06873,1.06527
2015-03-19 14:00:00,1.06549,1.06444,1.06869,1.06519
2015-03-19 15:00:00,1.06518,1.06173,1.06739,1.06198
2015-03-19 16:00:00,1.06199,1.06181,1.06467,1.06328
2015-03-19 17:00:00,1.06325,1.06233,1.06489,1.06342
2015-03-19 18:00:00,1.06344,1.06124,1.06416,1.06387
2015-03-19 19:00:00,1.06384,1.06276,1.06461,1.06432
2015-03-19 20:00:00,1.06431,1.06377,1.06609,1.06571
2015-03-19 21:00:00,1.06545,1.06466,1.06578,1.0655
2015-03-19 22:00:00,1.06558,1.06547,1.06682,1.06678
2015-03-19 23:00:00,1.06681,1.06616,1.06779,1.06683
2015-03-20 00:00:00,1.06684,1.06548,1.06734,1.06691
2015-03-20 01:00:00,1.06691,1.06615,1.06945,1.06935
2015-03-20 02:00:00,1.06933,1.06743,1.06933,1.06876
2015-03-20 03:00:00,1.06879,1.06807,1.06927,1.06828
2015-03-20 04:00:00,1.06829,1.06733,1.06834,1.06798
2015-03-20 05:00:00,1.068,1.06787,1.06891,1.06866
2015-03-20 06:00:00,1.06863,1.06662,1.06939,1.06684
2015-03-20 07:00:00,1.06686,1.06556,1.06871,1.06694
2015-03-20 08:00:00,1.06695,1.06607,1.06871,1.06859
2015-03-20 09:00:00,1.06861,1.06719,1.0691,1.06719
2015-03-20 10:00:00,1.06721,1.06718,1.06963,1.06916
2015-03-20 11:00:00,1.06915,1.06798,1.07198,1.07136
2015-03-20 12:00:00,1.07138,1.07125,1.07726,1.07499
2015-03-20 13:00:00,1.07496,1.07467,1.0816,1.07965
2015-03-20 14:00:00,1.07964,1.07646,1.08203,1.07753
2015-03-20 15:00:00,1.07751,1.07531,1.07946,1.07902
2015-03-20 16:00:00,1.07901,1.07896,1.08549,1.08399
2015-03-20 17:00:00,1.084,1.084,1.08817,1.0846
2015-03-20 18:00:00,1.08461,1.08085,1.08539,1.08102
2015-03-20 19:00:00,1.08102,1.07929,1.08152,1.08086
2015-03-20 20:00:00,1.08086,1.08034,1.0828,1.08174
2015-03-22 21:00:00,1.08393,1.08309,1.08811,1.08673
2015-03-22 22:00:00,1.08667,1.0832,1.0867,1.08386
2015-03-22 23:00:00,1.08388,1.08147,1.08391,1.08243
2015-03-23 00:00:00,1.08245,1.08004,1.08278,1.08109
2015-03-23 01:00:00,1.08108,1.07911,1.08146,1.08068
2015-03-23 02:00:00,1.08068,1.07828,1.0807,1.07867
2015-03-23 03:00:00,1.07865,1.07846,1.081,1.0808
2015-03-23 04:00:00,1.08081,1.08077,1.08336,1.08158
2015-03-23 05:00:00,1.0816,1.08028,1.0819,1.08154
2015-03-23 06:00:00,1.08152,1.07981,1.08268,1.08025
2015-03-23 07:00:00,1.08022,1.07849,1.0818,1.07902
2015-03-23 08:00:00,1.07902,1.07666,1.07951,1.07898
2015-03-23 09:00:00,1.079,1.07855,1.08421,1.08131
2015-03-23 10:00:00,1.08132,1.08088,1.08846,1.0865
2015-03-23 11:00:00,1.08652,1.08562,1.09009,1.08949
2015-03-23 12:00:00,1.08947,1.08746,1.09061,1.08988
2015-03-23 13:00:00,1.0899,1.08988,1.09408,1.09199
2015-03-23 14:00:00,1.09197,1.09106,1.09451,1.09246
2015-03-23 15:00:00,1.09249,1.08818,1.09289,1.09265
2015-03-23 16:00:00,1.09265,1.08906,1.0951,1.09146
2015-03-23 17:00:00,1.09145,1.09106,1.09542,1.09308
2015-03-23 18:00:00,1.09312,1.09237,1.09517,1.09447
2015-03-23 19:00:00,1.09448,1.09398,1.09708,1.09634
2015-03-23 20:00:00,1.09636,1.09434,1.09668,1.09449
2015-03-23 21:00:00,1.09449,1.0943,1.09481,1.09438
2015-03-23 22:00:00,1.09438,1.09436,1.09622,1.09578
2015-03-23 23:00:00,1.09574,1.09414,1.09668,1.09434
2015-03-24 00:00:00,1.09438,1.09347,1.09505,1.09373
2015-03-24 01:00:00,1.09371,1.0915,1.09396,1.09277
2015-03-24 02:00:00,1.0928,1.09118,1.09287,1.09167
2015-03-24 03:00:00,1.0917,1.09035,1.0923,1.09058
2015-03-24 04:00:00,1.0906,1.09056,1.09234,1.09185
2015-03-24 05:00:00,1.09182,1.09155,1.0932,1.09282
2015-03-24 06:00:00,1.09284,1.09134,1.09521,1.09156
2015-03-24 07:00:00,1.09159,1.09055,1.09571,1.09518
2015-03-24 08:00:00,1.09511,1.09484,1.10001,1.09851
2015-03-24 09:00:00,1.09853,1.09521,1.09934,1.09708
2015-03-24 10:00:00,1.09709,1.09665,1.0997,1.09965
2015-03-24 11:00:00,1.09963,1.09667,1.10026,1.09815
2015-03-24 12:00:00,1.09819,1.09349,1.10283,1.09754
2015-03-24 13:00:00,1.09748,1.09097,1.09808,1.09366
2015-03-24 14:00:00,1.09366,1.08897,1.09429,1.09159
2015-03-24 15:00:00,1.09159,1.08894,1.09173,1.09047
2015-03-24 16:00:00,1.09051,1.09038,1.09253,1.09222
2015-03-24 17:00:00,1.0922,1.09138,1.0933,1.09193
2015-03-24 18:00:00,1.09192,1.09093,1.09257,1.09174
2015-03-24 19:00:00,1.09176,1.09175,1.09304,1.09247
2015-03-24 20:00:00,1.09245,1.09172,1.09271,1.09237
2015-03-24 21:00:00,1.09211,1.09137,1.09254,1.09178
2015-03-24 22:00:00,1.09174,1.09091,1.09209,1.09126
2015-03-24 23:00:00,1.09127,1.08998,1.09152,1.09037
2015-03-25 00:00:00,1.09038,1.09035,1.09229,1.09188
2015-03-25 01:00:00,1.09188,1.09154,1.0935,1.09289
2015-03-25 02:00:00,1.09287,1.09233,1.0937,1.09354
2015-03-25 03:00:00,1.09355,1.09297,1.09369,1.09326
2015-03-25 04:00:00,1.09327,1.09225,1.09363,1.09228
2015-03-25 05:00:00,1.09231,1.09184,1.0927,1.09255
2015-03-25 06:00:00,1.09257,1.09063,1.09339,1.09072
2015-03-25 07:00:00,1.09069,1.09069,1.09531,1.09511
2015-03-25 08:00:00,1.09512,1.09423,1.09735,1.09605
2015-03-25 09:00:00,1.0961,1.09422,1.09671,1.09539
2015-03-25 10:00:00,1.0954,1.09432,1.09772,1.09715
2015-03-25 11:00:00,1.09713,1.09684,1.09933,1.09889
2015-03-25 12:00:00,1.09891,1.09729,1.10139,1.09958
2015-03-25 13:00:00,1.09957,1.09544,1.10039,1.09684
2015-03-25 14:00:00,1.09686,1.09482,1.09854,1.09662
2015-03-25 15:00:00,1.09659,1.09533,1.0992,1.09848
2015-03-25 16:00:00,1.09848,1.09608,1.09886,1.09678
2015-03-25 17:00:00,1.09677,1.09538,1.09735,1.09681
2015-03-25 18:00:00,1.09683,1.09538,1.09734,1.09584
2015-03-25 19:00:00,1.09581,1.0953,1.09711,1.0968
2015-03-25 20:00:00,1.09683,1.09666,1.09757,1.09684
2015-03-25 21:00:00,1.09688,1.09616,1.09723,1.09705
2015-03-25 22:00:00,1.09711,1.09608,1.09719,1.09639
2015-03-25 23:00:00,1.09641,1.09565,1.09678,1.09623
2015-03-26 00:00:00,1.09624,1.09587,1.09759,1.09719
2015-03-26 01:00:00,1.0972,1.09638,1.09815,1.09685
2015-03-26 02:00:00,1.09685,1.09683,1.09788,1.09772
2015-03-26 03:00:00,1.09774,1.0973,1.09807,1.09741
2015-03-26 04:00:00,1.09742,1.09674,1.09912,1.09896
2015-03-26 05:00:00,1.09895,1.09788,1.09929,1.09797
2015-03-26 06:00:00,1.09796,1.09713,1.10001,1.09823
2015-03-26 07:00:00,1.09822,1.09786,1.10151,1.1012
2015-03-26 08:00:00,1.1012,1.10045,1.10517,1.10312
2015-03-26 09:00:00,1.10313,1.10243,1.10426,1.10356
2015-03-26 10:00:00,1.10355,1.10019,1.10437,1.10081
2015-03-26 11:00:00,1.1008,1.09898,1.10104,1.0993
2015-03-26 12:00:00,1.09928,1.09604,1.10217,1.0983
2015-03-26 13:00:00,1.09828,1.09378,1.09893,1.09586
2015-03-26 14:00:00,1.09588,1.09054,1.09601,1.09178
2015-03-26 15:00:00,1.09177,1.09165,1.09439,1.09178
2015-03-26 16:00:00,1.09179,1.09051,1.09267,1.09203
2015-03-26 17:00:00,1.09203,1.08556,1.09212,1.08656
2015-03-26 18:00:00,1.08655,1.08637,1.08817,1.08703
2015-03-26 19:00:00,1.087,1.08676,1.08889,1.08856
2015-03-26 20:00:00,1.08855,1.08756,1.08917,1.08835
2015-03-26 21:00:00,1.08813,1.08638,1.08817,1.08737
2015-03-26 22:00:00,1.0874,1.08701,1.08789,1.08786
2015-03-26 23:00:00,1.08785,1.08772,1.08858,1.08843
2015-03-27 00:00:00,1.08846,1.0878,1.0895,1.08898
2015-03-27 01:00:00,1.08895,1.08703,1.08933,1.08757
2015-03-27 02:00:00,1.0876,1.08679,1.08828,1.08756
2015-03-27 03:00:00,1.08756,1.08745,1.08845,1.08796
2015-03-27 04:00:00,1.08794,1.08764,1.08905,1.08885
2015-03-27 05:00:00,1.08884,1.08772,1.08936,1.08804
2015-03-27 06:00:00,1.08802,1.08623,1.08874,1.08731
2015-03-27 07:00:00,1.08727,1.08015,1.08816,1.08086
2015-03-27 08:00:00,1.08088,1.08003,1.08373,1.08202
2015-03-27 09:00:00,1.08206,1.08067,1.08251,1.08205
2015-03-27 10:00:00,1.08204,1.08114,1.08308,1.0829
2015-03-27 11:00:00,1.08291,1.08276,1.08655,1.08561
2015-03-27 12:00:00,1.0856,1.08519,1.0897,1.08761
2015-03-27 13:00:00,1.08764,1.08535,1.08827,1.08747
2015-03-27 14:00:00,1.08745,1.08604,1.08893,1.08762
2015-03-27 15:00:00,1.08763,1.08542,1.08911,1.08901
2015-03-27 16:00:00,1.089,1.08807,1.09475,1.09179
2015-03-27 17:00:00,1.09178,1.0898,1.09336,1.09013
2015-03-27 18:00:00,1.09012,1.08889,1.09059,1.09025
2015-03-27 19:00:00,1.09026,1.0888,1.09293,1.08977
2015-03-27 20:00:00,1.08977,1.08762,1.09022,1.08874
2015-03-29 21:00:00,1.08856,1.08784,1.08904,1.08883
2015-03-29 22:00:00,1.08873,1.08828,1.08943,1.08869
2015-03-29 23:00:00,1.08873,1.08797,1.08893,1.08822
2015-03-30 00:00:00,1.08823,1.08528,1.08823,1.08768
2015-03-30 01:00:00,1.08769,1.08679,1.0879,1.08765
2015-03-30 02:00:00,1.08767,1.08697,1.08835,1.08718
2015-03-30 03:00:00,1.0872,1.08643,1.08738,1.08655
2015-03-30 04:00:00,1.08652,1.08584,1.08685,1.08597
2015-03-30 05:00:00,1.08596,1.08582,1.08735,1.08719
2015-03-30 06:00:00,1.08721,1.08601,1.08811,1.08656
2015-03-30 07:00:00,1.08657,1.0819,1.0868,1.08303
2015-03-30 08:00:00,1.08303,1.08281,1.08694,1.08613
2015-03-30 09:00:00,1.08614,1.08391,1.08701,1.08456
2015-03-30 10:00:00,1.08455,1.08278,1.08631,1.08308
2015-03-30 11:00:00,1.0831,1.08245,1.08414,1.08366
2015-03-30 12:00:00,1.08368,1.08223,1.08536,1.08322
2015-03-30 13:00:00,1.08322,1.08125,1.08631,1.08282
2015-03-30 14:00:00,1.0828,1.08196,1.08565,1.0831
2015-03-30 15:00:00,1.08309,1.08092,1.08332,1.08161
2015-03-30 16:00:00,1.08161,1.081,1.08259,1.08197
2015-03-30 17:00:00,1.08198,1.08153,1.08316,1.0819
2015-03-30 18:00:00,1.08193,1.08176,1.08272,1.08221
2015-03-30 19:00:00,1.08221,1.08096,1.08234,1.08124
2015-03-30 20:00:00,1.08124,1.08108,1.08347,1.08325
2015-03-30 21:00:00,1.08313,1.08182,1.08315,1.08235
2015-03-30 22:00:00,1.08235,1.08231,1.08305,1.08283
2015-03-30 23:00:00,1.08285,1.08213,1.08316,1.08282
2015-03-31 00:00:00,1.08281,1.08226,1.08432,1.08381
2015-03-31 01:00:00,1.08376,1.08133,1.08383,1.08276
2015-03-31 02:00:00,1.08278,1.08149,1.08338,1.08152
2015-03-31 03:00:00,1.08152,1.08018,1.08191,1.08021
2015-03-31 04:00:00,1.0802,1.07827,1.0802,1.07966
2015-03-31 05:00:00,1.07963,1.0777,1.07963,1.07822
2015-03-31 06:00:00,1.07822,1.07723,1.07926,1.0785
2015-03-31 07:00:00,1.07851,1.07448,1.07854,1.07507
2015-03-31 08:00:00,1.07506,1.07207,1.07578,1.0721
2015-03-31 09:00:00,1.07212,1.07122,1.07331,1.07254
2015-03-31 10:00:00,1.07256,1.07225,1.07462,1.07386
2015-03-31 11:00:00,1.07387,1.07347,1.07557,1.07359
2015-03-31 12:00:00,1.07361,1.0736,1.07756,1.07529
2015-03-31 13:00:00,1.07532,1.07324,1.07532,1.07378
2015-03-31 14:00:00,1.07378,1.07218,1.07717,1.07411
2015-03-31 15:00:00,1.07411,1.07287,1.07515,1.07409
2015-03-31 16:00:00,1.07406,1.07236,1.07478,1.07274
2015-03-31 17:00:00,1.07273,1.07244,1.07384,1.07371
2015-03-31 18:00:00,1.07369,1.07362,1.07461,1.07424
2015-03-31 19:00:00,1.07426,1.07395,1.07531,1.07482
2015-03-31 20:00:00,1.07481,1.07292,1.07539,1.07301
2015-03-31 21:00:00,1.07342,1.07324,1.0741,1.07398
2015-03-31 22:00:00,1.07402,1.07352,1.07433,1.07393
2015-03-31 23:00:00,1.07393,1.07297,1.074,1.07392
2015-04-01 00:00:00,1.07391,1.07391,1.07605,1.07541
2015-04-01 01:00:00,1.0754,1.07531,1.07807,1.07776
2015-04-01 02:00:00,1.07779,1.07622,1.07836,1.07785
2015-04-01 03:00:00,1.07783,1.07733,1.07836,1.07811
2015-04-01 04:00:00,1.07811,1.07798,1.07916,1.07851
2015-04-01 05:00:00,1.07849,1.0774,1.07902,1.07794
2015-04-01 06:00:00,1.07793,1.07564,1.07863,1.07613
2015-04-01 07:00:00,1.07613,1.07416,1.07693,1.07526
2015-04-01 08:00:00,1.07527,1.0718,1.07592,1.07314
2015-04-01 09:00:00,1.07312,1.07243,1.0745,1.0737
2015-04-01 10:00:00,1.07367,1.07356,1.07737,1.07568
2015-04-01 11:00:00,1.07567,1.07402,1.07623,1.07474
2015-04-01 12:00:00,1.07476,1.07464,1.07992,1.07773
2015-04-01 13:00:00,1.07772,1.07405,1.07835,1.07421
2015-04-01 14:00:00,1.07431,1.07257,1.07943,1.07567
2015-04-01 15:00:00,1.07567,1.07561,1.07793,1.07665
2015-04-01 16:00:00,1.07665,1.07596,1.07864,1.07794
2015-04-01 17:00:00,1.07795,1.07631,1.07831,1.07706
2015-04-01 18:00:00,1.07703,1.07632,1.07759,1.07637
2015-04-01 19:00:00,1.07639,1.07561,1.07651,1.0759
2015-04-01 20:00:00,1.0759,1.07541,1.07629,1.07615
2015-04-01 21:00:00,1.07597,1.07589,1.07684,1.0766
2015-04-01 22:00:00,1.07659,1.07651,1.0773,1.07693
2015-04-01 23:00:00,1.07689,1.07614,1.07727,1.0769
2015-04-02 00:00:00,1.07688,1.07495,1.07698,1.07534
2015-04-02 01:00:00,1.07533,1.07514,1.07681,1.07569
2015-04-02 02:00:00,1.07567,1.07544,1.0767,1.07657
2015-04-02 03:00:00,1.07659,1.07656,1.0776,1.07666
2015-04-02 04:00:00,1.07667,1.07655,1.0776,1.07728
2015-04-02 05:00:00,1.07728,1.07694,1.07907,1.07826
2015-04-02 06:00:00,1.07827,1.07794,1.08248,1.08088
2015-04-02 07:00:00,1.08087,1.08056,1.08433,1.08166
2015-04-02 08:00:00,1.08168,1.08146,1.08314,1.0827
2015-04-02 09:00:00,1.08272,1.08078,1.08384,1.08219
2015-04-02 10:00:00,1.08219,1.08116,1.08281,1.08173
2015-04-02 11:00:00,1.08174,1.08174,1.08336,1.08289
2015-04-02 12:00:00,1.08291,1.08011,1.08685,1.08471
2015-04-02 13:00:00,1.08468,1.08466,1.09038,1.08817
2015-04-02 14:00:00,1.08814,1.08661,1.08839,1.08789
2015-04-02 15:00:00,1.08789,1.08644,1.08871,1.08746
2015-04-02 16:00:00,1.08746,1.08695,1.08856,1.08793
2015-04-02 17:00:00,1.08794,1.08765,1.09007,1.08884
2015-04-02 18:00:00,1.08886,1.0885,1.08984,1.08936
2015-04-02 19:00:00,1.08936,1.08786,1.08949,1.08789
2015-04-02 20:00:00,1.08787,1.08765,1.08825,1.08794
2015-04-02 21:00:00,1.08798,1.0877,1.0885,1.08787
2015-04-02 22:00:00,1.0879,1.08704,1.08797,1.08756
2015-04-02 23:00:00,1.08759,1.08683,1.0878,1.08695
2015-04-03 00:00:00,1.08691,1.08629,1.08693,1.08681
2015-04-03 01:00:00,1.08683,1.08657,1.08731,1.08682
2015-04-03 02:00:00,1.0868,1.08649,1.08754,1.08675
2015-04-03 03:00:00,1.08677,1.08671,1.08738,1.08708
2015-04-03 04:00:00,1.0871,1.08703,1.08799,1.08784
2015-04-03 05:00:00,1.08785,1.08754,1.08819,1.08799
2015-04-03 06:00:00,1.08799,1.08784,1.08881,1.08808
2015-04-03 07:00:00,1.08807,1.08661,1.08841,1.08711
2015-04-03 08:00:00,1.0871,1.08696,1.08815,1.08787
2015-04-03 09:00:00,1.0879,1.08732,1.08809,1.08805
2015-04-03 10:00:00,1.08804,1.08794,1.08948,1.0885
2015-04-03 11:00:00,1.0885,1.08773,1.0932,1.09135
2015-04-03 12:00:00,1.09137,1.08736,1.10134,1.10047
2015-04-03 13:00:00,1.10053,1.09841,1.10262,1.09993
2015-04-03 14:00:00,1.09993,1.09897,1.10088,1.09916
2015-04-03 15:00:00,1.09913,1.09827,1.09963,1.09858
2015-04-03 16:00:00,1.09855,1.09672,1.0988,1.09688
2015-04-03 17:00:00,1.09696,1.09628,1.09827,1.09825
2015-04-03 18:00:00,1.09823,1.0972,1.09825,1.09751
2015-04-03 19:00:00,1.09749,1.09661,1.09775,1.09675
2015-04-03 20:00:00,1.09676,1.09622,1.09735,1.09663
2015-04-05 21:00:00,1.10006,1.09844,1.10024,1.09928
2015-04-05 22:00:00,1.0992,1.09869,1.1004,1.10017
2015-04-05 23:00:00,1.10017,1.09932,1.10171,1.09937
2015-04-06 00:00:00,1.09939,1.09823,1.09962,1.09844
2015-04-06 01:00:00,1.09842,1.09731,1.09885,1.09783
2015-04-06 02:00:00,1.09784,1.09724,1.09827,1.09807
2015-04-06 03:00:00,1.09803,1.09764,1.09861,1.09843
2015-04-06 04:00:00,1.09844,1.09757,1.09892,1.09768
2015-04-06 05:00:00,1.09766,1.0974,1.09795,1.09745
2015-04-06 06:00:00,1.09748,1.09672,1.09823,1.09743
2015-04-06 07:00:00,1.09739,1.09652,1.09885,1.0983
2015-04-06 08:00:00,1.0983,1.0979,1.09855,1.09824
2015-04-06 09:00:00,1.09822,1.0979,1.09869,1.09792
2015-04-06 10:00:00,1.09794,1.09763,1.09866,1.09858
2015-04-06 11:00:00,1.09857,1.09833,1.10011,1.0987
2015-04-06 12:00:00,1.09871,1.09856,1.10203,1.10183
2015-04-06 13:00:00,1.10181,1.10134,1.10328,1.10267
2015-04-06 14:00:00,1.10261,1.10134,1.10348,1.10325
2015-04-06 15:00:00,1.10323,1.0999,1.1035,1.10059
2015-04-06 16:00:00,1.10062,1.09794,1.10062,1.09933
2015-04-06 17:00:00,1.09931,1.09802,1.09962,1.09859
2015-04-06 18:00:00,1.09857,1.09743,1.09857,1.09767
2015-04-06 19:00:00,1.09767,1.09091,1.0977,1.09414
2015-04-06 20:00:00,1.09414,1.09197,1.09419,1.09197
2015-04-06 21:00:00,1.09227,1.09206,1.0937,1.09325
2015-04-06 22:00:00,1.0933,1.09279,1.09377,1.09305
2015-04-06 23:00:00,1.09305,1.09283,1.09377,1.09337
2015-04-07 00:00:00,1.09338,1.09314,1.0939,1.09336
2015-04-07 01:00:00,1.09338,1.09295,1.09412,1.094
2015-04-07 02:00:00,1.09402,1.09401,1.09543,1.09506
2015-04-07 03:00:00,1.09508,1.09362,1.09519,1.09387
2015-04-07 04:00:00,1.09388,1.09224,1.09443,1.09224
2015-04-07 05:00:00,1.0923,1.09212,1.09461,1.09418
2015-04-07 06:00:00,1.09417,1.0911,1.09417,1.09211
2015-04-07 07:00:00,1.09208,1.09166,1.09402,1.09214
2015-04-07 08:00:00,1.09216,1.08337,1.0923,1.08485
2015-04-07 09:00:00,1.08485,1.08441,1.0862,1.08561
2015-04-07 10:00:00,1.08562,1.08522,1.08644,1.08581
2015-04-07 11:00:00,1.0858,1.08547,1.08772,1.08584
2015-04-07 12:00:00,1.08586,1.08407,1.08596,1.08493
2015-04-07 13:00:00,1.08493,1.08451,1.08714,1.0868
2015-04-07 14:00:00,1.08677,1.08561,1.08842,1.08578
2015-04-07 15:00:00,1.08581,1.08363,1.08646,1.0849
2015-04-07 16:00:00,1.08487,1.08446,1.08559,1.08501
2015-04-07 17:00:00,1.08502,1.08371,1.08541,1.08375
2015-04-07 18:00:00,1.08377,1.0814,1.08414,1.08281
2015-04-07 19:00:00,1.08281,1.08144,1.08346,1.08158
2015-04-07 20:00:00,1.08155,1.08025,1.08207,1.08123
2015-04-07 21:00:00,1.08128,1.08038,1.08171,1.08099
2015-04-07 22:00:00,1.08107,1.08087,1.0825,1.08247
2015-04-07 23:00:00,1.08247,1.08181,1.0826,1.08215
2015-04-08 00:00:00,1.08217,1.08202,1.08359,1.08312
2015-04-08 01:00:00,1.08313,1.08284,1.08426,1.08299
2015-04-08 02:00:00,1.08299,1.08255,1.08339,1.08318
2015-04-08 03:00:00,1.08317,1.08294,1.08386,1.08383
2015-04-08 04:00:00,1.08381,1.08343,1.08529,1.08467
2015-04-08 05:00:00,1.08468,1.08434,1.08536,1.08489
2015-04-08 06:00:00,1.08486,1.08349,1.08535,1.08443
2015-04-08 07:00:00,1.08444,1.08421,1.08806,1.08684
2015-04-08 08:00:00,1.08682,1.08497,1.08686,1.08578
2015-04-08 09:00:00,1.08579,1.08571,1.08777,1.08686
2015-04-08 10:00:00,1.08684,1.0861,1.08869,1.08717
2015-04-08 11:00:00,1.08719,1.08425,1.08736,1.08491
2015-04-08 12:00:00,1.0849,1.08425,1.08775,1.08618
2015-04-08 13:00:00,1.08615,1.08436,1.0865,1.08556
2015-04-08 14:00:00,1.08553,1.07826,1.0856,1.07902
2015-04-08 15:00:00,1.07903,1.07857,1.08288,1.0816
2015-04-08 16:00:00,1.08161,1.08062,1.08257,1.08177
2015-04-08 17:00:00,1.08177,1.08087,1.08237,1.082
2015-04-08 18:00:00,1.08208,1.07622,1.08268,1.07996
2015-04-08 19:00:00,1.07994,1.07795,1.0802,1.07816
2015-04-08 20:00:00,1.07816,1.07756,1.07895,1.07783
2015-04-08 21:00:00,1.07788,1.07767,1.07824,1.07815
2015-04-08 22:00:00,1.07819,1.07809,1.07841,1.07827
2015-04-08 23:00:00,1.07825,1.07768,1.07862,1.07841
2015-04-09 00:00:00,1.07841,1.07596,1.07858,1.07628
2015-04-09 01:00:00,1.07627,1.07619,1.07748,1.07708
2015-04-09 02:00:00,1.0771,1.077,1.07837,1.07822
2015-04-09 03:00:00,1.07822,1.07752,1.07883,1.07798
2015-04-09 04:00:00,1.07796,1.07685,1.07807,1.07728
2015-04-09 05:00:00,1.07729,1.07492,1.07743,1.07546
2015-04-09 06:00:00,1.07548,1.07526,1.078,1.07767
2015-04-09 07:00:00,1.07765,1.07302,1.07854,1.07437
2015-04-09 08:00:00,1.07437,1.07361,1.07553,1.0744
2015-04-09 09:00:00,1.07439,1.0729,1.07524,1.07428
2015-04-09 10:00:00,1.07429,1.07342,1.07685,1.07616
2015-04-09 11:00:00,1.07617,1.07556,1.07751,1.07667
2015-04-09 12:00:00,1.07667,1.07397,1.07776,1.07424
2015-04-09 13:00:00,1.07422,1.07173,1.07566,1.07244
2015-04-09 14:00:00,1.07242,1.0672,1.07273,1.06763
2015-04-09 15:00:00,1.06765,1.06679,1.06882,1.067
2015-04-09 16:00:00,1.06698,1.0653,1.06699,1.06674
2015-04-09 17:00:00,1.06676,1.06458,1.06676,1.06458
2015-04-09 18:00:00,1.06458,1.0637,1.06505,1.0639
2015-04-09 19:00:00,1.06388,1.06367,1.06553,1.0653
2015-04-09 20:00:00,1.06526,1.06496,1.06641,1.06584
2015-04-09 21:00:00,1.06547,1.06513,1.0664,1.06615
2015-04-09 22:00:00,1.06615,1.06607,1.06661,1.06627
2015-04-09 23:00:00,1.06629,1.06575,1.06673,1.06658
2015-04-10 00:00:00,1.06659,1.06612,1.06754,1.06739
2015-04-10 01:00:00,1.06739,1.06644,1.06819,1.06819
2015-04-10 02:00:00,1.06817,1.06696,1.06827,1.06702
2015-04-10 03:00:00,1.06705,1.06658,1.06791,1.06768
2015-04-10 04:00:00,1.06767,1.06764,1.06828,1.06775
2015-04-10 05:00:00,1.06772,1.06721,1.06817,1.06721
2015-04-10 06:00:00,1.06718,1.06439,1.06718,1.0645
2015-04-10 07:00:00,1.06451,1.06062,1.06475,1.06124
2015-04-10 08:00:00,1.06123,1.06043,1.06318,1.06065
2015-04-10 09:00:00,1.06063,1.05882,1.06158,1.0611
2015-04-10 10:00:00,1.06112,1.05793,1.06223,1.05797
2015-04-10 11:00:00,1.05797,1.05731,1.05972,1.05851
2015-04-10 12:00:00,1.0585,1.05671,1.05954,1.05891
2015-04-10 13:00:00,1.0589,1.05795,1.06256,1.06021
2015-04-10 14:00:00,1.06023,1.0602,1.0635,1.06227
2015-04-10 15:00:00,1.06225,1.05937,1.06265,1.05963
2015-04-10 16:00:00,1.05964,1.05843,1.06048,1.05907
2015-04-10 17:00:00,1.05908,1.05821,1.05957,1.05906
2015-04-10 18:00:00,1.05906,1.05847,1.06056,1.06036
2015-04-10 19:00:00,1.06034,1.05973,1.06085,1.06082
2015-04-10 20:00:00,1.06079,1.05948,1.06079,1.05974
2015-04-12 21:00:00,1.05838,1.05814,1.05958,1.05941
2015-04-12 22:00:00,1.05944,1.05944,1.0613,1.06119
2015-04-12 23:00:00,1.06114,1.0605,1.06166,1.06054
2015-04-13 00:00:00,1.06055,1.06043,1.06184,1.06082
2015-04-13 01:00:00,1.06085,1.06062,1.06166,1.06088
2015-04-13 02:00:00,1.06088,1.0584,1.06101,1.05957
2015-04-13 03:00:00,1.05958,1.05909,1.06008,1.05945
2015-04-13 04:00:00,1.05945,1.05871,1.05975,1.05872
2015-04-13 05:00:00,1.05874,1.05774,1.05936,1.05919
2015-04-13 06:00:00,1.05915,1.05841,1.06108,1.06055
2015-04-13 07:00:00,1.06051,1.05607,1.06165,1.05644
2015-04-13 08:00:00,1.05645,1.05486,1.05752,1.05561
2015-04-13 09:00:00,1.05559,1.053,1.05664,1.05455
2015-04-13 10:00:00,1.05456,1.05207,1.0553,1.0526
2015-04-13 11:00:00,1.05259,1.05197,1.05471,1.05413
2015-04-13 12:00:00,1.05414,1.05405,1.05682,1.05497
2015-04-13 13:00:00,1.05496,1.0548,1.06089,1.05916
2015-04-13 14:00:00,1.05918,1.05628,1.05956,1.05743
2015-04-13 15:00:00,1.05746,1.05679,1.05937,1.05801
2015-04-13 16:00:00,1.05802,1.05738,1.05931,1.05816
2015-04-13 17:00:00,1.05815,1.0558,1.05832,1.05629
2015-04-13 18:00:00,1.05631,1.05582,1.05702,1.05681
2015-04-13 19:00:00,1.0568,1.05663,1.058,1.05787
2015-04-13 20:00:00,1.05787,1.05635,1.05794,1.05663
2015-04-13 21:00:00,1.05669,1.05651,1.0572,1.05675
2015-04-13 22:00:00,1.05674,1.05657,1.05721,1.05719
2015-04-13 23:00:00,1.05721,1.05671,1.05766,1.05712
2015-04-14 00:00:00,1.0571,1.05698,1.05931,1.05907
2015-04-14 01:00:00,1.05909,1.0563,1.05909,1.05742
2015-04-14 02:00:00,1.05744,1.05687,1.05824,1.05767
2015-04-14 03:00:00,1.05766,1.0562,1.05809,1.0562
2015-04-14 04:00:00,1.05618,1.05454,1.05652,1.0555
2015-04-14 05:00:00,1.05552,1.05378,1.05562,1.05396
2015-04-14 06:00:00,1.05394,1.05302,1.05573,1.05482
2015-04-14 07:00:00,1.0548,1.05367,1.05742,1.05472
2015-04-14 08:00:00,1.05472,1.05375,1.05625,1.0549
2015-04-14 09:00:00,1.0549,1.05486,1.05744,1.05577
2015-04-14 10:00:00,1.05579,1.0553,1.05743,1.0572
2015-04-14 11:00:00,1.05717,1.05629,1.05802,1.05689
2015-04-14 12:00:00,1.05691,1.05574,1.06448,1.06347
2015-04-14 13:00:00,1.06351,1.06351,1.06908,1.06779
2015-04-14 14:00:00,1.06778,1.06581,1.07067,1.06932
2015-04-14 15:00:00,1.06934,1.06659,1.07002,1.06718
2015-04-14 16:00:00,1.06718,1.06535,1.06733,1.06586
2015-04-14 17:00:00,1.06585,1.06569,1.06731,1.06707
2015-04-14 18:00:00,1.06707,1.06481,1.06707,1.06604
2015-04-14 19:00:00,1.06605,1.0644,1.06613,1.06479
2015-04-14 20:00:00,1.06478,1.06456,1.0654,1.06537
2015-04-14 21:00:00,1.06498,1.06494,1.06575,1.06537
2015-04-14 22:00:00,1.06532,1.06495,1.06549,1.06502
2015-04-14 23:00:00,1.06503,1.06431,1.06507,1.06457
2015-04-15 00:00:00,1.06456,1.06266,1.06456,1.06293
2015-04-15 01:00:00,1.06293,1.06262,1.06374,1.06295
2015-04-15 02:00:00,1.06293,1.06241,1.0641,1.06321
2015-04-15 03:00:00,1.06319,1.06239,1.06366,1.06239
2015-04-15 04:00:00,1.0624,1.06165,1.06287,1.06266
2015-04-15 05:00:00,1.06265,1.06238,1.06391,1.06319
2015-04-15 06:00:00,1.06326,1.06259,1.06634,1.06452
2015-04-15 07:00:00,1.0645,1.06017,1.06466,1.0604
2015-04-15 08:00:00,1.06041,1.05701,1.0613,1.05804
2015-04-15 09:00:00,1.05801,1.05732,1.06075,1.06031
2015-04-15 10:00:00,1.0603,1.05808,1.06138,1.05839
2015-04-15 11:00:00,1.05837,1.05792,1.06034,1.05828
2015-04-15 12:00:00,1.05827,1.05763,1.06179,1.05963
2015-04-15 13:00:00,1.05967,1.05812,1.06738,1.0637
2015-04-15 14:00:00,1.0637,1.05876,1.06478,1.06083
2015-04-15 15:00:00,1.06084,1.0583,1.06137,1.0595
2015-04-15 16:00:00,1.05952,1.05908,1.06226,1.0618
2015-04-15 17:00:00,1.06178,1.06178,1.07009,1.06701
2015-04-15 18:00:00,1.067,1.06634,1.06902,1.06831
2015-04-15 19:00:00,1.06832,1.06694,1.0688,1.06843
2015-04-15 20:00:00,1.06841,1.06727,1.06874,1.06827
2015-04-15 21:00:00,1.0683,1.0673,1.06869,1.0678
2015-04-15 22:00:00,1.06762,1.06724,1.06805,1.06749
2015-04-15 23:00:00,1.06747,1.0672,1.06774,1.06755
2015-04-16 00:00:00,1.06756,1.06726,1.07454,1.07287
2015-04-16 01:00:00,1.07289,1.07129,1.07365,1.07144
2015-04-16 02:00:00,1.07143,1.06926,1.07151,1.06954
2015-04-16 03:00:00,1.06955,1.06939,1.07088,1.06974
2015-04-16 04:00:00,1.06975,1.06835,1.07042,1.06911
2015-04-16 05:00:00,1.06908,1.06744,1.06908,1.06777
2015-04-16 06:00:00,1.06777,1.06541,1.06946,1.06654
2015-04-16 07:00:00,1.06654,1.06257,1.06846,1.06372
2015-04-16 08:00:00,1.06375,1.06254,1.0649,1.0631
2015-04-16 09:00:00,1.0631,1.06236,1.06738,1.06717
2015-04-16 10:00:00,1.06718,1.06659,1.0729,1.0712
2015-04-16 11:00:00,1.07121,1.07113,1.07464,1.07294
2015-04-16 12:00:00,1.07293,1.07058,1.07661,1.07404
2015-04-16 13:00:00,1.07402,1.0721,1.07522,1.07299
2015-04-16 14:00:00,1.07297,1.06839,1.07297,1.06999
2015-04-16 15:00:00,1.06998,1.0697,1.07423,1.07414
2015-04-16 16:00:00,1.07416,1.07231,1.07461,1.07298
2015-04-16 17:00:00,1.07299,1.07281,1.07909,1.07886
2015-04-16 18:00:00,1.07885,1.07733,1.08171,1.07976
2015-04-16 19:00:00,1.07974,1.07661,1.08053,1.07693
2015-04-16 20:00:00,1.07693,1.0756,1.07712,1.07604
2015-04-16 21:00:00,1.07621,1.07582,1.07677,1.07634
2015-04-16 22:00:00,1.07633,1.07566,1.07652,1.07599
2015-04-16 23:00:00,1.07598,1.07524,1.07722,1.07572
2015-04-17 00:00:00,1.07571,1.07571,1.07841,1.07773
2015-04-17 01:00:00,1.07767,1.076,1.07858,1.07624
2015-04-17 02:00:00,1.07622,1.07608,1.07715,1.07677
2015-04-17 03:00:00,1.07676,1.07652,1.07755,1.07659
2015-04-17 04:00:00,1.0766,1.07634,1.07757,1.07757
2015-04-17 05:00:00,1.07754,1.07638,1.07788,1.07649
2015-04-17 06:00:00,1.0765,1.07369,1.07914,1.07485
2015-04-17 07:00:00,1.07485,1.07464,1.08032,1.07854
2015-04-17 08:00:00,1.07858,1.07854,1.08265,1.08193
2015-04-17 09:00:00,1.08202,1.0801,1.08329,1.0822
2015-04-17 10:00:00,1.08219,1.08138,1.08481,1.08183
2015-04-17 11:00:00,1.08183,1.07891,1.08213,1.08173
2015-04-17 12:00:00,1.08172,1.07423,1.08383,1.07564
2015-04-17 13:00:00,1.07567,1.07324,1.07742,1.07712
2015-04-17 14:00:00,1.07706,1.07528,1.07859,1.0774
2015-04-17 15:00:00,1.07737,1.07711,1.0797,1.07802
2015-04-17 16:00:00,1.07801,1.07686,1.07894,1.07781
2015-04-17 17:00:00,1.07781,1.07773,1.0799,1.07912
2015-04-17 18:00:00,1.07913,1.07862,1.07987,1.07909
2015-04-17 19:00:00,1.07911,1.07908,1.08227,1.0817
2015-04-17 20:00:00,1.08169,1.0799,1.0819,1.08012
2015-04-19 21:00:00,1.08176,1.08075,1.0819,1.08106
2015-04-19 22:00:00,1.08104,1.07931,1.08113,1.07935
2015-04-19 23:00:00,1.07931,1.07876,1.08107,1.08078
2015-04-20 00:00:00,1.08076,1.08001,1.08164,1.08071
2015-04-20 01:00:00,1.0807,1.07913,1.08178,1.07926
2015-04-20 02:00:00,1.07928,1.07912,1.08034,1.07965
2015-04-20 03:00:00,1.07966,1.07856,1.08024,1.07856
2015-04-20 04:00:00,1.07857,1.07697,1.07938,1.07753
2015-04-20 05:00:00,1.07751,1.07663,1.07834,1.07789
2015-04-20 06:00:00,1.07788,1.07739,1.08054,1.07926
2015-04-20 07:00:00,1.07925,1.0769,1.07934,1.07804
2015-04-20 08:00:00,1.07803,1.07475,1.07962,1.07525
2015-04-20 09:00:00,1.07524,1.07332,1.07553,1.07507
2015-04-20 10:00:00,1.07508,1.07223,1.07623,1.07254
2015-04-20 11:00:00,1.07256,1.07225,1.07441,1.07335
2015-04-20 12:00:00,1.07335,1.07115,1.07512,1.07426
2015-04-20 13:00:00,1.07423,1.07243,1.07501,1.07397
2015-04-20 14:00:00,1.074,1.07273,1.07603,1.07526
2015-04-20 15:00:00,1.07525,1.07505,1.07679,1.07619
2015-04-20 16:00:00,1.07616,1.07454,1.07679,1.07479
2015-04-20 17:00:00,1.07475,1.07272,1.07486,1.0728
2015-04-20 18:00:00,1.07276,1.07246,1.07354,1.07344
2015-04-20 19:00:00,1.07345,1.07305,1.0739,1.07374
2015-04-20 20:00:00,1.07371,1.07346,1.07431,1.07365
2015-04-20 21:00:00,1.07362,1.0734,1.07427,1.0738
2015-04-20 22:00:00,1.07381,1.07364,1.07428,1.07373
2015-04-20 23:00:00,1.07374,1.0735,1.07507,1.07478
2015-04-21 00:00:00,1.07476,1.07296,1.07478,1.0739
2015-04-21 01:00:00,1.0739,1.07186,1.0743,1.07193
2015-04-21 02:00:00,1.07195,1.07195,1.07309,1.07265
2015-04-21 03:00:00,1.07267,1.07221,1.07282,1.07231
2015-04-21 04:00:00,1.07231,1.0723,1.07335,1.07313
2015-04-21 05:00:00,1.07314,1.07129,1.07366,1.07179
2015-04-21 06:00:00,1.07176,1.06733,1.07193,1.06813
2015-04-21 07:00:00,1.06812,1.06591,1.06812,1.06636
2015-04-21 08:00:00,1.06637,1.06633,1.06866,1.06807
2015-04-21 09:00:00,1.06786,1.06643,1.06945,1.0687
2015-04-21 10:00:00,1.06868,1.06747,1.06906,1.06808
2015-04-21 11:00:00,1.06807,1.06773,1.07109,1.07012
2015-04-21 12:00:00,1.07013,1.06954,1.07167,1.0714
2015-04-21 13:00:00,1.07136,1.06832,1.07136,1.06878
2015-04-21 14:00:00,1.0688,1.06831,1.07471,1.07409
2015-04-21 15:00:00,1.07411,1.07313,1.07671,1.07566
2015-04-21 16:00:00,1.07564,1.07454,1.07806,1.07531
2015-04-21 17:00:00,1.07533,1.07425,1.07556,1.07471
2015-04-21 18:00:00,1.07471,1.07313,1.0753,1.0733
2015-04-21 19:00:00,1.07327,1.07325,1.07395,1.07353
2015-04-21 20:00:00,1.0735,1.0731,1.07382,1.07351
2015-04-21 21:00:00,1.07329,1.07308,1.07376,1.0737
2015-04-21 22:00:00,1.07368,1.07328,1.07375,1.07372
2015-04-21 23:00:00,1.07371,1.07332,1.07412,1.07378
2015-04-22 00:00:00,1.07376,1.07157,1.0738,1.07185
2015-04-22 01:00:00,1.07183,1.07164,1.07271,1.07211
2015-04-22 02:00:00,1.0721,1.07167,1.07325,1.07272
2015-04-22 03:00:00,1.07275,1.07194,1.07281,1.07243
2015-04-22 04:00:00,1.07245,1.07236,1.07376,1.07362
2015-04-22 05:00:00,1.07362,1.07315,1.07475,1.07384
2015-04-22 06:00:00,1.07386,1.07259,1.07743,1.07678
2015-04-22 07:00:00,1.07677,1.07492,1.07725,1.07511
2015-04-22 08:00:00,1.07512,1.07443,1.07946,1.0775
2015-04-22 09:00:00,1.0775,1.07748,1.08,1.07898
2015-04-22 10:00:00,1.07897,1.0764,1.07984,1.07671
2015-04-22 11:00:00,1.0767,1.07499,1.07763,1.07524
2015-04-22 12:00:00,1.07526,1.07113,1.07588,1.07262
2015-04-22 13:00:00,1.07261,1.07079,1.07481,1.07448
2015-04-22 14:00:00,1.07437,1.07187,1.07452,1.07222
2015-04-22 15:00:00,1.0722,1.07122,1.07322,1.07269
2015-04-22 16:00:00,1.0727,1.07161,1.07319,1.07272
2015-04-22 17:00:00,1.07273,1.07242,1.07397,1.07299
2015-04-22 18:00:00,1.07301,1.07301,1.07409,1.07381
2015-04-22 19:00:00,1.0738,1.07221,1.07424,1.0727
2015-04-22 20:00:00,1.0727,1.07212,1.07278,1.07239
2015-04-22 21:00:00,1.0724,1.07184,1.07267,1.0721
2015-04-22 22:00:00,1.0721,1.07168,1.07228,1.07187
2015-04-22 23:00:00,1.07189,1.07188,1.07272,1.07236
2015-04-23 00:00:00,1.07235,1.07003,1.07257,1.07052
2015-04-23 01:00:00,1.07053,1.06917,1.0712,1.06986
2015-04-23 02:00:00,1.06988,1.06908,1.0703,1.06977
2015-04-23 03:00:00,1.06978,1.06942,1.07095,1.07078
2015-04-23 04:00:00,1.07078,1.07006,1.07175,1.0702
2015-04-23 05:00:00,1.07024,1.07024,1.07171,1.0707
2015-04-23 06:00:00,1.07069,1.06794,1.07128,1.06859
2015-04-23 07:00:00,1.06851,1.06648,1.06889,1.06854
2015-04-23 08:00:00,1.06852,1.06817,1.07354,1.07269
2015-04-23 09:00:00,1.07267,1.07163,1.0754,1.07501
2015-04-23 10:00:00,1.07498,1.07343,1.07553,1.07387
2015-04-23 11:00:00,1.07384,1.0731,1.07718,1.07685
2015-04-23 12:00:00,1.07688,1.07416,1.07818,1.07616
2015-04-23 13:00:00,1.07614,1.07327,1.07771,1.07503
2015-04-23 14:00:00,1.07504,1.07449,1.08155,1.08015
2015-04-23 15:00:00,1.08013,1.07877,1.08203,1.08008
2015-04-23 16:00:00,1.08005,1.08001,1.08293,1.08226
2015-04-23 17:00:00,1.08226,1.08222,1.08442,1.08284
2015-04-23 18:00:00,1.08287,1.08225,1.08445,1.08258
2015-04-23 19:00:00,1.0826,1.08215,1.08295,1.08247
2015-04-23 20:00:00,1.08249,1.08213,1.08318,1.08229
2015-04-23 21:00:00,1.08229,1.08175,1.08237,1.082
2015-04-23 22:00:00,1.08202,1.0814,1.08242,1.08149
2015-04-23 23:00:00,1.08149,1.08086,1.0822,1.0813
2015-04-24 00:00:00,1.08127,1.08047,1.08287,1.08271
2015-04-24 01:00:00,1.08269,1.08109,1.08269,1.08114
2015-04-24 02:00:00,1.08115,1.07927,1.08142,1.07958
2015-04-24 03:00:00,1.07959,1.07838,1.0798,1.07912
2015-04-24 04:00:00,1.07911,1.07892,1.08033,1.08033
2015-04-24 05:00:00,1.08032,1.08,1.08131,1.08127
2015-04-24 06:00:00,1.08125,1.07962,1.08793,1.08733
2015-04-24 07:00:00,1.08735,1.08613,1.08966,1.08753
2015-04-24 08:00:00,1.08752,1.08708,1.08995,1.08841
2015-04-24 09:00:00,1.0884,1.08508,1.08841,1.08511
2015-04-24 10:00:00,1.0851,1.08094,1.08553,1.0815
2015-04-24 11:00:00,1.08147,1.08122,1.08384,1.08323
2015-04-24 12:00:00,1.0832,1.08082,1.08739,1.08416
2015-04-24 13:00:00,1.08415,1.08106,1.08659,1.08137
2015-04-24 14:00:00,1.08137,1.0804,1.08678,1.08623
2015-04-24 15:00:00,1.08624,1.08569,1.0878,1.08737
2015-04-24 16:00:00,1.08737,1.08511,1.08784,1.08519
2015-04-24 17:00:00,1.08521,1.08495,1.0861,1.08593
2015-04-24 18:00:00,1.08592,1.08571,1.08699,1.08673
2015-04-24 19:00:00,1.08672,1.08603,1.0871,1.08672
2015-04-24 20:00:00,1.08674,1.08591,1.08731,1.08724
2015-04-26 21:00:00,1.08628,1.08522,1.08668,1.08648
2015-04-26 22:00:00,1.08655,1.08587,1.08683,1.08643
2015-04-26 23:00:00,1.08642,1.08613,1.08736,1.0865
2015-04-27 00:00:00,1.08652,1.0861,1.08775,1.08659
2015-04-27 01:00:00,1.08654,1.08604,1.08707,1.08608
2015-04-27 02:00:00,1.08607,1.08588,1.08669,1.08634
2015-04-27 03:00:00,1.08635,1.08469,1.08635,1.0853
2015-04-27 04:00:00,1.08528,1.08512,1.08589,1.0855
2015-04-27 05:00:00,1.08552,1.08529,1.08776,1.08731
2015-04-27 06:00:00,1.0873,1.08474,1.08861,1.08501
2015-04-27 07:00:00,1.085,1.08384,1.08784,1.08551
2015-04-27 08:00:00,1.08552,1.08243,1.08583,1.08344
2015-04-27 09:00:00,1.08343,1.08261,1.08494,1.08376
2015-04-27 10:00:00,1.08377,1.08204,1.08448,1.08448
2015-04-27 11:00:00,1.08446,1.08277,1.08484,1.08369
2015-04-27 12:00:00,1.08368,1.08188,1.08433,1.08428
2015-04-27 13:00:00,1.08429,1.08359,1.0864,1.08521
2015-04-27 14:00:00,1.0852,1.08509,1.08836,1.08836
2015-04-27 15:00:00,1.08835,1.08832,1.09064,1.089
2015-04-27 16:00:00,1.08903,1.08883,1.0926,1.09058
2015-04-27 17:00:00,1.09061,1.08758,1.09098,1.088
2015-04-27 18:00:00,1.08801,1.08769,1.08929,1.08819
2015-04-27 19:00:00,1.08821,1.08763,1.08905,1.08889
2015-04-27 20:00:00,1.0889,1.08808,1.08912,1.0888
2015-04-27 21:00:00,1.08852,1.08806,1.08899,1.08832
2015-04-27 22:00:00,1.08832,1.08658,1.08851,1.08748
2015-04-27 23:00:00,1.08751,1.08716,1.08793,1.08757
2015-04-28 00:00:00,1.08758,1.08691,1.08788,1.08773
2015-04-28 01:00:00,1.08771,1.08718,1.08836,1.08773
2015-04-28 02:00:00,1.08773,1.08727,1.08823,1.08759
2015-04-28 03:00:00,1.0876,1.08733,1.08838,1.08783
2015-04-28 04:00:00,1.08785,1.08704,1.08794,1.08704
2015-04-28 05:00:00,1.08706,1.08691,1.08872,1.08816
2015-04-28 06:00:00,1.08817,1.08695,1.0895,1.08735
2015-04-28 07:00:00,1.08736,1.08594,1.08991,1.08797
2015-04-28 08:00:00,1.08795,1.08626,1.09043,1.09032
2015-04-28 09:00:00,1.09033,1.08985,1.09218,1.09143
2015-04-28 10:00:00,1.09143,1.09076,1.0942,1.09409
2015-04-28 11:00:00,1.09406,1.09337,1.09492,1.09427
2015-04-28 12:00:00,1.09429,1.09167,1.09459,1.09258
2015-04-28 13:00:00,1.09259,1.09178,1.09523,1.09451
2015-04-28 14:00:00,1.09454,1.09437,1.09824,1.09821
2015-04-28 15:00:00,1.09819,1.09652,1.09893,1.09776
2015-04-28 16:00:00,1.09778,1.09597,1.09783,1.09682
2015-04-28 17:00:00,1.09681,1.09665,1.09871,1.09842
2015-04-28 18:00:00,1.09841,1.09713,1.09904,1.09779
2015-04-28 19:00:00,1.09781,1.09628,1.0979,1.09734
2015-04-28 20:00:00,1.0973,1.09684,1.09818,1.09808
2015-04-28 21:00:00,1.09797,1.09693,1.09797,1.09751
2015-04-28 22:00:00,1.09756,1.09706,1.09794,1.09742
2015-04-28 23:00:00,1.09741,1.09665,1.09748,1.09672
2015-04-29 00:00:00,1.09673,1.09672,1.09806,1.09792
2015-04-29 01:00:00,1.09787,1.09674,1.09789,1.09706
2015-04-29 02:00:00,1.09708,1.09672,1.09725,1.09674
2015-04-29 03:00:00,1.09673,1.0965,1.09723,1.09673
2015-04-29 04:00:00,1.09674,1.09589,1.09679,1.09623
2015-04-29 05:00:00,1.09622,1.09608,1.09708,1.09676
2015-04-29 06:00:00,1.09677,1.09636,1.09876,1.098
2015-04-29 07:00:00,1.09798,1.09652,1.09974,1.09967
2015-04-29 08:00:00,1.0997,1.09832,1.10091,1.10066
2015-04-29 09:00:00,1.10066,1.09899,1.10137,1.10051
2015-04-29 10:00:00,1.10052,1.09931,1.10077,1.09942
2015-04-29 11:00:00,1.09941,1.09849,1.10078,1.09933
2015-04-29 12:00:00,1.09934,1.09916,1.10718,1.1028
2015-04-29 13:00:00,1.10281,1.10147,1.10784,1.10763
2015-04-29 14:00:00,1.1076,1.10659,1.11611,1.1148
2015-04-29 15:00:00,1.11481,1.11307,1.11773,1.1172
2015-04-29 16:00:00,1.11722,1.11431,1.11874,1.11432
2015-04-29 17:00:00,1.11432,1.11328,1.1173,1.11434
2015-04-29 18:00:00,1.11425,1.10746,1.11481,1.11131
2015-04-29 19:00:00,1.11132,1.1095,1.11185,1.11108
2015-04-29 20:00:00,1.11104,1.11075,1.11278,1.11271
2015-04-29 21:00:00,1.11277,1.11132,1.11286,1.1114
2015-04-29 22:00:00,1.11142,1.11124,1.1121,1.11175
2015-04-29 23:00:00,1.11173,1.11093,1.11182,1.11116
2015-04-30 00:00:00,1.11116,1.11108,1.11225,1.11135
2015-04-30 01:00:00,1.11137,1.11132,1.11247,1.11236
2015-04-30 02:00:00,1.11234,1.11108,1.11236,1.11145
2015-04-30 03:00:00,1.11145,1.11014,1.11147,1.11067
2015-04-30 04:00:00,1.11065,1.11015,1.11147,1.11068
2015-04-30 05:00:00,1.11066,1.10842,1.11067,1.10877
2015-04-30 06:00:00,1.1088,1.10703,1.11215,1.11148
2015-04-30 07:00:00,1.11147,1.11047,1.12311,1.12202
2015-04-30 08:00:00,1.12203,1.11946,1.12484,1.12069
2015-04-30 09:00:00,1.12075,1.11658,1.12202,1.11689
2015-04-30 10:00:00,1.11686,1.11526,1.11941,1.11915
2015-04-30 11:00:00,1.11913,1.11792,1.12126,1.11928
2015-04-30 12:00:00,1.11926,1.11374,1.1219,1.11622
2015-04-30 13:00:00,1.11624,1.11145,1.11672,1.11407
2015-04-30 14:00:00,1.11405,1.11379,1.12079,1.12002
2015-04-30 15:00:00,1.12001,1.11599,1.12227,1.11617
2015-04-30 16:00:00,1.11616,1.11561,1.12148,1.12136
2015-04-30 17:00:00,1.12132,1.1185,1.1215,1.11889
2015-04-30 18:00:00,1.11889,1.11887,1.12639,1.12571
2015-04-30 19:00:00,1.12568,1.12183,1.12653,1.12286
2015-04-30 20:00:00,1.12284,1.12157,1.12288,1.12212
2015-04-30 21:00:00,1.12219,1.12101,1.1225,1.12124
2015-04-30 22:00:00,1.12126,1.12085,1.12182,1.12102
2015-04-30 23:00:00,1.12102,1.12099,1.12159,1.12107
2015-05-01 00:00:00,1.12107,1.12053,1.12179,1.12071
2015-05-01 01:00:00,1.12068,1.12061,1.12154,1.12075
2015-05-01 02:00:00,1.12072,1.12021,1.12126,1.12069
2015-05-01 03:00:00,1.1207,1.12052,1.12105,1.12076
2015-05-01 04:00:00,1.12077,1.12042,1.12108,1.12074
2015-05-01 05:00:00,1.12072,1.12051,1.12185,1.12178
2015-05-01 06:00:00,1.12181,1.11992,1.12508,1.12498
2015-05-01 07:00:00,1.12496,1.12303,1.12664,1.12555
2015-05-01 08:00:00,1.12557,1.12368,1.12692,1.1254
2015-05-01 09:00:00,1.12539,1.12331,1.1284,1.12344
2015-05-01 10:00:00,1.1234,1.12304,1.12707,1.12684
2015-05-01 11:00:00,1.12684,1.12599,1.12773,1.12606
2015-05-01 12:00:00,1.12606,1.12411,1.12722,1.12561
2015-05-01 13:00:00,1.12562,1.12437,1.12759,1.12708
2015-05-01 14:00:00,1.12713,1.12083,1.12894,1.12197
2015-05-01 15:00:00,1.122,1.11832,1.12248,1.1194
2015-05-01 16:00:00,1.11938,1.11738,1.12063,1.11765
2015-05-01 17:00:00,1.11769,1.11764,1.11985,1.11969
2015-05-01 18:00:00,1.11971,1.11836,1.12022,1.11915
2015-05-01 19:00:00,1.11914,1.11911,1.12176,1.12072
2015-05-01 20:00:00,1.12073,1.11906,1.12159,1.11932
2015-05-03 21:00:00,1.11902,1.11859,1.1199,1.11921
2015-05-03 22:00:00,1.11915,1.11839,1.11955,1.11849
2015-05-03 23:00:00,1.11851,1.11812,1.1192,1.11877
2015-05-04 00:00:00,1.11876,1.11754,1.1194,1.11868
2015-05-04 01:00:00,1.11867,1.11865,1.1196,1.11948
2015-05-04 02:00:00,1.11943,1.11834,1.11969,1.119
2015-05-04 03:00:00,1.11899,1.11847,1.11923,1.1189
2015-05-04 04:00:00,1.11891,1.11857,1.11947,1.11917
2015-05-04 05:00:00,1.11918,1.11912,1.12076,1.12026
2015-05-04 06:00:00,1.12025,1.11794,1.12237,1.11838
2015-05-04 07:00:00,1.1184,1.11505,1.11876,1.11505
2015-05-04 08:00:00,1.11505,1.11353,1.11569,1.11415
2015-05-04 09:00:00,1.11413,1.1127,1.11498,1.11275
2015-05-04 10:00:00,1.11276,1.11221,1.11395,1.11347
2015-05-04 11:00:00,1.11344,1.11277,1.11461,1.11339
2015-05-04 12:00:00,1.11336,1.11319,1.1187,1.11817
2015-05-04 13:00:00,1.11815,1.1157,1.11895,1.11608
2015-05-04 14:00:00,1.1161,1.11365,1.11674,1.11617
2015-05-04 15:00:00,1.11622,1.11411,1.11639,1.11442
2015-05-04 16:00:00,1.11441,1.11396,1.11639,1.11579
2015-05-04 17:00:00,1.11577,1.11474,1.11606,1.11558
2015-05-04 18:00:00,1.11557,1.11306,1.11571,1.11389
2015-05-04 19:00:00,1.11393,1.11362,1.11538,1.11522
2015-05-04 20:00:00,1.11518,1.11387,1.11518,1.1146
2015-05-04 21:00:00,1.11429,1.11423,1.11492,1.11473
2015-05-04 22:00:00,1.11471,1.11415,1.11505,1.11451
2015-05-04 23:00:00,1.11453,1.11447,1.11503,1.11482
2015-05-05 00:00:00,1.11481,1.11419,1.11481,1.11445
2015-05-05 01:00:00,1.11447,1.11397,1.11491,1.11397
2015-05-05 02:00:00,1.11398,1.11364,1.11433,1.11389
2015-05-05 03:00:00,1.11385,1.11315,1.11401,1.11339
2015-05-05 04:00:00,1.11339,1.11235,1.11358,1.11265
2015-05-05 05:00:00,1.11262,1.1125,1.11386,1.11302
2015-05-05 06:00:00,1.11301,1.1087,1.11462,1.10898
2015-05-05 07:00:00,1.10895,1.10818,1.11084,1.10842
2015-05-05 08:00:00,1.10843,1.10656,1.11002,1.10971
2015-05-05 09:00:00,1.10976,1.10815,1.11209,1.1116
2015-05-05 10:00:00,1.11161,1.10994,1.11317,1.11261
2015-05-05 11:00:00,1.11261,1.11179,1.11464,1.11196
2015-05-05 12:00:00,1.11194,1.11085,1.11722,1.11566
2015-05-05 13:00:00,1.11569,1.11252,1.11663,1.11662
2015-05-05 14:00:00,1.11662,1.11173,1.12026,1.11866
2015-05-05 15:00:00,1.11869,1.11703,1.12089,1.11729
2015-05-05 16:00:00,1.11728,1.11724,1.12072,1.12005
2015-05-05 17:00:00,1.12008,1.1188,1.12223,1.11916
2015-05-05 18:00:00,1.11917,1.11906,1.12035,1.11935
2015-05-05 19:00:00,1.11935,1.11866,1.12011,1.11903
2015-05-05 20:00:00,1.11905,1.11809,1.11914,1.11838
2015-05-05 21:00:00,1.11836,1.11827,1.11881,1.11851
2015-05-05 22:00:00,1.11852,1.11766,1.11871,1.11785
2015-05-05 23:00:00,1.11786,1.1177,1.11861,1.11787
2015-05-06 00:00:00,1.11791,1.11762,1.11864,1.118
2015-05-06 01:00:00,1.11802,1.11738,1.11946,1.1194
2015-05-06 02:00:00,1.1194,1.11876,1.12153,1.12148
2015-05-06 03:00:00,1.12146,1.12106,1.12413,1.1229
2015-05-06 04:00:00,1.12291,1.12207,1.12354,1.12345
2015-05-06 05:00:00,1.12344,1.12277,1.12398,1.12299
2015-05-06 06:00:00,1.12296,1.12198,1.12634,1.12561
2015-05-06 07:00:00,1.1256,1.12226,1.12699,1.12447
2015-05-06 08:00:00,1.12449,1.12248,1.12566,1.12272
2015-05-06 09:00:00,1.12268,1.12011,1.12322,1.12149
2015-05-06 10:00:00,1.12151,1.12118,1.12391,1.12291
2015-05-06 11:00:00,1.1229,1.12148,1.12383,1.1222
2015-05-06 12:00:00,1.1222,1.12164,1.12875,1.12809
2015-05-06 13:00:00,1.12808,1.12686,1.13429,1.13339
2015-05-06 14:00:00,1.1334,1.13286,1.13673,1.13526
2015-05-06 15:00:00,1.13524,1.13273,1.1357,1.13446
2015-05-06 16:00:00,1.13442,1.1316,1.13514,1.13227
2015-05-06 17:00:00,1.13226,1.13224,1.13424,1.13365
2015-05-06 18:00:00,1.13367,1.13351,1.13695,1.13529
2015-05-06 19:00:00,1.13533,1.13429,1.13546,1.13477
2015-05-06 20:00:00,1.13476,1.13428,1.13486,1.13467
2015-05-06 21:00:00,1.13463,1.1341,1.13481,1.1342
2015-05-06 22:00:00,1.13418,1.13383,1.13452,1.13426
2015-05-06 23:00:00,1.13424,1.13382,1.13473,1.13382
2015-05-07 00:00:00,1.13382,1.13261,1.13427,1.133
2015-05-07 01:00:00,1.13301,1.13245,1.13394,1.13267
2015-05-07 02:00:00,1.13267,1.13265,1.13402,1.13361
2015-05-07 03:00:00,1.13363,1.13363,1.13468,1.1343
2015-05-07 04:00:00,1.13432,1.1339,1.13468,1.13441
2015-05-07 05:00:00,1.13439,1.13389,1.13654,1.1357
2015-05-07 06:00:00,1.13565,1.13342,1.13702,1.13395
2015-05-07 07:00:00,1.13394,1.13356,1.13816,1.13656
2015-05-07 08:00:00,1.13655,1.13387,1.13681,1.1356
2015-05-07 09:00:00,1.13561,1.13495,1.13912,1.13776
2015-05-07 10:00:00,1.13777,1.13281,1.13784,1.13438
2015-05-07 11:00:00,1.13439,1.12944,1.13444,1.12966
2015-05-07 12:00:00,1.12969,1.12614,1.13131,1.12946
2015-05-07 13:00:00,1.12944,1.12662,1.13087,1.12685
2015-05-07 14:00:00,1.12685,1.12363,1.12748,1.12601
2015-05-07 15:00:00,1.12602,1.12549,1.12891,1.12817
2015-05-07 16:00:00,1.1282,1.12664,1.12869,1.12664
2015-05-07 17:00:00,1.12666,1.12528,1.12701,1.12636
2015-05-07 18:00:00,1.12636,1.1257,1.12799,1.12658
2015-05-07 19:00:00,1.12659,1.12612,1.1272,1.1269
2015-05-07 20:00:00,1.12688,1.12627,1.12723,1.12657
2015-05-07 21:00:00,1.12656,1.1241,1.12742,1.12502
2015-05-07 22:00:00,1.12511,1.12272,1.12534,1.12407
2015-05-07 23:00:00,1.12406,1.12361,1.12501,1.12433
2015-05-08 00:00:00,1.12433,1.12433,1.12565,1.12458
2015-05-08 01:00:00,1.12459,1.12346,1.12536,1.12418
2015-05-08 02:00:00,1.12417,1.12095,1.12419,1.1211
2015-05-08 03:00:00,1.12112,1.11971,1.12139,1.12038
2015-05-08 04:00:00,1.12037,1.12024,1.12224,1.12161
2015-05-08 05:00:00,1.1216,1.12004,1.12284,1.12044
2015-05-08 06:00:00,1.12043,1.11812,1.12072,1.11934
2015-05-08 07:00:00,1.11936,1.11866,1.12219,1.1215
2015-05-08 08:00:00,1.12151,1.12151,1.12435,1.12326
2015-05-08 09:00:00,1.12325,1.12225,1.12444,1.12376
2015-05-08 10:00:00,1.12378,1.12118,1.12441,1.12135
2015-05-08 11:00:00,1.12136,1.12093,1.12273,1.12097
2015-05-08 12:00:00,1.12097,1.1178,1.12852,1.12615
2015-05-08 13:00:00,1.12618,1.12195,1.12739,1.12261
2015-05-08 14:00:00,1.12265,1.11831,1.12274,1.1221
2015-05-08 15:00:00,1.12214,1.12126,1.1256,1.12395
2015-05-08 16:00:00,1.12396,1.12107,1.12456,1.12199
2015-05-08 17:00:00,1.12198,1.12148,1.12361,1.12267
2015-05-08 18:00:00,1.12263,1.11958,1.12278,1.12055
2015-05-08 19:00:00,1.12053,1.12025,1.12169,1.12073
2015-05-08 20:00:00,1.12075,1.11946,1.12105,1.11977
2015-05-10 21:00:00,1.11942,1.11804,1.12031,1.11983
2015-05-10 22:00:00,1.1198,1.11923,1.12024,1.11962
2015-05-10 23:00:00,1.11964,1.11909,1.11973,1.11949
2015-05-11 00:00:00,1.11949,1.11645,1.12018,1.11658
2015-05-11 01:00:00,1.11656,1.1151,1.11692,1.11584
2015-05-11 02:00:00,1.11586,1.11511,1.11671,1.11566
2015-05-11 03:00:00,1.11568,1.11324,1.11569,1.1143
2015-05-11 04:00:00,1.1143,1.11402,1.11491,1.11488
2015-05-11 05:00:00,1.11486,1.11344,1.1153,1.11447
2015-05-11 06:00:00,1.11448,1.11404,1.11942,1.11902
2015-05-11 07:00:00,1.119,1.11515,1.11918,1.1157
2015-05-11 08:00:00,1.11568,1.11531,1.11763,1.11675
2015-05-11 09:00:00,1.11671,1.11459,1.11748,1.11603
2015-05-11 10:00:00,1.11604,1.11495,1.11706,1.11537
2015-05-11 11:00:00,1.11531,1.11374,1.11611,1.11411
2015-05-11 12:00:00,1.11413,1.11346,1.11556,1.11416
2015-05-11 13:00:00,1.11417,1.11374,1.11742,1.11533
2015-05-11 14:00:00,1.11533,1.11452,1.117,1.11476
2015-05-11 15:00:00,1.11477,1.11298,1.11616,1.11417
2015-05-11 16:00:00,1.11414,1.11327,1.11578,1.11577
2015-05-11 17:00:00,1.11575,1.11452,1.11689,1.11604
2015-05-11 18:00:00,1.11606,1.11476,1.11666,1.1155
2015-05-11 19:00:00,1.11549,1.11499,1.11586,1.11508
2015-05-11 20:00:00,1.11508,1.11497,1.11559,1.11542
2015-05-11 21:00:00,1.11547,1.11506,1.11572,1.11508
2015-05-11 22:00:00,1.1151,1.11475,1.11539,1.11475
2015-05-11 23:00:00,1.11476,1.11381,1.11488,1.11447
2015-05-12 00:00:00,1.11449,1.11337,1.11513,1.11396
2015-05-12 01:00:00,1.11395,1.11358,1.1147,1.11469
2015-05-12 02:00:00,1.11466,1.11451,1.11657,1.11611
2015-05-12 03:00:00,1.1161,1.11527,1.11662,1.11549
2015-05-12 04:00:00,1.11549,1.11543,1.11725,1.11709
2015-05-12 05:00:00,1.11709,1.11706,1.11888,1.11756
2015-05-12 06:00:00,1.11753,1.11663,1.1201,1.11829
2015-05-12 07:00:00,1.11831,1.11753,1.12363,1.12252
2015-05-12 08:00:00,1.12253,1.12253,1.1267,1.12577
2015-05-12 09:00:00,1.12578,1.12486,1.12783,1.12658
2015-05-12 10:00:00,1.12659,1.12505,1.12732,1.12527
2015-05-12 11:00:00,1.12526,1.12325,1.12562,1.12355
2015-05-12 12:00:00,1.12352,1.12261,1.12455,1.12279
2015-05-12 13:00:00,1.12281,1.12216,1.1262,1.12493
2015-05-12 14:00:00,1.12494,1.12358,1.1266,1.12468
2015-05-12 15:00:00,1.12466,1.12268,1.12477,1.12373
2015-05-12 16:00:00,1.12374,1.12334,1.12567,1.12361
2015-05-12 17:00:00,1.12361,1.12159,1.12393,1.12219
2015-05-12 18:00:00,1.12222,1.12112,1.1225,1.12191
2015-05-12 19:00:00,1.12192,1.12097,1.1221,1.12145
2015-05-12 20:00:00,1.12142,1.12048,1.12159,1.12123
2015-05-12 21:00:00,1.12113,1.12052,1.12206,1.12204
2015-05-12 22:00:00,1.12204,1.12138,1.12204,1.12145
2015-05-12 23:00:00,1.12147,1.12146,1.12199,1.12181
2015-05-13 00:00:00,1.12181,1.12132,1.12319,1.1227
2015-05-13 01:00:00,1.12269,1.12117,1.12284,1.12191
2015-05-13 02:00:00,1.1219,1.1218,1.1237,1.12347
2015-05-13 03:00:00,1.12346,1.12337,1.12448,1.12388
2015-05-13 04:00:00,1.12386,1.12368,1.12539,1.1248
2015-05-13 05:00:00,1.12482,1.12358,1.12532,1.12366
2015-05-13 06:00:00,1.12365,1.12232,1.12653,1.12513
2015-05-13 07:00:00,1.12511,1.1236,1.12605,1.12495
2015-05-13 08:00:00,1.12497,1.12184,1.12562,1.12261
2015-05-13 09:00:00,1.12256,1.12017,1.12451,1.12279
2015-05-13 10:00:00,1.12278,1.12109,1.12321,1.12241
2015-05-13 11:00:00,1.12242,1.12187,1.12433,1.12309
2015-05-13 12:00:00,1.1231,1.1218,1.13232,1.13061
2015-05-13 13:00:00,1.13063,1.13031,1.13335,1.13301
2015-05-13 14:00:00,1.13303,1.13289,1.13526,1.135
2015-05-13 15:00:00,1.13498,1.13444,1.13823,1.13711
2015-05-13 16:00:00,1.13712,1.13566,1.13744,1.137
2015-05-13 17:00:00,1.13702,1.13559,1.13779,1.13561
2015-05-13 18:00:00,1.13562,1.13499,1.13632,1.13595
2015-05-13 19:00:00,1.13592,1.13394,1.13594,1.13423
2015-05-13 20:00:00,1.13424,1.134,1.13536,1.13533
2015-05-13 21:00:00,1.13532,1.13458,1.13554,1.13484
2015-05-13 22:00:00,1.13486,1.13474,1.13594,1.1352
2015-05-13 23:00:00,1.13516,1.13431,1.13547,1.13462
2015-05-14 00:00:00,1.13459,1.13398,1.13519,1.13477
2015-05-14 01:00:00,1.13479,1.13473,1.1362,1.1362
2015-05-14 02:00:00,1.13622,1.13453,1.13663,1.13453
2015-05-14 03:00:00,1.13454,1.13453,1.13738,1.13699
2015-05-14 04:00:00,1.13697,1.13636,1.13733,1.13653
2015-05-14 05:00:00,1.13653,1.13595,1.13789,1.13769
2015-05-14 06:00:00,1.13772,1.13622,1.14214,1.14105
2015-05-14 07:00:00,1.14107,1.13737,1.14301,1.13895
2015-05-14 08:00:00,1.13897,1.13779,1.14167,1.14026
2015-05-14 09:00:00,1.14028,1.1398,1.14345,1.14195
2015-05-14 10:00:00,1.14194,1.14099,1.14437,1.14326
2015-05-14 11:00:00,1.14324,1.14046,1.14375,1.14243
2015-05-14 12:00:00,1.14241,1.13942,1.14297,1.14118
2015-05-14 13:00:00,1.14115,1.1389,1.14167,1.14015
2015-05-14 14:00:00,1.14018,1.13656,1.1408,1.13798
2015-05-14 15:00:00,1.13796,1.13426,1.13838,1.13669
2015-05-14 16:00:00,1.13671,1.13617,1.13809,1.13781
2015-05-14 17:00:00,1.13779,1.1366,1.13883,1.13785
2015-05-14 18:00:00,1.13783,1.13764,1.13968,1.13953
2015-05-14 19:00:00,1.13955,1.13949,1.14097,1.14077
2015-05-14 20:00:00,1.14079,1.14039,1.14138,1.14089
2015-05-14 21:00:00,1.14063,1.13977,1.14129,1.14052
2015-05-14 22:00:00,1.14051,1.14013,1.1409,1.14031
2015-05-14 23:00:00,1.14034,1.13972,1.14037,1.14015
2015-05-15 00:00:00,1.14015,1.13949,1.14087,1.14021
2015-05-15 01:00:00,1.14023,1.1392,1.14098,1.14055
2015-05-15 02:00:00,1.14058,1.14022,1.14175,1.14047
2015-05-15 03:00:00,1.14047,1.14021,1.14096,1.14066
2015-05-15 04:00:00,1.14064,1.14051,1.1414,1.14102
2015-05-15 05:00:00,1.14106,1.13792,1.14128,1.13824
2015-05-15 06:00:00,1.13823,1.13705,1.14144,1.1414
2015-05-15 07:00:00,1.14138,1.13749,1.14203,1.13845
2015-05-15 08:00:00,1.13844,1.13509,1.13996,1.13591
2015-05-15 09:00:00,1.1359,1.13452,1.1368,1.13544
2015-05-15 10:00:00,1.1354,1.13494,1.13685,1.13581
2015-05-15 11:00:00,1.1358,1.1327,1.1368,1.1333
2015-05-15 12:00:00,1.13329,1.13229,1.1341,1.13344
2015-05-15 13:00:00,1.13342,1.13285,1.13573,1.13525
2015-05-15 14:00:00,1.13525,1.13525,1.14465,1.1437
2015-05-15 15:00:00,1.14373,1.14184,1.14499,1.14275
2015-05-15 16:00:00,1.1427,1.14113,1.14383,1.14309
2015-05-15 17:00:00,1.14307,1.14243,1.14566,1.1436
2015-05-15 18:00:00,1.14358,1.14353,1.14658,1.14638
2015-05-15 19:00:00,1.14639,1.14448,1.1464,1.1447
2015-05-15 20:00:00,1.14469,1.14399,1.14494,1.14439
2015-05-17 21:00:00,1.14452,1.14394,1.14482,1.14417
2015-05-17 22:00:00,1.14414,1.14363,1.14461,1.14396
2015-05-17 23:00:00,1.14396,1.14373,1.14446,1.14432
2015-05-18 00:00:00,1.14433,1.14202,1.14436,1.14324
2015-05-18 01:00:00,1.14325,1.14183,1.14359,1.14215
2015-05-18 02:00:00,1.14219,1.14205,1.14338,1.14326
2015-05-18 03:00:00,1.14325,1.14261,1.14357,1.14303
2015-05-18 04:00:00,1.14302,1.14265,1.14385,1.14334
2015-05-18 05:00:00,1.14331,1.14168,1.14381,1.14369
2015-05-18 06:00:00,1.14368,1.14158,1.14463,1.14164
2015-05-18 07:00:00,1.14161,1.13793,1.1425,1.139
2015-05-18 08:00:00,1.13902,1.13657,1.1392,1.13861
2015-05-18 09:00:00,1.13862,1.13716,1.14053,1.14037
2015-05-18 10:00:00,1.14036,1.13901,1.14235,1.14169
2015-05-18 11:00:00,1.1417,1.13915,1.14182,1.14047
2015-05-18 12:00:00,1.14048,1.13797,1.14065,1.1389
2015-05-18 13:00:00,1.13891,1.13366,1.13982,1.13372
2015-05-18 14:00:00,1.13375,1.13373,1.13637,1.13637
2015-05-18 15:00:00,1.13638,1.13478,1.13691,1.13535
2015-05-18 16:00:00,1.13532,1.13305,1.13582,1.13499
2015-05-18 17:00:00,1.13497,1.13093,1.13538,1.1316
2015-05-18 18:00:00,1.13163,1.12981,1.13178,1.13022
2015-05-18 19:00:00,1.13022,1.12977,1.13158,1.13082
2015-05-18 20:00:00,1.13084,1.13072,1.13162,1.13138
2015-05-18 21:00:00,1.13142,1.13089,1.13156,1.13134
2015-05-18 22:00:00,1.13138,1.13116,1.13157,1.13142
2015-05-18 23:00:00,1.13146,1.13145,1.13254,1.13234
2015-05-19 00:00:00,1.13236,1.13104,1.13251,1.13127
2015-05-19 01:00:00,1.13129,1.12864,1.13136,1.12934
2015-05-19 02:00:00,1.12931,1.12844,1.12976,1.12958
2015-05-19 03:00:00,1.12955,1.12933,1.13063,1.13056
2015-05-19 04:00:00,1.13055,1.12978,1.13061,1.1303
2015-05-19 05:00:00,1.13029,1.13007,1.13202,1.13158
2015-05-19 06:00:00,1.13155,1.12766,1.13155,1.13033
2015-05-19 07:00:00,1.13032,1.11594,1.13037,1.1182
2015-05-19 08:00:00,1.11817,1.11661,1.11952,1.11933
2015-05-19 09:00:00,1.11932,1.11809,1.12092,1.12028
2015-05-19 10:00:00,1.12025,1.11908,1.12162,1.12149
2015-05-19 11:00:00,1.12148,1.11779,1.1215,1.11902
2015-05-19 12:00:00,1.11905,1.11214,1.11916,1.11324
2015-05-19 13:00:00,1.11325,1.11304,1.11664,1.11532
2015-05-19 14:00:00,1.1153,1.11243,1.11617,1.1128
2015-05-19 15:00:00,1.11279,1.11177,1.1155,1.11499
2015-05-19 16:00:00,1.11496,1.11308,1.11587,1.1146
2015-05-19 17:00:00,1.11459,1.11321,1.11461,1.11423
2015-05-19 18:00:00,1.11425,1.11422,1.11572,1.11531
2015-05-19 19:00:00,1.1153,1.11461,1.11588,1.11469
2015-05-19 20:00:00,1.11469,1.1145,1.11501,1.11477
2015-05-19 21:00:00,1.11511,1.11429,1.11511,1.11447
2015-05-19 22:00:00,1.1145,1.11405,1.11498,1.11464
2015-05-19 23:00:00,1.11463,1.11419,1.11495,1.11419
2015-05-20 00:00:00,1.11416,1.11213,1.11468,1.11327
2015-05-20 01:00:00,1.11325,1.11245,1.11442,1.11395
2015-05-20 02:00:00,1.11396,1.11394,1.11517,1.11433
2015-05-20 03:00:00,1.11435,1.11367,1.11454,1.11391
2015-05-20 04:00:00,1.11388,1.11277,1.1145,1.11307
2015-05-20 05:00:00,1.11305,1.10954,1.11456,1.10982
2015-05-20 06:00:00,1.10981,1.10617,1.11152,1.10828
2015-05-20 07:00:00,1.10826,1.1067,1.1105,1.10995
2015-05-20 08:00:00,1.10993,1.10989,1.11261,1.11072
2015-05-20 09:00:00,1.11069,1.1103,1.11273,1.1115
2015-05-20 10:00:00,1.11146,1.10889,1.11243,1.10918
2015-05-20 11:00:00,1.10921,1.10887,1.11112,1.11106
2015-05-20 12:00:00,1.11104,1.11104,1.11444,1.11411
2015-05-20 13:00:00,1.11407,1.10976,1.11411,1.11018
2015-05-20 14:00:00,1.11015,1.10922,1.112,1.11061
2015-05-20 15:00:00,1.11061,1.10756,1.11074,1.10798
2015-05-20 16:00:00,1.10797,1.10759,1.10991,1.10971
2015-05-20 17:00:00,1.1097,1.10878,1.11072,1.10997
2015-05-20 18:00:00,1.10995,1.10691,1.1141,1.11144
2015-05-20 19:00:00,1.11146,1.10928,1.11341,1.1107
2015-05-20 20:00:00,1.11068,1.10909,1.11091,1.10927
2015-05-20 21:00:00,1.10918,1.10858,1.10958,1.10906
2015-05-20 22:00:00,1.10904,1.10855,1.10963,1.10944
2015-05-20 23:00:00,1.10947,1.10912,1.11006,1.11006
2015-05-21 00:00:00,1.11008,1.11005,1.11219,1.11166
2015-05-21 01:00:00,1.11166,1.11089,1.11205,1.11133
2015-05-21 02:00:00,1.11132,1.11132,1.11273,1.11226
2015-05-21 03:00:00,1.11227,1.11129,1.11257,1.11206
2015-05-21 04:00:00,1.11205,1.11152,1.11291,1.11235
2015-05-21 05:00:00,1.11233,1.11157,1.11274,1.11163
2015-05-21 06:00:00,1.11164,1.10768,1.11166,1.1099
2015-05-21 07:00:00,1.10994,1.10965,1.1158,1.11338
2015-05-21 08:00:00,1.11333,1.11323,1.11722,1.11537
2015-05-21 09:00:00,1.11538,1.11393,1.11616,1.11393
2015-05-21 10:00:00,1.11391,1.11387,1.11806,1.11639
2015-05-21 11:00:00,1.11639,1.11341,1.11651,1.11366
2015-05-21 12:00:00,1.11367,1.11081,1.11468,1.11127
2015-05-21 13:00:00,1.11126,1.11038,1.11326,1.1111
2015-05-21 14:00:00,1.11108,1.11045,1.11409,1.1119
2015-05-21 15:00:00,1.11187,1.11137,1.11317,1.11252
2015-05-21 16:00:00,1.11249,1.11196,1.11356,1.11316
2015-05-21 17:00:00,1.11314,1.11186,1.11376,1.11196
2015-05-21 18:00:00,1.11197,1.11167,1.11381,1.11315
2015-05-21 19:00:00,1.11314,1.11122,1.11329,1.11143
2015-05-21 20:00:00,1.11141,1.11085,1.11153,1.11114
2015-05-21 21:00:00,1.11101,1.1099,1.11177,1.11065
2015-05-21 22:00:00,1.11057,1.11031,1.11099,1.11073
2015-05-21 23:00:00,1.11075,1.11064,1.11113,1.11083
2015-05-22 00:00:00,1.11086,1.11073,1.11198,1.11178
2015-05-22 01:00:00,1.11179,1.11167,1.11292,1.11246
2015-05-22 02:00:00,1.11245,1.11238,1.11357,1.11337
2015-05-22 03:00:00,1.11335,1.11285,1.11471,1.11459
2015-05-22 04:00:00,1.11456,1.11366,1.1152,1.11399
2015-05-22 05:00:00,1.11396,1.11328,1.11515,1.1145
2015-05-22 06:00:00,1.11447,1.11446,1.11695,1.11524
2015-05-22 07:00:00,1.11523,1.11451,1.11683,1.11558
2015-05-22 08:00:00,1.11547,1.11495,1.11758,1.11685
2015-05-22 09:00:00,1.11683,1.11607,1.11951,1.11919
2015-05-22 10:00:00,1.11918,1.1182,1.12079,1.1185
2015-05-22 11:00:00,1.11849,1.11525,1.11858,1.11629
2015-05-22 12:00:00,1.1163,1.10704,1.11749,1.10785
2015-05-22 13:00:00,1.10787,1.10015,1.10787,1.1029
2015-05-22 14:00:00,1.10289,1.1011,1.10361,1.10263
2015-05-22 15:00:00,1.10264,1.10161,1.10372,1.10322
2015-05-22 16:00:00,1.10323,1.10288,1.10429,1.10349
2015-05-22 17:00:00,1.10348,1.10087,1.10409,1.10128
2015-05-22 18:00:00,1.10127,1.10023,1.10159,1.10111
2015-05-22 19:00:00,1.10112,1.10027,1.10138,1.10076
2015-05-22 20:00:00,1.10077,1.10047,1.10185,1.10071
2015-05-24 21:00:00,1.09994,1.09625,1.10083,1.09744
2015-05-24 22:00:00,1.09743,1.09743,1.10039,1.10012
2015-05-24 23:00:00,1.10014,1.09857,1.10087,1.09908
2015-05-25 00:00:00,1.09907,1.09702,1.10007,1.09777
2015-05-25 01:00:00,1.09779,1.09723,1.09857,1.09791
2015-05-25 02:00:00,1.09791,1.09783,1.09895,1.09867
2015-05-25 03:00:00,1.09864,1.09832,1.09939,1.09866
2015-05-25 04:00:00,1.09865,1.09802,1.0988,1.0984
2015-05-25 05:00:00,1.09838,1.09766,1.09901,1.09855
2015-05-25 06:00:00,1.09859,1.09849,1.1006,1.10035
2015-05-25 07:00:00,1.10037,1.09662,1.1007,1.0973
2015-05-25 08:00:00,1.0973,1.09583,1.0976,1.09722
2015-05-25 09:00:00,1.09721,1.09678,1.09853,1.09757
2015-05-25 10:00:00,1.09757,1.09707,1.09831,1.09747
2015-05-25 11:00:00,1.09747,1.09718,1.09798,1.09763
2015-05-25 12:00:00,1.09761,1.09747,1.09911,1.09851
2015-05-25 13:00:00,1.09848,1.09703,1.09868,1.09706
2015-05-25 14:00:00,1.09708,1.09672,1.09768,1.09713
2015-05-25 15:00:00,1.09714,1.09676,1.0978,1.097
2015-05-25 16:00:00,1.09699,1.09676,1.09827,1.09822
2015-05-25 17:00:00,1.09833,1.09729,1.09833,1.09734
2015-05-25 18:00:00,1.09732,1.09732,1.09817,1.09785
2015-05-25 19:00:00,1.09786,1.09748,1.09802,1.09791
2015-05-25 20:00:00,1.09789,1.09702,1.09803,1.09759
2015-05-25 21:00:00,1.09744,1.09731,1.09802,1.09779
2015-05-25 22:00:00,1.0978,1.09752,1.09794,1.09776
2015-05-25 23:00:00,1.09777,1.09655,1.09793,1.09677
2015-05-26 00:00:00,1.09679,1.0934,1.097,1.09429
2015-05-26 01:00:00,1.09427,1.09304,1.09491,1.09377
2015-05-26 02:00:00,1.09377,1.09348,1.09545,1.09494
2015-05-26 03:00:00,1.09492,1.09364,1.09499,1.09423
2015-05-26 04:00:00,1.09421,1.09349,1.0948,1.09354
2015-05-26 05:00:00,1.09354,1.0927,1.09395,1.09319
2015-05-26 06:00:00,1.09321,1.08851,1.09393,1.08892
2015-05-26 07:00:00,1.08892,1.08845,1.09143,1.08993
2015-05-26 08:00:00,1.08995,1.08855,1.09055,1.0891
2015-05-26 09:00:00,1.08909,1.08902,1.09123,1.09106
2015-05-26 10:00:00,1.09105,1.08934,1.09131,1.09061
2015-05-26 11:00:00,1.09061,1.09049,1.09329,1.09329
2015-05-26 12:00:00,1.09327,1.08841,1.09393,1.09048
2015-05-26 13:00:00,1.09046,1.08963,1.09279,1.09096
2015-05-26 14:00:00,1.09089,1.08721,1.09098,1.08975
2015-05-26 15:00:00,1.08974,1.08748,1.09035,1.08753
2015-05-26 16:00:00,1.08754,1.08679,1.08922,1.08904
2015-05-26 17:00:00,1.08903,1.08693,1.08958,1.08727
2015-05-26 18:00:00,1.0873,1.08701,1.08799,1.08704
2015-05-26 19:00:00,1.08704,1.08628,1.08768,1.08729
2015-05-26 20:00:00,1.08727,1.08689,1.08788,1.08713
2015-05-26 21:00:00,1.0874,1.08707,1.08774,1.08712
2015-05-26 22:00:00,1.08715,1.08712,1.08877,1.08855
2015-05-26 23:00:00,1.08852,1.08786,1.08885,1.08857
2015-05-27 00:00:00,1.08856,1.08759,1.08888,1.08783
2015-05-27 01:00:00,1.08781,1.08644,1.08845,1.08674
2015-05-27 02:00:00,1.08676,1.08666,1.08817,1.08753
2015-05-27 03:00:00,1.08752,1.08733,1.08872,1.08806
2015-05-27 04:00:00,1.08808,1.08749,1.08917,1.08882
2015-05-27 05:00:00,1.08882,1.08869,1.09155,1.09061
2015-05-27 06:00:00,1.09058,1.08988,1.09285,1.0918
2015-05-27 07:00:00,1.09182,1.08996,1.09241,1.09183
2015-05-27 08:00:00,1.09181,1.09082,1.09223,1.09191
2015-05-27 09:00:00,1.09189,1.08927,1.09242,1.09012
2015-05-27 10:00:00,1.09011,1.08714,1.0904,1.08795
2015-05-27 11:00:00,1.08799,1.08575,1.08899,1.08612
2015-05-27 12:00:00,1.08611,1.0826,1.08789,1.08309
2015-05-27 13:00:00,1.08311,1.08183,1.08761,1.08537
2015-05-27 14:00:00,1.08535,1.08499,1.09101,1.08783
2015-05-27 15:00:00,1.08782,1.08614,1.09069,1.08866
2015-05-27 16:00:00,1.08865,1.08777,1.08874,1.08812
2015-05-27 17:00:00,1.08813,1.08755,1.09,1.09
2015-05-27 18:00:00,1.08998,1.08828,1.09007,1.08887
2015-05-27 19:00:00,1.08888,1.08835,1.09068,1.09004
2015-05-27 20:00:00,1.09004,1.08989,1.09068,1.09031
2015-05-27 21:00:00,1.0903,1.08973,1.09046,1.08995
2015-05-27 22:00:00,1.08996,1.0894,1.09063,1.09033
2015-05-27 23:00:00,1.0903,1.08964,1.0903,1.0897
2015-05-28 00:00:00,1.08966,1.08891,1.09194,1.09098
2015-05-28 01:00:00,1.09097,1.09031,1.09196,1.09111
2015-05-28 02:00:00,1.09113,1.08917,1.09194,1.08922
2015-05-28 03:00:00,1.08925,1.08909,1.09108,1.09062
2015-05-28 04:00:00,1.09058,1.09018,1.09203,1.09171
2015-05-28 05:00:00,1.09172,1.09092,1.0926,1.09182
2015-05-28 06:00:00,1.09181,1.09012,1.09472,1.09336
2015-05-28 07:00:00,1.09339,1.09092,1.09443,1.09405
2015-05-28 08:00:00,1.09406,1.09196,1.095,1.09395
2015-05-28 09:00:00,1.09398,1.09251,1.09423,1.09325
2015-05-28 10:00:00,1.09327,1.09267,1.0946,1.09279
2015-05-28 11:00:00,1.09278,1.08798,1.09298,1.08845
2015-05-28 12:00:00,1.08847,1.08758,1.09232,1.08989
2015-05-28 13:00:00,1.08987,1.08717,1.0901,1.0881
2015-05-28 14:00:00,1.08806,1.08661,1.09194,1.09163
2015-05-28 15:00:00,1.09156,1.09036,1.09242,1.09124
2015-05-28 16:00:00,1.09123,1.08843,1.09393,1.09297
2015-05-28 17:00:00,1.09299,1.09299,1.09515,1.09355
2015-05-28 18:00:00,1.09358,1.09235,1.09576,1.09533
2015-05-28 19:00:00,1.0953,1.09314,1.09573,1.09417
2015-05-28 20:00:00,1.09415,1.09407,1.09506,1.09462
2015-05-28 21:00:00,1.09469,1.09469,1.09708,1.09571
2015-05-28 22:00:00,1.09572,1.09512,1.09731,1.09684
2015-05-28 23:00:00,1.09681,1.09578,1.09685,1.09621
2015-05-29 00:00:00,1.09623,1.09521,1.09642,1.09539
2015-05-29 01:00:00,1.09537,1.09508,1.09638,1.09595
2015-05-29 02:00:00,1.09593,1.09505,1.09638,1.0952
2015-05-29 03:00:00,1.09517,1.09513,1.09603,1.09565
2015-05-29 04:00:00,1.09564,1.09532,1.09659,1.09534
2015-05-29 05:00:00,1.09535,1.09421,1.09544,1.09493
2015-05-29 06:00:00,1.09493,1.09253,1.09665,1.09278
2015-05-29 07:00:00,1.09279,1.09251,1.09617,1.09609
2015-05-29 08:00:00,1.09614,1.0953,1.09729,1.09575
2015-05-29 09:00:00,1.09576,1.09516,1.09893,1.09863
2015-05-29 10:00:00,1.09864,1.09535,1.09889,1.09583
2015-05-29 11:00:00,1.09584,1.09547,1.0986,1.09796
2015-05-29 12:00:00,1.09798,1.09473,1.0997,1.09666
2015-05-29 13:00:00,1.09663,1.0958,1.1,1.09932
2015-05-29 14:00:00,1.09928,1.09532,1.10057,1.09611
2015-05-29 15:00:00,1.09613,1.09545,1.09949,1.09929
2015-05-29 16:00:00,1.09929,1.09722,1.09973,1.09726
2015-05-29 17:00:00,1.09727,1.09726,1.09937,1.09859
2015-05-29 18:00:00,1.0986,1.09769,1.0991,1.0982
2015-05-29 19:00:00,1.09822,1.09782,1.09874,1.09822
2015-05-29 20:00:00,1.09823,1.0975,1.09927,1.09878
2015-05-31 21:00:00,1.09767,1.09757,1.09864,1.09795
2015-05-31 22:00:00,1.09791,1.09632,1.09803,1.09679
2015-05-31 23:00:00,1.09671,1.09516,1.09683,1.09565
2015-06-01 00:00:00,1.09565,1.09337,1.09623,1.09416
2015-06-01 01:00:00,1.09416,1.09298,1.09464,1.09413
2015-06-01 02:00:00,1.0941,1.09394,1.09531,1.09502
2015-06-01 03:00:00,1.09502,1.0947,1.09548,1.09495
2015-06-01 04:00:00,1.09493,1.09482,1.09645,1.0959
2015-06-01 05:00:00,1.09587,1.09517,1.09668,1.09538
2015-06-01 06:00:00,1.09539,1.09338,1.09605,1.09369
2015-06-01 07:00:00,1.09367,1.09036,1.09528,1.0906
2015-06-01 08:00:00,1.09059,1.08948,1.09268,1.08972
2015-06-01 09:00:00,1.08973,1.08908,1.09232,1.092
2015-06-01 10:00:00,1.09202,1.09032,1.09261,1.09218
2015-06-01 11:00:00,1.09218,1.09086,1.09454,1.09318
2015-06-01 12:00:00,1.0932,1.09241,1.0959,1.09444
2015-06-01 13:00:00,1.09446,1.09434,1.09785,1.09681
2015-06-01 14:00:00,1.09666,1.08945,1.09666,1.08957
2015-06-01 15:00:00,1.08958,1.08864,1.09155,1.09119
2015-06-01 16:00:00,1.09115,1.09033,1.09245,1.09177
2015-06-01 17:00:00,1.09181,1.09159,1.09366,1.09218
2015-06-01 18:00:00,1.0922,1.09126,1.09344,1.0933
2015-06-01 19:00:00,1.09326,1.09198,1.09421,1.09205
2015-06-01 20:00:00,1.09203,1.09195,1.09317,1.09249
2015-06-01 21:00:00,1.09258,1.09141,1.09344,1.09207
2015-06-01 22:00:00,1.092,1.09195,1.09295,1.09275
2015-06-01 23:00:00,1.09274,1.09154,1.09276,1.09209
2015-06-02 00:00:00,1.09211,1.09205,1.09341,1.09301
2015-06-02 01:00:00,1.09303,1.09209,1.09304,1.0926
2015-06-02 02:00:00,1.09259,1.09153,1.09271,1.09259
2015-06-02 03:00:00,1.0926,1.09247,1.09325,1.09269
2015-06-02 04:00:00,1.0927,1.09216,1.09376,1.09355
2015-06-02 05:00:00,1.09357,1.0928,1.09433,1.09318
2015-06-02 06:00:00,1.09315,1.09175,1.0962,1.09544
2015-06-02 07:00:00,1.09545,1.09473,1.09923,1.09483
2015-06-02 08:00:00,1.09482,1.09452,1.0983,1.09812
2015-06-02 09:00:00,1.09814,1.09598,1.09936,1.09817
2015-06-02 10:00:00,1.09817,1.09799,1.1038,1.10179
2015-06-02 11:00:00,1.10182,1.10182,1.10554,1.10299
2015-06-02 12:00:00,1.10299,1.10219,1.10676,1.10649
2015-06-02 13:00:00,1.10651,1.10642,1.11913,1.11241
2015-06-02 14:00:00,1.11243,1.11153,1.11549,1.11277
2015-06-02 15:00:00,1.11281,1.11127,1.11339,1.11276
2015-06-02 16:00:00,1.11275,1.11251,1.11767,1.11745
2015-06-02 17:00:00,1.11742,1.11649,1.11878,1.11789
2015-06-02 18:00:00,1.11785,1.11594,1.11831,1.11722
2015-06-02 19:00:00,1.1172,1.11404,1.11727,1.11428
2015-06-02 20:00:00,1.11428,1.11413,1.11528,1.11498
2015-06-02 21:00:00,1.1149,1.11472,1.11551,1.11509
2015-06-02 22:00:00,1.11508,1.1146,1.11525,1.11508
2015-06-02 23:00:00,1.11507,1.11468,1.11575,1.11468
2015-06-03 00:00:00,1.11469,1.11334,1.11495,1.1142
2015-06-03 01:00:00,1.11421,1.11406,1.11749,1.11738
2015-06-03 02:00:00,1.11737,1.11538,1.11737,1.11591
2015-06-03 03:00:00,1.11593,1.11511,1.11609,1.1156
2015-06-03 04:00:00,1.11557,1.11549,1.11732,1.11619
2015-06-03 05:00:00,1.11618,1.11607,1.11874,1.11748
2015-06-03 06:00:00,1.11751,1.11536,1.11891,1.11678
2015-06-03 07:00:00,1.11676,1.11219,1.11676,1.11398
2015-06-03 08:00:00,1.11393,1.11222,1.1163,1.11288
2015-06-03 09:00:00,1.11293,1.11028,1.11403,1.11201
2015-06-03 10:00:00,1.11199,1.11122,1.11331,1.11206
2015-06-03 11:00:00,1.11205,1.11119,1.11275,1.11164
2015-06-03 12:00:00,1.11163,1.10784,1.11408,1.11207
2015-06-03 13:00:00,1.11205,1.11196,1.12366,1.12129
2015-06-03 14:00:00,1.12127,1.1212,1.12735,1.12652
2015-06-03 15:00:00,1.12651,1.12605,1.12831,1.12826
2015-06-03 16:00:00,1.12827,1.12479,1.12848,1.12541
2015-06-03 17:00:00,1.1254,1.1243,1.12669,1.12489
2015-06-03 18:00:00,1.12492,1.1242,1.12561,1.12507
2015-06-03 19:00:00,1.12508,1.12483,1.12752,1.12735
2015-06-03 20:00:00,1.12737,1.12683,1.12756,1.12733
2015-06-03 21:00:00,1.12719,1.12631,1.12719,1.12664
2015-06-03 22:00:00,1.12666,1.1256,1.12711,1.12647
2015-06-03 23:00:00,1.12647,1.12532,1.1269,1.12605
2015-06-04 00:00:00,1.12606,1.12572,1.12644,1.12601
2015-06-04 01:00:00,1.12603,1.12525,1.12654,1.12585
2015-06-04 02:00:00,1.12586,1.1257,1.12684,1.12652
2015-06-04 03:00:00,1.12652,1.12652,1.12744,1.12691
2015-06-04 04:00:00,1.12688,1.12622,1.12722,1.1266
2015-06-04 05:00:00,1.12658,1.12621,1.12735,1.12666
2015-06-04 06:00:00,1.12664,1.1233,1.12732,1.12383
2015-06-04 07:00:00,1.12383,1.12297,1.1268,1.12585
2015-06-04 08:00:00,1.12588,1.12545,1.13791,1.13362
2015-06-04 09:00:00,1.13361,1.13321,1.13606,1.13552
2015-06-04 10:00:00,1.13551,1.13446,1.13681,1.13574
2015-06-04 11:00:00,1.13573,1.13235,1.13652,1.13274
2015-06-04 12:00:00,1.13273,1.12847,1.13303,1.12935
2015-06-04 13:00:00,1.12934,1.12381,1.12946,1.12724
2015-06-04 14:00:00,1.12727,1.12599,1.12975,1.12816
2015-06-04 15:00:00,1.12815,1.12541,1.12871,1.12694
2015-06-04 16:00:00,1.12693,1.12602,1.13175,1.1287
2015-06-04 17:00:00,1.12869,1.12196,1.12934,1.12403
2015-06-04 18:00:00,1.12407,1.12346,1.12552,1.1244
2015-06-04 19:00:00,1.12439,1.12356,1.12497,1.12381
2015-06-04 20:00:00,1.12382,1.12366,1.12465,1.12375
2015-06-04 21:00:00,1.12387,1.12198,1.12436,1.12231
2015-06-04 22:00:00,1.12227,1.12005,1.12279,1.12019
2015-06-04 23:00:00,1.12017,1.11788,1.12084,1.12063
2015-06-05 00:00:00,1.1206,1.11997,1.12216,1.1209
2015-06-05 01:00:00,1.12089,1.11931,1.12121,1.12094
2015-06-05 02:00:00,1.12092,1.12077,1.12143,1.12116
2015-06-05 03:00:00,1.12113,1.12057,1.12138,1.12096
2015-06-05 04:00:00,1.12095,1.12095,1.12237,1.12174
2015-06-05 05:00:00,1.12175,1.12104,1.12237,1.12185
2015-06-05 06:00:00,1.12187,1.12171,1.1249,1.12465
2015-06-05 07:00:00,1.12462,1.12377,1.12794,1.12742
2015-06-05 08:00:00,1.1274,1.12538,1.12774,1.12581
2015-06-05 09:00:00,1.12586,1.12465,1.12674,1.12625
2015-06-05 10:00:00,1.12622,1.12165,1.1265,1.1221
2015-06-05 11:00:00,1.12212,1.12184,1.1236,1.12281
2015-06-05 12:00:00,1.12281,1.10742,1.12721,1.10965
2015-06-05 13:00:00,1.10964,1.10484,1.11105,1.10668
2015-06-05 14:00:00,1.1067,1.1067,1.11298,1.11079
2015-06-05 15:00:00,1.11078,1.11043,1.11331,1.1108
2015-06-05 16:00:00,1.1108,1.10931,1.11266,1.11246
2015-06-05 17:00:00,1.11243,1.11154,1.11345,1.11155
2015-06-05 18:00:00,1.11154,1.11112,1.11357,1.11164
2015-06-05 19:00:00,1.11168,1.11089,1.11186,1.11104
2015-06-05 20:00:00,1.11106,1.11092,1.11208,1.11092
2015-06-07 21:00:00,1.10945,1.10917,1.11055,1.10978
2015-06-07 22:00:00,1.10973,1.10956,1.11091,1.11077
2015-06-07 23:00:00,1.11075,1.11,1.11102,1.11014
2015-06-08 00:00:00,1.11009,1.10838,1.11118,1.10844
2015-06-08 01:00:00,1.10843,1.10843,1.11039,1.1097
2015-06-08 02:00:00,1.10968,1.10891,1.11011,1.11001
2015-06-08 03:00:00,1.10997,1.10966,1.1106,1.11041
2015-06-08 04:00:00,1.11042,1.10957,1.11078,1.1105
2015-06-08 05:00:00,1.11051,1.11039,1.11202,1.11202
2015-06-08 06:00:00,1.11211,1.10864,1.11633,1.11309
2015-06-08 07:00:00,1.11311,1.1131,1.11777,1.1166
2015-06-08 08:00:00,1.11659,1.11139,1.11663,1.112
2015-06-08 09:00:00,1.112,1.11155,1.11422,1.11278
2015-06-08 10:00:00,1.11276,1.11139,1.11379,1.11307
2015-06-08 11:00:00,1.11308,1.11275,1.11707,1.11566
2015-06-08 12:00:00,1.11569,1.11543,1.12039,1.11813
2015-06-08 13:00:00,1.11817,1.11799,1.12246,1.12027
2015-06-08 14:00:00,1.12027,1.11828,1.12217,1.12056
2015-06-08 15:00:00,1.12054,1.11978,1.12435,1.123
2015-06-08 16:00:00,1.12301,1.12268,1.12383,1.12323
2015-06-08 17:00:00,1.12325,1.12296,1.12743,1.12639
2015-06-08 18:00:00,1.12637,1.12633,1.12934,1.12753
2015-06-08 19:00:00,1.12752,1.12729,1.12938,1.12857
2015-06-08 20:00:00,1.1286,1.12828,1.13064,1.12902
2015-06-08 21:00:00,1.12902,1.12775,1.12908,1.12787
2015-06-08 22:00:00,1.12788,1.12784,1.12863,1.12798
2015-06-08 23:00:00,1.12802,1.12775,1.12829,1.12796
2015-06-09 00:00:00,1.12796,1.12723,1.12829,1.12797
2015-06-09 01:00:00,1.12799,1.12793,1.13295,1.1319
2015-06-09 02:00:00,1.13189,1.13122,1.13278,1.13207
2015-06-09 03:00:00,1.13208,1.13149,1.13256,1.13156
2015-06-09 04:00:00,1.13158,1.13078,1.13186,1.13101
2015-06-09 05:00:00,1.131,1.13096,1.13447,1.13383
2015-06-09 06:00:00,1.1338,1.129,1.1338,1.12955
2015-06-09 07:00:00,1.12958,1.12549,1.13073,1.12909
2015-06-09 08:00:00,1.12911,1.12736,1.13102,1.12812
2015-06-09 09:00:00,1.12814,1.12648,1.12976,1.12689
2015-06-09 10:00:00,1.12689,1.12477,1.12737,1.1265
2015-06-09 11:00:00,1.12649,1.12336,1.12839,1.12391
2015-06-09 12:00:00,1.12394,1.12134,1.1253,1.12255
2015-06-09 13:00:00,1.12257,1.12217,1.12648,1.12504
2015-06-09 14:00:00,1.12509,1.12201,1.12655,1.12433
2015-06-09 15:00:00,1.12436,1.12417,1.12891,1.12812
2015-06-09 16:00:00,1.12813,1.12598,1.12894,1.1269
2015-06-09 17:00:00,1.12689,1.12629,1.12848,1.12835
2015-06-09 18:00:00,1.12833,1.12785,1.12901,1.12802
2015-06-09 19:00:00,1.12801,1.12699,1.1282,1.12748
2015-06-09 20:00:00,1.12748,1.12737,1.12836,1.12813
2015-06-09 21:00:00,1.12812,1.12728,1.12816,1.12752
2015-06-09 22:00:00,1.12754,1.12707,1.12772,1.1273
2015-06-09 23:00:00,1.1273,1.1273,1.1298,1.12917
2015-06-10 00:00:00,1.12917,1.12862,1.13067,1.1297
2015-06-10 01:00:00,1.1297,1.12869,1.13018,1.12892
2015-06-10 02:00:00,1.12891,1.12808,1.1293,1.12842
2015-06-10 03:00:00,1.12838,1.12752,1.12883,1.12811
2015-06-10 04:00:00,1.12812,1.12756,1.12992,1.12949
2015-06-10 05:00:00,1.12945,1.12836,1.13212,1.13076
2015-06-10 06:00:00,1.1308,1.12753,1.13151,1.12984
2015-06-10 07:00:00,1.12985,1.12985,1.13732,1.13596
2015-06-10 08:00:00,1.13594,1.13092,1.13856,1.13176
2015-06-10 09:00:00,1.13178,1.1288,1.13353,1.12995
2015-06-10 10:00:00,1.12996,1.12799,1.13189,1.1294
2015-06-10 11:00:00,1.12938,1.12588,1.13042,1.12849
2015-06-10 12:00:00,1.12851,1.12747,1.13162,1.13063
2015-06-10 13:00:00,1.13062,1.13034,1.13464,1.13184
2015-06-10 14:00:00,1.13187,1.12724,1.13303,1.13016
2015-06-10 15:00:00,1.13015,1.12927,1.13504,1.13055
2015-06-10 16:00:00,1.13055,1.12843,1.131,1.13031
2015-06-10 17:00:00,1.13025,1.13007,1.13171,1.13125
2015-06-10 18:00:00,1.1312,1.13109,1.13222,1.13159
2015-06-10 19:00:00,1.13161,1.1312,1.13288,1.13279
2015-06-10 20:00:00,1.1328,1.13214,1.13314,1.13229
2015-06-10 21:00:00,1.13217,1.13095,1.13258,1.13181
2015-06-10 22:00:00,1.13185,1.13112,1.13244,1.13229
2015-06-10 23:00:00,1.13231,1.13057,1.13231,1.13093
2015-06-11 00:00:00,1.13091,1.12997,1.13111,1.13011
2015-06-11 01:00:00,1.1301,1.12828,1.13044,1.1285
2015-06-11 02:00:00,1.12847,1.12838,1.13014,1.13014
2015-06-11 03:00:00,1.13016,1.12973,1.13045,1.13005
2015-06-11 04:00:00,1.13006,1.12993,1.13133,1.13017
2015-06-11 05:00:00,1.13016,1.12939,1.13093,1.13022
2015-06-11 06:00:00,1.1302,1.12916,1.13304,1.12984
2015-06-11 07:00:00,1.12982,1.12494,1.12989,1.12618
2015-06-11 08:00:00,1.12617,1.12401,1.12682,1.1266
2015-06-11 09:00:00,1.12658,1.12455,1.12686,1.12647
2015-06-11 10:00:00,1.12645,1.12625,1.12836,1.1266
2015-06-11 11:00:00,1.12662,1.12317,1.12683,1.12331
2015-06-11 12:00:00,1.12332,1.11802,1.12685,1.12525
2015-06-11 13:00:00,1.12527,1.12041,1.12555,1.12272
2015-06-11 14:00:00,1.12273,1.12101,1.12406,1.12313
2015-06-11 15:00:00,1.12317,1.12295,1.12529,1.12356
2015-06-11 16:00:00,1.12353,1.12245,1.12413,1.12393
2015-06-11 17:00:00,1.12391,1.12314,1.1246,1.12347
2015-06-11 18:00:00,1.12347,1.12347,1.1265,1.1263
2015-06-11 19:00:00,1.12632,1.12555,1.12742,1.12693
2015-06-11 20:00:00,1.12694,1.12551,1.1277,1.12572
2015-06-11 21:00:00,1.12556,1.12345,1.12581,1.12374
2015-06-11 22:00:00,1.12376,1.12371,1.12439,1.12385
2015-06-11 23:00:00,1.12387,1.1238,1.12468,1.12445
2015-06-12 00:00:00,1.12445,1.12424,1.12554,1.12518
2015-06-12 01:00:00,1.12518,1.12458,1.12584,1.12528
2015-06-12 02:00:00,1.12528,1.12482,1.12572,1.12546
2015-06-12 03:00:00,1.12544,1.12538,1.12663,1.12568
2015-06-12 04:00:00,1.12569,1.12229,1.12633,1.12312
2015-06-12 05:00:00,1.12311,1.12211,1.12477,1.12395
2015-06-12 06:00:00,1.12398,1.12146,1.12426,1.12182
2015-06-12 07:00:00,1.12184,1.12179,1.12464,1.12196
2015-06-12 08:00:00,1.12195,1.11505,1.12291,1.11662
2015-06-12 09:00:00,1.11663,1.11536,1.11847,1.11775
2015-06-12 10:00:00,1.11774,1.11761,1.12027,1.1183
2015-06-12 11:00:00,1.1183,1.11731,1.12086,1.12043
2015-06-12 12:00:00,1.1204,1.11964,1.12424,1.12234
2015-06-12 13:00:00,1.12234,1.12114,1.12362,1.12305
2015-06-12 14:00:00,1.12305,1.12165,1.12734,1.12674
2015-06-12 15:00:00,1.12672,1.12602,1.12959,1.12763
2015-06-12 16:00:00,1.12763,1.12672,1.12839,1.12725
2015-06-12 17:00:00,1.12729,1.12653,1.12792,1.12764
2015-06-12 18:00:00,1.12762,1.1256,1.12884,1.12587
2015-06-12 19:00:00,1.12588,1.12474,1.12596,1.12534
2015-06-12 20:00:00,1.12535,1.12505,1.12676,1.12631
2015-06-14 21:00:00,1.12092,1.12073,1.12301,1.12132
2015-06-14 22:00:00,1.12134,1.12133,1.12268,1.12263
2015-06-14 23:00:00,1.12264,1.1214,1.12275,1.12234
2015-06-15 00:00:00,1.1223,1.12144,1.12276,1.12221
2015-06-15 01:00:00,1.12218,1.11942,1.12235,1.12035
2015-06-15 02:00:00,1.12037,1.12022,1.12096,1.12074
2015-06-15 03:00:00,1.12072,1.12023,1.12177,1.12163
2015-06-15 04:00:00,1.12162,1.12061,1.12209,1.12147
2015-06-15 05:00:00,1.12147,1.11886,1.12147,1.11916
2015-06-15 06:00:00,1.11917,1.11894,1.12343,1.12269
2015-06-15 07:00:00,1.12271,1.12219,1.1248,1.12336
2015-06-15 08:00:00,1.12336,1.12267,1.12599,1.12367
2015-06-15 09:00:00,1.1237,1.12113,1.12412,1.12155
2015-06-15 10:00:00,1.12153,1.12056,1.12308,1.12167
2015-06-15 11:00:00,1.12164,1.12034,1.12256,1.12106
2015-06-15 12:00:00,1.12105,1.12042,1.12444,1.12237
2015-06-15 13:00:00,1.12236,1.12086,1.1247,1.12325
2015-06-15 14:00:00,1.12323,1.12302,1.1254,1.1252
2015-06-15 15:00:00,1.12521,1.12393,1.12681,1.12646
2015-06-15 16:00:00,1.12644,1.12534,1.12866,1.12813
2015-06-15 17:00:00,1.12815,1.12475,1.12835,1.12557
2015-06-15 18:00:00,1.12559,1.12559,1.12877,1.1282
2015-06-15 19:00:00,1.1282,1.12812,1.12935,1.12825
2015-06-15 20:00:00,1.12828,1.12786,1.12856,1.1282
2015-06-15 21:00:00,1.12806,1.12731,1.12819,1.12807
2015-06-15 22:00:00,1.12806,1.12735,1.12806,1.12756
2015-06-15 23:00:00,1.12754,1.12734,1.12783,1.12746
2015-06-16 00:00:00,1.12743,1.12665,1.12759,1.12729
2015-06-16 01:00:00,1.12727,1.12616,1.12789,1.12725
2015-06-16 02:00:00,1.12726,1.12673,1.12758,1.12715
2015-06-16 03:00:00,1.12712,1.12684,1.12793,1.12787
2015-06-16 04:00:00,1.12787,1.12768,1.12824,1.1281
2015-06-16 05:00:00,1.12814,1.12677,1.12815,1.12787
2015-06-16 06:00:00,1.12787,1.12585,1.13179,1.13146
2015-06-16 07:00:00,1.13148,1.12773,1.1329,1.12907
2015-06-16 08:00:00,1.1291,1.12532,1.13049,1.1254
2015-06-16 09:00:00,1.12539,1.12387,1.12701,1.12513
2015-06-16 10:00:00,1.12515,1.12395,1.12692,1.125
2015-06-16 11:00:00,1.12501,1.12303,1.1264,1.12326
2015-06-16 12:00:00,1.12328,1.12042,1.12345,1.12316
2015-06-16 13:00:00,1.12316,1.12272,1.12485,1.12439
2015-06-16 14:00:00,1.1244,1.12135,1.12543,1.12354
2015-06-16 15:00:00,1.12351,1.12245,1.12403,1.12361
2015-06-16 16:00:00,1.12362,1.12266,1.12412,1.12406
2015-06-16 17:00:00,1.12404,1.12335,1.12436,1.12342
2015-06-16 18:00:00,1.12342,1.1234,1.12431,1.1239
2015-06-16 19:00:00,1.12389,1.12377,1.12482,1.12389
2015-06-16 20:00:00,1.12391,1.12388,1.12516,1.12472
2015-06-16 21:00:00,1.12422,1.12416,1.12503,1.12439
2015-06-16 22:00:00,1.12443,1.12404,1.12484,1.12459
2015-06-16 23:00:00,1.12454,1.12386,1.1246,1.12409
2015-06-17 00:00:00,1.12409,1.12379,1.12441,1.12439
2015-06-17 01:00:00,1.12438,1.12437,1.12575,1.12563
2015-06-17 02:00:00,1.12561,1.12504,1.1257,1.12531
2015-06-17 03:00:00,1.12529,1.12512,1.12661,1.12611
2015-06-17 04:00:00,1.12611,1.12559,1.12612,1.12581
2015-06-17 05:00:00,1.1258,1.12447,1.12593,1.12467
2015-06-17 06:00:00,1.12469,1.12408,1.12644,1.12587
2015-06-17 07:00:00,1.12586,1.12539,1.12773,1.12691
2015-06-17 08:00:00,1.12692,1.1258,1.12916,1.12599
2015-06-17 09:00:00,1.12596,1.1259,1.12769,1.12651
2015-06-17 10:00:00,1.12649,1.12493,1.12766,1.12519
2015-06-17 11:00:00,1.12517,1.12463,1.12691,1.12682
2015-06-17 12:00:00,1.12684,1.12606,1.12838,1.12664
2015-06-17 13:00:00,1.12664,1.12629,1.1277,1.12668
2015-06-17 14:00:00,1.12666,1.12242,1.12702,1.12322
2015-06-17 15:00:00,1.1232,1.12302,1.12531,1.1243
2015-06-17 16:00:00,1.12432,1.12384,1.12683,1.12641
2015-06-17 17:00:00,1.12639,1.12514,1.1267,1.12613
2015-06-17 18:00:00,1.12616,1.11973,1.13389,1.13323
2015-06-17 19:00:00,1.13326,1.13283,1.13573,1.13415
2015-06-17 20:00:00,1.13418,1.13297,1.13418,1.13354
2015-06-17 21:00:00,1.13361,1.13322,1.13405,1.134
2015-06-17 22:00:00,1.13397,1.13297,1.13411,1.13408
2015-06-17 23:00:00,1.13408,1.13377,1.13694,1.13618
2015-06-18 00:00:00,1.1362,1.13549,1.1371,1.13615
2015-06-18 01:00:00,1.13615,1.13535,1.13637,1.13538
2015-06-18 02:00:00,1.13536,1.13497,1.13605,1.13601
2015-06-18 03:00:00,1.13598,1.13574,1.13668,1.13608
2015-06-18 04:00:00,1.13611,1.13606,1.13749,1.1365
2015-06-18 05:00:00,1.13652,1.13508,1.13741,1.13534
2015-06-18 06:00:00,1.13536,1.13377,1.13621,1.13457
2015-06-18 07:00:00,1.13458,1.13451,1.13796,1.13788
2015-06-18 08:00:00,1.13788,1.13681,1.14188,1.13831
2015-06-18 09:00:00,1.13829,1.13804,1.14192,1.14178
2015-06-18 10:00:00,1.14179,1.13851,1.14196,1.1396
2015-06-18 11:00:00,1.13959,1.13919,1.14121,1.14036
2015-06-18 12:00:00,1.14039,1.1389,1.1425,1.13926
2015-06-18 13:00:00,1.13929,1.13855,1.14134,1.14042
2015-06-18 14:00:00,1.14048,1.13816,1.14114,1.14015
2015-06-18 15:00:00,1.14014,1.13971,1.14182,1.14022
2015-06-18 16:00:00,1.14021,1.13376,1.14351,1.13725
2015-06-18 17:00:00,1.13725,1.13547,1.13867,1.13644
2015-06-18 18:00:00,1.13647,1.13643,1.13829,1.13694
2015-06-18 19:00:00,1.13696,1.13606,1.13784,1.13749
2015-06-18 20:00:00,1.13749,1.13631,1.13751,1.13631
2015-06-18 21:00:00,1.13621,1.13577,1.13704,1.13673
2015-06-18 22:00:00,1.13673,1.13626,1.13937,1.13718
2015-06-18 23:00:00,1.13721,1.13664,1.13735,1.13707
2015-06-19 00:00:00,1.13709,1.13657,1.13836,1.13826
2015-06-19 01:00:00,1.13825,1.13717,1.13867,1.13734
2015-06-19 02:00:00,1.13733,1.13697,1.13757,1.13737
2015-06-19 03:00:00,1.13738,1.13697,1.13765,1.13716
2015-06-19 04:00:00,1.13717,1.13523,1.13725,1.13524
2015-06-19 05:00:00,1.13525,1.13391,1.13556,1.13471
2015-06-19 06:00:00,1.13471,1.13314,1.13547,1.13432
2015-06-19 07:00:00,1.1343,1.13047,1.13437,1.13166
2015-06-19 08:00:00,1.13162,1.12982,1.1326,1.13126
2015-06-19 09:00:00,1.13126,1.13054,1.13227,1.13139
2015-06-19 10:00:00,1.1314,1.12914,1.1315,1.1299
2015-06-19 11:00:00,1.12991,1.12963,1.13184,1.13055
2015-06-19 12:00:00,1.13055,1.12958,1.13234,1.13148
2015-06-19 13:00:00,1.13146,1.13076,1.13485,1.134
2015-06-19 14:00:00,1.13401,1.13246,1.13514,1.13293
2015-06-19 15:00:00,1.13293,1.13248,1.13389,1.13334
2015-06-19 16:00:00,1.13337,1.13301,1.1344,1.13421
2015-06-19 17:00:00,1.1342,1.13397,1.1363,1.13559
2015-06-19 18:00:00,1.13562,1.13512,1.13655,1.13523
2015-06-19 19:00:00,1.13525,1.13423,1.13569,1.1345
2015-06-19 20:00:00,1.13453,1.134,1.13524,1.13469
2015-06-21 21:00:00,1.13745,1.13625,1.1376,1.13671
2015-06-21 22:00:00,1.13671,1.13567,1.13672,1.13598
2015-06-21 23:00:00,1.13595,1.13592,1.13728,1.13604
2015-06-22 00:00:00,1.136,1.13577,1.13718,1.13695
2015-06-22 01:00:00,1.13695,1.13679,1.13847,1.13737
2015-06-22 02:00:00,1.13739,1.13694,1.13807,1.13754
2015-06-22 03:00:00,1.13755,1.13755,1.13835,1.13818
2015-06-22 04:00:00,1.13819,1.1381,1.1399,1.13965
2015-06-22 05:00:00,1.13959,1.13895,1.14028,1.14016
2015-06-22 06:00:00,1.14011,1.13787,1.14029,1.1394
2015-06-22 07:00:00,1.13937,1.13205,1.13937,1.13212
2015-06-22 08:00:00,1.13212,1.13111,1.13414,1.13414
2015-06-22 09:00:00,1.1341,1.13362,1.13617,1.13597
2015-06-22 10:00:00,1.13599,1.13358,1.13652,1.13423
2015-06-22 11:00:00,1.13422,1.13336,1.13565,1.13415
2015-06-22 12:00:00,1.13414,1.13383,1.13669,1.13595
2015-06-22 13:00:00,1.13593,1.13479,1.13802,1.13685
2015-06-22 14:00:00,1.13685,1.13497,1.14047,1.13971
2015-06-22 15:00:00,1.13969,1.13782,1.14096,1.138
2015-06-22 16:00:00,1.13798,1.13435,1.13798,1.13627
2015-06-22 17:00:00,1.13625,1.13394,1.1365,1.13418
2015-06-22 18:00:00,1.13419,1.13344,1.13538,1.13353
2015-06-22 19:00:00,1.13356,1.13204,1.13424,1.13351
2015-06-22 20:00:00,1.1335,1.13311,1.13442,1.13395
2015-06-22 21:00:00,1.13352,1.1328,1.13393,1.13389
2015-06-22 22:00:00,1.13392,1.13368,1.13433,1.13414
2015-06-22 23:00:00,1.13412,1.13412,1.13466,1.13446
2015-06-23 00:00:00,1.13449,1.13361,1.13454,1.13361
2015-06-23 01:00:00,1.13362,1.13193,1.13373,1.13202
2015-06-23 02:00:00,1.13201,1.12539,1.1323,1.12595
2015-06-23 03:00:00,1.12594,1.12575,1.1277,1.12639
2015-06-23 04:00:00,1.12636,1.12593,1.12724,1.12717
2015-06-23 05:00:00,1.12719,1.1264,1.12821,1.1282
2015-06-23 06:00:00,1.12824,1.1239,1.12826,1.12629
2015-06-23 07:00:00,1.12628,1.1258,1.128,1.12587
2015-06-23 08:00:00,1.12587,1.12305,1.12667,1.12373
2015-06-23 09:00:00,1.12373,1.1224,1.12494,1.12347
2015-06-23 10:00:00,1.12346,1.12181,1.1237,1.12196
2015-06-23 11:00:00,1.12199,1.11992,1.12244,1.12021
2015-06-23 12:00:00,1.1202,1.11591,1.12071,1.11679
2015-06-23 13:00:00,1.11674,1.11342,1.11741,1.11583
2015-06-23 14:00:00,1.11582,1.1142,1.11958,1.11842
2015-06-23 15:00:00,1.11841,1.11686,1.11976,1.11881
2015-06-23 16:00:00,1.11881,1.11631,1.11883,1.11721
2015-06-23 17:00:00,1.11717,1.11551,1.11798,1.11621
2015-06-23 18:00:00,1.11622,1.1157,1.11691,1.11666
2015-06-23 19:00:00,1.11667,1.11519,1.11786,1.11646
2015-06-23 20:00:00,1.11647,1.11636,1.11786,1.11663
2015-06-23 21:00:00,1.11637,1.11533,1.11665,1.11665
2015-06-23 22:00:00,1.1166,1.11606,1.11716,1.11708
2015-06-23 23:00:00,1.11706,1.11651,1.11739,1.11739
2015-06-24 00:00:00,1.11736,1.11624,1.11789,1.11632
2015-06-24 01:00:00,1.11633,1.11586,1.11741,1.11662
2015-06-24 02:00:00,1.11658,1.11655,1.11857,1.11851
2015-06-24 03:00:00,1.11853,1.11811,1.11872,1.11852
2015-06-24 04:00:00,1.11853,1.11686,1.11883,1.1173
2015-06-24 05:00:00,1.11733,1.11701,1.12087,1.11955
2015-06-24 06:00:00,1.11957,1.11842,1.12116,1.11967
2015-06-24 07:00:00,1.11969,1.1186,1.12243,1.12204
2015-06-24 08:00:00,1.12205,1.12066,1.12342,1.12184
2015-06-24 09:00:00,1.12186,1.11825,1.12273,1.12076
2015-06-24 10:00:00,1.12075,1.11783,1.12136,1.1201
2015-06-24 11:00:00,1.12008,1.11912,1.12175,1.12151
2015-06-24 12:00:00,1.12152,1.11804,1.12198,1.11926
2015-06-24 13:00:00,1.11928,1.11696,1.11959,1.11866
2015-06-24 14:00:00,1.11862,1.11681,1.11958,1.11847
2015-06-24 15:00:00,1.11846,1.1172,1.11956,1.11764
2015-06-24 16:00:00,1.11765,1.1169,1.11878,1.11843
2015-06-24 17:00:00,1.1184,1.11796,1.1218,1.12086
2015-06-24 18:00:00,1.12087,1.11928,1.12132,1.12058
2015-06-24 19:00:00,1.1206,1.1195,1.12124,1.11951
2015-06-24 20:00:00,1.11953,1.11935,1.12095,1.12031
2015-06-24 21:00:00,1.12013,1.11981,1.12054,1.12017
2015-06-24 22:00:00,1.12016,1.1196,1.12064,1.12046
2015-06-24 23:00:00,1.12048,1.11987,1.12072,1.12049
2015-06-25 00:00:00,1.12049,1.11994,1.12094,1.12025
2015-06-25 01:00:00,1.12026,1.11954,1.1207,1.12007
2015-06-25 02:00:00,1.12005,1.11987,1.12149,1.12148
2015-06-25 03:00:00,1.1215,1.1209,1.12193,1.12141
2015-06-25 04:00:00,1.1214,1.12051,1.12193,1.12068
2015-06-25 05:00:00,1.12066,1.1194,1.12076,1.12
2015-06-25 06:00:00,1.12003,1.11817,1.12172,1.11922
2015-06-25 07:00:00,1.11925,1.11892,1.12273,1.1204
2015-06-25 08:00:00,1.12042,1.11845,1.12172,1.11868
2015-06-25 09:00:00,1.11865,1.11531,1.11969,1.11691
2015-06-25 10:00:00,1.11691,1.11636,1.1223,1.11972
2015-06-25 11:00:00,1.1197,1.1192,1.12141,1.1204
2015-06-25 12:00:00,1.1204,1.11889,1.12129,1.12034
2015-06-25 13:00:00,1.12032,1.11903,1.12166,1.11954
2015-06-25 14:00:00,1.11953,1.11783,1.12063,1.11913
2015-06-25 15:00:00,1.11912,1.11865,1.12011,1.11936
2015-06-25 16:00:00,1.11938,1.11918,1.1207,1.12049
2015-06-25 17:00:00,1.12052,1.11991,1.12132,1.12022
2015-06-25 18:00:00,1.12025,1.11949,1.12041,1.12017
2015-06-25 19:00:00,1.12019,1.11982,1.12071,1.12044
2015-06-25 20:00:00,1.12046,1.11988,1.12059,1.12034
2015-06-25 21:00:00,1.12012,1.1196,1.1206,1.11991
2015-06-25 22:00:00,1.11995,1.1199,1.12024,1.12002
2015-06-25 23:00:00,1.12005,1.12003,1.12063,1.12019
2015-06-26 00:00:00,1.12021,1.11811,1.12029,1.11853
2015-06-26 01:00:00,1.11852,1.11785,1.11902,1.11841
2015-06-26 02:00:00,1.11839,1.11783,1.11875,1.11875
2015-06-26 03:00:00,1.11876,1.11821,1.119,1.11871
2015-06-26 04:00:00,1.11869,1.1185,1.1193,1.11873
2015-06-26 05:00:00,1.11874,1.11819,1.11894,1.11894
2015-06-26 06:00:00,1.11894,1.11848,1.12059,1.11979
2015-06-26 07:00:00,1.11978,1.11876,1.12116,1.12038
2015-06-26 08:00:00,1.12033,1.1202,1.12193,1.12039
2015-06-26 09:00:00,1.12038,1.11926,1.12101,1.11939
2015-06-26 10:00:00,1.11938,1.11898,1.12112,1.12024
2015-06-26 11:00:00,1.12025,1.11914,1.12086,1.11979
2015-06-26 12:00:00,1.11975,1.11762,1.12068,1.11772
2015-06-26 13:00:00,1.11773,1.1154,1.11822,1.11782
2015-06-26 14:00:00,1.11779,1.11348,1.11964,1.11377
2015-06-26 15:00:00,1.11375,1.11289,1.11567,1.11543
2015-06-26 16:00:00,1.11544,1.1133,1.11586,1.11546
2015-06-26 17:00:00,1.11544,1.11452,1.11606,1.1154
2015-06-26 18:00:00,1.11541,1.11498,1.11661,1.11585
2015-06-26 19:00:00,1.11585,1.11583,1.11699,1.11689
2015-06-26 20:00:00,1.11687,1.11564,1.11757,1.11657
2015-06-28 21:00:00,1.09975,1.09538,1.10065,1.0986
2015-06-28 22:00:00,1.09869,1.0953,1.10145,1.09894
2015-06-28 23:00:00,1.09895,1.09684,1.10019,1.09736
2015-06-29 00:00:00,1.09739,1.09739,1.10316,1.10165
2015-06-29 01:00:00,1.10168,1.09983,1.10247,1.10048
2015-06-29 02:00:00,1.10049,1.10037,1.1016,1.10108
2015-06-29 03:00:00,1.1011,1.10065,1.10213,1.10142
2015-06-29 04:00:00,1.10141,1.10004,1.10157,1.10096
2015-06-29 05:00:00,1.10098,1.09845,1.10266,1.10165
2015-06-29 06:00:00,1.10162,1.10099,1.111,1.10921
2015-06-29 07:00:00,1.10924,1.10571,1.1095,1.10699
2015-06-29 08:00:00,1.10697,1.10563,1.11243,1.11172
2015-06-29 09:00:00,1.1117,1.10827,1.11179,1.10945
2015-06-29 10:00:00,1.10946,1.10855,1.11397,1.11232
2015-06-29 11:00:00,1.1123,1.1105,1.11255,1.11074
2015-06-29 12:00:00,1.11073,1.11021,1.11388,1.11252
2015-06-29 13:00:00,1.11254,1.11076,1.11337,1.11134
2015-06-29 14:00:00,1.11137,1.11135,1.11715,1.11504
2015-06-29 15:00:00,1.11503,1.11445,1.12038,1.11783
2015-06-29 16:00:00,1.11779,1.11735,1.1219,1.12124
2015-06-29 17:00:00,1.12123,1.12023,1.1277,1.12423
2015-06-29 18:00:00,1.12421,1.12322,1.12635,1.12499
2015-06-29 19:00:00,1.12502,1.12278,1.12514,1.12431
2015-06-29 20:00:00,1.12429,1.12348,1.12524,1.12348
2015-06-29 21:00:00,1.1237,1.12287,1.12387,1.12291
2015-06-29 22:00:00,1.12293,1.12103,1.12329,1.12149
2015-06-29 23:00:00,1.12149,1.12111,1.12238,1.12176
2015-06-30 00:00:00,1.12176,1.11964,1.12183,1.11991
2015-06-30 01:00:00,1.11992,1.11874,1.12024,1.11927
2015-06-30 02:00:00,1.11924,1.1181,1.1202,1.11847
2015-06-30 03:00:00,1.11845,1.11834,1.11941,1.11896
2015-06-30 04:00:00,1.11895,1.11846,1.11951,1.11936
2015-06-30 05:00:00,1.11936,1.118,1.1201,1.11834
2015-06-30 06:00:00,1.11835,1.11587,1.11983,1.11638
2015-06-30 07:00:00,1.11636,1.11542,1.12006,1.11671
2015-06-30 08:00:00,1.11672,1.11352,1.11752,1.11401
2015-06-30 09:00:00,1.114,1.1133,1.11929,1.11852
2015-06-30 10:00:00,1.11855,1.11698,1.12058,1.11839
2015-06-30 11:00:00,1.11841,1.11639,1.11918,1.11644
2015-06-30 12:00:00,1.11646,1.11625,1.12178,1.12126
2015-06-30 13:00:00,1.12126,1.11893,1.12432,1.11974
2015-06-30 14:00:00,1.11978,1.11362,1.12064,1.11403
2015-06-30 15:00:00,1.11402,1.1111,1.11556,1.1151
2015-06-30 16:00:00,1.11512,1.11371,1.1162,1.11519
2015-06-30 17:00:00,1.11518,1.11374,1.11518,1.11481
2015-06-30 18:00:00,1.11481,1.11368,1.11527,1.1144
2015-06-30 19:00:00,1.11442,1.11421,1.11504,1.11485
2015-06-30 20:00:00,1.11484,1.11314,1.11489,1.11359
2015-06-30 21:00:00,1.11371,1.11303,1.11426,1.11421
2015-06-30 22:00:00,1.11419,1.11277,1.11439,1.11289
2015-06-30 23:00:00,1.11289,1.11256,1.11337,1.11329
2015-07-01 00:00:00,1.11254,1.11254,1.11365,1.11344
2015-07-01 01:00:00,1.11342,1.11316,1.11419,1.11396
2015-07-01 02:00:00,1.11398,1.11304,1.11423,1.11347
2015-07-01 03:00:00,1.11345,1.11341,1.11416,1.11392
2015-07-01 04:00:00,1.11391,1.11305,1.11392,1.11384
2015-07-01 05:00:00,1.11382,1.11285,1.11413,1.11285
2015-07-01 06:00:00,1.11285,1.11144,1.11343,1.11243
2015-07-01 07:00:00,1.11241,1.10994,1.11334,1.11117
2015-07-01 08:00:00,1.11112,1.10943,1.11506,1.11476
2015-07-01 09:00:00,1.11474,1.11185,1.11699,1.11238
2015-07-01 10:00:00,1.11238,1.10995,1.11293,1.11097
2015-07-01 11:00:00,1.111,1.10988,1.11174,1.11029
2015-07-01 12:00:00,1.11029,1.10739,1.11066,1.10958
2015-07-01 13:00:00,1.10956,1.10635,1.11023,1.1067
2015-07-01 14:00:00,1.10665,1.1058,1.11091,1.11081
2015-07-01 15:00:00,1.1108,1.10813,1.11085,1.10813
2015-07-01 16:00:00,1.10815,1.10733,1.10828,1.10747
2015-07-01 17:00:00,1.10746,1.10542,1.10754,1.10576
2015-07-01 18:00:00,1.10574,1.10429,1.10623,1.10466
2015-07-01 19:00:00,1.10467,1.10419,1.10561,1.10516
2015-07-01 20:00:00,1.10517,1.10475,1.10591,1.1052
2015-07-01 21:00:00,1.10513,1.10482,1.10563,1.1053
2015-07-01 22:00:00,1.10525,1.10413,1.10547,1.10437
2015-07-01 23:00:00,1.10438,1.10316,1.1045,1.1036
2015-07-02 00:00:00,1.10362,1.10358,1.10472,1.10449
2015-07-02 01:00:00,1.10448,1.10428,1.10563,1.10488
2015-07-02 02:00:00,1.10486,1.1047,1.10756,1.10706
2015-07-02 03:00:00,1.10707,1.10664,1.10766,1.10701
2015-07-02 04:00:00,1.10698,1.1066,1.10743,1.10726
2015-07-02 05:00:00,1.10728,1.10634,1.10731,1.10718
2015-07-02 06:00:00,1.10718,1.10564,1.10866,1.10749
2015-07-02 07:00:00,1.10752,1.10478,1.10806,1.10587
2015-07-02 08:00:00,1.10585,1.10473,1.10809,1.10759
2015-07-02 09:00:00,1.1076,1.10685,1.10846,1.10795
2015-07-02 10:00:00,1.10796,1.107,1.10834,1.10706
2015-07-02 11:00:00,1.10704,1.10679,1.10833,1.10741
2015-07-02 12:00:00,1.10743,1.10449,1.11201,1.10938
2015-07-02 13:00:00,1.10939,1.10781,1.11009,1.10827
2015-07-02 14:00:00,1.10829,1.10825,1.1108,1.11054
2015-07-02 15:00:00,1.11052,1.10887,1.11114,1.10892
2015-07-02 16:00:00,1.10891,1.10865,1.10966,1.10948
2015-07-02 17:00:00,1.10947,1.10783,1.10978,1.10849
2015-07-02 18:00:00,1.10848,1.10751,1.10879,1.10843
2015-07-02 19:00:00,1.1084,1.1077,1.10911,1.10831
2015-07-02 20:00:00,1.10831,1.10785,1.10858,1.10824
2015-07-02 21:00:00,1.10801,1.10796,1.1085,1.10846
2015-07-02 22:00:00,1.10851,1.10818,1.10915,1.10888
2015-07-02 23:00:00,1.10886,1.1083,1.10886,1.10851
2015-07-03 00:00:00,1.10849,1.10811,1.10984,1.10862
2015-07-03 01:00:00,1.1086,1.10838,1.10908,1.10881
2015-07-03 02:00:00,1.10882,1.10845,1.1095,1.10918
2015-07-03 03:00:00,1.10916,1.10882,1.10971,1.10928
2015-07-03 04:00:00,1.10925,1.10899,1.1096,1.10957
2015-07-03 05:00:00,1.10954,1.109,1.10988,1.10928
2015-07-03 06:00:00,1.10931,1.10888,1.11047,1.10937
2015-07-03 07:00:00,1.10938,1.10919,1.11129,1.11007
2015-07-03 08:00:00,1.11007,1.11007,1.11165,1.11059
2015-07-03 09:00:00,1.11065,1.11028,1.11171,1.11145
2015-07-03 10:00:00,1.11147,1.11038,1.11161,1.11069
2015-07-03 11:00:00,1.11067,1.10929,1.1107,1.10969
2015-07-03 12:00:00,1.10967,1.10782,1.10998,1.10912
2015-07-03 13:00:00,1.10911,1.10872,1.11045,1.10988
2015-07-03 14:00:00,1.10989,1.1094,1.11032,1.10999
2015-07-03 15:00:00,1.11003,1.10946,1.11075,1.10954
2015-07-03 16:00:00,1.10952,1.10643,1.11073,1.10709
2015-07-03 17:00:00,1.10714,1.10714,1.10998,1.10953
2015-07-03 18:00:00,1.10951,1.10902,1.10992,1.10944
2015-07-03 19:00:00,1.10949,1.10937,1.11083,1.11048
2015-07-03 20:00:00,1.11042,1.10813,1.11107,1.11063
2015-07-05 21:00:00,1.09819,1.09678,1.09943,1.09795
2015-07-05 22:00:00,1.09789,1.0977,1.10328,1.10213
2015-07-05 23:00:00,1.1021,1.09909,1.10381,1.0994
2015-07-06 00:00:00,1.0994,1.09929,1.1027,1.10192
2015-07-06 01:00:00,1.10193,1.10193,1.10558,1.10412
2015-07-06 02:00:00,1.10413,1.10353,1.1049,1.10415
2015-07-06 03:00:00,1.10416,1.10301,1.10419,1.10357
2015-07-06 04:00:00,1.10359,1.10236,1.10429,1.10289
2015-07-06 05:00:00,1.10287,1.10104,1.10871,1.1067
2015-07-06 06:00:00,1.10673,1.10418,1.10733,1.10548
2015-07-06 07:00:00,1.10546,1.1044,1.10824,1.10808
2015-07-06 08:00:00,1.10807,1.1058,1.10945,1.10616
2015-07-06 09:00:00,1.10617,1.10435,1.10651,1.10476
2015-07-06 10:00:00,1.10478,1.10217,1.10508,1.10311
2015-07-06 11:00:00,1.1031,1.10072,1.10379,1.10118
2015-07-06 12:00:00,1.10115,1.10009,1.10348,1.10319
2015-07-06 13:00:00,1.10316,1.10217,1.10412,1.10401
2015-07-06 14:00:00,1.10389,1.10333,1.10762,1.10749
2015-07-06 15:00:00,1.10748,1.10578,1.1084,1.10744
2015-07-06 16:00:00,1.10742,1.10692,1.10907,1.10735
2015-07-06 17:00:00,1.10737,1.10582,1.10856,1.10646
2015-07-06 18:00:00,1.10648,1.10397,1.10648,1.10457
2015-07-06 19:00:00,1.10457,1.1045,1.10547,1.10529
2015-07-06 20:00:00,1.10531,1.10521,1.10598,1.10551
2015-07-06 21:00:00,1.10541,1.10523,1.10567,1.10547
2015-07-06 22:00:00,1.1055,1.10519,1.10557,1.10537
2015-07-06 23:00:00,1.10539,1.10459,1.10554,1.10467
2015-07-07 00:00:00,1.10467,1.10369,1.10509,1.1047
2015-07-07 01:00:00,1.10472,1.10327,1.10492,1.1038
2015-07-07 02:00:00,1.10378,1.10322,1.10411,1.10322
2015-07-07 03:00:00,1.10323,1.10252,1.10341,1.10319
2015-07-07 04:00:00,1.1032,1.10267,1.1036,1.10318
2015-07-07 05:00:00,1.10317,1.10287,1.10405,1.10403
2015-07-07 06:00:00,1.10399,1.10173,1.10439,1.10263
2015-07-07 07:00:00,1.10262,1.0998,1.10324,1.10061
2015-07-07 08:00:00,1.10059,1.096,1.10074,1.09661
2015-07-07 09:00:00,1.0966,1.09579,1.09957,1.09894
2015-07-07 10:00:00,1.09893,1.09446,1.0996,1.09846
2015-07-07 11:00:00,1.09844,1.09493,1.09863,1.09537
2015-07-07 12:00:00,1.09538,1.09157,1.09578,1.09279
2015-07-07 13:00:00,1.09278,1.09198,1.09565,1.09484
2015-07-07 14:00:00,1.09483,1.0926,1.09534,1.09358
2015-07-07 15:00:00,1.09355,1.09326,1.096,1.09509
2015-07-07 16:00:00,1.09508,1.09338,1.09749,1.09361
2015-07-07 17:00:00,1.09367,1.09365,1.09654,1.09646
2015-07-07 18:00:00,1.09647,1.09615,1.0979,1.0975
2015-07-07 19:00:00,1.09752,1.09746,1.10508,1.10166
2015-07-07 20:00:00,1.10165,1.09945,1.10227,1.10097
2015-07-07 21:00:00,1.1008,1.09853,1.10112,1.09966
2015-07-07 22:00:00,1.09968,1.09898,1.10037,1.10037
2015-07-07 23:00:00,1.10035,1.09999,1.10134,1.10068
2015-07-08 00:00:00,1.1007,1.09927,1.1007,1.09936
2015-07-08 01:00:00,1.09932,1.09734,1.09969,1.09898
2015-07-08 02:00:00,1.099,1.09821,1.09995,1.09839
2015-07-08 03:00:00,1.09837,1.09801,1.09971,1.09903
2015-07-08 04:00:00,1.09904,1.09904,1.1017,1.10081
2015-07-08 05:00:00,1.10082,1.1003,1.10163,1.1007
2015-07-08 06:00:00,1.10071,1.09988,1.10303,1.10139
2015-07-08 07:00:00,1.10137,1.10044,1.10572,1.10466
2015-07-08 08:00:00,1.10467,1.10212,1.10495,1.10427
2015-07-08 09:00:00,1.10429,1.1033,1.10596,1.10425
2015-07-08 10:00:00,1.10423,1.101,1.10503,1.10109
2015-07-08 11:00:00,1.10106,1.10054,1.10301,1.10258
2015-07-08 12:00:00,1.10259,1.10209,1.10387,1.10354
2015-07-08 13:00:00,1.10353,1.10299,1.10724,1.10397
2015-07-08 14:00:00,1.10399,1.10246,1.10667,1.10637
2015-07-08 15:00:00,1.10636,1.10559,1.10922,1.10711
2015-07-08 16:00:00,1.10711,1.10453,1.10852,1.10487
2015-07-08 17:00:00,1.10489,1.104,1.10562,1.10483
2015-07-08 18:00:00,1.10485,1.10436,1.10768,1.10598
2015-07-08 19:00:00,1.10596,1.10577,1.10745,1.10696
2015-07-08 20:00:00,1.10695,1.1067,1.10786,1.10752
2015-07-08 21:00:00,1.10749,1.10704,1.10768,1.10728
2015-07-08 22:00:00,1.10729,1.10689,1.10746,1.10745
2015-07-08 23:00:00,1.10744,1.10665,1.10768,1.10704
2015-07-09 00:00:00,1.10701,1.10623,1.10772,1.10644
2015-07-09 01:00:00,1.10641,1.10624,1.10777,1.10688
2015-07-09 02:00:00,1.10688,1.10665,1.10797,1.10725
2015-07-09 03:00:00,1.10723,1.10696,1.10787,1.10761
2015-07-09 04:00:00,1.10762,1.10714,1.10805,1.10753
2015-07-09 05:00:00,1.1075,1.10721,1.11139,1.10982
2015-07-09 06:00:00,1.10981,1.10869,1.11236,1.10974
2015-07-09 07:00:00,1.10972,1.10347,1.10972,1.1035
2015-07-09 08:00:00,1.1035,1.10264,1.10471,1.10437
2015-07-09 09:00:00,1.1044,1.10232,1.10457,1.10323
2015-07-09 10:00:00,1.10325,1.10257,1.10452,1.10406
2015-07-09 11:00:00,1.10407,1.10332,1.10619,1.10588
2015-07-09 12:00:00,1.10584,1.10227,1.1066,1.10347
2015-07-09 13:00:00,1.10346,1.103,1.10682,1.10578
2015-07-09 14:00:00,1.10579,1.10269,1.10651,1.10444
2015-07-09 15:00:00,1.10443,1.10174,1.10482,1.10234
2015-07-09 16:00:00,1.10235,1.10018,1.10272,1.10027
2015-07-09 17:00:00,1.10026,1.09909,1.10179,1.09989
2015-07-09 18:00:00,1.09988,1.09971,1.10186,1.10128
2015-07-09 19:00:00,1.10129,1.10113,1.10315,1.10238
2015-07-09 20:00:00,1.10236,1.10209,1.1043,1.10346
2015-07-09 21:00:00,1.10324,1.10294,1.10452,1.10449
2015-07-09 22:00:00,1.1045,1.10435,1.10819,1.10698
2015-07-09 23:00:00,1.10699,1.1054,1.10735,1.106
2015-07-10 00:00:00,1.10598,1.10541,1.1073,1.1072
2015-07-10 01:00:00,1.10723,1.10708,1.1089,1.10828
2015-07-10 02:00:00,1.10826,1.10786,1.10964,1.1095
2015-07-10 03:00:00,1.10952,1.10866,1.10987,1.10973
2015-07-10 04:00:00,1.10971,1.10927,1.11033,1.10963
2015-07-10 05:00:00,1.10963,1.10942,1.11322,1.11155
2015-07-10 06:00:00,1.11156,1.10897,1.11296,1.10941
2015-07-10 07:00:00,1.10943,1.10775,1.11286,1.1113
2015-07-10 08:00:00,1.1113,1.1096,1.11272,1.11128
2015-07-10 09:00:00,1.11126,1.11084,1.11798,1.11613
2015-07-10 10:00:00,1.11615,1.11562,1.11979,1.11912
2015-07-10 11:00:00,1.11914,1.11779,1.12151,1.11841
2015-07-10 12:00:00,1.11842,1.11794,1.12021,1.11968
2015-07-10 13:00:00,1.11967,1.11611,1.1207,1.11808
2015-07-10 14:00:00,1.1181,1.11628,1.11934,1.11723
2015-07-10 15:00:00,1.11722,1.11354,1.11752,1.11485
2015-07-10 16:00:00,1.11485,1.11251,1.11691,1.11278
2015-07-10 17:00:00,1.1128,1.11192,1.11393,1.11375
2015-07-10 18:00:00,1.11377,1.1126,1.11377,1.11274
2015-07-10 19:00:00,1.11273,1.11261,1.11452,1.11443
2015-07-10 20:00:00,1.11442,1.11416,1.1157,1.11477
2015-07-12 21:00:00,1.10897,1.10896,1.11354,1.1135
2015-07-12 22:00:00,1.11344,1.11191,1.11409,1.11191
2015-07-12 23:00:00,1.11189,1.11173,1.11435,1.11286
2015-07-13 00:00:00,1.11285,1.11279,1.11394,1.11337
2015-07-13 01:00:00,1.11336,1.11094,1.11355,1.11214
2015-07-13 02:00:00,1.11212,1.112,1.11345,1.11286
2015-07-13 03:00:00,1.11287,1.11135,1.1151,1.11326
2015-07-13 04:00:00,1.11325,1.11305,1.11399,1.11323
2015-07-13 05:00:00,1.11324,1.11314,1.11485,1.11418
2015-07-13 06:00:00,1.11419,1.11207,1.11961,1.11857
2015-07-13 07:00:00,1.11856,1.1082,1.11863,1.10977
2015-07-13 08:00:00,1.10975,1.1053,1.10989,1.10616
2015-07-13 09:00:00,1.10613,1.10575,1.10822,1.10799
2015-07-13 10:00:00,1.10797,1.10629,1.1084,1.10663
2015-07-13 11:00:00,1.10664,1.1057,1.10799,1.1065
2015-07-13 12:00:00,1.10653,1.10407,1.10691,1.10592
2015-07-13 13:00:00,1.10589,1.1035,1.10589,1.10517
2015-07-13 14:00:00,1.10519,1.10061,1.10551,1.10077
2015-07-13 15:00:00,1.10079,1.10058,1.10314,1.10187
2015-07-13 16:00:00,1.10189,1.1014,1.10317,1.10196
2015-07-13 17:00:00,1.10199,1.10027,1.10228,1.10048
2015-07-13 18:00:00,1.1005,1.09947,1.10112,1.09949
2015-07-13 19:00:00,1.09951,1.09951,1.10118,1.09965
2015-07-13 20:00:00,1.09971,1.09971,1.10096,1.09993
2015-07-13 21:00:00,1.09963,1.09948,1.10048,1.10041
2015-07-13 22:00:00,1.10041,1.10003,1.10078,1.10061
2015-07-13 23:00:00,1.10059,1.09804,1.10078,1.0982
2015-07-14 00:00:00,1.09822,1.09727,1.09902,1.0986
2015-07-14 01:00:00,1.09859,1.09845,1.10009,1.10001
2015-07-14 02:00:00,1.09999,1.09981,1.10106,1.10048
2015-07-14 03:00:00,1.1005,1.09976,1.10121,1.10098
2015-07-14 04:00:00,1.10096,1.09993,1.10096,1.1002
2015-07-14 05:00:00,1.1002,1.09923,1.10123,1.09957
2015-07-14 06:00:00,1.0996,1.09644,1.10021,1.09779
2015-07-14 07:00:00,1.09781,1.09699,1.10053,1.09919
2015-07-14 08:00:00,1.09921,1.09921,1.10376,1.10236
2015-07-14 09:00:00,1.10242,1.10134,1.10428,1.1034
2015-07-14 10:00:00,1.10342,1.10178,1.10423,1.10212
2015-07-14 11:00:00,1.10211,1.10177,1.10304,1.1026
2015-07-14 12:00:00,1.1026,1.1026,1.10772,1.10541
2015-07-14 13:00:00,1.10543,1.10324,1.10645,1.10365
2015-07-14 14:00:00,1.10365,1.09926,1.10382,1.09984
2015-07-14 15:00:00,1.09983,1.09981,1.10182,1.10147
2015-07-14 16:00:00,1.10144,1.1003,1.10149,1.10095
2015-07-14 17:00:00,1.10097,1.10045,1.10153,1.10048
2015-07-14 18:00:00,1.10045,1.10028,1.10101,1.10086
2015-07-14 19:00:00,1.10086,1.10004,1.10087,1.10041
2015-07-14 20:00:00,1.10039,1.10012,1.10092,1.10074
2015-07-14 21:00:00,1.10067,1.10046,1.10091,1.10069
2015-07-14 22:00:00,1.10069,1.10047,1.10162,1.1012
2015-07-14 23:00:00,1.10121,1.10043,1.10121,1.1006
2015-07-15 00:00:00,1.10059,1.09904,1.10062,1.09956
2015-07-15 01:00:00,1.09959,1.09943,1.10047,1.10009
2015-07-15 02:00:00,1.10008,1.09943,1.10049,1.09963
2015-07-15 03:00:00,1.09961,1.0994,1.10062,1.10049
2015-07-15 04:00:00,1.10048,1.09968,1.10054,1.10005
2015-07-15 05:00:00,1.10006,1.09855,1.10018,1.09966
2015-07-15 06:00:00,1.09968,1.099,1.10258,1.1001
2015-07-15 07:00:00,1.10008,1.09919,1.1021,1.10146
2015-07-15 08:00:00,1.10147,1.10142,1.10351,1.10271
2015-07-15 09:00:00,1.10269,1.10183,1.10324,1.10196
2015-07-15 10:00:00,1.10196,1.1016,1.10281,1.10188
2015-07-15 11:00:00,1.10188,1.09973,1.10211,1.10046
2015-07-15 12:00:00,1.10042,1.09708,1.10156,1.09727
2015-07-15 13:00:00,1.09725,1.09493,1.09735,1.0957
2015-07-15 14:00:00,1.09567,1.0933,1.09728,1.0959
2015-07-15 15:00:00,1.09592,1.09501,1.09671,1.09629
2015-07-15 16:00:00,1.09632,1.09377,1.09715,1.09464
2015-07-15 17:00:00,1.09464,1.09291,1.09492,1.09476
2015-07-15 18:00:00,1.09472,1.09426,1.09545,1.09461
2015-07-15 19:00:00,1.09459,1.09408,1.09534,1.09526
2015-07-15 20:00:00,1.09524,1.0944,1.09537,1.09451
2015-07-15 21:00:00,1.09471,1.09439,1.09491,1.09451
2015-07-15 22:00:00,1.09449,1.09405,1.0959,1.0958
2015-07-15 23:00:00,1.09579,1.0934,1.0962,1.09368
2015-07-16 00:00:00,1.09369,1.09301,1.09421,1.09342
2015-07-16 01:00:00,1.0934,1.09116,1.09364,1.09224
2015-07-16 02:00:00,1.09226,1.09204,1.09327,1.09315
2015-07-16 03:00:00,1.09318,1.09303,1.09373,1.09333
2015-07-16 04:00:00,1.09332,1.09284,1.09373,1.09293
2015-07-16 05:00:00,1.09297,1.091,1.09341,1.09236
2015-07-16 06:00:00,1.09234,1.09175,1.0948,1.09313
2015-07-16 07:00:00,1.09312,1.08952,1.09383,1.08982
2015-07-16 08:00:00,1.0898,1.08978,1.09183,1.09021
2015-07-16 09:00:00,1.09022,1.0896,1.09141,1.09027
2015-07-16 10:00:00,1.09026,1.08787,1.09047,1.08865
2015-07-16 11:00:00,1.08864,1.08763,1.08962,1.08768
2015-07-16 12:00:00,1.08766,1.0855,1.08951,1.08561
2015-07-16 13:00:00,1.08561,1.08552,1.09122,1.09077
2015-07-16 14:00:00,1.09082,1.08921,1.09257,1.09073
2015-07-16 15:00:00,1.09072,1.08869,1.09075,1.08963
2015-07-16 16:00:00,1.08966,1.08725,1.0898,1.08754
2015-07-16 17:00:00,1.08752,1.08742,1.08923,1.08826
2015-07-16 18:00:00,1.08827,1.08725,1.08861,1.08726
2015-07-16 19:00:00,1.08728,1.08727,1.08777,1.08766
2015-07-16 20:00:00,1.08767,1.08722,1.0879,1.08724
2015-07-16 21:00:00,1.08739,1.08731,1.08789,1.08751
2015-07-16 22:00:00,1.08751,1.08721,1.08813,1.08789
2015-07-16 23:00:00,1.08784,1.08754,1.08841,1.08829
2015-07-17 00:00:00,1.08828,1.08748,1.08871,1.08783
2015-07-17 01:00:00,1.08781,1.08762,1.08932,1.08907
2015-07-17 02:00:00,1.08905,1.08857,1.08964,1.0894
2015-07-17 03:00:00,1.08938,1.08938,1.0903,1.08993
2015-07-17 04:00:00,1.08993,1.08909,1.09003,1.08941
2015-07-17 05:00:00,1.08942,1.08792,1.08965,1.08839
2015-07-17 06:00:00,1.08838,1.08792,1.08959,1.08843
2015-07-17 07:00:00,1.08842,1.08778,1.09063,1.08869
2015-07-17 08:00:00,1.0887,1.08812,1.08992,1.08894
2015-07-17 09:00:00,1.08893,1.08844,1.08965,1.08853
2015-07-17 10:00:00,1.08855,1.08697,1.08918,1.08809
2015-07-17 11:00:00,1.0881,1.08755,1.08936,1.08936
2015-07-17 12:00:00,1.08933,1.08602,1.08945,1.08648
2015-07-17 13:00:00,1.08646,1.08476,1.08708,1.08547
2015-07-17 14:00:00,1.08549,1.08426,1.08625,1.08543
2015-07-17 15:00:00,1.08543,1.08454,1.08573,1.08466
2015-07-17 16:00:00,1.08465,1.08402,1.08568,1.08554
2015-07-17 17:00:00,1.08551,1.08437,1.08566,1.08464
2015-07-17 18:00:00,1.08467,1.08453,1.08544,1.08475
2015-07-17 19:00:00,1.08475,1.08428,1.08504,1.08437
2015-07-17 20:00:00,1.08436,1.08268,1.0844,1.08278
2015-07-19 21:00:00,1.08279,1.08255,1.08346,1.08318
2015-07-19 22:00:00,1.08326,1.08304,1.0843,1.08378
2015-07-19 23:00:00,1.08378,1.08275,1.08385,1.08292
2015-07-20 00:00:00,1.08288,1.08273,1.08337,1.08323
2015-07-20 01:00:00,1.08325,1.08216,1.08351,1.08218
2015-07-20 02:00:00,1.08216,1.08201,1.08294,1.08234
2015-07-20 03:00:00,1.08232,1.08198,1.08248,1.0821
2015-07-20 04:00:00,1.08208,1.08208,1.08293,1.08289
2015-07-20 05:00:00,1.08286,1.08234,1.08292,1.08286
2015-07-20 06:00:00,1.08285,1.0824,1.08477,1.08407
2015-07-20 07:00:00,1.08408,1.08407,1.08639,1.08617
2015-07-20 08:00:00,1.08614,1.08435,1.08626,1.08491
2015-07-20 09:00:00,1.08494,1.08248,1.08566,1.0837
2015-07-20 10:00:00,1.08366,1.08278,1.08405,1.08377
2015-07-20 11:00:00,1.08377,1.0833,1.08468,1.08461
2015-07-20 12:00:00,1.08461,1.08407,1.0858,1.08457
2015-07-20 13:00:00,1.08455,1.08304,1.08489,1.08336
2015-07-20 14:00:00,1.08335,1.08335,1.08659,1.08633
2015-07-20 15:00:00,1.08635,1.08467,1.08696,1.08488
2015-07-20 16:00:00,1.08491,1.08395,1.08563,1.08405
2015-07-20 17:00:00,1.08406,1.08331,1.08455,1.08347
2015-07-20 18:00:00,1.08347,1.08275,1.08389,1.08275
2015-07-20 19:00:00,1.08271,1.08252,1.08354,1.0834
2015-07-20 20:00:00,1.08341,1.08074,1.08341,1.08239
2015-07-20 21:00:00,1.0821,1.08192,1.0827,1.08206
2015-07-20 22:00:00,1.08207,1.08207,1.08315,1.08287
2015-07-20 23:00:00,1.08285,1.0828,1.08342,1.08329
2015-07-21 00:00:00,1.08331,1.08257,1.08339,1.08266
2015-07-21 01:00:00,1.08266,1.08167,1.08297,1.08216
2015-07-21 02:00:00,1.08215,1.08209,1.08332,1.08324
2015-07-21 03:00:00,1.08323,1.08226,1.08339,1.0826
2015-07-21 04:00:00,1.08261,1.08132,1.08275,1.08146
2015-07-21 05:00:00,1.08145,1.0811,1.08226,1.0822
2015-07-21 06:00:00,1.08219,1.08177,1.08313,1.0829
2015-07-21 07:00:00,1.08289,1.08191,1.08341,1.08267
2015-07-21 08:00:00,1.08266,1.08261,1.08625,1.0854
2015-07-21 09:00:00,1.0854,1.08417,1.08592,1.08512
2015-07-21 10:00:00,1.08512,1.08492,1.08674,1.08581
2015-07-21 11:00:00,1.08578,1.08557,1.08784,1.0872
2015-07-21 12:00:00,1.0872,1.08557,1.08766,1.08573
2015-07-21 13:00:00,1.08571,1.08568,1.08989,1.08952
2015-07-21 14:00:00,1.08954,1.08908,1.09394,1.09346
2015-07-21 15:00:00,1.09342,1.09166,1.09419,1.09259
2015-07-21 16:00:00,1.0926,1.09256,1.09608,1.09587
2015-07-21 17:00:00,1.09588,1.09463,1.09681,1.09472
2015-07-21 18:00:00,1.09472,1.09398,1.09555,1.09405
2015-07-21 19:00:00,1.09403,1.09336,1.09419,1.09345
2015-07-21 20:00:00,1.09346,1.09325,1.0945,1.0937
2015-07-21 21:00:00,1.09334,1.09322,1.0941,1.09363
2015-07-21 22:00:00,1.09356,1.09337,1.09401,1.09356
2015-07-21 23:00:00,1.09354,1.09339,1.09386,1.09358
2015-07-22 00:00:00,1.09354,1.09349,1.09531,1.09469
2015-07-22 01:00:00,1.0947,1.09376,1.09597,1.09379
2015-07-22 02:00:00,1.09382,1.09242,1.09399,1.09252
2015-07-22 03:00:00,1.09254,1.09231,1.09361,1.09338
2015-07-22 04:00:00,1.09336,1.09297,1.09445,1.0943
2015-07-22 05:00:00,1.09431,1.09282,1.09433,1.09338
2015-07-22 06:00:00,1.09339,1.09319,1.09663,1.09556
2015-07-22 07:00:00,1.09553,1.0924,1.09553,1.09473
2015-07-22 08:00:00,1.09471,1.09298,1.09508,1.09371
2015-07-22 09:00:00,1.09374,1.093,1.09498,1.09334
2015-07-22 10:00:00,1.09333,1.09148,1.09362,1.09237
2015-07-22 11:00:00,1.09234,1.09155,1.09362,1.09165
2015-07-22 12:00:00,1.09165,1.08916,1.09176,1.09034
2015-07-22 13:00:00,1.09033,1.08935,1.09161,1.08958
2015-07-22 14:00:00,1.08961,1.088,1.08978,1.08924
2015-07-22 15:00:00,1.08923,1.08809,1.09038,1.08832
2015-07-22 16:00:00,1.08832,1.08688,1.09046,1.09022
2015-07-22 17:00:00,1.09023,1.08941,1.09127,1.09021
2015-07-22 18:00:00,1.09023,1.08989,1.0908,1.09036
2015-07-22 19:00:00,1.09034,1.09032,1.09164,1.09158
2015-07-22 20:00:00,1.09161,1.09145,1.0929,1.09278
2015-07-22 21:00:00,1.09284,1.09207,1.09315,1.09271
2015-07-22 22:00:00,1.09271,1.09241,1.09294,1.09294
2015-07-22 23:00:00,1.09294,1.0923,1.09297,1.09235
2015-07-23 00:00:00,1.09235,1.0921,1.09341,1.09326
2015-07-23 01:00:00,1.09321,1.0931,1.09464,1.09434
2015-07-23 02:00:00,1.0943,1.09418,1.09553,1.09477
2015-07-23 03:00:00,1.09478,1.09431,1.09541,1.09444
2015-07-23 04:00:00,1.09446,1.09372,1.09447,1.0943
2015-07-23 05:00:00,1.09428,1.09314,1.09437,1.09403
2015-07-23 06:00:00,1.09404,1.09225,1.09406,1.09285
2015-07-23 07:00:00,1.09283,1.09266,1.10022,1.09844
2015-07-23 08:00:00,1.09846,1.09811,1.10044,1.09909
2015-07-23 09:00:00,1.09906,1.09692,1.09934,1.09924
2015-07-23 10:00:00,1.09926,1.0983,1.10013,1.09957
2015-07-23 11:00:00,1.09953,1.09863,1.10039,1.10003
2015-07-23 12:00:00,1.10006,1.0957,1.10173,1.09641
2015-07-23 13:00:00,1.09641,1.09505,1.09889,1.09862
2015-07-23 14:00:00,1.0986,1.09709,1.09987,1.09794
2015-07-23 15:00:00,1.09792,1.09644,1.09836,1.09737
2015-07-23 16:00:00,1.09737,1.09703,1.09984,1.09921
2015-07-23 17:00:00,1.09922,1.0988,1.10152,1.10046
2015-07-23 18:00:00,1.10046,1.09947,1.10071,1.09986
2015-07-23 19:00:00,1.09985,1.09897,1.1003,1.09942
2015-07-23 20:00:00,1.09939,1.09805,1.09966,1.09805
2015-07-23 21:00:00,1.09809,1.098,1.09872,1.09821
2015-07-23 22:00:00,1.09818,1.09814,1.09879,1.09837
2015-07-23 23:00:00,1.09832,1.09825,1.09888,1.09864
2015-07-24 00:00:00,1.09861,1.09812,1.09928,1.09886
2015-07-24 01:00:00,1.09886,1.09769,1.09912,1.09788
2015-07-24 02:00:00,1.09791,1.09698,1.09807,1.09728
2015-07-24 03:00:00,1.09729,1.09647,1.09741,1.09728
2015-07-24 04:00:00,1.0973,1.09646,1.09741,1.09698
2015-07-24 05:00:00,1.09697,1.09675,1.09773,1.09749
2015-07-24 06:00:00,1.09748,1.0963,1.09952,1.09889
2015-07-24 07:00:00,1.09878,1.09355,1.09878,1.09415
2015-07-24 08:00:00,1.09411,1.09303,1.09511,1.09391
2015-07-24 09:00:00,1.09392,1.09357,1.09522,1.09363
2015-07-24 10:00:00,1.09361,1.09331,1.09541,1.09538
2015-07-24 11:00:00,1.0954,1.09247,1.09589,1.09332
2015-07-24 12:00:00,1.09331,1.09286,1.09542,1.09415
2015-07-24 13:00:00,1.09413,1.09379,1.09624,1.09414
2015-07-24 14:00:00,1.09415,1.09414,1.09692,1.09689
2015-07-24 15:00:00,1.09687,1.09605,1.0992,1.09753
2015-07-24 16:00:00,1.09751,1.09665,1.098,1.09768
2015-07-24 17:00:00,1.09767,1.09715,1.09839,1.09815
2015-07-24 18:00:00,1.09813,1.09739,1.09825,1.09814
2015-07-24 19:00:00,1.09812,1.09744,1.09836,1.09773
2015-07-24 20:00:00,1.09772,1.09707,1.098,1.0975
2015-07-26 21:00:00,1.09794,1.09715,1.09819,1.09755
2015-07-26 22:00:00,1.09753,1.09735,1.09798,1.09742
2015-07-26 23:00:00,1.09742,1.0968,1.09748,1.09716
2015-07-27 00:00:00,1.09714,1.09701,1.099,1.09883
2015-07-27 01:00:00,1.09881,1.09827,1.09976,1.09935
2015-07-27 02:00:00,1.09934,1.09916,1.10093,1.10088
2015-07-27 03:00:00,1.10085,1.09998,1.10138,1.10037
2015-07-27 04:00:00,1.10036,1.09976,1.10058,1.10034
2015-07-27 05:00:00,1.10035,1.10023,1.10111,1.10044
2015-07-27 06:00:00,1.10041,1.1,1.10396,1.10273
2015-07-27 07:00:00,1.10273,1.10145,1.10888,1.10854
2015-07-27 08:00:00,1.10857,1.10727,1.11115,1.10771
2015-07-27 09:00:00,1.10772,1.10604,1.10837,1.10718
2015-07-27 10:00:00,1.1072,1.10608,1.10772,1.10663
2015-07-27 11:00:00,1.10664,1.10557,1.10779,1.10659
2015-07-27 12:00:00,1.1066,1.10452,1.10855,1.107
2015-07-27 13:00:00,1.10702,1.10637,1.11077,1.10955
2015-07-27 14:00:00,1.10954,1.10865,1.11112,1.11034
2015-07-27 15:00:00,1.11032,1.10917,1.11279,1.11114
2015-07-27 16:00:00,1.11116,1.11036,1.11226,1.11119
2015-07-27 17:00:00,1.11116,1.1099,1.11167,1.10994
2015-07-27 18:00:00,1.10997,1.1094,1.11027,1.10983
2015-07-27 19:00:00,1.10986,1.10897,1.10986,1.1094
2015-07-27 20:00:00,1.10942,1.10861,1.10949,1.10866
2015-07-27 21:00:00,1.10863,1.10849,1.10937,1.10911
2015-07-27 22:00:00,1.10905,1.10853,1.10918,1.10856
2015-07-27 23:00:00,1.10855,1.10838,1.10888,1.10878
2015-07-28 00:00:00,1.10875,1.10868,1.10975,1.10972
2015-07-28 01:00:00,1.10973,1.10825,1.1099,1.1092
2015-07-28 02:00:00,1.10918,1.10801,1.10931,1.1082
2015-07-28 03:00:00,1.10824,1.10718,1.10824,1.10739
2015-07-28 04:00:00,1.10739,1.10709,1.108,1.10786
2015-07-28 05:00:00,1.10785,1.10727,1.10844,1.10787
2015-07-28 06:00:00,1.10784,1.10536,1.10839,1.10557
2015-07-28 07:00:00,1.10555,1.10513,1.10739,1.106
2015-07-28 08:00:00,1.10602,1.10543,1.10683,1.10642
2015-07-28 09:00:00,1.10639,1.10547,1.10729,1.10591
2015-07-28 10:00:00,1.10592,1.10261,1.10592,1.103
2015-07-28 11:00:00,1.10299,1.10213,1.10372,1.10298
2015-07-28 12:00:00,1.10297,1.10228,1.10351,1.10334
2015-07-28 13:00:00,1.10333,1.10282,1.10393,1.10379
2015-07-28 14:00:00,1.10381,1.10309,1.10627,1.10381
2015-07-28 15:00:00,1.10383,1.10348,1.10544,1.10535
2015-07-28 16:00:00,1.10537,1.10417,1.10606,1.10467
2015-07-28 17:00:00,1.10468,1.10459,1.10605,1.10543
2015-07-28 18:00:00,1.10538,1.10414,1.10581,1.10417
2015-07-28 19:00:00,1.10416,1.10414,1.10605,1.10595
2015-07-28 20:00:00,1.10596,1.1055,1.10596,1.10589
2015-07-28 21:00:00,1.10589,1.10555,1.10631,1.10605
2015-07-28 22:00:00,1.1061,1.10566,1.1064,1.1062
2015-07-28 23:00:00,1.10618,1.106,1.10664,1.10643
2015-07-29 00:00:00,1.10644,1.10631,1.10747,1.10733
2015-07-29 01:00:00,1.10735,1.10692,1.10833,1.108
2015-07-29 02:00:00,1.10799,1.10756,1.10814,1.10813
2015-07-29 03:00:00,1.10815,1.10777,1.10821,1.10794
2015-07-29 04:00:00,1.10793,1.10548,1.10793,1.10551
2015-07-29 05:00:00,1.10551,1.10453,1.1061,1.10498
2015-07-29 06:00:00,1.10501,1.1036,1.10547,1.10463
2015-07-29 07:00:00,1.1046,1.10291,1.10538,1.10426
2015-07-29 08:00:00,1.10427,1.104,1.10675,1.10621
2015-07-29 09:00:00,1.10618,1.1057,1.10718,1.10689
2015-07-29 10:00:00,1.10691,1.10509,1.10695,1.10512
2015-07-29 11:00:00,1.10512,1.10317,1.1059,1.10334
2015-07-29 12:00:00,1.10335,1.10258,1.10572,1.10481
2015-07-29 13:00:00,1.10479,1.10287,1.10571,1.10351
2015-07-29 14:00:00,1.10351,1.10257,1.10449,1.10299
2015-07-29 15:00:00,1.10301,1.10101,1.10339,1.10231
2015-07-29 16:00:00,1.10233,1.10146,1.10368,1.10341
2015-07-29 17:00:00,1.10341,1.10317,1.10504,1.10432
2015-07-29 18:00:00,1.10433,1.0999,1.10777,1.10089
2015-07-29 19:00:00,1.10088,1.09663,1.10112,1.09817
2015-07-29 20:00:00,1.09818,1.09747,1.09907,1.09824
2015-07-29 21:00:00,1.09824,1.09746,1.0985,1.09774
2015-07-29 22:00:00,1.09774,1.09773,1.09883,1.09883
2015-07-29 23:00:00,1.09881,1.09805,1.09888,1.09806
2015-07-30 00:00:00,1.09808,1.09586,1.09816,1.09669
2015-07-30 01:00:00,1.0967,1.09614,1.09733,1.09697
2015-07-30 02:00:00,1.09695,1.09671,1.09763,1.09747
2015-07-30 03:00:00,1.09748,1.09692,1.09786,1.09713
2015-07-30 04:00:00,1.09709,1.09676,1.09749,1.09747
2015-07-30 05:00:00,1.09746,1.09706,1.09781,1.09724
2015-07-30 06:00:00,1.09723,1.09412,1.09724,1.09641
2015-07-30 07:00:00,1.0964,1.0945,1.09647,1.09609
2015-07-30 08:00:00,1.09611,1.09611,1.09763,1.09672
2015-07-30 09:00:00,1.09672,1.09642,1.09843,1.09736
2015-07-30 10:00:00,1.09737,1.09567,1.09776,1.09613
2015-07-30 11:00:00,1.09612,1.09509,1.09661,1.09547
2015-07-30 12:00:00,1.09544,1.0921,1.09613,1.09519
2015-07-30 13:00:00,1.09519,1.09097,1.09556,1.09308
2015-07-30 14:00:00,1.09306,1.09094,1.09356,1.09228
2015-07-30 15:00:00,1.09225,1.09109,1.09318,1.09139
2015-07-30 16:00:00,1.0914,1.08925,1.09163,1.09123
2015-07-30 17:00:00,1.0912,1.09,1.09183,1.0915
2015-07-30 18:00:00,1.09149,1.09076,1.09202,1.09176
2015-07-30 19:00:00,1.09176,1.0916,1.09343,1.09328
2015-07-30 20:00:00,1.09329,1.09288,1.09349,1.09305
2015-07-30 21:00:00,1.09309,1.09265,1.09327,1.09313
2015-07-30 22:00:00,1.09311,1.09281,1.09351,1.09307
2015-07-30 23:00:00,1.09305,1.09305,1.09408,1.09398
2015-07-31 00:00:00,1.09396,1.0935,1.0947,1.09368
2015-07-31 01:00:00,1.0937,1.09337,1.09402,1.0939
2015-07-31 02:00:00,1.09388,1.09347,1.09427,1.09417
2015-07-31 03:00:00,1.09416,1.09382,1.0948,1.0946
2015-07-31 04:00:00,1.09459,1.09418,1.09469,1.0945
2015-07-31 05:00:00,1.09445,1.09331,1.09471,1.09331
2015-07-31 06:00:00,1.09325,1.09279,1.09667,1.09529
2015-07-31 07:00:00,1.09527,1.09205,1.09563,1.09334
2015-07-31 08:00:00,1.09333,1.09308,1.09418,1.0935
2015-07-31 09:00:00,1.09352,1.09351,1.098,1.09747
2015-07-31 10:00:00,1.09747,1.09723,1.09882,1.09788
2015-07-31 11:00:00,1.09787,1.0958,1.0981,1.09632
2015-07-31 12:00:00,1.09634,1.09622,1.10815,1.10546
2015-07-31 13:00:00,1.10546,1.10546,1.11129,1.10941
2015-07-31 14:00:00,1.10944,1.10457,1.1111,1.10464
2015-07-31 15:00:00,1.10467,1.10245,1.10519,1.10271
2015-07-31 16:00:00,1.10268,1.09984,1.10435,1.10021
2015-07-31 17:00:00,1.1002,1.1001,1.10118,1.10103
2015-07-31 18:00:00,1.10104,1.09638,1.10109,1.09642
2015-07-31 19:00:00,1.09645,1.09641,1.09881,1.09818
2015-07-31 20:00:00,1.0982,1.09761,1.09895,1.09829
2015-08-02 21:00:00,1.09695,1.09641,1.09808,1.09764
2015-08-02 22:00:00,1.09755,1.09702,1.0981,1.09744
2015-08-02 23:00:00,1.09743,1.09659,1.09773,1.09669
2015-08-03 00:00:00,1.09672,1.09646,1.0979,1.09768
2015-08-03 01:00:00,1.09764,1.09716,1.09841,1.09729
2015-08-03 02:00:00,1.09726,1.097,1.09787,1.09731
2015-08-03 03:00:00,1.09731,1.0972,1.09881,1.09825
2015-08-03 04:00:00,1.09827,1.09758,1.09844,1.09794
2015-08-03 05:00:00,1.09794,1.09737,1.09859,1.09812
2015-08-03 06:00:00,1.09812,1.09657,1.09953,1.09929
2015-08-03 07:00:00,1.09928,1.09669,1.09953,1.09688
2015-08-03 08:00:00,1.09687,1.09564,1.09738,1.09699
2015-08-03 09:00:00,1.09697,1.09639,1.098,1.09741
2015-08-03 10:00:00,1.09739,1.09519,1.09739,1.09628
2015-08-03 11:00:00,1.09628,1.09424,1.09631,1.09443
2015-08-03 12:00:00,1.09442,1.09405,1.09634,1.09596
2015-08-03 13:00:00,1.09598,1.09511,1.09823,1.09732
2015-08-03 14:00:00,1.09732,1.09668,1.0988,1.09726
2015-08-03 15:00:00,1.09725,1.09568,1.09728,1.09604
2015-08-03 16:00:00,1.09606,1.09448,1.09635,1.09595
2015-08-03 17:00:00,1.09594,1.09454,1.09619,1.0947
2015-08-03 18:00:00,1.09467,1.09427,1.09531,1.09474
2015-08-03 19:00:00,1.09473,1.09448,1.09578,1.09547
2015-08-03 20:00:00,1.09544,1.09483,1.09559,1.09487
2015-08-03 21:00:00,1.09494,1.09489,1.09556,1.09517
2015-08-03 22:00:00,1.09518,1.09507,1.0956,1.09526
2015-08-03 23:00:00,1.09522,1.09496,1.09558,1.09499
2015-08-04 00:00:00,1.09501,1.09314,1.09531,1.09321
2015-08-04 01:00:00,1.0932,1.09319,1.09412,1.09373
2015-08-04 02:00:00,1.09372,1.09372,1.09495,1.09467
2015-08-04 03:00:00,1.09465,1.09388,1.0947,1.09406
2015-08-04 04:00:00,1.09405,1.09364,1.09444,1.09422
2015-08-04 05:00:00,1.09424,1.09404,1.09625,1.09571
2015-08-04 06:00:00,1.09573,1.09523,1.09656,1.09561
2015-08-04 07:00:00,1.09562,1.09503,1.09742,1.09727
2015-08-04 08:00:00,1.09726,1.09609,1.09779,1.09699
2015-08-04 09:00:00,1.09698,1.09578,1.09766,1.09761
2015-08-04 10:00:00,1.09762,1.09719,1.09811,1.09762
2015-08-04 11:00:00,1.09759,1.0973,1.09871,1.09801
2015-08-04 12:00:00,1.09801,1.09639,1.0981,1.09691
2015-08-04 13:00:00,1.0969,1.09597,1.09719,1.09597
2015-08-04 14:00:00,1.09593,1.09456,1.09807,1.09604
2015-08-04 15:00:00,1.09605,1.09519,1.09702,1.09526
2015-08-04 16:00:00,1.09523,1.09485,1.09626,1.09617
2015-08-04 17:00:00,1.09617,1.0911,1.09627,1.09159
2015-08-04 18:00:00,1.09158,1.08876,1.0916,1.08894
2015-08-04 19:00:00,1.08894,1.08816,1.08937,1.08887
2015-08-04 20:00:00,1.08887,1.08782,1.08936,1.08797
2015-08-04 21:00:00,1.08809,1.08789,1.08897,1.08897
2015-08-04 22:00:00,1.08896,1.08866,1.08923,1.08889
2015-08-04 23:00:00,1.08891,1.08831,1.08935,1.08845
2015-08-05 00:00:00,1.08845,1.0871,1.08846,1.0874
2015-08-05 01:00:00,1.08741,1.08552,1.08742,1.08613
2015-08-05 02:00:00,1.08614,1.0847,1.08641,1.08599
2015-08-05 03:00:00,1.086,1.08564,1.08641,1.08621
2015-08-05 04:00:00,1.08622,1.08619,1.08681,1.08669
2015-08-05 05:00:00,1.08669,1.08595,1.08718,1.08717
2015-08-05 06:00:00,1.08716,1.08512,1.08766,1.08724
2015-08-05 07:00:00,1.08724,1.08511,1.08752,1.08631
2015-08-05 08:00:00,1.08633,1.08514,1.08709,1.0857
2015-08-05 09:00:00,1.08568,1.08532,1.08653,1.08573
2015-08-05 10:00:00,1.08573,1.08473,1.08676,1.08663
2015-08-05 11:00:00,1.08663,1.08614,1.08839,1.08804
2015-08-05 12:00:00,1.08807,1.08768,1.09282,1.08976
2015-08-05 13:00:00,1.08979,1.08873,1.09129,1.09011
2015-08-05 14:00:00,1.09003,1.08491,1.09006,1.08656
2015-08-05 15:00:00,1.08657,1.08638,1.08793,1.08671
2015-08-05 16:00:00,1.0867,1.08639,1.08762,1.08722
2015-08-05 17:00:00,1.08721,1.08706,1.09084,1.09005
2015-08-05 18:00:00,1.09006,1.08944,1.09101,1.08961
2015-08-05 19:00:00,1.08966,1.08963,1.09065,1.09038
2015-08-05 20:00:00,1.09039,1.08989,1.09058,1.09051
2015-08-05 21:00:00,1.09018,1.0897,1.0904,1.0899
2015-08-05 22:00:00,1.08984,1.08967,1.09022,1.09015
2015-08-05 23:00:00,1.09015,1.09011,1.09049,1.09026
2015-08-06 00:00:00,1.09024,1.09002,1.09281,1.09119
2015-08-06 01:00:00,1.09122,1.09019,1.09136,1.09072
2015-08-06 02:00:00,1.09073,1.09013,1.09118,1.09054
2015-08-06 03:00:00,1.09056,1.09042,1.09157,1.09093
2015-08-06 04:00:00,1.09095,1.09036,1.09139,1.09127
2015-08-06 05:00:00,1.09129,1.09094,1.09281,1.09244
2015-08-06 06:00:00,1.09243,1.09073,1.09414,1.09098
2015-08-06 07:00:00,1.09101,1.08859,1.09159,1.08896
2015-08-06 08:00:00,1.08892,1.08853,1.09004,1.08858
2015-08-06 09:00:00,1.08858,1.08837,1.08987,1.0893
2015-08-06 10:00:00,1.08931,1.08916,1.09069,1.09046
2015-08-06 11:00:00,1.09046,1.08883,1.09188,1.08931
2015-08-06 12:00:00,1.08932,1.08723,1.09,1.08827
2015-08-06 13:00:00,1.08825,1.08753,1.09193,1.09173
2015-08-06 14:00:00,1.09174,1.09068,1.09209,1.09124
2015-08-06 15:00:00,1.09122,1.09051,1.09231,1.09205
2015-08-06 16:00:00,1.09206,1.09183,1.09349,1.09244
2015-08-06 17:00:00,1.09244,1.09128,1.09285,1.09281
2015-08-06 18:00:00,1.09278,1.09182,1.09282,1.09203
2015-08-06 19:00:00,1.09204,1.09203,1.09345,1.09294
2015-08-06 20:00:00,1.09296,1.09212,1.09305,1.09239
2015-08-06 21:00:00,1.09215,1.09182,1.09257,1.09244
2015-08-06 22:00:00,1.09244,1.09231,1.0928,1.0926
2015-08-06 23:00:00,1.09259,1.09213,1.0927,1.09217
2015-08-07 00:00:00,1.09217,1.09189,1.09302,1.09268
2015-08-07 01:00:00,1.09267,1.09216,1.09295,1.09248
2015-08-07 02:00:00,1.09248,1.09193,1.09274,1.09207
2015-08-07 03:00:00,1.09208,1.09096,1.09215,1.09132
2015-08-07 04:00:00,1.09131,1.09129,1.09219,1.09189
2015-08-07 05:00:00,1.09186,1.09134,1.09257,1.09161
2015-08-07 06:00:00,1.09159,1.09064,1.09197,1.09158
2015-08-07 07:00:00,1.09157,1.09138,1.09488,1.09396
2015-08-07 08:00:00,1.09397,1.09226,1.09423,1.0923
2015-08-07 09:00:00,1.09232,1.09178,1.09312,1.09201
2015-08-07 10:00:00,1.09203,1.09135,1.09294,1.09278
2015-08-07 11:00:00,1.09276,1.09237,1.0939,1.09329
2015-08-07 12:00:00,1.09332,1.08575,1.09708,1.08583
2015-08-07 13:00:00,1.08581,1.08544,1.08884,1.08698
2015-08-07 14:00:00,1.08699,1.08686,1.0955,1.09377
2015-08-07 15:00:00,1.09375,1.09264,1.097,1.09556
2015-08-07 16:00:00,1.09558,1.09558,1.09776,1.09581
2015-08-07 17:00:00,1.09581,1.09581,1.09738,1.09695
2015-08-07 18:00:00,1.09695,1.09626,1.09735,1.09699
2015-08-07 19:00:00,1.09696,1.09578,1.09704,1.0958
2015-08-07 20:00:00,1.09579,1.0955,1.09661,1.09632
2015-08-09 21:00:00,1.09621,1.09553,1.09638,1.09605
2015-08-09 22:00:00,1.096,1.09597,1.09668,1.09642
2015-08-09 23:00:00,1.09637,1.09572,1.09639,1.09575
2015-08-10 00:00:00,1.09574,1.09503,1.09608,1.09526
2015-08-10 01:00:00,1.09526,1.09495,1.09732,1.09714
2015-08-10 02:00:00,1.09713,1.09575,1.09727,1.09618
2015-08-10 03:00:00,1.09619,1.09577,1.09668,1.09652
2015-08-10 04:00:00,1.09653,1.09644,1.09731,1.09726
2015-08-10 05:00:00,1.09725,1.09653,1.0973,1.09725
2015-08-10 06:00:00,1.09729,1.09564,1.09729,1.09623
2015-08-10 07:00:00,1.09625,1.09586,1.09807,1.09587
2015-08-10 08:00:00,1.09587,1.09577,1.09751,1.09637
2015-08-10 09:00:00,1.09637,1.09388,1.09702,1.09414
2015-08-10 10:00:00,1.09416,1.09273,1.09416,1.09315
2015-08-10 11:00:00,1.09317,1.09248,1.09607,1.096
2015-08-10 12:00:00,1.09602,1.09442,1.09629,1.09496
2015-08-10 13:00:00,1.09496,1.09378,1.09729,1.09698
2015-08-10 14:00:00,1.097,1.09618,1.09843,1.09784
2015-08-10 15:00:00,1.09785,1.09663,1.09938,1.0993
2015-08-10 16:00:00,1.09927,1.09882,1.10345,1.10238
2015-08-10 17:00:00,1.10239,1.10179,1.10409,1.10226
2015-08-10 18:00:00,1.10225,1.10117,1.10236,1.10186
2015-08-10 19:00:00,1.10189,1.1012,1.10203,1.10172
2015-08-10 20:00:00,1.10173,1.1013,1.102,1.10177
2015-08-10 21:00:00,1.10186,1.10142,1.10208,1.10157
2015-08-10 22:00:00,1.10154,1.10145,1.1019,1.10171
2015-08-10 23:00:00,1.10174,1.10129,1.10224,1.10148
2015-08-11 00:00:00,1.10148,1.10137,1.10316,1.10301
2015-08-11 01:00:00,1.10298,1.09775,1.10298,1.09815
2015-08-11 02:00:00,1.09816,1.09683,1.09887,1.09732
2015-08-11 03:00:00,1.09733,1.09719,1.09854,1.09795
2015-08-11 04:00:00,1.09796,1.09723,1.09847,1.09766
2015-08-11 05:00:00,1.09767,1.09597,1.09774,1.09685
2015-08-11 06:00:00,1.09687,1.09627,1.09833,1.09663
2015-08-11 07:00:00,1.09664,1.0964,1.10407,1.10364
2015-08-11 08:00:00,1.10367,1.10207,1.10484,1.10357
2015-08-11 09:00:00,1.10345,1.10182,1.10398,1.10225
2015-08-11 10:00:00,1.10226,1.10192,1.10353,1.10335
2015-08-11 11:00:00,1.10337,1.10287,1.10474,1.10412
2015-08-11 12:00:00,1.10411,1.10325,1.1072,1.10718
2015-08-11 13:00:00,1.10719,1.10597,1.10878,1.10646
2015-08-11 14:00:00,1.10644,1.10309,1.10711,1.10446
2015-08-11 15:00:00,1.10445,1.10395,1.10689,1.10401
2015-08-11 16:00:00,1.10402,1.10098,1.10522,1.10182
2015-08-11 17:00:00,1.10183,1.10172,1.10365,1.10296
2015-08-11 18:00:00,1.10294,1.10207,1.10349,1.10303
2015-08-11 19:00:00,1.10305,1.10301,1.1043,1.1043
2015-08-11 20:00:00,1.10433,1.10367,1.1044,1.10406
2015-08-11 21:00:00,1.10409,1.10374,1.10427,1.1041
2015-08-11 22:00:00,1.10411,1.10397,1.10439,1.10435
2015-08-11 23:00:00,1.1043,1.10364,1.10452,1.10411
2015-08-12 00:00:00,1.10412,1.10384,1.10478,1.104
2015-08-12 01:00:00,1.104,1.10234,1.10609,1.10577
2015-08-12 02:00:00,1.10578,1.10473,1.10594,1.10594
2015-08-12 03:00:00,1.10593,1.10544,1.1064,1.10587
2015-08-12 04:00:00,1.10588,1.10561,1.10744,1.10724
2015-08-12 05:00:00,1.10727,1.10702,1.10821,1.10821
2015-08-12 06:00:00,1.10819,1.10719,1.1094,1.10739
2015-08-12 07:00:00,1.1074,1.10676,1.112,1.11145
2015-08-12 08:00:00,1.11145,1.11145,1.1157,1.11295
2015-08-12 09:00:00,1.11297,1.11228,1.11377,1.11247
2015-08-12 10:00:00,1.11246,1.11236,1.11477,1.11429
2015-08-12 11:00:00,1.11428,1.11381,1.11523,1.11462
2015-08-12 12:00:00,1.11461,1.11406,1.11776,1.11459
2015-08-12 13:00:00,1.11458,1.11421,1.11789,1.11743
2015-08-12 14:00:00,1.11745,1.11723,1.11971,1.11905
2015-08-12 15:00:00,1.11903,1.11815,1.12128,1.11979
2015-08-12 16:00:00,1.11977,1.11733,1.12052,1.11739
2015-08-12 17:00:00,1.11741,1.11654,1.11869,1.11682
2015-08-12 18:00:00,1.11683,1.11576,1.11725,1.1168
2015-08-12 19:00:00,1.11683,1.11605,1.11735,1.11735
2015-08-12 20:00:00,1.11737,1.11564,1.11742,1.11591
2015-08-12 21:00:00,1.11573,1.11519,1.11611,1.11562
2015-08-12 22:00:00,1.11562,1.11544,1.11618,1.11549
2015-08-12 23:00:00,1.11548,1.11516,1.1158,1.11543
2015-08-13 00:00:00,1.11542,1.11503,1.11576,1.11552
2015-08-13 01:00:00,1.11551,1.11369,1.11883,1.11369
2015-08-13 02:00:00,1.1137,1.1131,1.11532,1.11337
2015-08-13 03:00:00,1.11339,1.11309,1.11464,1.11424
2015-08-13 04:00:00,1.11422,1.11345,1.1143,1.11361
2015-08-13 05:00:00,1.11358,1.11334,1.1144,1.11423
2015-08-13 06:00:00,1.11426,1.11165,1.11521,1.11265
2015-08-13 07:00:00,1.11267,1.11064,1.11273,1.11122
2015-08-13 08:00:00,1.11125,1.11081,1.11244,1.11179
2015-08-13 09:00:00,1.11178,1.11094,1.11217,1.11198
2015-08-13 10:00:00,1.11198,1.11112,1.11216,1.11129
2015-08-13 11:00:00,1.11131,1.10989,1.11203,1.11156
2015-08-13 12:00:00,1.11154,1.10795,1.11176,1.10981
2015-08-13 13:00:00,1.10982,1.10903,1.1124,1.11145
2015-08-13 14:00:00,1.11147,1.11091,1.11291,1.11279
2015-08-13 15:00:00,1.1128,1.11236,1.11496,1.11446
2015-08-13 16:00:00,1.11445,1.11312,1.11446,1.11384
2015-08-13 17:00:00,1.11382,1.11276,1.1143,1.11364
2015-08-13 18:00:00,1.11365,1.11313,1.11443,1.11409
2015-08-13 19:00:00,1.11408,1.11323,1.11539,1.11521
2015-08-13 20:00:00,1.11518,1.11486,1.11653,1.11499
2015-08-13 21:00:00,1.11479,1.11479,1.11532,1.11532
2015-08-13 22:00:00,1.11531,1.1148,1.11552,1.11529
2015-08-13 23:00:00,1.11526,1.11502,1.11598,1.11576
2015-08-14 00:00:00,1.11578,1.11539,1.11605,1.11594
2015-08-14 01:00:00,1.11591,1.11373,1.11591,1.11403
2015-08-14 02:00:00,1.11406,1.11367,1.11457,1.11387
2015-08-14 03:00:00,1.11387,1.11386,1.11534,1.11524
2015-08-14 04:00:00,1.11522,1.11506,1.11566,1.11557
2015-08-14 05:00:00,1.11554,1.11492,1.11579,1.11494
2015-08-14 06:00:00,1.11495,1.1139,1.11635,1.11622
2015-08-14 07:00:00,1.11624,1.11231,1.11707,1.11282
2015-08-14 08:00:00,1.1128,1.1125,1.11455,1.11366
2015-08-14 09:00:00,1.11372,1.11323,1.11573,1.11492
2015-08-14 10:00:00,1.11491,1.11472,1.11762,1.11738
2015-08-14 11:00:00,1.11739,1.11689,1.11881,1.11699
2015-08-14 12:00:00,1.117,1.11441,1.11749,1.11524
2015-08-14 13:00:00,1.11525,1.11246,1.11537,1.11367
2015-08-14 14:00:00,1.11365,1.11048,1.11572,1.11106
2015-08-14 15:00:00,1.11107,1.10971,1.1119,1.11089
2015-08-14 16:00:00,1.11085,1.11046,1.11385,1.11384
2015-08-14 17:00:00,1.1138,1.1111,1.1138,1.11136
2015-08-14 18:00:00,1.11138,1.11137,1.11206,1.11176
2015-08-14 19:00:00,1.11175,1.11009,1.11176,1.11076
2015-08-14 20:00:00,1.11074,1.11057,1.1114,1.11057
2015-08-16 21:00:00,1.11139,1.11057,1.11167,1.11122
2015-08-16 22:00:00,1.11117,1.11017,1.11154,1.11044
2015-08-16 23:00:00,1.1104,1.10906,1.11043,1.10931
2015-08-17 00:00:00,1.1093,1.10916,1.10992,1.10946
2015-08-17 01:00:00,1.10944,1.10926,1.11009,1.10964
2015-08-17 02:00:00,1.10965,1.10914,1.10979,1.10945
2015-08-17 03:00:00,1.10947,1.10861,1.10974,1.10888
2015-08-17 04:00:00,1.1089,1.10814,1.10901,1.10892
2015-08-17 05:00:00,1.10894,1.10887,1.11009,1.10956
2015-08-17 06:00:00,1.10959,1.10925,1.11116,1.10969
2015-08-17 07:00:00,1.10971,1.10617,1.11014,1.10782
2015-08-17 08:00:00,1.10781,1.10707,1.11086,1.11034
2015-08-17 09:00:00,1.11037,1.10923,1.11182,1.10937
2015-08-17 10:00:00,1.1094,1.10854,1.11018,1.10857
2015-08-17 11:00:00,1.10859,1.10808,1.1103,1.10956
2015-08-17 12:00:00,1.10958,1.10923,1.11243,1.11085
2015-08-17 13:00:00,1.11087,1.10823,1.11209,1.10924
2015-08-17 14:00:00,1.10923,1.10713,1.10949,1.10756
2015-08-17 15:00:00,1.10754,1.10579,1.10829,1.10748
2015-08-17 16:00:00,1.1075,1.10694,1.10838,1.10765
2015-08-17 17:00:00,1.10773,1.10727,1.108,1.10778
2015-08-17 18:00:00,1.10777,1.10726,1.10812,1.10799
2015-08-17 19:00:00,1.10801,1.10733,1.10848,1.10806
2015-08-17 20:00:00,1.10809,1.10742,1.10818,1.10746
2015-08-17 21:00:00,1.10753,1.10749,1.10789,1.10784
2015-08-17 22:00:00,1.10784,1.10747,1.10785,1.10757
2015-08-17 23:00:00,1.10755,1.10728,1.10782,1.10749
2015-08-18 00:00:00,1.10748,1.10721,1.10759,1.10732
2015-08-18 01:00:00,1.10731,1.10728,1.10812,1.10757
2015-08-18 02:00:00,1.1076,1.10709,1.108,1.10789
2015-08-18 03:00:00,1.10791,1.10748,1.10808,1.10763
2015-08-18 04:00:00,1.10762,1.10508,1.10773,1.10549
2015-08-18 05:00:00,1.10547,1.1053,1.10599,1.10572
2015-08-18 06:00:00,1.10574,1.10525,1.1074,1.10726
2015-08-18 07:00:00,1.10724,1.10625,1.10901,1.10887
2015-08-18 08:00:00,1.10884,1.10668,1.10934,1.10749
2015-08-18 09:00:00,1.10745,1.10597,1.10745,1.10705
2015-08-18 10:00:00,1.10702,1.10548,1.10791,1.1062
2015-08-18 11:00:00,1.10622,1.10573,1.10691,1.10597
2015-08-18 12:00:00,1.10596,1.10255,1.10646,1.10309
2015-08-18 13:00:00,1.10307,1.1021,1.10425,1.10408
2015-08-18 14:00:00,1.10405,1.10308,1.10461,1.10327
2015-08-18 15:00:00,1.10328,1.10164,1.1037,1.10262
2015-08-18 16:00:00,1.10262,1.10217,1.10339,1.10304
2015-08-18 17:00:00,1.10302,1.10201,1.10335,1.1026
2015-08-18 18:00:00,1.10257,1.10164,1.10314,1.10214
2015-08-18 19:00:00,1.10216,1.10214,1.10349,1.10309
2015-08-18 20:00:00,1.10311,1.10241,1.10332,1.10242
2015-08-18 21:00:00,1.10211,1.10177,1.10285,1.10264
2015-08-18 22:00:00,1.10263,1.10244,1.10273,1.10254
2015-08-18 23:00:00,1.10254,1.10249,1.10294,1.10291
2015-08-19 00:00:00,1.1029,1.10271,1.10383,1.1037
2015-08-19 01:00:00,1.10367,1.10357,1.10426,1.10372
2015-08-19 02:00:00,1.10369,1.10353,1.10518,1.10464
2015-08-19 03:00:00,1.10467,1.10419,1.10501,1.10436
2015-08-19 04:00:00,1.10439,1.10421,1.10512,1.10481
2015-08-19 05:00:00,1.10483,1.10475,1.10589,1.10575
2015-08-19 06:00:00,1.10576,1.10549,1.10715,1.10652
2015-08-19 07:00:00,1.10649,1.10536,1.10723,1.10571
2015-08-19 08:00:00,1.10572,1.10489,1.10672,1.1053
2015-08-19 09:00:00,1.10527,1.10319,1.10556,1.10413
2015-08-19 10:00:00,1.10411,1.10296,1.10431,1.10381
2015-08-19 11:00:00,1.1038,1.10347,1.1042,1.10387
2015-08-19 12:00:00,1.10383,1.10168,1.10703,1.10362
2015-08-19 13:00:00,1.10364,1.10218,1.10407,1.10386
2015-08-19 14:00:00,1.10387,1.1028,1.10645,1.1054
2015-08-19 15:00:00,1.10541,1.105,1.10689,1.10599
2015-08-19 16:00:00,1.10598,1.10504,1.107,1.10572
2015-08-19 17:00:00,1.10573,1.10343,1.11209,1.11184
2015-08-19 18:00:00,1.11183,1.10933,1.11329,1.11242
2015-08-19 19:00:00,1.1124,1.11126,1.11334,1.11267
2015-08-19 20:00:00,1.11264,1.11176,1.11313,1.11189
2015-08-19 21:00:00,1.11191,1.11167,1.11233,1.11194
2015-08-19 22:00:00,1.11195,1.11146,1.11233,1.11149
2015-08-19 23:00:00,1.11151,1.1114,1.11213,1.11177
2015-08-20 00:00:00,1.11178,1.11172,1.11476,1.114
2015-08-20 01:00:00,1.11397,1.11301,1.11436,1.11325
2015-08-20 02:00:00,1.11329,1.113,1.11394,1.11314
2015-08-20 03:00:00,1.11315,1.11305,1.11368,1.11336
2015-08-20 04:00:00,1.11337,1.11322,1.11385,1.11346
2015-08-20 05:00:00,1.11347,1.11243,1.11353,1.11262
2015-08-20 06:00:00,1.11259,1.11184,1.11372,1.11345
2015-08-20 07:00:00,1.11344,1.11066,1.11359,1.11223
2015-08-20 08:00:00,1.11224,1.11092,1.11439,1.11423
2015-08-20 09:00:00,1.11424,1.11327,1.11707,1.11555
2015-08-20 10:00:00,1.11557,1.11536,1.11764,1.11759
2015-08-20 11:00:00,1.11759,1.11662,1.11784,1.11772
2015-08-20 12:00:00,1.1177,1.11529,1.11843,1.11545
2015-08-20 13:00:00,1.11545,1.11545,1.11729,1.11711
2015-08-20 14:00:00,1.11709,1.11505,1.12201,1.11947
2015-08-20 15:00:00,1.11946,1.11899,1.12013,1.11986
2015-08-20 16:00:00,1.11986,1.11925,1.12122,1.11932
2015-08-20 17:00:00,1.11935,1.11812,1.12023,1.11936
2015-08-20 18:00:00,1.11933,1.11924,1.11989,1.11971
2015-08-21 04:00:00,1.12737,1.12712,1.12907,1.12865
2015-08-21 05:00:00,1.12867,1.12811,1.12944,1.1282
2015-08-21 06:00:00,1.12822,1.12715,1.12899,1.12829
2015-08-21 07:00:00,1.12819,1.1243,1.12819,1.12508
2015-08-21 08:00:00,1.12507,1.12401,1.1262,1.12572
2015-08-21 09:00:00,1.12573,1.12434,1.1271,1.12685
2015-08-21 10:00:00,1.12683,1.12664,1.12936,1.12922
2015-08-21 11:00:00,1.12925,1.12723,1.12928,1.12723
2015-08-21 12:00:00,1.12721,1.12712,1.13063,1.12862
2015-08-21 13:00:00,1.12861,1.12793,1.13019,1.12952
2015-08-21 14:00:00,1.12955,1.1283,1.13255,1.13111
2015-08-21 15:00:00,1.13109,1.13107,1.13695,1.1356
2015-08-21 16:00:00,1.13557,1.13511,1.13756,1.13601
2015-08-21 17:00:00,1.136,1.13567,1.13711,1.13588
2015-08-21 18:00:00,1.13589,1.13471,1.13608,1.13559
2015-08-21 19:00:00,1.13557,1.13512,1.13658,1.13658
2015-08-21 20:00:00,1.13659,1.13634,1.1387,1.13832
2015-08-23 21:00:00,1.13733,1.13715,1.13837,1.13719
2015-08-23 22:00:00,1.13724,1.13713,1.13913,1.13905
2015-08-23 23:00:00,1.13909,1.13689,1.13946,1.13754
2015-08-24 00:00:00,1.13753,1.13686,1.13857,1.13848
2015-08-24 01:00:00,1.1385,1.1385,1.14499,1.14257
2015-08-24 02:00:00,1.14258,1.14258,1.14944,1.14712
2015-08-24 03:00:00,1.14716,1.14449,1.14977,1.14543
2015-08-24 04:00:00,1.14544,1.14441,1.14574,1.14544
2015-08-24 05:00:00,1.14541,1.14331,1.14687,1.14356
2015-08-24 06:00:00,1.14358,1.14192,1.14726,1.14645
2015-08-24 07:00:00,1.14646,1.14518,1.14951,1.14835
2015-08-24 08:00:00,1.14836,1.14665,1.14995,1.14708
2015-08-24 09:00:00,1.14711,1.1456,1.14796,1.14786
2015-08-24 10:00:00,1.14789,1.14766,1.15045,1.14906
2015-08-24 11:00:00,1.14906,1.14792,1.15407,1.15044
2015-08-24 12:00:00,1.15042,1.14918,1.15701,1.15478
2015-08-24 13:00:00,1.15476,1.1547,1.17111,1.16679
2015-08-24 14:00:00,1.16681,1.15609,1.16694,1.15731
2015-08-24 15:00:00,1.1573,1.15631,1.16283,1.15775
2015-08-24 16:00:00,1.15774,1.1526,1.1593,1.15282
2015-08-24 17:00:00,1.15285,1.15175,1.15799,1.15734
2015-08-24 18:00:00,1.15734,1.15487,1.16001,1.15988
2015-08-24 19:00:00,1.15989,1.15691,1.16009,1.15994
2015-08-24 20:00:00,1.15997,1.15756,1.16209,1.16172
2015-08-24 21:00:00,1.16202,1.15714,1.16203,1.15772
2015-08-24 22:00:00,1.15763,1.15762,1.16039,1.1597
2015-08-24 23:00:00,1.15968,1.15746,1.15985,1.15796
2015-08-25 00:00:00,1.15795,1.15476,1.15839,1.15728
2015-08-25 01:00:00,1.15727,1.15309,1.15787,1.15352
2015-08-25 02:00:00,1.15353,1.15247,1.15503,1.15318
2015-08-25 03:00:00,1.15316,1.1531,1.15494,1.15405
2015-08-25 04:00:00,1.15406,1.15384,1.15561,1.15502
2015-08-25 05:00:00,1.15503,1.15374,1.15747,1.15669
2015-08-25 06:00:00,1.15662,1.15463,1.15771,1.15674
2015-08-25 07:00:00,1.15672,1.15239,1.15702,1.15263
2015-08-25 08:00:00,1.15262,1.15113,1.1563,1.1555
2015-08-25 09:00:00,1.15552,1.15277,1.15575,1.15376
2015-08-25 10:00:00,1.15377,1.1455,1.15401,1.14946
2015-08-25 11:00:00,1.14948,1.14774,1.15114,1.15017
2015-08-25 12:00:00,1.15014,1.14636,1.15179,1.14726
2015-08-25 13:00:00,1.14722,1.14518,1.14863,1.1461
2015-08-25 14:00:00,1.1461,1.14083,1.14761,1.14112
2015-08-25 15:00:00,1.14113,1.13951,1.14222,1.1409
2015-08-25 16:00:00,1.14089,1.14042,1.14226,1.14226
2015-08-25 17:00:00,1.14224,1.14133,1.14453,1.14337
2015-08-25 18:00:00,1.14336,1.14184,1.14404,1.14243
2015-08-25 19:00:00,1.14246,1.14207,1.1498,1.14912
2015-08-25 20:00:00,1.14908,1.14848,1.15365,1.15142
2015-08-25 21:00:00,1.15191,1.15036,1.15225,1.15179
2015-08-25 22:00:00,1.15183,1.15128,1.15361,1.15279
2015-08-25 23:00:00,1.15277,1.15179,1.15585,1.15525
2015-08-26 00:00:00,1.15525,1.15038,1.15604,1.15225
2015-08-26 01:00:00,1.15226,1.15078,1.15403,1.15201
2015-08-26 02:00:00,1.15205,1.15191,1.15379,1.15237
2015-08-26 03:00:00,1.15241,1.15026,1.15315,1.15216
2015-08-26 04:00:00,1.15213,1.14914,1.15225,1.14925
2015-08-26 05:00:00,1.14922,1.14708,1.14927,1.14738
2015-08-26 06:00:00,1.14738,1.14643,1.15036,1.14964
2015-08-26 07:00:00,1.14965,1.14895,1.15186,1.15122
2015-08-26 08:00:00,1.1512,1.14707,1.1512,1.14728
2015-08-26 09:00:00,1.14725,1.14497,1.14795,1.14554
2015-08-26 10:00:00,1.14552,1.14169,1.14681,1.14205
2015-08-26 11:00:00,1.14207,1.14057,1.14282,1.14081
2015-08-26 12:00:00,1.14079,1.13515,1.14146,1.13786
2015-08-26 13:00:00,1.13784,1.13659,1.13967,1.13788
2015-08-26 14:00:00,1.13786,1.13636,1.14367,1.1408
2015-08-26 15:00:00,1.14082,1.13824,1.14133,1.13877
2015-08-26 16:00:00,1.1388,1.13746,1.13993,1.1384
2015-08-26 17:00:00,1.1384,1.13587,1.13896,1.1364
2015-08-26 18:00:00,1.1364,1.13334,1.13675,1.13469
2015-08-26 19:00:00,1.13473,1.13214,1.13496,1.13351
2015-08-26 20:00:00,1.13352,1.12906,1.13368,1.13126
2015-08-26 21:00:00,1.13096,1.13077,1.13153,1.13123
2015-08-26 22:00:00,1.13121,1.1312,1.13392,1.1337
2015-08-26 23:00:00,1.13367,1.133,1.13406,1.13379
2015-08-27 00:00:00,1.1338,1.1328,1.13413,1.13328
2015-08-27 01:00:00,1.13328,1.13209,1.13372,1.13234
2015-08-27 02:00:00,1.13231,1.13222,1.13361,1.13359
2015-08-27 03:00:00,1.13359,1.13352,1.13517,1.13455
2015-08-27 04:00:00,1.13454,1.13451,1.1356,1.13508
2015-08-27 05:00:00,1.13507,1.13349,1.13531,1.13511
2015-08-27 06:00:00,1.13516,1.13276,1.13634,1.13291
2015-08-27 07:00:00,1.13291,1.12992,1.13397,1.13077
2015-08-27 08:00:00,1.13079,1.12761,1.13155,1.12822
2015-08-27 09:00:00,1.12826,1.12816,1.12998,1.12895
2015-08-27 10:00:00,1.12896,1.12746,1.12896,1.12858
2015-08-27 11:00:00,1.1286,1.12819,1.13062,1.13049
2015-08-27 12:00:00,1.13048,1.12355,1.13072,1.12431
2015-08-27 13:00:00,1.12431,1.12245,1.12617,1.12497
2015-08-27 14:00:00,1.12498,1.12074,1.12662,1.12147
2015-08-27 15:00:00,1.1215,1.12145,1.12486,1.12362
2015-08-27 16:00:00,1.12364,1.12023,1.12399,1.12355
2015-08-27 17:00:00,1.12353,1.12305,1.12555,1.12544
2015-08-27 18:00:00,1.12547,1.12461,1.12667,1.12661
2015-08-27 19:00:00,1.1266,1.12405,1.12779,1.12422
2015-08-27 20:00:00,1.12423,1.12368,1.12544,1.12439
2015-08-27 21:00:00,1.12411,1.1235,1.12479,1.12452
2015-08-27 22:00:00,1.12451,1.12388,1.12464,1.12413
2015-08-27 23:00:00,1.12415,1.12405,1.12505,1.12425
2015-08-28 00:00:00,1.12424,1.12313,1.12451,1.1235
2015-08-28 01:00:00,1.12347,1.12346,1.12496,1.12485
2015-08-28 02:00:00,1.1249,1.12441,1.12636,1.12597
2015-08-28 03:00:00,1.12598,1.12584,1.12647,1.12636
2015-08-28 04:00:00,1.12634,1.12505,1.12677,1.12533
2015-08-28 05:00:00,1.12533,1.12513,1.12658,1.12559
2015-08-28 06:00:00,1.12561,1.12513,1.12695,1.12632
2015-08-28 07:00:00,1.12632,1.1256,1.13042,1.12963
2015-08-28 08:00:00,1.12964,1.12864,1.13092,1.12878
2015-08-28 09:00:00,1.12874,1.12696,1.13004,1.12842
2015-08-28 10:00:00,1.1284,1.12673,1.12868,1.12792
2015-08-28 11:00:00,1.1279,1.12548,1.12836,1.12664
2015-08-28 12:00:00,1.12664,1.12424,1.12769,1.12437
2015-08-28 13:00:00,1.12435,1.12344,1.12547,1.12459
2015-08-28 14:00:00,1.12457,1.12144,1.12459,1.12155
2015-08-28 15:00:00,1.12157,1.11549,1.12356,1.11704
2015-08-28 16:00:00,1.11706,1.1158,1.11847,1.11833
2015-08-28 17:00:00,1.11835,1.11794,1.12186,1.12046
2015-08-28 18:00:00,1.12045,1.11769,1.12057,1.11818
2015-08-28 19:00:00,1.11816,1.11773,1.11874,1.11868
2015-08-28 20:00:00,1.11866,1.11783,1.11913,1.1181
2015-08-30 21:00:00,1.11695,1.11629,1.11777,1.11754
2015-08-30 22:00:00,1.1176,1.11739,1.12077,1.1197
2015-08-30 23:00:00,1.11969,1.11962,1.12146,1.12107
2015-08-31 00:00:00,1.12108,1.12034,1.12269,1.12224
2015-08-31 01:00:00,1.12222,1.12142,1.12306,1.12287
2015-08-31 02:00:00,1.12288,1.12264,1.12452,1.12399
2015-08-31 03:00:00,1.124,1.12335,1.12482,1.12467
2015-08-31 04:00:00,1.12469,1.12457,1.12612,1.12508
2015-08-31 05:00:00,1.12511,1.12425,1.12614,1.12491
2015-08-31 06:00:00,1.12493,1.12229,1.1253,1.12229
2015-08-31 07:00:00,1.1223,1.12057,1.12278,1.12159
2015-08-31 08:00:00,1.12157,1.11985,1.12254,1.12001
2015-08-31 09:00:00,1.11997,1.1196,1.12189,1.12032
2015-08-31 10:00:00,1.12027,1.11992,1.1211,1.12095
2015-08-31 11:00:00,1.12093,1.12034,1.12136,1.12085
2015-08-31 12:00:00,1.12087,1.12025,1.12345,1.12254
2015-08-31 13:00:00,1.12257,1.1223,1.1243,1.1232
2015-08-31 14:00:00,1.12318,1.11796,1.12371,1.12055
2015-08-31 15:00:00,1.12055,1.11911,1.12158,1.11931
2015-08-31 16:00:00,1.11932,1.11899,1.12174,1.12035
2015-08-31 17:00:00,1.12037,1.12029,1.12285,1.12249
2015-08-31 18:00:00,1.12245,1.12147,1.12388,1.12365
2015-08-31 19:00:00,1.12366,1.1217,1.12393,1.12174
2015-08-31 20:00:00,1.12174,1.12075,1.12214,1.12095
2015-08-31 21:00:00,1.12105,1.12077,1.12112,1.12088
2015-08-31 22:00:00,1.12084,1.12069,1.12191,1.12173
2015-08-31 23:00:00,1.12174,1.12144,1.12286,1.12234
2015-09-01 00:00:00,1.12235,1.12227,1.12478,1.12423
2015-09-01 01:00:00,1.12426,1.12361,1.12592,1.12575
2015-09-01 02:00:00,1.12577,1.12571,1.12764,1.12695
2015-09-01 03:00:00,1.12695,1.12612,1.12726,1.12688
2015-09-01 04:00:00,1.12686,1.12593,1.12744,1.12685
2015-09-01 05:00:00,1.12687,1.12634,1.1281,1.12784
2015-09-01 06:00:00,1.12786,1.12756,1.12979,1.12826
2015-09-01 07:00:00,1.12822,1.12615,1.13316,1.13184
2015-09-01 08:00:00,1.13186,1.12642,1.13248,1.12749
2015-09-01 09:00:00,1.12747,1.12524,1.12841,1.12576
2015-09-01 10:00:00,1.12576,1.1253,1.12725,1.12704
2015-09-01 11:00:00,1.12706,1.12427,1.12707,1.12491
2015-09-01 12:00:00,1.1249,1.12326,1.12639,1.12601
2015-09-01 13:00:00,1.12599,1.12419,1.12755,1.1253
2015-09-01 14:00:00,1.12542,1.12332,1.12806,1.12555
2015-09-01 15:00:00,1.12555,1.12474,1.12665,1.1263
2015-09-01 16:00:00,1.12629,1.12566,1.12808,1.127
2015-09-01 17:00:00,1.12698,1.12668,1.13126,1.13
2015-09-01 18:00:00,1.13,1.12889,1.13126,1.1292
2015-09-01 19:00:00,1.12919,1.12848,1.13063,1.12989
2015-09-01 20:00:00,1.12991,1.12959,1.13187,1.13136
2015-09-01 21:00:00,1.13095,1.13039,1.13186,1.13095
2015-09-01 22:00:00,1.13095,1.12958,1.13096,1.12973
2015-09-01 23:00:00,1.12974,1.12908,1.12995,1.12948
2015-09-02 00:00:00,1.12945,1.1264,1.12996,1.12661
2015-09-02 01:00:00,1.12662,1.126,1.12801,1.12636
2015-09-02 02:00:00,1.12633,1.12627,1.1286,1.1284
2015-09-02 03:00:00,1.12837,1.12703,1.12902,1.12748
2015-09-02 04:00:00,1.12746,1.12729,1.12854,1.12782
2015-09-02 05:00:00,1.12779,1.12718,1.12911,1.1284
2015-09-02 06:00:00,1.12841,1.12645,1.12869,1.12797
2015-09-02 07:00:00,1.12794,1.12416,1.1282,1.12577
2015-09-02 08:00:00,1.12574,1.12554,1.12902,1.12797
2015-09-02 09:00:00,1.12797,1.12608,1.12937,1.12634
2015-09-02 10:00:00,1.12632,1.12559,1.12766,1.12668
2015-09-02 11:00:00,1.12669,1.12528,1.12677,1.12644
2015-09-02 12:00:00,1.12644,1.12339,1.12687,1.12389
2015-09-02 13:00:00,1.12391,1.12241,1.12488,1.12379
2015-09-02 14:00:00,1.12381,1.12215,1.1247,1.12291
2015-09-02 15:00:00,1.1229,1.12244,1.12412,1.12393
2015-09-02 16:00:00,1.12392,1.12345,1.12494,1.12345
2015-09-02 17:00:00,1.12347,1.12342,1.12474,1.12432
2015-09-02 18:00:00,1.1243,1.12341,1.12449,1.12375
2015-09-02 19:00:00,1.12375,1.12158,1.12409,1.12269
2015-09-02 20:00:00,1.12267,1.12215,1.12356,1.12253
2015-09-02 21:00:00,1.12234,1.12189,1.12254,1.12229
2015-09-02 22:00:00,1.12235,1.12142,1.1224,1.12208
2015-09-02 23:00:00,1.12207,1.12102,1.12217,1.12112
2015-09-03 00:00:00,1.12113,1.12047,1.12179,1.12124
2015-09-03 01:00:00,1.12126,1.12126,1.12237,1.12208
2015-09-03 02:00:00,1.12206,1.12144,1.12219,1.12155
2015-09-03 03:00:00,1.12152,1.12118,1.12234,1.12221
2015-09-03 04:00:00,1.12221,1.12143,1.12225,1.12177
2015-09-03 05:00:00,1.12178,1.12178,1.12338,1.12325
2015-09-03 06:00:00,1.12325,1.12131,1.12345,1.12197
2015-09-03 07:00:00,1.12198,1.12198,1.12396,1.12338
2015-09-03 08:00:00,1.12344,1.12272,1.12429,1.12397
2015-09-03 09:00:00,1.12398,1.12273,1.12408,1.12301
2015-09-03 10:00:00,1.12302,1.12144,1.12305,1.12234
2015-09-03 11:00:00,1.12236,1.12157,1.12332,1.12314
2015-09-03 12:00:00,1.12315,1.11091,1.12366,1.11182
2015-09-03 13:00:00,1.11181,1.11062,1.11508,1.11305
2015-09-03 14:00:00,1.11299,1.10895,1.11299,1.10945
2015-09-03 15:00:00,1.10945,1.10867,1.11137,1.11017
2015-09-03 16:00:00,1.11018,1.10989,1.11218,1.11162
2015-09-03 17:00:00,1.11161,1.11121,1.11392,1.11317
2015-09-03 18:00:00,1.11317,1.11137,1.11359,1.11151
2015-09-03 19:00:00,1.11153,1.11135,1.11307,1.1124
2015-09-03 20:00:00,1.11238,1.11224,1.11332,1.11228
2015-09-03 21:00:00,1.11225,1.11154,1.11232,1.11167
2015-09-03 22:00:00,1.11173,1.11162,1.11219,1.11198
2015-09-03 23:00:00,1.11197,1.11149,1.11257,1.11232
2015-09-04 00:00:00,1.11231,1.11189,1.11338,1.11272
2015-09-04 01:00:00,1.11273,1.11208,1.11318,1.1125
2015-09-04 02:00:00,1.11251,1.11244,1.11324,1.11247
2015-09-04 03:00:00,1.11246,1.11197,1.11291,1.11235
2015-09-04 04:00:00,1.11237,1.11214,1.11386,1.11302
2015-09-04 05:00:00,1.11305,1.11217,1.11375,1.11353
2015-09-04 06:00:00,1.11349,1.1122,1.11379,1.11308
2015-09-04 07:00:00,1.11307,1.11278,1.11445,1.11441
2015-09-04 08:00:00,1.11441,1.1139,1.11609,1.11402
2015-09-04 09:00:00,1.11403,1.11356,1.11474,1.11406
2015-09-04 10:00:00,1.11407,1.11283,1.11415,1.11353
2015-09-04 11:00:00,1.11352,1.11342,1.11492,1.11461
2015-09-04 12:00:00,1.11463,1.10878,1.11844,1.11275
2015-09-04 13:00:00,1.11276,1.11068,1.1139,1.11182
2015-09-04 14:00:00,1.11182,1.10936,1.11248,1.11151
2015-09-04 15:00:00,1.1115,1.11045,1.11244,1.11159
2015-09-04 16:00:00,1.11161,1.11158,1.1147,1.11429
2015-09-04 17:00:00,1.11428,1.11415,1.11754,1.11658
2015-09-04 18:00:00,1.11659,1.11449,1.11668,1.11476
2015-09-04 19:00:00,1.11479,1.11315,1.11505,1.11435
2015-09-04 20:00:00,1.11432,1.11378,1.11545,1.11415
2015-09-06 21:00:00,1.11605,1.11539,1.11621,1.1155
2015-09-06 22:00:00,1.11552,1.11415,1.11552,1.11444
2015-09-06 23:00:00,1.11445,1.11442,1.11552,1.11533
2015-09-07 00:00:00,1.11529,1.11414,1.11737,1.11654
2015-09-07 01:00:00,1.11656,1.11455,1.11688,1.11535
2015-09-07 02:00:00,1.11537,1.1148,1.1156,1.11521
2015-09-07 03:00:00,1.11519,1.11429,1.1156,1.1145
2015-09-07 04:00:00,1.11452,1.11406,1.11489,1.11417
2015-09-07 05:00:00,1.11416,1.11409,1.11491,1.11426
2015-09-07 06:00:00,1.11426,1.11206,1.11476,1.11376
2015-09-07 07:00:00,1.11379,1.11301,1.11587,1.11557
2015-09-07 08:00:00,1.11558,1.11475,1.1164,1.11616
2015-09-07 09:00:00,1.11615,1.11558,1.11771,1.11658
2015-09-07 10:00:00,1.11656,1.11485,1.11695,1.11489
2015-09-07 11:00:00,1.1149,1.1142,1.11525,1.11448
2015-09-07 12:00:00,1.11446,1.11379,1.11478,1.11473
2015-09-07 13:00:00,1.11472,1.11468,1.1161,1.11562
2015-09-07 14:00:00,1.11559,1.11537,1.11677,1.11607
2015-09-07 15:00:00,1.11605,1.11531,1.11711,1.11644
2015-09-07 16:00:00,1.11644,1.11631,1.11723,1.11683
2015-09-07 17:00:00,1.11681,1.11645,1.11695,1.11695
2015-09-07 18:00:00,1.11696,1.11684,1.11709,1.11701
2015-09-07 19:00:00,1.11699,1.11633,1.11701,1.11633
2015-09-07 20:00:00,1.11633,1.11631,1.11715,1.11688
2015-09-07 21:00:00,1.11672,1.1164,1.11684,1.11674
2015-09-07 22:00:00,1.11674,1.11667,1.11732,1.11702
2015-09-07 23:00:00,1.11698,1.11581,1.11701,1.11588
2015-09-08 00:00:00,1.11588,1.11519,1.11697,1.11645
2015-09-08 01:00:00,1.11646,1.11624,1.1171,1.11631
2015-09-08 02:00:00,1.11629,1.11599,1.11685,1.1165
2015-09-08 03:00:00,1.11649,1.11607,1.12074,1.12038
2015-09-08 04:00:00,1.12038,1.12038,1.12226,1.12107
2015-09-08 05:00:00,1.12105,1.12016,1.12206,1.12037
2015-09-08 06:00:00,1.12039,1.11943,1.12289,1.11992
2015-09-08 07:00:00,1.11989,1.11703,1.11989,1.11783
2015-09-08 08:00:00,1.11785,1.11723,1.11888,1.11824
2015-09-08 09:00:00,1.11825,1.11556,1.11868,1.11596
2015-09-08 10:00:00,1.11598,1.11519,1.1163,1.11554
2015-09-08 11:00:00,1.11555,1.11534,1.11666,1.11602
2015-09-08 12:00:00,1.11601,1.11565,1.11762,1.11729
2015-09-08 13:00:00,1.11732,1.11687,1.11854,1.11758
2015-09-08 14:00:00,1.1176,1.11749,1.11966,1.11791
2015-09-08 15:00:00,1.11789,1.11789,1.11888,1.11798
2015-09-08 16:00:00,1.11797,1.1171,1.11867,1.11832
2015-09-08 17:00:00,1.11834,1.11754,1.11849,1.11757
2015-09-08 18:00:00,1.11755,1.1166,1.11871,1.11848
2015-09-08 19:00:00,1.11851,1.11851,1.12131,1.11993
2015-09-08 20:00:00,1.11993,1.11993,1.12125,1.12013
2015-09-08 21:00:00,1.11997,1.11988,1.12028,1.12022
2015-09-08 22:00:00,1.12017,1.12005,1.12083,1.1207
2015-09-08 23:00:00,1.12068,1.12043,1.12155,1.12056
2015-09-09 00:00:00,1.12058,1.11868,1.12065,1.11928
2015-09-09 01:00:00,1.1193,1.11895,1.12067,1.11963
2015-09-09 02:00:00,1.11963,1.11727,1.11986,1.1174
2015-09-09 03:00:00,1.11742,1.11719,1.11803,1.11739
2015-09-09 04:00:00,1.11737,1.11606,1.11737,1.11681
2015-09-09 05:00:00,1.1168,1.11527,1.11692,1.11545
2015-09-09 06:00:00,1.11545,1.1146,1.11643,1.11554
2015-09-09 07:00:00,1.11555,1.11534,1.11888,1.1178
2015-09-09 08:00:00,1.11782,1.11747,1.12067,1.11932
2015-09-09 09:00:00,1.1193,1.1176,1.11977,1.11771
2015-09-09 10:00:00,1.1177,1.11428,1.11782,1.11495
2015-09-09 11:00:00,1.11496,1.11353,1.11564,1.11377
2015-09-09 12:00:00,1.11378,1.11309,1.11457,1.11319
2015-09-09 13:00:00,1.11322,1.11316,1.11513,1.11454
2015-09-09 14:00:00,1.11455,1.11368,1.11801,1.11628
2015-09-09 15:00:00,1.11624,1.11479,1.11709,1.1164
2015-09-09 16:00:00,1.11639,1.11463,1.11641,1.11592
2015-09-09 17:00:00,1.11591,1.11515,1.11744,1.11668
2015-09-09 18:00:00,1.1167,1.11658,1.12051,1.11961
2015-09-09 19:00:00,1.11963,1.11866,1.12074,1.12059
2015-09-09 20:00:00,1.12057,1.11993,1.1208,1.12062
2015-09-09 21:00:00,1.12053,1.1203,1.12222,1.12145
2015-09-09 22:00:00,1.1214,1.12094,1.12237,1.12178
2015-09-09 23:00:00,1.1218,1.12121,1.12231,1.12176
2015-09-10 00:00:00,1.12176,1.12175,1.12442,1.12304
2015-09-10 01:00:00,1.12306,1.12121,1.12375,1.12143
2015-09-10 02:00:00,1.12143,1.1205,1.12164,1.12105
2015-09-10 03:00:00,1.12102,1.12024,1.12172,1.12077
2015-09-10 04:00:00,1.12077,1.11939,1.12174,1.12129
2015-09-10 05:00:00,1.12126,1.11971,1.12199,1.11999
2015-09-10 06:00:00,1.12,1.11973,1.1231,1.12095
2015-09-10 07:00:00,1.12093,1.11814,1.12157,1.11921
2015-09-10 08:00:00,1.11923,1.11861,1.11986,1.11963
2015-09-10 09:00:00,1.11964,1.11709,1.12068,1.11824
2015-09-10 10:00:00,1.11825,1.11824,1.11989,1.11902
2015-09-10 11:00:00,1.119,1.11816,1.1199,1.11975
2015-09-10 12:00:00,1.11978,1.11822,1.1218,1.12105
2015-09-10 13:00:00,1.12107,1.11978,1.12132,1.12103
2015-09-10 14:00:00,1.12105,1.12097,1.1229,1.12141
2015-09-10 15:00:00,1.1214,1.12118,1.12788,1.12624
2015-09-10 16:00:00,1.12621,1.12546,1.1282,1.12627
2015-09-10 17:00:00,1.12628,1.12626,1.12941,1.12786
2015-09-10 18:00:00,1.12786,1.1276,1.12891,1.12843
2015-09-10 19:00:00,1.12845,1.12755,1.12919,1.12793
2015-09-10 20:00:00,1.12791,1.12684,1.12839,1.12773
2015-09-10 21:00:00,1.12776,1.12707,1.12803,1.12747
2015-09-10 22:00:00,1.12744,1.12732,1.12937,1.12871
2015-09-10 23:00:00,1.12872,1.12788,1.1301,1.12813
2015-09-11 00:00:00,1.12813,1.12734,1.12844,1.12774
2015-09-11 01:00:00,1.12778,1.1275,1.12811,1.12793
2015-09-11 02:00:00,1.12794,1.1275,1.12829,1.12813
2015-09-11 03:00:00,1.12812,1.12802,1.12844,1.12813
2015-09-11 04:00:00,1.12815,1.1281,1.1287,1.12863
2015-09-11 05:00:00,1.12865,1.12854,1.12951,1.12887
2015-09-11 06:00:00,1.12889,1.12744,1.13037,1.12835
2015-09-11 07:00:00,1.12836,1.12785,1.13094,1.12849
2015-09-11 08:00:00,1.1285,1.12822,1.13033,1.12902
2015-09-11 09:00:00,1.129,1.12593,1.12928,1.12691
2015-09-11 10:00:00,1.12688,1.12604,1.12742,1.12678
2015-09-11 11:00:00,1.12678,1.12535,1.12737,1.12635
2015-09-11 12:00:00,1.12636,1.12596,1.1283,1.12779
2015-09-11 13:00:00,1.1278,1.12737,1.1294,1.1286
2015-09-11 14:00:00,1.12862,1.12768,1.12987,1.12787
2015-09-11 15:00:00,1.12788,1.12781,1.13437,1.13356
2015-09-11 16:00:00,1.13354,1.1329,1.13476,1.1344
2015-09-11 17:00:00,1.13442,1.1338,1.13475,1.13463
2015-09-11 18:00:00,1.13462,1.13333,1.13489,1.13357
2015-09-11 19:00:00,1.13356,1.13323,1.13419,1.13414
2015-09-11 20:00:00,1.13414,1.13268,1.13415,1.13338
2015-09-13 21:00:00,1.13302,1.13243,1.1337,1.13366
2015-09-13 22:00:00,1.13362,1.1334,1.13584,1.13432
2015-09-13 23:00:00,1.13433,1.13384,1.13442,1.13417
2015-09-14 00:00:00,1.13415,1.13394,1.13501,1.13475
2015-09-14 01:00:00,1.13476,1.13402,1.13477,1.13436
2015-09-14 02:00:00,1.13438,1.13398,1.13454,1.13428
2015-09-14 03:00:00,1.1343,1.13424,1.13525,1.13515
2015-09-14 04:00:00,1.13516,1.13415,1.13518,1.13428
2015-09-14 05:00:00,1.13426,1.13327,1.13439,1.1338
2015-09-14 06:00:00,1.13377,1.13369,1.13681,1.13631
2015-09-14 07:00:00,1.1363,1.13287,1.13724,1.13366
2015-09-14 08:00:00,1.13367,1.13336,1.1346,1.13366
2015-09-14 09:00:00,1.13366,1.13234,1.13376,1.13339
2015-09-14 10:00:00,1.13338,1.13106,1.13338,1.13207
2015-09-14 11:00:00,1.13209,1.13132,1.13267,1.13226
2015-09-14 12:00:00,1.13227,1.12977,1.13231,1.13008
2015-09-14 13:00:00,1.13009,1.12986,1.13207,1.13193
2015-09-14 14:00:00,1.13195,1.12826,1.13195,1.12834
2015-09-14 15:00:00,1.12832,1.12832,1.13131,1.13057
2015-09-14 16:00:00,1.13056,1.13034,1.13188,1.13183
2015-09-14 17:00:00,1.13181,1.13093,1.13198,1.13098
2015-09-14 18:00:00,1.13095,1.13036,1.1314,1.13133
2015-09-14 19:00:00,1.13134,1.13089,1.13237,1.13228
2015-09-14 20:00:00,1.13232,1.13136,1.13237,1.13154
2015-09-14 21:00:00,1.13166,1.13135,1.13186,1.13151
2015-09-14 22:00:00,1.13153,1.13093,1.1316,1.13095
2015-09-14 23:00:00,1.13098,1.13045,1.1311,1.13075
2015-09-15 00:00:00,1.13075,1.13001,1.13102,1.13046
2015-09-15 01:00:00,1.13047,1.13047,1.1315,1.13117
2015-09-15 02:00:00,1.13119,1.13095,1.13188,1.1318
2015-09-15 03:00:00,1.13182,1.13161,1.1328,1.13199
2015-09-15 04:00:00,1.13198,1.13116,1.13202,1.13166
2015-09-15 05:00:00,1.13169,1.1309,1.13217,1.1321
2015-09-15 06:00:00,1.1321,1.12844,1.13236,1.12877
2015-09-15 07:00:00,1.12878,1.12832,1.13089,1.13068
2015-09-15 08:00:00,1.13067,1.12972,1.13206,1.13016
2015-09-15 09:00:00,1.13017,1.1296,1.13201,1.13068
2015-09-15 10:00:00,1.13069,1.12979,1.13157,1.13038
2015-09-15 11:00:00,1.13036,1.12982,1.13196,1.13188
2015-09-15 12:00:00,1.13187,1.12928,1.13282,1.13036
2015-09-15 13:00:00,1.13035,1.12963,1.13137,1.13072
2015-09-15 14:00:00,1.13073,1.12681,1.13125,1.12731
2015-09-15 15:00:00,1.12732,1.12577,1.12808,1.12593
2015-09-15 16:00:00,1.1259,1.12586,1.12824,1.12824
2015-09-15 17:00:00,1.12823,1.12605,1.1286,1.12638
2015-09-15 18:00:00,1.12639,1.12639,1.12806,1.12716
2015-09-15 19:00:00,1.12715,1.12616,1.12759,1.12679
2015-09-15 20:00:00,1.12678,1.12653,1.12728,1.12674
2015-09-15 21:00:00,1.1268,1.12621,1.12681,1.12635
2015-09-15 22:00:00,1.12636,1.12624,1.12709,1.12705
2015-09-15 23:00:00,1.12704,1.12691,1.12749,1.12695
2015-09-16 00:00:00,1.12698,1.12696,1.12799,1.12778
2015-09-16 01:00:00,1.12781,1.12778,1.12855,1.12839
2015-09-16 02:00:00,1.12838,1.12811,1.12893,1.12888
2015-09-16 03:00:00,1.12888,1.12883,1.12979,1.12907
2015-09-16 04:00:00,1.12907,1.12879,1.1295,1.12941
2015-09-16 05:00:00,1.12942,1.12788,1.12942,1.12801
2015-09-16 06:00:00,1.128,1.12648,1.1286,1.12761
2015-09-16 07:00:00,1.12764,1.1246,1.12776,1.12644
2015-09-16 08:00:00,1.12646,1.12448,1.1269,1.12523
2015-09-16 09:00:00,1.12517,1.12267,1.12539,1.12326
2015-09-16 10:00:00,1.12327,1.12185,1.1238,1.12228
2015-09-16 11:00:00,1.12226,1.12132,1.12257,1.12242
2015-09-16 12:00:00,1.1224,1.12187,1.12718,1.1267
2015-09-16 13:00:00,1.12671,1.12662,1.12802,1.12777
2015-09-16 14:00:00,1.12775,1.12774,1.13123,1.1293
2015-09-16 15:00:00,1.12931,1.12902,1.13072,1.13026
2015-09-16 16:00:00,1.13026,1.12984,1.13197,1.13081
2015-09-16 17:00:00,1.13084,1.12976,1.13137,1.12988
2015-09-16 18:00:00,1.12987,1.12747,1.12997,1.12755
2015-09-16 19:00:00,1.12758,1.1274,1.12861,1.12856
2015-09-16 20:00:00,1.12859,1.12817,1.12916,1.12894
2015-09-16 21:00:00,1.12891,1.12842,1.12911,1.12872
2015-09-16 22:00:00,1.12876,1.12876,1.1292,1.12912
2015-09-16 23:00:00,1.12911,1.12856,1.12932,1.129
2015-09-17 00:00:00,1.12899,1.12892,1.13022,1.12932
2015-09-17 01:00:00,1.12934,1.12921,1.13091,1.13063
2015-09-17 02:00:00,1.13064,1.13025,1.13173,1.13054
2015-09-17 03:00:00,1.13053,1.12975,1.13065,1.12991
2015-09-17 04:00:00,1.12992,1.12934,1.13015,1.12954
2015-09-17 05:00:00,1.12953,1.12844,1.12975,1.12904
2015-09-17 06:00:00,1.12906,1.12834,1.13107,1.13013
2015-09-17 07:00:00,1.13016,1.1287,1.13246,1.13223
2015-09-17 08:00:00,1.13221,1.13197,1.13372,1.13291
2015-09-17 09:00:00,1.13293,1.13121,1.13349,1.13124
2015-09-17 10:00:00,1.13125,1.13104,1.13256,1.13241
2015-09-17 11:00:00,1.13238,1.13126,1.13239,1.13162
2015-09-17 12:00:00,1.13164,1.13098,1.13281,1.13274
2015-09-17 13:00:00,1.13274,1.13143,1.13274,1.1316
2015-09-17 14:00:00,1.13169,1.13054,1.13282,1.13067
2015-09-17 15:00:00,1.1307,1.13008,1.13227,1.13097
2015-09-17 16:00:00,1.13098,1.12936,1.13135,1.13035
2015-09-17 17:00:00,1.13038,1.13021,1.13617,1.13503
2015-09-17 18:00:00,1.13484,1.13288,1.14199,1.13935
2015-09-17 19:00:00,1.13932,1.13799,1.14405,1.14381
2015-09-17 20:00:00,1.14381,1.14144,1.14382,1.14334
2015-09-17 21:00:00,1.14307,1.14142,1.14311,1.14146
2015-09-17 22:00:00,1.1415,1.14124,1.14216,1.14136
2015-09-17 23:00:00,1.14134,1.13891,1.14154,1.14017
2015-09-18 00:00:00,1.14015,1.13976,1.1418,1.14029
2015-09-18 01:00:00,1.14031,1.13952,1.14105,1.14001
2015-09-18 02:00:00,1.14004,1.13999,1.14073,1.14063
2015-09-18 03:00:00,1.14061,1.13908,1.14061,1.13952
2015-09-18 04:00:00,1.13955,1.13932,1.14099,1.14039
2015-09-18 05:00:00,1.14037,1.14008,1.1412,1.14115
2015-09-18 06:00:00,1.14115,1.13945,1.14129,1.13962
2015-09-18 07:00:00,1.1396,1.13956,1.14335,1.14315
2015-09-18 08:00:00,1.14317,1.14285,1.14522,1.14482
2015-09-18 09:00:00,1.14478,1.14396,1.14596,1.14485
2015-09-18 10:00:00,1.14487,1.142,1.1452,1.14237
2015-09-18 11:00:00,1.14239,1.14221,1.1439,1.14305
2015-09-18 12:00:00,1.14303,1.1409,1.14304,1.1422
2015-09-18 13:00:00,1.14223,1.13961,1.14284,1.14
2015-09-18 14:00:00,1.14005,1.13673,1.14094,1.13701
2015-09-18 15:00:00,1.13704,1.13499,1.1378,1.13571
2015-09-18 16:00:00,1.13572,1.13564,1.13779,1.13661
2015-09-18 17:00:00,1.13663,1.1354,1.1367,1.13593
2015-09-18 18:00:00,1.13596,1.13454,1.13629,1.13512
2015-09-18 19:00:00,1.13512,1.12682,1.13528,1.12813
2015-09-18 20:00:00,1.12809,1.12801,1.13034,1.12949
2015-09-20 21:00:00,1.12805,1.1276,1.12878,1.12847
2015-09-20 22:00:00,1.12851,1.1281,1.12962,1.1293
2015-09-20 23:00:00,1.12931,1.12823,1.12935,1.12902
2015-09-21 00:00:00,1.12899,1.12837,1.13063,1.13049
2015-09-21 01:00:00,1.13051,1.13029,1.13138,1.13037
2015-09-21 02:00:00,1.13034,1.13018,1.13115,1.13089
2015-09-21 03:00:00,1.13087,1.1303,1.1319,1.13189
2015-09-21 04:00:00,1.13187,1.13134,1.13212,1.13139
2015-09-21 05:00:00,1.13139,1.12994,1.13141,1.13056
2015-09-21 06:00:00,1.1306,1.12879,1.13192,1.1302
2015-09-21 07:00:00,1.13022,1.12944,1.13221,1.132
2015-09-21 08:00:00,1.13201,1.12964,1.13294,1.12965
2015-09-21 09:00:00,1.12962,1.12813,1.12989,1.12841
2015-09-21 10:00:00,1.12839,1.12731,1.12881,1.1281
2015-09-21 11:00:00,1.12813,1.12505,1.12816,1.12515
2015-09-21 12:00:00,1.12518,1.12337,1.12547,1.12445
2015-09-21 13:00:00,1.12446,1.12343,1.12533,1.12455
2015-09-21 14:00:00,1.12454,1.11844,1.12532,1.11928
2015-09-21 15:00:00,1.1193,1.11798,1.12033,1.12033
2015-09-21 16:00:00,1.12035,1.11994,1.12162,1.12118
2015-09-21 17:00:00,1.12117,1.11893,1.1212,1.11933
2015-09-21 18:00:00,1.11934,1.11873,1.11966,1.11895
2015-09-21 19:00:00,1.11895,1.11895,1.11986,1.11937
2015-09-21 20:00:00,1.11935,1.11874,1.11961,1.11879
2015-09-21 21:00:00,1.11888,1.11853,1.11902,1.11882
2015-09-21 22:00:00,1.11879,1.1182,1.11901,1.1186
2015-09-21 23:00:00,1.11862,1.11848,1.11893,1.11877
2015-09-22 00:00:00,1.11876,1.11862,1.11965,1.1194
2015-09-22 01:00:00,1.1194,1.11933,1.12019,1.12019
2015-09-22 02:00:00,1.12017,1.11981,1.12055,1.11999
2015-09-22 03:00:00,1.12,1.11955,1.12012,1.12012
2015-09-22 04:00:00,1.12013,1.11964,1.12026,1.12006
2015-09-22 05:00:00,1.12009,1.11823,1.12009,1.1185
2015-09-22 06:00:00,1.1185,1.11544,1.11884,1.11716
2015-09-22 07:00:00,1.11717,1.11674,1.11902,1.11761
2015-09-22 08:00:00,1.11763,1.1161,1.12071,1.11959
2015-09-22 09:00:00,1.11959,1.11776,1.12001,1.11885
2015-09-22 10:00:00,1.11883,1.11569,1.11888,1.11582
2015-09-22 11:00:00,1.11584,1.11543,1.11718,1.11592
2015-09-22 12:00:00,1.11591,1.11472,1.11651,1.11539
2015-09-22 13:00:00,1.11537,1.11362,1.1169,1.11509
2015-09-22 14:00:00,1.1151,1.1129,1.11549,1.11324
2015-09-22 15:00:00,1.11326,1.11288,1.11488,1.11313
2015-09-22 16:00:00,1.11314,1.11125,1.11373,1.11236
2015-09-22 17:00:00,1.11233,1.11172,1.11271,1.11237
2015-09-22 18:00:00,1.1124,1.11177,1.11325,1.11308
2015-09-22 19:00:00,1.11311,1.11284,1.11397,1.11324
2015-09-22 20:00:00,1.11327,1.11244,1.11332,1.11262
2015-09-22 21:00:00,1.11242,1.11208,1.11291,1.11251
2015-09-22 22:00:00,1.11253,1.11228,1.11312,1.11304
2015-09-22 23:00:00,1.11305,1.11153,1.11328,1.11194
2015-09-23 00:00:00,1.11192,1.11046,1.11209,1.11069
2015-09-23 01:00:00,1.1107,1.11069,1.11253,1.11223
2015-09-23 02:00:00,1.11223,1.11164,1.1136,1.11312
2015-09-23 03:00:00,1.11311,1.11306,1.11393,1.11338
2015-09-23 04:00:00,1.11341,1.11316,1.11398,1.11347
2015-09-23 05:00:00,1.11349,1.11235,1.11354,1.11238
2015-09-23 06:00:00,1.1124,1.11101,1.11385,1.1136
2015-09-23 07:00:00,1.11364,1.11115,1.11539,1.11181
2015-09-23 08:00:00,1.11183,1.11067,1.11317,1.11119
2015-09-23 09:00:00,1.1112,1.11102,1.1142,1.11296
2015-09-23 10:00:00,1.11294,1.11266,1.11729,1.116
2015-09-23 11:00:00,1.11597,1.11514,1.11749,1.11618
2015-09-23 12:00:00,1.11619,1.11219,1.11623,1.11309
2015-09-23 13:00:00,1.11307,1.11143,1.11869,1.11762
2015-09-23 14:00:00,1.11761,1.11382,1.11899,1.11434
2015-09-23 15:00:00,1.11436,1.11388,1.11631,1.11596
2015-09-23 16:00:00,1.11595,1.1158,1.11815,1.11726
2015-09-23 17:00:00,1.11723,1.11705,1.12065,1.11947
2015-09-23 18:00:00,1.11943,1.11913,1.12126,1.12036
2015-09-23 19:00:00,1.12037,1.11795,1.12063,1.11816
2015-09-23 20:00:00,1.11817,1.11765,1.11841,1.1184
2015-09-23 21:00:00,1.11829,1.1181,1.11883,1.11867
2015-09-23 22:00:00,1.11863,1.11817,1.11898,1.1186
2015-09-23 23:00:00,1.1186,1.1175,1.11884,1.11867
2015-09-24 00:00:00,1.11865,1.11774,1.11911,1.11804
2015-09-24 01:00:00,1.11802,1.11635,1.1182,1.1165
2015-09-24 02:00:00,1.11652,1.11652,1.11885,1.11861
2015-09-24 03:00:00,1.11856,1.11822,1.11921,1.11887
2015-09-24 04:00:00,1.11885,1.11778,1.11948,1.11913
2015-09-24 05:00:00,1.11913,1.11871,1.11981,1.11901
2015-09-24 06:00:00,1.11901,1.11804,1.12172,1.1203
2015-09-24 07:00:00,1.12027,1.11994,1.12186,1.12103
2015-09-24 08:00:00,1.12102,1.11833,1.12226,1.11983
2015-09-24 09:00:00,1.11982,1.11923,1.12132,1.12001
2015-09-24 10:00:00,1.11997,1.11974,1.12373,1.12289
2015-09-24 11:00:00,1.12287,1.1225,1.12563,1.12506
2015-09-24 12:00:00,1.12506,1.12356,1.12555,1.12505
2015-09-24 13:00:00,1.12504,1.12498,1.1274,1.12644
2015-09-24 14:00:00,1.12647,1.12398,1.12953,1.12918
2015-09-24 15:00:00,1.1292,1.12495,1.12929,1.12518
2015-09-24 16:00:00,1.1252,1.12359,1.12542,1.12542
2015-09-24 17:00:00,1.12542,1.12292,1.12579,1.12346
2015-09-24 18:00:00,1.12343,1.12152,1.12369,1.12175
2015-09-24 19:00:00,1.12174,1.12153,1.12271,1.12232
2015-09-24 20:00:00,1.12234,1.12049,1.12321,1.12308
2015-09-24 21:00:00,1.12092,1.11673,1.12224,1.11736
2015-09-24 22:00:00,1.11736,1.11584,1.11874,1.1176
2015-09-24 23:00:00,1.11764,1.11731,1.11808,1.11793
2015-09-25 00:00:00,1.11793,1.11642,1.11855,1.11689
2015-09-25 01:00:00,1.1169,1.11668,1.11825,1.11791
2015-09-25 02:00:00,1.11793,1.11711,1.11837,1.11737
2015-09-25 03:00:00,1.11736,1.1166,1.11737,1.11688
2015-09-25 04:00:00,1.11685,1.11675,1.11762,1.11679
2015-09-25 05:00:00,1.11678,1.11628,1.11716,1.11716
2015-09-25 06:00:00,1.11713,1.1148,1.11755,1.11615
2015-09-25 07:00:00,1.11616,1.11262,1.11623,1.11264
2015-09-25 08:00:00,1.11262,1.11155,1.1144,1.1139
2015-09-25 09:00:00,1.1139,1.11364,1.11654,1.11579
2015-09-25 10:00:00,1.11578,1.11529,1.1177,1.11698
2015-09-25 11:00:00,1.11697,1.11489,1.11701,1.1163
2015-09-25 12:00:00,1.11628,1.11243,1.11632,1.11561
2015-09-25 13:00:00,1.11561,1.11514,1.11935,1.11741
2015-09-25 14:00:00,1.11736,1.11689,1.11964,1.11728
2015-09-25 15:00:00,1.11731,1.11609,1.12067,1.11901
2015-09-25 16:00:00,1.119,1.11785,1.12023,1.11856
2015-09-25 17:00:00,1.11859,1.11693,1.11899,1.11819
2015-09-25 18:00:00,1.11818,1.11759,1.11985,1.11874
2015-09-25 19:00:00,1.11877,1.11873,1.12122,1.12037
2015-09-25 20:00:00,1.12035,1.11874,1.12078,1.11914
2015-09-27 21:00:00,1.11815,1.11813,1.11945,1.11897
2015-09-27 22:00:00,1.11906,1.11866,1.11945,1.11917
2015-09-27 23:00:00,1.11913,1.11865,1.12,1.11987
2015-09-28 00:00:00,1.11984,1.11926,1.12137,1.11949
2015-09-28 01:00:00,1.11952,1.11832,1.11991,1.11837
2015-09-28 02:00:00,1.11837,1.11831,1.11992,1.11991
2015-09-28 03:00:00,1.11989,1.11871,1.12016,1.11895
2015-09-28 04:00:00,1.11893,1.11802,1.119,1.11834
2015-09-28 05:00:00,1.11833,1.11729,1.1186,1.11823
2015-09-28 06:00:00,1.11821,1.11655,1.11857,1.11672
2015-09-28 07:00:00,1.1167,1.11638,1.11919,1.11899
2015-09-28 08:00:00,1.119,1.11757,1.11993,1.11797
2015-09-28 09:00:00,1.11796,1.11784,1.12024,1.11884
2015-09-28 10:00:00,1.11884,1.11723,1.11928,1.11783
2015-09-28 11:00:00,1.11782,1.1165,1.11782,1.11745
2015-09-28 12:00:00,1.11744,1.11497,1.11783,1.11564
2015-09-28 13:00:00,1.11562,1.11457,1.11722,1.11656
2015-09-28 14:00:00,1.11653,1.1165,1.12154,1.12029
2015-09-28 15:00:00,1.12031,1.11963,1.12427,1.12341
2015-09-28 16:00:00,1.12343,1.12243,1.12432,1.12374
2015-09-28 17:00:00,1.12374,1.12313,1.12472,1.1235
2015-09-28 18:00:00,1.1235,1.12233,1.12433,1.12298
2015-09-28 19:00:00,1.12298,1.1224,1.12375,1.12323
2015-09-28 20:00:00,1.1232,1.1229,1.12436,1.12433
2015-09-28 21:00:00,1.12434,1.12388,1.12456,1.12394
2015-09-28 22:00:00,1.12395,1.12318,1.12404,1.12335
2015-09-28 23:00:00,1.12334,1.12267,1.1236,1.12288
2015-09-29 00:00:00,1.12291,1.12291,1.12557,1.12427
2015-09-29 01:00:00,1.12428,1.12415,1.12632,1.12553
2015-09-29 02:00:00,1.12551,1.12491,1.12582,1.12549
2015-09-29 03:00:00,1.12552,1.12475,1.12577,1.12548
2015-09-29 04:00:00,1.12548,1.12513,1.12644,1.12615
2015-09-29 05:00:00,1.12618,1.12599,1.127,1.12637
2015-09-29 06:00:00,1.12639,1.1261,1.12807,1.12677
2015-09-29 07:00:00,1.12679,1.1241,1.12795,1.126
2015-09-29 08:00:00,1.12602,1.12184,1.12622,1.12265
2015-09-29 09:00:00,1.12264,1.1218,1.1243,1.1236
2015-09-29 10:00:00,1.1236,1.12193,1.12371,1.12349
2015-09-29 11:00:00,1.12347,1.12182,1.12379,1.12247
2015-09-29 12:00:00,1.12244,1.11934,1.12244,1.12044
2015-09-29 13:00:00,1.12046,1.11948,1.12445,1.12304
2015-09-29 14:00:00,1.12296,1.12111,1.12404,1.12172
2015-09-29 15:00:00,1.12176,1.12167,1.12457,1.1244
2015-09-29 16:00:00,1.1244,1.12424,1.12672,1.12599
2015-09-29 17:00:00,1.12599,1.1242,1.1264,1.1243
2015-09-29 18:00:00,1.12432,1.12283,1.12585,1.1258
2015-09-29 19:00:00,1.12578,1.12462,1.12653,1.12505
2015-09-29 20:00:00,1.12508,1.12463,1.12547,1.12475
2015-09-29 21:00:00,1.12476,1.12471,1.12531,1.12507
2015-09-29 22:00:00,1.12508,1.12469,1.12566,1.12562
2015-09-29 23:00:00,1.12563,1.12471,1.12565,1.12525
2015-09-30 00:00:00,1.12528,1.12466,1.12606,1.12468
2015-09-30 01:00:00,1.12471,1.12397,1.1256,1.12487
2015-09-30 02:00:00,1.12488,1.12486,1.12551,1.12547
2015-09-30 03:00:00,1.12546,1.12516,1.12588,1.12579
2015-09-30 04:00:00,1.12579,1.12517,1.12599,1.12543
2015-09-30 05:00:00,1.12546,1.12371,1.12548,1.124
2015-09-30 06:00:00,1.12397,1.12194,1.12397,1.12196
2015-09-30 07:00:00,1.12194,1.12117,1.12321,1.12289
2015-09-30 08:00:00,1.1229,1.12144,1.12323,1.12257
2015-09-30 09:00:00,1.12253,1.12129,1.12359,1.12166
2015-09-30 10:00:00,1.12165,1.12013,1.12189,1.12148
2015-09-30 11:00:00,1.1215,1.12048,1.12246,1.12095
2015-09-30 12:00:00,1.12096,1.1183,1.12108,1.11932
2015-09-30 13:00:00,1.11932,1.11747,1.11958,1.11856
2015-09-30 14:00:00,1.11856,1.11575,1.11894,1.11645
2015-09-30 15:00:00,1.11646,1.11566,1.11738,1.11611
2015-09-30 16:00:00,1.1161,1.11577,1.11819,1.11812
2015-09-30 17:00:00,1.11813,1.11646,1.11857,1.11698
2015-09-30 18:00:00,1.11696,1.11634,1.11775,1.11654
2015-09-30 19:00:00,1.11656,1.11614,1.11758,1.11746
2015-09-30 20:00:00,1.11742,1.11728,1.11785,1.11757
2015-09-30 21:00:00,1.11738,1.11675,1.11778,1.11719
2015-09-30 22:00:00,1.11714,1.11682,1.1172,1.11708
2015-09-30 23:00:00,1.1171,1.1168,1.11735,1.11696
2015-10-01 00:00:00,1.11695,1.11675,1.11752,1.11719
2015-10-01 01:00:00,1.11721,1.11538,1.11728,1.11583
2015-10-01 02:00:00,1.11583,1.11582,1.11672,1.11648
2015-10-01 03:00:00,1.11646,1.11451,1.11649,1.11469
2015-10-01 04:00:00,1.11468,1.11437,1.11494,1.11489
2015-10-01 05:00:00,1.11491,1.11391,1.11515,1.11434
2015-10-01 06:00:00,1.11432,1.11365,1.11491,1.11412
2015-10-01 07:00:00,1.11408,1.11343,1.11611,1.11445
2015-10-01 08:00:00,1.11445,1.11387,1.11671,1.11629
2015-10-01 09:00:00,1.11628,1.11431,1.11671,1.11479
2015-10-01 10:00:00,1.1148,1.11457,1.11595,1.11462
2015-10-01 11:00:00,1.11462,1.11435,1.11614,1.11537
2015-10-01 12:00:00,1.11538,1.11508,1.117,1.11617
2015-10-01 13:00:00,1.1162,1.11563,1.11951,1.11922
2015-10-01 14:00:00,1.11913,1.11842,1.1205,1.11923
2015-10-01 15:00:00,1.11899,1.11865,1.12022,1.1199
2015-10-01 16:00:00,1.11989,1.11875,1.12063,1.11954
2015-10-01 17:00:00,1.11955,1.119,1.12003,1.11961
2015-10-01 18:00:00,1.11962,1.11809,1.11982,1.11824
2015-10-01 19:00:00,1.11823,1.11817,1.11932,1.11871
2015-10-01 20:00:00,1.11869,1.118,1.11937,1.11931
2015-10-01 21:00:00,1.11906,1.11842,1.11931,1.11853
2015-10-01 22:00:00,1.11848,1.11848,1.11945,1.11903
2015-10-01 23:00:00,1.11899,1.11874,1.11942,1.11912
2015-10-02 00:00:00,1.11908,1.11811,1.11927,1.11893
2015-10-02 01:00:00,1.1189,1.11872,1.12,1.11968
2015-10-02 02:00:00,1.11967,1.11879,1.12033,1.1189
2015-10-02 03:00:00,1.11888,1.11776,1.11894,1.1179
2015-10-02 04:00:00,1.11793,1.11749,1.11835,1.11749
2015-10-02 05:00:00,1.11747,1.11731,1.11797,1.11789
2015-10-02 06:00:00,1.11788,1.11673,1.1181,1.11729
2015-10-02 07:00:00,1.11729,1.11594,1.11731,1.11646
2015-10-02 08:00:00,1.11647,1.11598,1.11701,1.11623
2015-10-02 09:00:00,1.1162,1.11564,1.11689,1.11614
2015-10-02 10:00:00,1.11612,1.11496,1.11635,1.11616
2015-10-02 11:00:00,1.11617,1.1156,1.1165,1.11582
2015-10-02 12:00:00,1.11581,1.11468,1.13149,1.12862
2015-10-02 13:00:00,1.12863,1.12726,1.13113,1.12866
2015-10-02 14:00:00,1.12861,1.12673,1.13177,1.12738
2015-10-02 15:00:00,1.12737,1.12563,1.12777,1.12748
2015-10-02 16:00:00,1.12747,1.12336,1.12847,1.1241
2015-10-02 17:00:00,1.1241,1.12075,1.12439,1.12294
2015-10-02 18:00:00,1.12296,1.1213,1.12314,1.12305
2015-10-02 19:00:00,1.12303,1.11993,1.1231,1.12023
2015-10-02 20:00:00,1.12022,1.12021,1.12196,1.12084
2015-10-04 21:00:00,1.1217,1.12158,1.12218,1.12159
2015-10-04 22:00:00,1.12165,1.12063,1.12186,1.12151
2015-10-04 23:00:00,1.12152,1.12123,1.12241,1.12186
2015-10-05 00:00:00,1.12185,1.1215,1.1226,1.12206
2015-10-05 01:00:00,1.12208,1.12199,1.12436,1.12435
2015-10-05 02:00:00,1.12433,1.12366,1.12464,1.12387
2015-10-05 03:00:00,1.12385,1.12245,1.12385,1.1225
2015-10-05 04:00:00,1.12249,1.12216,1.12359,1.12327
2015-10-05 05:00:00,1.12324,1.12296,1.12381,1.12305
2015-10-05 06:00:00,1.123,1.12251,1.12433,1.12347
2015-10-05 07:00:00,1.1235,1.12209,1.12589,1.1248
2015-10-05 08:00:00,1.12479,1.12439,1.12644,1.12581
2015-10-05 09:00:00,1.1258,1.12572,1.12886,1.12783
2015-10-05 10:00:00,1.12782,1.12356,1.12799,1.12441
2015-10-05 11:00:00,1.12439,1.12213,1.12495,1.12277
2015-10-05 12:00:00,1.1228,1.12093,1.12423,1.12112
2015-10-05 13:00:00,1.12114,1.1198,1.1218,1.12101
2015-10-05 14:00:00,1.12093,1.12039,1.1224,1.12123
2015-10-05 15:00:00,1.12123,1.11938,1.12189,1.11968
2015-10-05 16:00:00,1.11966,1.11725,1.11993,1.11863
2015-10-05 17:00:00,1.11863,1.1178,1.11895,1.11814
2015-10-05 18:00:00,1.11812,1.11735,1.11847,1.11801
2015-10-05 19:00:00,1.118,1.11795,1.11872,1.11833
2015-10-05 20:00:00,1.11835,1.11805,1.11894,1.11854
2015-10-05 21:00:00,1.1186,1.1182,1.11893,1.11832
2015-10-05 22:00:00,1.11832,1.11832,1.11906,1.11904
2015-10-05 23:00:00,1.11906,1.11884,1.11948,1.11947
2015-10-06 00:00:00,1.11949,1.11852,1.11971,1.11901
2015-10-06 01:00:00,1.11903,1.11713,1.11905,1.11874
2015-10-06 02:00:00,1.11876,1.1177,1.11935,1.11778
2015-10-06 03:00:00,1.11781,1.1172,1.1188,1.1183
2015-10-06 04:00:00,1.11828,1.11762,1.11845,1.118
2015-10-06 05:00:00,1.11798,1.11798,1.11917,1.11861
2015-10-06 06:00:00,1.11852,1.1173,1.11945,1.11858
2015-10-06 07:00:00,1.1186,1.1181,1.12184,1.12164
2015-10-06 08:00:00,1.12163,1.11987,1.12192,1.12057
2015-10-06 09:00:00,1.12057,1.12007,1.12152,1.12123
2015-10-06 10:00:00,1.12125,1.12001,1.12152,1.12152
2015-10-06 11:00:00,1.12151,1.12146,1.123,1.1227
2015-10-06 12:00:00,1.12271,1.12053,1.12314,1.12063
2015-10-06 13:00:00,1.12062,1.12054,1.12212,1.12164
2015-10-06 14:00:00,1.12163,1.12151,1.12642,1.12611
2015-10-06 15:00:00,1.12612,1.12567,1.12737,1.12641
2015-10-06 16:00:00,1.12643,1.12586,1.12738,1.12623
2015-10-06 17:00:00,1.1262,1.1256,1.12659,1.12608
2015-10-06 18:00:00,1.12609,1.12566,1.12735,1.12728
2015-10-06 19:00:00,1.12726,1.12648,1.12785,1.12785
2015-10-06 20:00:00,1.12787,1.12685,1.12787,1.12686
2015-10-06 21:00:00,1.12699,1.12677,1.12747,1.12678
2015-10-06 22:00:00,1.12676,1.12646,1.12693,1.12661
2015-10-06 23:00:00,1.12662,1.12644,1.12706,1.1267
2015-10-07 00:00:00,1.12672,1.12602,1.12754,1.1265
2015-10-07 01:00:00,1.12649,1.12609,1.12694,1.12689
2015-10-07 02:00:00,1.12687,1.12628,1.12741,1.12701
2015-10-07 03:00:00,1.12699,1.12698,1.12834,1.12804
2015-10-07 04:00:00,1.12802,1.12634,1.12802,1.12653
2015-10-07 05:00:00,1.12654,1.12587,1.12656,1.1261
2015-10-07 06:00:00,1.12608,1.12519,1.1266,1.12519
2015-10-07 07:00:00,1.12519,1.12214,1.12578,1.12332
2015-10-07 08:00:00,1.12331,1.12315,1.12472,1.12416
2015-10-07 09:00:00,1.12417,1.1231,1.12444,1.12361
2015-10-07 10:00:00,1.12358,1.12313,1.12566,1.12538
2015-10-07 11:00:00,1.12538,1.12525,1.12707,1.12665
2015-10-07 12:00:00,1.12667,1.1243,1.12727,1.12553
2015-10-07 13:00:00,1.12555,1.1229,1.12577,1.12327
2015-10-07 14:00:00,1.12325,1.12107,1.12456,1.12343
2015-10-07 15:00:00,1.12341,1.12337,1.12653,1.12474
2015-10-07 16:00:00,1.12473,1.12325,1.12553,1.12424
2015-10-07 17:00:00,1.12421,1.12375,1.12513,1.12489
2015-10-07 18:00:00,1.12486,1.12331,1.12538,1.12511
2015-10-07 19:00:00,1.12508,1.12414,1.12551,1.1242
2015-10-07 20:00:00,1.12422,1.12338,1.1245,1.12363
2015-10-07 21:00:00,1.12358,1.12349,1.12374,1.12374
2015-10-07 22:00:00,1.12371,1.12346,1.124,1.12358
2015-10-07 23:00:00,1.12361,1.12338,1.12398,1.12373
2015-10-08 00:00:00,1.12369,1.12369,1.12452,1.12381
2015-10-08 01:00:00,1.12383,1.12373,1.12533,1.12495
2015-10-08 02:00:00,1.12497,1.12473,1.12592,1.12504
2015-10-08 03:00:00,1.12504,1.12492,1.12569,1.12569
2015-10-08 04:00:00,1.12567,1.12543,1.1261,1.1257
2015-10-08 05:00:00,1.12571,1.12539,1.12609,1.12596
2015-10-08 06:00:00,1.1259,1.12463,1.12652,1.12612
2015-10-08 07:00:00,1.12611,1.126,1.13091,1.12903
2015-10-08 08:00:00,1.12903,1.12812,1.13002,1.12926
2015-10-08 09:00:00,1.12925,1.12912,1.13142,1.13014
2015-10-08 10:00:00,1.13011,1.12904,1.1306,1.12927
2015-10-08 11:00:00,1.12925,1.12738,1.12974,1.12771
2015-10-08 12:00:00,1.1277,1.12374,1.12772,1.12594
2015-10-08 13:00:00,1.12591,1.1243,1.12649,1.12496
2015-10-08 14:00:00,1.12498,1.12436,1.12781,1.12756
2015-10-08 15:00:00,1.12754,1.12714,1.12907,1.1282
2015-10-08 16:00:00,1.12818,1.12729,1.1286,1.12816
2015-10-08 17:00:00,1.12815,1.1281,1.12994,1.12843
2015-10-08 18:00:00,1.12837,1.12612,1.1326,1.12733
2015-10-08 19:00:00,1.12735,1.12669,1.1279,1.12736
2015-10-08 20:00:00,1.12735,1.12702,1.12756,1.12747
2015-10-08 21:00:00,1.12752,1.12743,1.12812,1.1281
2015-10-08 22:00:00,1.12808,1.12777,1.12893,1.12882
2015-10-08 23:00:00,1.12881,1.12828,1.12915,1.12835
2015-10-09 00:00:00,1.12836,1.12784,1.12853,1.12821
2015-10-09 01:00:00,1.12824,1.12663,1.12847,1.12746
2015-10-09 02:00:00,1.12746,1.1272,1.12803,1.12778
2015-10-09 03:00:00,1.12776,1.12761,1.12834,1.12801
2015-10-09 04:00:00,1.12797,1.12784,1.1286,1.12835
2015-10-09 05:00:00,1.12834,1.12808,1.12908,1.12835
2015-10-09 06:00:00,1.12834,1.12715,1.12891,1.12791
2015-10-09 07:00:00,1.12788,1.1276,1.13464,1.13361
2015-10-09 08:00:00,1.13362,1.13141,1.13399,1.13228
2015-10-09 09:00:00,1.13227,1.13146,1.13485,1.13342
2015-10-09 10:00:00,1.1334,1.1332,1.13629,1.13622
2015-10-09 11:00:00,1.13621,1.13543,1.13677,1.13604
2015-10-09 12:00:00,1.13602,1.13443,1.13781,1.13683
2015-10-09 13:00:00,1.13685,1.13402,1.13692,1.13481
2015-10-09 14:00:00,1.13483,1.13346,1.13578,1.13557
2015-10-09 15:00:00,1.13559,1.13523,1.13791,1.13619
2015-10-09 16:00:00,1.13618,1.13615,1.13866,1.13791
2015-10-09 17:00:00,1.13793,1.13659,1.13813,1.13668
2015-10-09 18:00:00,1.13671,1.13612,1.13672,1.13654
2015-10-09 19:00:00,1.13653,1.13512,1.13675,1.13542
2015-10-09 20:00:00,1.1354,1.1354,1.13626,1.13569
2015-10-11 21:00:00,1.136,1.1352,1.13609,1.13588
2015-10-11 22:00:00,1.13598,1.13574,1.13674,1.13614
2015-10-11 23:00:00,1.13615,1.13587,1.13687,1.1367
2015-10-12 00:00:00,1.13668,1.13615,1.13769,1.13735
2015-10-12 01:00:00,1.13738,1.13633,1.13745,1.13667
2015-10-12 02:00:00,1.13667,1.13659,1.13758,1.13726
2015-10-12 03:00:00,1.13725,1.13702,1.13759,1.13744
2015-10-12 04:00:00,1.13743,1.13702,1.13757,1.13712
2015-10-12 05:00:00,1.13714,1.13674,1.13749,1.13676
2015-10-12 06:00:00,1.13679,1.13643,1.13737,1.13649
2015-10-12 07:00:00,1.13646,1.13592,1.1384,1.13805
2015-10-12 08:00:00,1.13802,1.13707,1.1384,1.13798
2015-10-12 09:00:00,1.13798,1.13783,1.13963,1.13832
2015-10-12 10:00:00,1.13833,1.13629,1.13844,1.13679
2015-10-12 11:00:00,1.13678,1.13668,1.13773,1.13771
2015-10-12 12:00:00,1.13772,1.13653,1.13779,1.13673
2015-10-12 13:00:00,1.1367,1.13661,1.13765,1.13692
2015-10-12 14:00:00,1.13693,1.13647,1.13804,1.13731
2015-10-12 15:00:00,1.1373,1.1356,1.1373,1.13671
2015-10-12 16:00:00,1.13672,1.13644,1.13784,1.13784
2015-10-12 17:00:00,1.13782,1.13659,1.13793,1.13696
2015-10-12 18:00:00,1.13697,1.13594,1.13698,1.13622
2015-10-12 19:00:00,1.13623,1.13613,1.13742,1.13613
2015-10-12 20:00:00,1.13615,1.13563,1.13643,1.13573
2015-10-12 21:00:00,1.13578,1.13527,1.13591,1.13568
2015-10-12 22:00:00,1.13569,1.13524,1.13577,1.13557
2015-10-12 23:00:00,1.13558,1.13513,1.13577,1.13513
2015-10-13 00:00:00,1.13511,1.13431,1.13588,1.13469
2015-10-13 01:00:00,1.1347,1.13464,1.13535,1.13505
2015-10-13 02:00:00,1.13504,1.13479,1.13611,1.13606
2015-10-13 03:00:00,1.13606,1.13567,1.13649,1.13576
2015-10-13 04:00:00,1.13578,1.13573,1.137,1.13666
2015-10-13 05:00:00,1.13667,1.13625,1.13777,1.13761
2015-10-13 06:00:00,1.13755,1.13626,1.13869,1.13752
2015-10-13 07:00:00,1.1375,1.13742,1.14101,1.14026
2015-10-13 08:00:00,1.14028,1.13746,1.14081,1.13794
2015-10-13 09:00:00,1.13794,1.13633,1.13896,1.13856
2015-10-13 10:00:00,1.13857,1.13646,1.13894,1.13796
2015-10-13 11:00:00,1.13794,1.13733,1.13836,1.13754
2015-10-13 12:00:00,1.13757,1.13706,1.13999,1.13911
2015-10-13 13:00:00,1.1391,1.13704,1.13952,1.13713
2015-10-13 14:00:00,1.13712,1.13545,1.13754,1.13723
2015-10-13 15:00:00,1.13724,1.13682,1.13855,1.13806
2015-10-13 16:00:00,1.13802,1.13753,1.13906,1.13889
2015-10-13 17:00:00,1.1389,1.13771,1.139,1.13775
2015-10-13 18:00:00,1.13777,1.13777,1.13854,1.13834
2015-10-13 19:00:00,1.13834,1.13773,1.13928,1.1384
2015-10-13 20:00:00,1.13841,1.13772,1.13847,1.13781
2015-10-13 21:00:00,1.13777,1.13761,1.13837,1.13808
2015-10-13 22:00:00,1.13811,1.13786,1.13872,1.13864
2015-10-13 23:00:00,1.13865,1.13803,1.13866,1.13826
2015-10-14 00:00:00,1.13829,1.13829,1.13959,1.13959
2015-10-14 01:00:00,1.13962,1.13844,1.14006,1.13914
2015-10-14 02:00:00,1.13913,1.13865,1.13976,1.13908
2015-10-14 03:00:00,1.13908,1.13844,1.13908,1.13878
2015-10-14 04:00:00,1.1388,1.13826,1.13898,1.13881
2015-10-14 05:00:00,1.13883,1.13883,1.13968,1.13946
2015-10-14 06:00:00,1.13945,1.13895,1.14045,1.14003
2015-10-14 07:00:00,1.14005,1.13989,1.14266,1.14138
2015-10-14 08:00:00,1.14139,1.13992,1.14175,1.14046
2015-10-14 09:00:00,1.1405,1.14034,1.1414,1.1407
2015-10-14 10:00:00,1.14068,1.14012,1.14129,1.14053
2015-10-14 11:00:00,1.14051,1.13904,1.14122,1.14048
2015-10-14 12:00:00,1.14049,1.14044,1.14454,1.14417
2015-10-14 13:00:00,1.14416,1.14068,1.14474,1.14141
2015-10-14 14:00:00,1.14138,1.14106,1.14405,1.14356
2015-10-14 15:00:00,1.14355,1.14314,1.14457,1.14355
2015-10-14 16:00:00,1.14356,1.14332,1.14444,1.14438
2015-10-14 17:00:00,1.14436,1.14417,1.14475,1.14459
2015-10-14 18:00:00,1.14459,1.14431,1.14791,1.14783
2015-10-14 19:00:00,1.14783,1.14721,1.14885,1.14843
2015-10-14 20:00:00,1.14842,1.14679,1.14847,1.14724
2015-10-14 21:00:00,1.14723,1.14696,1.14828,1.14799
2015-10-14 22:00:00,1.14799,1.14702,1.14823,1.14735
2015-10-14 23:00:00,1.14737,1.14683,1.14769,1.14732
2015-10-15 00:00:00,1.1473,1.14648,1.14804,1.14659
2015-10-15 01:00:00,1.1466,1.14607,1.14716,1.14712
2015-10-15 02:00:00,1.14709,1.14697,1.1489,1.14885
2015-10-15 03:00:00,1.14883,1.1479,1.14899,1.14803
2015-10-15 04:00:00,1.14805,1.14778,1.14853,1.14793
2015-10-15 05:00:00,1.14794,1.1478,1.14871,1.14822
2015-10-15 06:00:00,1.14824,1.14762,1.14946,1.14797
2015-10-15 07:00:00,1.14797,1.14244,1.14823,1.14367
2015-10-15 08:00:00,1.14366,1.14328,1.14591,1.14409
2015-10-15 09:00:00,1.1441,1.14369,1.14506,1.14414
2015-10-15 10:00:00,1.14412,1.14274,1.1444,1.14337
2015-10-15 11:00:00,1.14337,1.14298,1.14416,1.14325
2015-10-15 12:00:00,1.14327,1.13681,1.14456,1.13824
2015-10-15 13:00:00,1.13822,1.13624,1.13907,1.13703
2015-10-15 14:00:00,1.13705,1.13704,1.13962,1.13841
2015-10-15 15:00:00,1.13842,1.13828,1.14189,1.14158
2015-10-15 16:00:00,1.1416,1.1396,1.14175,1.13997
2015-10-15 17:00:00,1.13997,1.13783,1.14008,1.13799
2015-10-15 18:00:00,1.13803,1.13718,1.13871,1.1386
2015-10-15 19:00:00,1.1386,1.13727,1.13862,1.13745
2015-10-15 20:00:00,1.13745,1.13728,1.13833,1.13821
2015-10-15 21:00:00,1.13869,1.13746,1.13933,1.13775
2015-10-15 22:00:00,1.13773,1.13722,1.1382,1.13749
2015-10-15 23:00:00,1.13751,1.13649,1.13762,1.13659
2015-10-16 00:00:00,1.13656,1.13582,1.13698,1.13649
2015-10-16 01:00:00,1.1365,1.13601,1.1369,1.13657
2015-10-16 02:00:00,1.13659,1.13653,1.13778,1.1376
2015-10-16 03:00:00,1.1376,1.13747,1.13837,1.13806
2015-10-16 04:00:00,1.13803,1.13754,1.13819,1.13819
2015-10-16 05:00:00,1.13817,1.1379,1.1387,1.1381
2015-10-16 06:00:00,1.13812,1.13812,1.13938,1.13839
2015-10-16 07:00:00,1.13837,1.13638,1.13944,1.13696
2015-10-16 08:00:00,1.13697,1.13523,1.1377,1.13588
2015-10-16 09:00:00,1.13585,1.13332,1.13663,1.13468
2015-10-16 10:00:00,1.13469,1.13353,1.13521,1.13418
2015-10-16 11:00:00,1.13415,1.1341,1.13586,1.13464
2015-10-16 12:00:00,1.1346,1.13456,1.13665,1.13583
2015-10-16 13:00:00,1.13581,1.13529,1.13891,1.13747
2015-10-16 14:00:00,1.13748,1.13606,1.13772,1.13761
2015-10-16 15:00:00,1.1376,1.13463,1.13793,1.13592
2015-10-16 16:00:00,1.1359,1.13578,1.13862,1.13803
2015-10-16 17:00:00,1.13803,1.13782,1.13905,1.13871
2015-10-16 18:00:00,1.13869,1.13718,1.1389,1.13768
2015-10-16 19:00:00,1.13771,1.13531,1.13774,1.13535
2015-10-16 20:00:00,1.13538,1.13429,1.13581,1.13429
2015-10-18 21:00:00,1.13561,1.13471,1.13569,1.13556
2015-10-18 22:00:00,1.13563,1.13504,1.13592,1.13513
2015-10-18 23:00:00,1.13513,1.13513,1.13602,1.13574
2015-10-19 00:00:00,1.13571,1.1355,1.13742,1.13696
2015-10-19 01:00:00,1.13697,1.13681,1.13772,1.13725
2015-10-19 02:00:00,1.13725,1.13597,1.13771,1.13617
2015-10-19 03:00:00,1.13615,1.13533,1.13617,1.13594
2015-10-19 04:00:00,1.13592,1.13574,1.13647,1.1362
2015-10-19 05:00:00,1.13623,1.13615,1.1371,1.13666
2015-10-19 06:00:00,1.13665,1.13665,1.13785,1.1373
2015-10-19 07:00:00,1.13729,1.13382,1.13744,1.13521
2015-10-19 08:00:00,1.13523,1.13492,1.13674,1.13591
2015-10-19 09:00:00,1.13591,1.13215,1.13593,1.13228
2015-10-19 10:00:00,1.13226,1.13082,1.13226,1.132
2015-10-19 11:00:00,1.13197,1.13192,1.13309,1.13238
2015-10-19 12:00:00,1.13236,1.13236,1.13389,1.13332
2015-10-19 13:00:00,1.13334,1.13197,1.13435,1.1321
2015-10-19 14:00:00,1.13212,1.13051,1.13284,1.13088
2015-10-19 15:00:00,1.13089,1.13074,1.13249,1.13168
2015-10-19 16:00:00,1.13167,1.13161,1.1327,1.13207
2015-10-19 17:00:00,1.13206,1.13187,1.13285,1.13241
2015-10-19 18:00:00,1.13241,1.132,1.13276,1.13264
2015-10-19 19:00:00,1.13267,1.13187,1.13284,1.13261
2015-10-19 20:00:00,1.13257,1.13193,1.13281,1.13256
2015-10-19 21:00:00,1.1329,1.13236,1.13307,1.1328
2015-10-19 22:00:00,1.13282,1.13262,1.13306,1.13264
2015-10-19 23:00:00,1.13265,1.13255,1.13291,1.13279
2015-10-20 00:00:00,1.1328,1.13237,1.13338,1.13336
2015-10-20 01:00:00,1.13337,1.13306,1.13389,1.13318
2015-10-20 02:00:00,1.13317,1.13316,1.13358,1.13354
2015-10-20 03:00:00,1.13355,1.13331,1.13361,1.13358
2015-10-20 04:00:00,1.13361,1.13295,1.13363,1.13304
2015-10-20 05:00:00,1.13307,1.13266,1.13357,1.13319
2015-10-20 06:00:00,1.13317,1.13234,1.13327,1.13288
2015-10-20 07:00:00,1.13285,1.13256,1.13499,1.13462
2015-10-20 08:00:00,1.13464,1.1342,1.13641,1.13585
2015-10-20 09:00:00,1.13583,1.1344,1.13718,1.13696
2015-10-20 10:00:00,1.13695,1.13685,1.13861,1.13809
2015-10-20 11:00:00,1.1381,1.13716,1.13816,1.13733
2015-10-20 12:00:00,1.13735,1.13562,1.13757,1.13645
2015-10-20 13:00:00,1.13646,1.13455,1.13668,1.13487
2015-10-20 14:00:00,1.13486,1.13317,1.13548,1.13414
2015-10-20 15:00:00,1.13412,1.13384,1.13583,1.1358
2015-10-20 16:00:00,1.13578,1.13456,1.13579,1.13511
2015-10-20 17:00:00,1.13509,1.1337,1.13563,1.13433
2015-10-20 18:00:00,1.13436,1.1335,1.1346,1.13379
2015-10-20 19:00:00,1.13382,1.13367,1.13452,1.13379
2015-10-20 20:00:00,1.13381,1.13381,1.13466,1.1345
2015-10-20 21:00:00,1.13433,1.13429,1.13474,1.13453
2015-10-20 22:00:00,1.13452,1.13448,1.1352,1.13519
2015-10-20 23:00:00,1.13519,1.13468,1.13539,1.13539
2015-10-21 00:00:00,1.13537,1.13508,1.13669,1.13611
2015-10-21 01:00:00,1.13612,1.1356,1.1364,1.1358
2015-10-21 02:00:00,1.13577,1.13549,1.13606,1.13582
2015-10-21 03:00:00,1.13581,1.13581,1.13643,1.13601
2015-10-21 04:00:00,1.13597,1.13569,1.13608,1.13607
2015-10-21 05:00:00,1.13607,1.13471,1.13615,1.13537
2015-10-21 06:00:00,1.13535,1.13426,1.13594,1.13471
2015-10-21 07:00:00,1.13472,1.13472,1.13769,1.13707
2015-10-21 08:00:00,1.13708,1.13533,1.13761,1.1359
2015-10-21 09:00:00,1.13588,1.13333,1.13589,1.13514
2015-10-21 10:00:00,1.13512,1.13468,1.13617,1.1358
2015-10-21 11:00:00,1.13583,1.13474,1.1363,1.13541
2015-10-21 12:00:00,1.13542,1.13451,1.13552,1.13535
2015-10-21 13:00:00,1.13536,1.13406,1.13549,1.13436
2015-10-21 14:00:00,1.13437,1.13364,1.13552,1.13551
2015-10-21 15:00:00,1.13548,1.134,1.13633,1.13444
2015-10-21 16:00:00,1.13442,1.13386,1.13528,1.13453
2015-10-21 17:00:00,1.13455,1.13379,1.13541,1.13389
2015-10-21 18:00:00,1.13392,1.13352,1.13451,1.1338
2015-10-21 19:00:00,1.13383,1.13348,1.13439,1.1338
2015-10-21 20:00:00,1.13383,1.13375,1.1342,1.13379
2015-10-21 21:00:00,1.13373,1.13352,1.13393,1.13369
2015-10-21 22:00:00,1.13367,1.13366,1.13417,1.13404
2015-10-21 23:00:00,1.13408,1.13386,1.13478,1.13458
2015-10-22 00:00:00,1.13458,1.1329,1.13464,1.13349
2015-10-22 01:00:00,1.13349,1.13347,1.13504,1.1343
2015-10-22 02:00:00,1.13429,1.13403,1.1347,1.13443
2015-10-22 03:00:00,1.13445,1.13436,1.13488,1.13472
2015-10-22 04:00:00,1.13474,1.13352,1.13474,1.13356
2015-10-22 05:00:00,1.13359,1.13257,1.13376,1.13272
2015-10-22 06:00:00,1.1327,1.13265,1.13429,1.13392
2015-10-22 07:00:00,1.13395,1.13078,1.1345,1.13125
2015-10-22 08:00:00,1.13127,1.13014,1.13166,1.13125
2015-10-22 09:00:00,1.13124,1.13046,1.1316,1.1314
2015-10-22 10:00:00,1.13138,1.13099,1.13238,1.13134
2015-10-22 11:00:00,1.13133,1.13096,1.13251,1.13185
2015-10-22 12:00:00,1.13188,1.11774,1.13227,1.11959
2015-10-22 13:00:00,1.11957,1.11543,1.12122,1.11561
2015-10-22 14:00:00,1.11558,1.11533,1.11845,1.11602
2015-10-22 15:00:00,1.11602,1.11355,1.11641,1.11393
2015-10-22 16:00:00,1.11391,1.11174,1.11422,1.11359
2015-10-22 17:00:00,1.11354,1.11189,1.11383,1.11206
2015-10-22 18:00:00,1.11208,1.11075,1.11262,1.11093
2015-10-22 19:00:00,1.11094,1.11056,1.11179,1.11074
2015-10-22 20:00:00,1.11074,1.10989,1.11125,1.11076
2015-10-22 21:00:00,1.11027,1.10754,1.11082,1.11052
2015-10-22 22:00:00,1.11049,1.10957,1.1108,1.11054
2015-10-22 23:00:00,1.11058,1.10709,1.11059,1.10806
2015-10-23 00:00:00,1.10808,1.10747,1.10942,1.10892
2015-10-23 01:00:00,1.10894,1.10894,1.11118,1.11037
2015-10-23 02:00:00,1.11033,1.11003,1.11161,1.11157
2015-10-23 03:00:00,1.11154,1.11103,1.11185,1.11153
2015-10-23 04:00:00,1.11154,1.11069,1.11187,1.11086
2015-10-23 05:00:00,1.11088,1.11077,1.11229,1.11217
2015-10-23 06:00:00,1.11216,1.11015,1.11222,1.11117
2015-10-23 07:00:00,1.11116,1.10906,1.11276,1.11036
2015-10-23 08:00:00,1.11032,1.11028,1.11369,1.11286
2015-10-23 09:00:00,1.11284,1.11055,1.11391,1.11086
2015-10-23 10:00:00,1.11087,1.10886,1.11189,1.10908
2015-10-23 11:00:00,1.10906,1.10782,1.11072,1.10938
2015-10-23 12:00:00,1.1094,1.10269,1.10996,1.10462
2015-10-23 13:00:00,1.1046,1.10183,1.10564,1.10235
2015-10-23 14:00:00,1.10234,1.10164,1.1039,1.10314
2015-10-23 15:00:00,1.10316,1.10072,1.10347,1.10147
2015-10-23 16:00:00,1.10149,1.10057,1.10243,1.1015
2015-10-23 17:00:00,1.10148,1.09978,1.10152,1.09983
2015-10-23 18:00:00,1.09983,1.09982,1.1017,1.10039
2015-10-23 19:00:00,1.10041,1.09958,1.10117,1.10109
2015-10-23 20:00:00,1.10108,1.10068,1.10165,1.10155
2015-10-25 21:00:00,1.09963,1.09916,1.10081,1.10081
2015-10-25 22:00:00,1.10079,1.10046,1.1022,1.10185
2015-10-25 23:00:00,1.10184,1.10136,1.10241,1.10178
2015-10-26 00:00:00,1.10175,1.10149,1.10308,1.10203
2015-10-26 01:00:00,1.10204,1.10142,1.10282,1.10244
2015-10-26 02:00:00,1.10246,1.10246,1.10353,1.10333
2015-10-26 03:00:00,1.10335,1.1032,1.10383,1.1037
2015-10-26 04:00:00,1.1037,1.10337,1.1039,1.10347
2015-10-26 05:00:00,1.10347,1.10324,1.10386,1.1037
2015-10-26 06:00:00,1.10372,1.10271,1.1042,1.10308
2015-10-26 07:00:00,1.1031,1.10306,1.10484,1.10391
2015-10-26 08:00:00,1.10393,1.10311,1.10555,1.10382
2015-10-26 09:00:00,1.10379,1.10223,1.10456,1.10238
2015-10-26 10:00:00,1.10239,1.10238,1.104,1.10333
2015-10-26 11:00:00,1.10329,1.10192,1.1034,1.1022
2015-10-26 12:00:00,1.10223,1.10113,1.10268,1.10156
2015-10-26 13:00:00,1.10155,1.10032,1.10327,1.10321
2015-10-26 14:00:00,1.10314,1.10281,1.10508,1.10367
2015-10-26 15:00:00,1.10369,1.10365,1.10542,1.10499
2015-10-26 16:00:00,1.10498,1.1042,1.10582,1.10516
2015-10-26 17:00:00,1.10516,1.10473,1.10678,1.10528
2015-10-26 18:00:00,1.10526,1.10412,1.10539,1.10442
2015-10-26 19:00:00,1.10441,1.10427,1.10514,1.10499
2015-10-26 20:00:00,1.10498,1.10485,1.1059,1.10574
2015-10-26 21:00:00,1.10534,1.10503,1.10563,1.10518
2015-10-26 22:00:00,1.10515,1.10504,1.1059,1.10585
2015-10-26 23:00:00,1.10584,1.10523,1.10628,1.10581
2015-10-27 00:00:00,1.10578,1.10471,1.1061,1.10482
2015-10-27 01:00:00,1.10483,1.10444,1.10537,1.10476
2015-10-27 02:00:00,1.10475,1.10475,1.10686,1.10644
2015-10-27 03:00:00,1.10645,1.10592,1.1068,1.10676
2015-10-27 04:00:00,1.10676,1.10614,1.10678,1.10632
2015-10-27 05:00:00,1.1063,1.10576,1.10664,1.10637
2015-10-27 06:00:00,1.10635,1.10539,1.10646,1.10586
2015-10-27 07:00:00,1.10585,1.10486,1.10715,1.10548
2015-10-27 08:00:00,1.10546,1.10418,1.10577,1.10435
2015-10-27 09:00:00,1.10433,1.10355,1.10515,1.10437
2015-10-27 10:00:00,1.10436,1.10403,1.10569,1.10555
2015-10-27 11:00:00,1.10554,1.1051,1.10655,1.10644
2015-10-27 12:00:00,1.10645,1.10486,1.10775,1.10491
2015-10-27 13:00:00,1.10489,1.10367,1.10665,1.10392
2015-10-27 14:00:00,1.10394,1.10295,1.10494,1.1044
2015-10-27 15:00:00,1.10442,1.10337,1.106,1.10509
2015-10-27 16:00:00,1.1051,1.10316,1.1056,1.10377
2015-10-27 17:00:00,1.10378,1.10325,1.1043,1.1037
2015-10-27 18:00:00,1.10368,1.10346,1.10457,1.10424
2015-10-27 19:00:00,1.10425,1.10358,1.10462,1.10415
2015-10-27 20:00:00,1.10417,1.10358,1.10443,1.10441
2015-10-27 21:00:00,1.10426,1.10409,1.10471,1.10454
2015-10-27 22:00:00,1.10454,1.10362,1.10476,1.10364
2015-10-27 23:00:00,1.10366,1.10314,1.10408,1.10319
2015-10-28 00:00:00,1.10322,1.10252,1.10366,1.10307
2015-10-28 01:00:00,1.1031,1.10274,1.10376,1.10298
2015-10-28 02:00:00,1.10297,1.10245,1.10389,1.10325
2015-10-28 03:00:00,1.10327,1.10284,1.10385,1.10306
2015-10-28 04:00:00,1.10306,1.10303,1.10361,1.1034
2015-10-28 05:00:00,1.10338,1.10272,1.10342,1.1032
2015-10-28 06:00:00,1.10322,1.10304,1.10437,1.10392
2015-10-28 07:00:00,1.10392,1.10366,1.10591,1.10491
2015-10-28 08:00:00,1.10493,1.10342,1.10503,1.10441
2015-10-28 09:00:00,1.10439,1.10418,1.10583,1.1047
2015-10-28 10:00:00,1.10471,1.10471,1.10681,1.1064
2015-10-28 11:00:00,1.10637,1.10596,1.10754,1.10679
2015-10-28 12:00:00,1.1068,1.10583,1.10894,1.10872
2015-10-28 13:00:00,1.10874,1.10675,1.10888,1.10688
2015-10-28 14:00:00,1.10688,1.10562,1.10776,1.10745
2015-10-28 15:00:00,1.10743,1.10628,1.10948,1.10632
2015-10-28 16:00:00,1.10634,1.10575,1.10838,1.107
2015-10-28 17:00:00,1.10699,1.10547,1.10826,1.10549
2015-10-28 18:00:00,1.10565,1.08961,1.10682,1.08999
2015-10-28 19:00:00,1.08997,1.08982,1.09229,1.0919
2015-10-28 20:00:00,1.09189,1.09158,1.09291,1.09228
2015-10-28 21:00:00,1.09223,1.09141,1.09268,1.09261
2015-10-28 22:00:00,1.09263,1.09198,1.09299,1.0929
2015-10-28 23:00:00,1.09286,1.09208,1.09314,1.09231
2015-10-29 00:00:00,1.09233,1.09011,1.09304,1.0909
2015-10-29 01:00:00,1.09093,1.09067,1.0919,1.09172
2015-10-29 02:00:00,1.09171,1.0917,1.0934,1.0931
2015-10-29 03:00:00,1.09309,1.09209,1.09328,1.0924
2015-10-29 04:00:00,1.09242,1.09233,1.0928,1.0924
2015-10-29 05:00:00,1.09241,1.09241,1.09336,1.09315
2015-10-29 06:00:00,1.09316,1.09311,1.09434,1.09355
2015-10-29 07:00:00,1.0936,1.09222,1.09443,1.09251
2015-10-29 08:00:00,1.09252,1.09161,1.09449,1.09439
2015-10-29 09:00:00,1.09438,1.09431,1.09703,1.09621
2015-10-29 10:00:00,1.09621,1.0953,1.09763,1.09695
2015-10-29 11:00:00,1.09693,1.09584,1.09735,1.09606
2015-10-29 12:00:00,1.09608,1.09342,1.09731,1.09346
2015-10-29 13:00:00,1.09349,1.09242,1.09593,1.09528
2015-10-29 14:00:00,1.09529,1.09463,1.09739,1.09654
2015-10-29 15:00:00,1.09657,1.09573,1.09847,1.09597
2015-10-29 16:00:00,1.09597,1.09573,1.09721,1.09614
2015-10-29 17:00:00,1.09617,1.09503,1.09664,1.09661
2015-10-29 18:00:00,1.09661,1.09588,1.098,1.09737
2015-10-29 19:00:00,1.09735,1.0972,1.09808,1.09758
2015-10-29 20:00:00,1.09755,1.09719,1.09804,1.09754
2015-10-29 21:00:00,1.09759,1.09726,1.09855,1.09855
2015-10-29 22:00:00,1.09853,1.09838,1.09874,1.09862
2015-10-29 23:00:00,1.09863,1.09826,1.09972,1.09881
2015-10-30 00:00:00,1.09879,1.09766,1.09896,1.0983
2015-10-30 01:00:00,1.09831,1.09736,1.09856,1.09782
2015-10-30 02:00:00,1.09782,1.0974,1.09862,1.09853
2015-10-30 03:00:00,1.0985,1.0966,1.09939,1.09679
2015-10-30 04:00:00,1.09677,1.09645,1.09847,1.09769
2015-10-30 05:00:00,1.0977,1.09738,1.09874,1.0974
2015-10-30 06:00:00,1.09742,1.09722,1.10155,1.09901
2015-10-30 07:00:00,1.09901,1.09804,1.10026,1.09868
2015-10-30 08:00:00,1.09868,1.09837,1.10101,1.10062
2015-10-30 09:00:00,1.10062,1.0998,1.10194,1.10054
2015-10-30 10:00:00,1.10047,1.09938,1.10155,1.10029
2015-10-30 11:00:00,1.10027,1.10004,1.10235,1.10168
2015-10-30 12:00:00,1.10169,1.10049,1.10361,1.10074
2015-10-30 13:00:00,1.10074,1.09985,1.10468,1.10456
2015-10-30 14:00:00,1.10465,1.10394,1.10721,1.10516
2015-10-30 15:00:00,1.10517,1.1038,1.10705,1.1041
2015-10-30 16:00:00,1.10407,1.10166,1.10509,1.10197
2015-10-30 17:00:00,1.10195,1.10103,1.10244,1.10167
2015-10-30 18:00:00,1.1017,1.1001,1.10171,1.1003
2015-10-30 19:00:00,1.10028,1.0986,1.10066,1.09963
2015-10-30 20:00:00,1.09963,1.099,1.10039,1.10013
2015-11-01 22:00:00,1.10318,1.10215,1.10361,1.10324
2015-11-01 23:00:00,1.10323,1.10175,1.10325,1.10221
2015-11-02 00:00:00,1.10218,1.1017,1.1028,1.10175
2015-11-02 01:00:00,1.10177,1.10172,1.10335,1.10311
2015-11-02 02:00:00,1.10313,1.10264,1.10337,1.10285
2015-11-02 03:00:00,1.10284,1.1024,1.10321,1.10308
2015-11-02 04:00:00,1.10307,1.10263,1.10315,1.10285
2015-11-02 05:00:00,1.10284,1.10237,1.10382,1.10326
2015-11-02 06:00:00,1.10326,1.10246,1.10412,1.10257
2015-11-02 07:00:00,1.10256,1.10242,1.10493,1.10449
2015-11-02 08:00:00,1.10448,1.10107,1.10456,1.1014
2015-11-02 09:00:00,1.10138,1.10032,1.10318,1.10035
2015-11-02 10:00:00,1.10033,1.09997,1.10293,1.10253
2015-11-02 11:00:00,1.10255,1.10113,1.10279,1.10126
2015-11-02 12:00:00,1.10127,1.10085,1.10378,1.10342
2015-11-02 13:00:00,1.10341,1.10287,1.10518,1.10499
2015-11-02 14:00:00,1.10496,1.10303,1.10496,1.10306
2015-11-02 15:00:00,1.10307,1.10282,1.10435,1.10347
2015-11-02 16:00:00,1.10348,1.10185,1.10353,1.10235
2015-11-02 17:00:00,1.10236,1.10147,1.10254,1.102
2015-11-02 18:00:00,1.10201,1.10181,1.103,1.10231
2015-11-02 19:00:00,1.10233,1.10095,1.10235,1.10109
2015-11-02 20:00:00,1.1011,1.10053,1.10169,1.10163
2015-11-02 21:00:00,1.10161,1.10096,1.10176,1.10145
2015-11-02 22:00:00,1.10123,1.10025,1.10156,1.10129
2015-11-02 23:00:00,1.10125,1.10118,1.1018,1.1014
2015-11-03 00:00:00,1.10141,1.10087,1.10181,1.1009
2015-11-03 01:00:00,1.10091,1.10063,1.1014,1.10097
2015-11-03 02:00:00,1.101,1.10099,1.10151,1.10137
2015-11-03 03:00:00,1.10138,1.10106,1.10156,1.10147
2015-11-03 04:00:00,1.10146,1.10139,1.10192,1.10174
2015-11-03 05:00:00,1.10175,1.10148,1.1019,1.10188
2015-11-03 06:00:00,1.10188,1.10164,1.10281,1.10249
2015-11-03 07:00:00,1.10248,1.10188,1.10293,1.10214
2015-11-03 08:00:00,1.10211,1.09895,1.1025,1.09943
2015-11-03 09:00:00,1.09943,1.09768,1.09972,1.0984
2015-11-03 10:00:00,1.0984,1.09707,1.0989,1.09725
2015-11-03 11:00:00,1.09724,1.09708,1.09851,1.09714
2015-11-03 12:00:00,1.09713,1.09677,1.09801,1.09777
2015-11-03 13:00:00,1.09778,1.09567,1.09807,1.09649
2015-11-03 14:00:00,1.0965,1.09351,1.09678,1.09396
2015-11-03 15:00:00,1.09394,1.09364,1.09569,1.09511
2015-11-03 16:00:00,1.09512,1.09397,1.09562,1.09442
2015-11-03 17:00:00,1.09443,1.09435,1.09635,1.09579
2015-11-03 18:00:00,1.09579,1.0943,1.09693,1.09507
2015-11-03 19:00:00,1.09507,1.09475,1.09648,1.09634
2015-11-03 20:00:00,1.09633,1.09586,1.09664,1.09621
2015-11-03 21:00:00,1.09622,1.09573,1.0968,1.09626
2015-11-03 22:00:00,1.0962,1.09562,1.09634,1.09613
2015-11-03 23:00:00,1.09612,1.09604,1.09669,1.09612
2015-11-04 00:00:00,1.09613,1.09553,1.0965,1.09556
2015-11-04 01:00:00,1.09557,1.09437,1.09572,1.09463
2015-11-04 02:00:00,1.09465,1.09371,1.09502,1.09418
2015-11-04 03:00:00,1.09419,1.09414,1.09543,1.09542
2015-11-04 04:00:00,1.09539,1.09459,1.09541,1.09491
2015-11-04 05:00:00,1.09494,1.09492,1.09572,1.09569
2015-11-04 06:00:00,1.09569,1.09461,1.09569,1.09479
2015-11-04 07:00:00,1.09478,1.09261,1.09478,1.09392
2015-11-04 08:00:00,1.09391,1.09159,1.09391,1.09231
2015-11-04 09:00:00,1.09233,1.09153,1.09294,1.09167
2015-11-04 10:00:00,1.09167,1.09132,1.0932,1.09228
2015-11-04 11:00:00,1.09225,1.09182,1.09295,1.09281
2015-11-04 12:00:00,1.09279,1.09253,1.09386,1.0933
2015-11-04 13:00:00,1.09331,1.09039,1.09372,1.0906
2015-11-04 14:00:00,1.09062,1.08713,1.09115,1.08888
2015-11-04 15:00:00,1.08885,1.0844,1.08885,1.08583
2015-11-04 16:00:00,1.08586,1.08516,1.08671,1.08589
2015-11-04 17:00:00,1.08588,1.08472,1.08651,1.08551
2015-11-04 18:00:00,1.08548,1.08433,1.08569,1.08515
2015-11-04 19:00:00,1.08514,1.08495,1.08583,1.08571
2015-11-04 20:00:00,1.08569,1.0855,1.08643,1.08596
2015-11-04 21:00:00,1.08596,1.08584,1.0865,1.08641
2015-11-04 22:00:00,1.08638,1.08626,1.08679,1.08657
2015-11-04 23:00:00,1.08653,1.08608,1.08667,1.0863
2015-11-05 00:00:00,1.08629,1.08565,1.0867,1.08615
2015-11-05 01:00:00,1.08616,1.08605,1.08725,1.08695
2015-11-05 02:00:00,1.08694,1.08631,1.08707,1.08688
2015-11-05 03:00:00,1.08686,1.08664,1.0876,1.08741
2015-11-05 04:00:00,1.08738,1.0869,1.08746,1.08701
2015-11-05 05:00:00,1.087,1.08666,1.08728,1.08708
2015-11-05 06:00:00,1.08708,1.0858,1.0874,1.08628
2015-11-05 07:00:00,1.08626,1.0833,1.08626,1.08355
2015-11-05 08:00:00,1.08357,1.08354,1.08915,1.08828
2015-11-05 09:00:00,1.08829,1.08617,1.08919,1.08643
2015-11-05 10:00:00,1.08646,1.08498,1.08683,1.08608
2015-11-05 11:00:00,1.08605,1.08538,1.08728,1.08727
2015-11-05 12:00:00,1.08726,1.08616,1.08844,1.08782
2015-11-05 13:00:00,1.08783,1.08689,1.08963,1.08795
2015-11-05 14:00:00,1.08793,1.08681,1.08928,1.08685
2015-11-05 15:00:00,1.08688,1.08574,1.0876,1.08636
2015-11-05 16:00:00,1.08635,1.08587,1.08763,1.0868
2015-11-05 17:00:00,1.08679,1.08602,1.0875,1.0864
2015-11-05 18:00:00,1.08639,1.0863,1.0875,1.08709
2015-11-05 19:00:00,1.08707,1.08697,1.08892,1.08845
2015-11-05 20:00:00,1.08845,1.08733,1.08886,1.08758
2015-11-05 21:00:00,1.08757,1.08746,1.0883,1.08825
2015-11-05 22:00:00,1.08804,1.08775,1.08833,1.08818
2015-11-05 23:00:00,1.08814,1.08799,1.08845,1.08827
2015-11-06 00:00:00,1.08826,1.08784,1.08872,1.08801
2015-11-06 01:00:00,1.08803,1.08801,1.08875,1.08865
2015-11-06 02:00:00,1.08865,1.08839,1.08912,1.08879
2015-11-06 03:00:00,1.08879,1.08833,1.08931,1.08866
2015-11-06 04:00:00,1.08863,1.08768,1.08865,1.08819
2015-11-06 05:00:00,1.0882,1.0878,1.08841,1.08814
2015-11-06 06:00:00,1.08813,1.08634,1.08834,1.0864
2015-11-06 07:00:00,1.08639,1.08623,1.08777,1.08727
2015-11-06 08:00:00,1.08729,1.08696,1.08847,1.08715
2015-11-06 09:00:00,1.08715,1.08642,1.08762,1.08647
2015-11-06 10:00:00,1.08645,1.08634,1.08757,1.08731
2015-11-06 11:00:00,1.0873,1.08696,1.08841,1.08763
2015-11-06 12:00:00,1.08764,1.08654,1.0881,1.08705
2015-11-06 13:00:00,1.08708,1.07016,1.08796,1.07339
2015-11-06 14:00:00,1.07336,1.07064,1.07432,1.0735
2015-11-06 15:00:00,1.0735,1.07254,1.07514,1.07405
2015-11-06 16:00:00,1.07406,1.07346,1.07512,1.07447
2015-11-06 17:00:00,1.0745,1.07269,1.0746,1.07358
2015-11-06 18:00:00,1.0736,1.07202,1.07467,1.07437
2015-11-06 19:00:00,1.07435,1.07323,1.07466,1.07451
2015-11-06 20:00:00,1.07451,1.07354,1.07462,1.07434
2015-11-06 21:00:00,1.07433,1.07351,1.07449,1.07368
2015-11-08 22:00:00,1.07269,1.07221,1.07348,1.07297
2015-11-08 23:00:00,1.07297,1.07185,1.0733,1.07288
2015-11-09 00:00:00,1.07286,1.07266,1.07422,1.07297
2015-11-09 01:00:00,1.07295,1.07286,1.07485,1.07468
2015-11-09 02:00:00,1.07469,1.07449,1.07604,1.0758
2015-11-09 03:00:00,1.07579,1.07579,1.07688,1.07657
2015-11-09 04:00:00,1.07658,1.07632,1.07707,1.07679
2015-11-09 05:00:00,1.0768,1.0761,1.07702,1.07641
2015-11-09 06:00:00,1.07638,1.07634,1.07705,1.07682
2015-11-09 07:00:00,1.07677,1.07524,1.07733,1.0764
2015-11-09 08:00:00,1.07638,1.07622,1.07771,1.07641
2015-11-09 09:00:00,1.0764,1.07578,1.07748,1.07691
2015-11-09 10:00:00,1.07693,1.07663,1.07895,1.07762
2015-11-09 11:00:00,1.07763,1.07674,1.07867,1.07792
2015-11-09 12:00:00,1.07792,1.07741,1.07863,1.07748
2015-11-09 13:00:00,1.0775,1.07339,1.07774,1.07413
2015-11-09 14:00:00,1.07412,1.0726,1.07517,1.07309
2015-11-09 15:00:00,1.07308,1.07258,1.07583,1.07455
2015-11-09 16:00:00,1.07454,1.07425,1.07821,1.07662
2015-11-09 17:00:00,1.0766,1.07539,1.07685,1.07569
2015-11-09 18:00:00,1.07565,1.07528,1.07669,1.07618
2015-11-09 19:00:00,1.07618,1.07537,1.0763,1.0757
2015-11-09 20:00:00,1.07573,1.07524,1.07631,1.07553
2015-11-09 21:00:00,1.07552,1.07447,1.07567,1.07495
2015-11-09 22:00:00,1.07461,1.07449,1.07555,1.07549
2015-11-09 23:00:00,1.07548,1.0752,1.07613,1.0759
2015-11-10 00:00:00,1.07591,1.07497,1.07602,1.07539
2015-11-10 01:00:00,1.07541,1.0748,1.0759,1.0749
2015-11-10 02:00:00,1.07488,1.07458,1.07541,1.07529
2015-11-10 03:00:00,1.07531,1.07444,1.07531,1.07491
2015-11-10 04:00:00,1.0749,1.07396,1.07501,1.07426
2015-11-10 05:00:00,1.07428,1.07364,1.07461,1.07456
2015-11-10 06:00:00,1.07459,1.07409,1.075,1.07432
2015-11-10 07:00:00,1.07431,1.07387,1.07633,1.07583
2015-11-10 08:00:00,1.07584,1.07413,1.07634,1.07474
2015-11-10 09:00:00,1.07477,1.07291,1.07483,1.07359
2015-11-10 10:00:00,1.07358,1.07298,1.07439,1.07346
2015-11-10 11:00:00,1.07345,1.07217,1.07384,1.07282
2015-11-10 12:00:00,1.0728,1.0697,1.07367,1.07004
2015-11-10 13:00:00,1.07002,1.06814,1.0712,1.06949
2015-11-10 14:00:00,1.06947,1.06736,1.07004,1.06837
2015-11-10 15:00:00,1.06839,1.06808,1.07066,1.06917
2015-11-10 16:00:00,1.06918,1.0684,1.07041,1.06847
2015-11-10 17:00:00,1.06846,1.06807,1.07043,1.07035
2015-11-10 18:00:00,1.07032,1.06958,1.07226,1.07176
2015-11-10 19:00:00,1.07175,1.07002,1.07178,1.07051
2015-11-10 20:00:00,1.07048,1.07032,1.0717,1.07137
2015-11-10 21:00:00,1.07135,1.07135,1.07296,1.07235
2015-11-10 22:00:00,1.07218,1.07158,1.07254,1.07198
2015-11-10 23:00:00,1.07199,1.07199,1.07404,1.07357
2015-11-11 00:00:00,1.07359,1.07284,1.07442,1.0732
2015-11-11 01:00:00,1.07323,1.07308,1.0749,1.07472
2015-11-11 02:00:00,1.07473,1.0747,1.07604,1.07558
2015-11-11 03:00:00,1.07556,1.07512,1.0773,1.07691
2015-11-11 04:00:00,1.07692,1.07561,1.07699,1.07565
2015-11-11 05:00:00,1.07564,1.07515,1.07633,1.07581
2015-11-11 06:00:00,1.07579,1.07412,1.07595,1.07413
2015-11-11 07:00:00,1.07412,1.0732,1.0752,1.07483
2015-11-11 08:00:00,1.07482,1.07353,1.07577,1.07383
2015-11-11 09:00:00,1.07379,1.07329,1.07584,1.0749
2015-11-11 10:00:00,1.07489,1.0738,1.07515,1.07384
2015-11-11 11:00:00,1.07385,1.07135,1.07417,1.07163
2015-11-11 12:00:00,1.07165,1.07105,1.0723,1.07141
2015-11-11 13:00:00,1.0714,1.07049,1.07358,1.07335
2015-11-11 14:00:00,1.07332,1.07315,1.07493,1.07456
2015-11-11 15:00:00,1.07454,1.07059,1.07532,1.07276
2015-11-11 16:00:00,1.07279,1.07212,1.07462,1.07333
2015-11-11 17:00:00,1.07331,1.07238,1.07363,1.07283
2015-11-11 18:00:00,1.07281,1.07249,1.07378,1.07376
2015-11-11 19:00:00,1.07374,1.07312,1.07441,1.07412
2015-11-11 20:00:00,1.07413,1.07367,1.07447,1.0742
2015-11-11 21:00:00,1.0742,1.07365,1.07434,1.07417
2015-11-11 22:00:00,1.07426,1.07408,1.07597,1.07574
2015-11-11 23:00:00,1.07577,1.07546,1.07662,1.07635
2015-11-12 00:00:00,1.07632,1.07564,1.07681,1.07658
2015-11-12 01:00:00,1.07658,1.0764,1.07799,1.07719
2015-11-12 02:00:00,1.07721,1.07602,1.07746,1.07617
2015-11-12 03:00:00,1.07615,1.07604,1.07661,1.07623
2015-11-12 04:00:00,1.0762,1.07585,1.07648,1.07598
2015-11-12 05:00:00,1.076,1.0751,1.07605,1.07565
2015-11-12 06:00:00,1.07565,1.07512,1.07595,1.07536
2015-11-12 07:00:00,1.07534,1.0742,1.07536,1.07435
2015-11-12 08:00:00,1.07436,1.06902,1.07499,1.0711
2015-11-12 09:00:00,1.07109,1.07073,1.07349,1.07118
2015-11-12 10:00:00,1.07117,1.0708,1.07326,1.07257
2015-11-12 11:00:00,1.07254,1.07068,1.07264,1.07136
2015-11-12 12:00:00,1.07134,1.07093,1.07254,1.07206
2015-11-12 13:00:00,1.07204,1.07197,1.07392,1.07247
2015-11-12 14:00:00,1.07246,1.07215,1.0796,1.07793
2015-11-12 15:00:00,1.07793,1.07489,1.0809,1.07532
2015-11-12 16:00:00,1.07534,1.07457,1.07759,1.07664
2015-11-12 17:00:00,1.07665,1.07629,1.08034,1.0778
2015-11-12 18:00:00,1.07782,1.07656,1.07802,1.07692
2015-11-12 19:00:00,1.07689,1.07676,1.0797,1.07912
2015-11-12 20:00:00,1.07911,1.07866,1.08307,1.08088
2015-11-12 21:00:00,1.08086,1.08063,1.08227,1.08112
2015-11-12 22:00:00,1.0809,1.08053,1.08131,1.08057
2015-11-12 23:00:00,1.08052,1.08028,1.08159,1.08075
2015-11-13 00:00:00,1.08077,1.08001,1.08088,1.08035
2015-11-13 01:00:00,1.08037,1.07842,1.0804,1.07866
2015-11-13 02:00:00,1.07868,1.0785,1.07963,1.07962
2015-11-13 03:00:00,1.0796,1.07838,1.0796,1.07926
2015-11-13 04:00:00,1.07928,1.07897,1.07949,1.07916
2015-11-13 05:00:00,1.07916,1.07835,1.07918,1.07861
2015-11-13 06:00:00,1.0786,1.07709,1.07868,1.07839
2015-11-13 07:00:00,1.07837,1.07718,1.07879,1.0778
2015-11-13 08:00:00,1.07779,1.0753,1.07784,1.07555
2015-11-13 09:00:00,1.07556,1.0751,1.07654,1.07554
2015-11-13 10:00:00,1.0755,1.07526,1.07771,1.07729
2015-11-13 11:00:00,1.07728,1.07724,1.08074,1.07894
2015-11-13 12:00:00,1.07896,1.07689,1.07915,1.07699
2015-11-13 13:00:00,1.07698,1.07327,1.07936,1.07345
2015-11-13 14:00:00,1.07347,1.07219,1.07431,1.07354
2015-11-13 15:00:00,1.07362,1.07169,1.07546,1.07282
2015-11-13 16:00:00,1.07284,1.07194,1.0735,1.072
2015-11-13 17:00:00,1.07202,1.07134,1.07285,1.07257
2015-11-13 18:00:00,1.07256,1.07192,1.07387,1.07301
2015-11-13 19:00:00,1.07302,1.07218,1.07382,1.07371
2015-11-13 20:00:00,1.07368,1.07356,1.07509,1.07501
2015-11-13 21:00:00,1.07498,1.07458,1.07735,1.07677
2015-11-15 22:00:00,1.07378,1.07284,1.07437,1.07352
2015-11-15 23:00:00,1.07353,1.0684,1.07355,1.06993
2015-11-16 00:00:00,1.06995,1.06993,1.07241,1.07214
2015-11-16 01:00:00,1.07215,1.07109,1.0726,1.07109
2015-11-16 02:00:00,1.0711,1.07103,1.07229,1.0717
2015-11-16 03:00:00,1.07173,1.07155,1.07278,1.07242
2015-11-16 04:00:00,1.07241,1.07184,1.07244,1.07192
2015-11-16 05:00:00,1.07193,1.0717,1.07259,1.0725
2015-11-16 06:00:00,1.07249,1.07215,1.0732,1.07264
2015-11-16 07:00:00,1.07267,1.07265,1.07577,1.07503
2015-11-16 08:00:00,1.07503,1.0729,1.07567,1.07383
2015-11-16 09:00:00,1.07382,1.07149,1.07392,1.07255
2015-11-16 10:00:00,1.0726,1.0713,1.07302,1.07197
2015-11-16 11:00:00,1.07196,1.07196,1.07449,1.0738
2015-11-16 12:00:00,1.07383,1.07231,1.07414,1.07297
2015-11-16 13:00:00,1.073,1.07209,1.07408,1.07276
2015-11-16 14:00:00,1.07276,1.07027,1.07299,1.07034
2015-11-16 15:00:00,1.07036,1.07004,1.0719,1.07156
2015-11-16 16:00:00,1.07158,1.07056,1.07229,1.07068
2015-11-16 17:00:00,1.0707,1.06907,1.07088,1.06931
2015-11-16 18:00:00,1.06932,1.06812,1.0698,1.0686
2015-11-16 19:00:00,1.06859,1.0674,1.06925,1.06767
2015-11-16 20:00:00,1.06764,1.06759,1.06869,1.06843
2015-11-16 21:00:00,1.0684,1.06818,1.06877,1.06854
2015-11-16 22:00:00,1.06839,1.06801,1.06864,1.06828
2015-11-16 23:00:00,1.06828,1.06827,1.06887,1.06867
2015-11-17 00:00:00,1.06867,1.06821,1.06901,1.06889
2015-11-17 01:00:00,1.06887,1.06604,1.06887,1.06652
2015-11-17 02:00:00,1.06649,1.06588,1.06707,1.06639
2015-11-17 03:00:00,1.0664,1.06581,1.06663,1.06595
2015-11-17 04:00:00,1.06594,1.06557,1.06624,1.06614
2015-11-17 05:00:00,1.06613,1.06556,1.06651,1.06619
2015-11-17 06:00:00,1.06617,1.06569,1.06704,1.06677
2015-11-17 07:00:00,1.06676,1.06493,1.06676,1.06552
2015-11-17 08:00:00,1.06551,1.06429,1.0656,1.06462
2015-11-17 09:00:00,1.06461,1.06421,1.06728,1.06666
2015-11-17 10:00:00,1.0666,1.06595,1.06714,1.06637
2015-11-17 11:00:00,1.06638,1.06602,1.06786,1.06616
2015-11-17 12:00:00,1.06615,1.06565,1.06671,1.06644
2015-11-17 13:00:00,1.06642,1.06507,1.06742,1.06564
2015-11-17 14:00:00,1.06563,1.06545,1.0676,1.06696
2015-11-17 15:00:00,1.06693,1.06446,1.06756,1.06519
2015-11-17 16:00:00,1.0652,1.0631,1.0655,1.0633
2015-11-17 17:00:00,1.06327,1.063,1.06512,1.06459
2015-11-17 18:00:00,1.06457,1.06344,1.06535,1.0637
2015-11-17 19:00:00,1.06375,1.06356,1.06546,1.06476
2015-11-17 20:00:00,1.06476,1.06408,1.06539,1.06458
2015-11-17 21:00:00,1.06459,1.06402,1.06468,1.06415
2015-11-17 22:00:00,1.06405,1.0639,1.06456,1.06449
2015-11-17 23:00:00,1.06444,1.06379,1.06444,1.06424
2015-11-18 00:00:00,1.06423,1.06382,1.06465,1.06401
2015-11-18 01:00:00,1.06401,1.06347,1.06401,1.06356
2015-11-18 02:00:00,1.06353,1.06334,1.0639,1.06344
2015-11-18 03:00:00,1.06342,1.06306,1.06366,1.06343
2015-11-18 04:00:00,1.06342,1.06329,1.06407,1.06392
2015-11-18 05:00:00,1.0639,1.06373,1.06504,1.06489
2015-11-18 06:00:00,1.0649,1.06435,1.06501,1.06491
2015-11-18 07:00:00,1.0649,1.06397,1.06564,1.06503
2015-11-18 08:00:00,1.06502,1.06488,1.06732,1.06701
2015-11-18 09:00:00,1.067,1.06689,1.0692,1.06789
2015-11-18 10:00:00,1.06791,1.06691,1.06812,1.06736
2015-11-18 11:00:00,1.06737,1.06581,1.06748,1.06631
2015-11-18 12:00:00,1.06629,1.06607,1.06731,1.06669
2015-11-18 13:00:00,1.06668,1.06575,1.06704,1.06581
2015-11-18 14:00:00,1.06579,1.0655,1.06742,1.06652
2015-11-18 15:00:00,1.06648,1.06445,1.06648,1.06462
2015-11-18 16:00:00,1.0646,1.06224,1.06484,1.06363
2015-11-18 17:00:00,1.06363,1.06273,1.0644,1.0639
2015-11-18 18:00:00,1.0639,1.06351,1.06472,1.06368
2015-11-18 19:00:00,1.06375,1.06155,1.06715,1.06458
2015-11-18 20:00:00,1.06455,1.06426,1.06638,1.06513
2015-11-18 21:00:00,1.06514,1.06509,1.06596,1.06578
2015-11-18 22:00:00,1.0658,1.06544,1.06614,1.06594
2015-11-18 23:00:00,1.0659,1.06579,1.06732,1.06709
2015-11-19 00:00:00,1.06708,1.06697,1.06833,1.06833
2015-11-19 01:00:00,1.06831,1.0681,1.07161,1.07021
2015-11-19 02:00:00,1.07022,1.0691,1.07093,1.06931
2015-11-19 03:00:00,1.06928,1.06884,1.07075,1.07018
2015-11-19 04:00:00,1.07018,1.07009,1.07122,1.07119
2015-11-19 05:00:00,1.07118,1.06991,1.07119,1.07042
2015-11-19 06:00:00,1.07039,1.06906,1.07077,1.06928
2015-11-19 07:00:00,1.06929,1.06732,1.06944,1.06733
2015-11-19 08:00:00,1.06734,1.06666,1.06884,1.06879
2015-11-19 09:00:00,1.06877,1.06769,1.06992,1.06854
2015-11-19 10:00:00,1.06852,1.06819,1.07044,1.07011
2015-11-19 11:00:00,1.07013,1.07006,1.07151,1.07115
2015-11-19 12:00:00,1.07113,1.06907,1.07166,1.06947
2015-11-19 13:00:00,1.06948,1.06679,1.06954,1.06858
2015-11-19 14:00:00,1.06856,1.06823,1.07317,1.07057
2015-11-19 15:00:00,1.07046,1.0703,1.07387,1.07356
2015-11-19 16:00:00,1.07358,1.07337,1.0763,1.07456
2015-11-19 17:00:00,1.07453,1.07239,1.07488,1.07249
2015-11-19 18:00:00,1.07251,1.07162,1.07311,1.07304
2015-11-19 19:00:00,1.07303,1.07278,1.0738,1.07323
2015-11-19 20:00:00,1.07325,1.07313,1.0739,1.07326
2015-11-19 21:00:00,1.07327,1.07306,1.07371,1.07326
2015-11-19 22:00:00,1.0732,1.07259,1.07375,1.0729
2015-11-19 23:00:00,1.07288,1.07209,1.07329,1.07252
2015-11-20 00:00:00,1.07249,1.07134,1.07271,1.07155
2015-11-20 01:00:00,1.07157,1.07093,1.07178,1.07174
2015-11-20 02:00:00,1.07174,1.07132,1.07261,1.07215
2015-11-20 03:00:00,1.07216,1.07116,1.07218,1.07168
2015-11-20 04:00:00,1.07169,1.07126,1.07229,1.07185
2015-11-20 05:00:00,1.07185,1.07096,1.07251,1.07233
2015-11-20 06:00:00,1.07231,1.0716,1.07277,1.0716
2015-11-20 07:00:00,1.07158,1.06856,1.07158,1.06888
2015-11-20 08:00:00,1.06887,1.0663,1.06976,1.06787
2015-11-20 09:00:00,1.06789,1.06774,1.06907,1.06874
2015-11-20 10:00:00,1.06873,1.06865,1.07058,1.06997
2015-11-20 11:00:00,1.06996,1.06797,1.06998,1.06807
2015-11-20 12:00:00,1.06805,1.06713,1.06892,1.06862
2015-11-20 13:00:00,1.0686,1.06764,1.07026,1.0693
2015-11-20 14:00:00,1.0693,1.06808,1.07071,1.06876
2015-11-20 15:00:00,1.06873,1.06602,1.06906,1.06616
2015-11-20 16:00:00,1.06617,1.06447,1.06722,1.06581
2015-11-20 17:00:00,1.06582,1.06398,1.0659,1.06495
2015-11-20 18:00:00,1.06493,1.06399,1.06527,1.06516
2015-11-20 19:00:00,1.06513,1.06495,1.06574,1.06515
2015-11-20 20:00:00,1.06514,1.06441,1.06571,1.06444
2015-11-20 21:00:00,1.06441,1.06392,1.06487,1.06431
2015-11-22 22:00:00,1.06356,1.0635,1.06454,1.06423
2015-11-22 23:00:00,1.06427,1.06351,1.06432,1.06374
2015-11-23 00:00:00,1.06374,1.0628,1.064,1.06334
2015-11-23 01:00:00,1.06334,1.0608,1.06359,1.06125
2015-11-23 02:00:00,1.06122,1.05996,1.06135,1.06074
2015-11-23 03:00:00,1.06071,1.06066,1.06156,1.06127
2015-11-23 04:00:00,1.06129,1.0609,1.06147,1.06136
2015-11-23 05:00:00,1.06134,1.06124,1.06179,1.06142
2015-11-23 06:00:00,1.06141,1.06124,1.06253,1.06187
2015-11-23 07:00:00,1.06185,1.06069,1.06268,1.06239
2015-11-23 08:00:00,1.06239,1.06178,1.0643,1.06302
2015-11-23 09:00:00,1.06305,1.06145,1.06352,1.06307
2015-11-23 10:00:00,1.06304,1.06177,1.06315,1.06223
2015-11-23 11:00:00,1.06223,1.06147,1.0631,1.0624
2015-11-23 12:00:00,1.06241,1.06193,1.06418,1.06233
2015-11-23 13:00:00,1.06232,1.06195,1.06459,1.06457
2015-11-23 14:00:00,1.06461,1.06306,1.06564,1.06462
2015-11-23 15:00:00,1.06447,1.06101,1.06461,1.06138
2015-11-23 16:00:00,1.06136,1.05914,1.06202,1.06006
2015-11-23 17:00:00,1.06008,1.06003,1.06217,1.06193
2015-11-23 18:00:00,1.06192,1.061,1.06222,1.0621
2015-11-23 19:00:00,1.0621,1.06157,1.06261,1.06226
2015-11-23 20:00:00,1.06224,1.06217,1.06292,1.06263
2015-11-23 21:00:00,1.06266,1.06262,1.06356,1.06348
2015-11-23 22:00:00,1.06343,1.06315,1.06361,1.06325
2015-11-23 23:00:00,1.06321,1.0629,1.06398,1.06357
2015-11-24 00:00:00,1.06355,1.06303,1.06433,1.06326
2015-11-24 01:00:00,1.06329,1.06318,1.06444,1.06401
2015-11-24 02:00:00,1.06401,1.06354,1.06435,1.06368
2015-11-24 03:00:00,1.06366,1.06313,1.06384,1.06319
2015-11-24 04:00:00,1.06321,1.06215,1.0634,1.06286
2015-11-24 05:00:00,1.06283,1.06189,1.0631,1.0631
2015-11-24 06:00:00,1.06312,1.06205,1.0632,1.06266
2015-11-24 07:00:00,1.06266,1.06216,1.06431,1.06389
2015-11-24 08:00:00,1.06388,1.0634,1.06608,1.06583
2015-11-24 09:00:00,1.06582,1.06418,1.06694,1.06462
2015-11-24 10:00:00,1.06459,1.06343,1.06562,1.06503
2015-11-24 11:00:00,1.06504,1.06406,1.06565,1.06437
2015-11-24 12:00:00,1.06434,1.06362,1.06533,1.06475
2015-11-24 13:00:00,1.06475,1.06454,1.06664,1.0662
2015-11-24 14:00:00,1.0662,1.06354,1.06729,1.06365
2015-11-24 15:00:00,1.06366,1.06276,1.0648,1.064
2015-11-24 16:00:00,1.06397,1.06348,1.0654,1.06513
2015-11-24 17:00:00,1.06515,1.06442,1.06644,1.0646
2015-11-24 18:00:00,1.06461,1.06347,1.06581,1.06455
2015-11-24 19:00:00,1.06454,1.06415,1.06613,1.06546
2015-11-24 20:00:00,1.06545,1.06422,1.06566,1.0645
2015-11-24 21:00:00,1.06449,1.0638,1.06489,1.06413
2015-11-24 22:00:00,1.06423,1.06403,1.06475,1.06442
2015-11-24 23:00:00,1.06443,1.06395,1.06465,1.06423
2015-11-25 00:00:00,1.06422,1.06406,1.06599,1.06488
2015-11-25 01:00:00,1.06488,1.06469,1.06637,1.06637
2015-11-25 02:00:00,1.06636,1.06636,1.06766,1.06747
2015-11-25 03:00:00,1.06747,1.06662,1.0677,1.06723
2015-11-25 04:00:00,1.0672,1.06508,1.0672,1.06559
2015-11-25 05:00:00,1.0656,1.06527,1.066,1.06576
2015-11-25 06:00:00,1.06577,1.06557,1.06689,1.06679
2015-11-25 07:00:00,1.06675,1.06635,1.06891,1.06799
2015-11-25 08:00:00,1.06797,1.06579,1.06855,1.06621
2015-11-25 09:00:00,1.0662,1.06054,1.06638,1.0611
2015-11-25 10:00:00,1.0611,1.05881,1.06156,1.05947
2015-11-25 11:00:00,1.05948,1.05784,1.05959,1.05838
2015-11-25 12:00:00,1.05838,1.05829,1.0602,1.05965
2015-11-25 13:00:00,1.05964,1.05736,1.06013,1.0591
2015-11-25 14:00:00,1.05913,1.05757,1.05946,1.05785
2015-11-25 15:00:00,1.05786,1.05655,1.06018,1.06011
2015-11-25 16:00:00,1.06008,1.05993,1.06197,1.06147
2015-11-25 17:00:00,1.06149,1.06123,1.06415,1.06224
2015-11-25 18:00:00,1.06223,1.06134,1.06278,1.06149
2015-11-25 19:00:00,1.06151,1.06093,1.06197,1.06142
2015-11-25 20:00:00,1.06144,1.06137,1.06229,1.06164
2015-11-25 21:00:00,1.06162,1.06154,1.0623,1.0623
2015-11-25 22:00:00,1.0623,1.06153,1.06242,1.06199
2015-11-25 23:00:00,1.06198,1.06191,1.06225,1.06222
2015-11-26 00:00:00,1.06219,1.06175,1.06266,1.06251
2015-11-26 01:00:00,1.06253,1.06146,1.06253,1.06187
2015-11-26 02:00:00,1.06186,1.06151,1.062,1.06171
2015-11-26 03:00:00,1.06172,1.06152,1.06243,1.06217
2015-11-26 04:00:00,1.06219,1.06178,1.06241,1.06202
2015-11-26 05:00:00,1.06201,1.06143,1.06231,1.0619
2015-11-26 06:00:00,1.06193,1.06166,1.06229,1.0618
2015-11-26 07:00:00,1.06178,1.06021,1.0622,1.06069
2015-11-26 08:00:00,1.06066,1.05992,1.06136,1.06116
2015-11-26 09:00:00,1.06115,1.06076,1.06154,1.06095
2015-11-26 10:00:00,1.06095,1.06039,1.06141,1.06132
2015-11-26 11:00:00,1.06134,1.06073,1.06189,1.06145
2015-11-26 12:00:00,1.06147,1.06089,1.06196,1.0609
2015-11-26 13:00:00,1.06088,1.06084,1.0618,1.06173
2015-11-26 14:00:00,1.06172,1.06145,1.06227,1.06199
2015-11-26 15:00:00,1.062,1.06147,1.0621,1.0618
2015-11-26 16:00:00,1.06179,1.06051,1.06191,1.06067
2015-11-26 17:00:00,1.06069,1.06055,1.06129,1.06129
2015-11-26 18:00:00,1.06128,1.06045,1.06133,1.06059
2015-11-26 19:00:00,1.06058,1.0605,1.06072,1.06065
2015-11-26 20:00:00,1.06063,1.06048,1.06077,1.0606
2015-11-26 21:00:00,1.06058,1.06054,1.06088,1.06088
2015-11-26 22:00:00,1.06076,1.06024,1.06095,1.06027
2015-11-26 23:00:00,1.06026,1.06019,1.06076,1.06058
2015-11-27 00:00:00,1.06057,1.06007,1.06063,1.06025
2015-11-27 01:00:00,1.06027,1.06009,1.06082,1.06072
2015-11-27 02:00:00,1.06071,1.06071,1.06134,1.06108
2015-11-27 03:00:00,1.06106,1.0605,1.06156,1.06055
2015-11-27 04:00:00,1.06057,1.06057,1.06112,1.06067
2015-11-27 05:00:00,1.06069,1.06064,1.06156,1.06113
2015-11-27 06:00:00,1.06109,1.06099,1.06376,1.0631
2015-11-27 07:00:00,1.06311,1.06216,1.06317,1.06225
2015-11-27 08:00:00,1.06222,1.06083,1.06286,1.06173
2015-11-27 09:00:00,1.06175,1.05829,1.06197,1.05835
2015-11-27 10:00:00,1.05835,1.05734,1.05938,1.05902
2015-11-27 11:00:00,1.05904,1.0579,1.05963,1.0579
2015-11-27 12:00:00,1.05788,1.05768,1.05868,1.0584
2015-11-27 13:00:00,1.0584,1.05742,1.05864,1.05782
2015-11-27 14:00:00,1.05781,1.05675,1.05864,1.05794
2015-11-27 15:00:00,1.05792,1.05765,1.05952,1.05942
2015-11-27 16:00:00,1.05943,1.0587,1.05966,1.05942
2015-11-27 17:00:00,1.05941,1.05927,1.06032,1.05989
2015-11-27 18:00:00,1.0599,1.05944,1.06037,1.05947
2015-11-27 19:00:00,1.0595,1.05895,1.05969,1.05897
2015-11-27 20:00:00,1.05894,1.05894,1.0597,1.0593
2015-11-27 21:00:00,1.05925,1.05872,1.05952,1.05885
2015-11-29 22:00:00,1.05869,1.05831,1.05926,1.05907
2015-11-29 23:00:00,1.05905,1.05809,1.05935,1.05824
2015-11-30 00:00:00,1.05826,1.05749,1.05885,1.05761
2015-11-30 01:00:00,1.05763,1.05698,1.05836,1.05787
2015-11-30 02:00:00,1.0579,1.05762,1.05835,1.05826
2015-11-30 03:00:00,1.05828,1.05815,1.05861,1.0584
2015-11-30 04:00:00,1.05843,1.05815,1.05897,1.05853
2015-11-30 05:00:00,1.0585,1.05839,1.05911,1.05845
2015-11-30 06:00:00,1.05847,1.05788,1.05862,1.05809
2015-11-30 07:00:00,1.05809,1.05781,1.05905,1.0582
2015-11-30 08:00:00,1.05821,1.05735,1.05946,1.05752
2015-11-30 09:00:00,1.05753,1.05625,1.05837,1.05804
2015-11-30 10:00:00,1.05806,1.05729,1.05839,1.05753
2015-11-30 11:00:00,1.05754,1.05639,1.05799,1.0574
2015-11-30 12:00:00,1.05737,1.057,1.05792,1.05747
2015-11-30 13:00:00,1.05745,1.05733,1.05844,1.05743
2015-11-30 14:00:00,1.05746,1.05733,1.05842,1.0579
2015-11-30 15:00:00,1.05788,1.05583,1.05811,1.05611
2015-11-30 16:00:00,1.05607,1.05576,1.05736,1.056
2015-11-30 17:00:00,1.05599,1.0557,1.05681,1.0559
2015-11-30 18:00:00,1.05593,1.05586,1.05675,1.05672
2015-11-30 19:00:00,1.05671,1.05631,1.05752,1.05723
2015-11-30 20:00:00,1.0572,1.05638,1.05744,1.05659
2015-11-30 21:00:00,1.05659,1.05619,1.05672,1.05632
2015-11-30 22:00:00,1.05652,1.05643,1.05711,1.0571
2015-11-30 23:00:00,1.05708,1.05635,1.05708,1.05691
2015-12-01 00:00:00,1.05688,1.05627,1.05694,1.05686
2015-12-01 01:00:00,1.05686,1.05661,1.05808,1.05774
2015-12-01 02:00:00,1.05774,1.05761,1.05962,1.05802
2015-12-01 03:00:00,1.05801,1.05744,1.05836,1.05789
2015-12-01 04:00:00,1.05788,1.05705,1.05791,1.05735
2015-12-01 05:00:00,1.05738,1.05738,1.05848,1.0581
2015-12-01 06:00:00,1.05811,1.05774,1.05918,1.05854
2015-12-01 07:00:00,1.05854,1.05814,1.05931,1.05836
2015-12-01 08:00:00,1.05832,1.05771,1.06095,1.06062
2015-12-01 09:00:00,1.06062,1.05934,1.06186,1.05967
2015-12-01 10:00:00,1.05962,1.05849,1.05966,1.05932
2015-12-01 11:00:00,1.05931,1.059,1.0598,1.05976
2015-12-01 12:00:00,1.05975,1.05923,1.06036,1.05998
2015-12-01 13:00:00,1.05997,1.05966,1.06108,1.06053
2015-12-01 14:00:00,1.0605,1.06041,1.06282,1.06116
2015-12-01 15:00:00,1.06135,1.06016,1.06366,1.06073
2015-12-01 16:00:00,1.06075,1.06048,1.06197,1.0618
2015-12-01 17:00:00,1.06179,1.06091,1.06214,1.06151
2015-12-01 18:00:00,1.06152,1.06147,1.06356,1.06336
2015-12-01 19:00:00,1.06334,1.06279,1.06339,1.06303
2015-12-01 20:00:00,1.063,1.06296,1.06369,1.06317
2015-12-01 21:00:00,1.06316,1.06236,1.06348,1.06316
2015-12-01 22:00:00,1.06336,1.06228,1.06343,1.0624
2015-12-01 23:00:00,1.06235,1.06218,1.06266,1.06256
2015-12-02 00:00:00,1.06255,1.06206,1.06283,1.06238
2015-12-02 01:00:00,1.06241,1.06196,1.06259,1.06204
2015-12-02 02:00:00,1.06204,1.06171,1.06236,1.0621
2015-12-02 03:00:00,1.0621,1.06157,1.0621,1.06184
2015-12-02 04:00:00,1.06185,1.06126,1.0619,1.06133
2015-12-02 05:00:00,1.06131,1.06105,1.06142,1.06114
2015-12-02 06:00:00,1.06111,1.06067,1.06123,1.06081
2015-12-02 07:00:00,1.0608,1.06059,1.06268,1.06258
2015-12-02 08:00:00,1.06257,1.0616,1.0632,1.06195
2015-12-02 09:00:00,1.06193,1.0612,1.06312,1.062
2015-12-02 10:00:00,1.06193,1.05812,1.06193,1.059
2015-12-02 11:00:00,1.05902,1.05873,1.05973,1.05959
2015-12-02 12:00:00,1.05958,1.05912,1.06002,1.05978
2015-12-02 13:00:00,1.05978,1.05778,1.0614,1.05799
2015-12-02 14:00:00,1.05797,1.05705,1.05969,1.05737
2015-12-02 15:00:00,1.05736,1.05588,1.05751,1.05678
2015-12-02 16:00:00,1.05681,1.05675,1.05783,1.05721
2015-12-02 17:00:00,1.05719,1.05501,1.05974,1.05843
2015-12-02 18:00:00,1.05841,1.05805,1.06146,1.06133
2015-12-02 19:00:00,1.06132,1.06082,1.06266,1.06175
2015-12-02 20:00:00,1.06173,1.06115,1.06234,1.06143
2015-12-02 21:00:00,1.06144,1.06093,1.06198,1.06131
2015-12-02 22:00:00,1.06142,1.06056,1.06167,1.06071
2015-12-02 23:00:00,1.06068,1.06062,1.06108,1.06098
2015-12-03 00:00:00,1.06096,1.06039,1.06129,1.06059
2015-12-03 01:00:00,1.06056,1.06008,1.06088,1.06016
2015-12-03 02:00:00,1.06014,1.05924,1.06018,1.0594
2015-12-03 03:00:00,1.0594,1.05899,1.05977,1.05933
2015-12-03 04:00:00,1.05932,1.05903,1.05962,1.05917
2015-12-03 05:00:00,1.05916,1.05869,1.05963,1.05869
2015-12-03 06:00:00,1.05869,1.05828,1.05943,1.05907
2015-12-03 07:00:00,1.05904,1.0583,1.0591,1.05859
2015-12-03 08:00:00,1.05857,1.05704,1.05857,1.05751
2015-12-03 09:00:00,1.05747,1.05522,1.05756,1.05602
2015-12-03 10:00:00,1.05598,1.05513,1.05656,1.05618
2015-12-03 11:00:00,1.05619,1.05458,1.05625,1.05464
2015-12-03 12:00:00,1.05465,1.05187,1.06878,1.06652
2015-12-03 13:00:00,1.06658,1.06447,1.08907,1.08227
2015-12-03 14:00:00,1.08226,1.07883,1.08292,1.08087
2015-12-03 15:00:00,1.08093,1.08073,1.08682,1.08478
2015-12-03 16:00:00,1.08478,1.08469,1.09417,1.08999
2015-12-03 17:00:00,1.08998,1.0896,1.09351,1.09011
2015-12-03 18:00:00,1.09012,1.09012,1.09355,1.09292
2015-12-03 19:00:00,1.09289,1.09263,1.09767,1.09764
2015-12-03 20:00:00,1.09767,1.09378,1.09802,1.09491
2015-12-03 21:00:00,1.09491,1.09371,1.09581,1.0938
2015-12-03 22:00:00,1.09403,1.09218,1.09403,1.09263
2015-12-03 23:00:00,1.09267,1.09137,1.09346,1.09169
2015-12-04 00:00:00,1.09172,1.09157,1.09555,1.09192
2015-12-04 01:00:00,1.0919,1.08979,1.09261,1.09094
2015-12-04 02:00:00,1.09096,1.09038,1.09248,1.09187
2015-12-04 03:00:00,1.09189,1.09165,1.09339,1.09301
2015-12-04 04:00:00,1.09299,1.09276,1.09449,1.09391
2015-12-04 05:00:00,1.09391,1.09348,1.09455,1.0938
2015-12-04 06:00:00,1.0938,1.0915,1.09443,1.09169
2015-12-04 07:00:00,1.09168,1.08698,1.09281,1.08712
2015-12-04 08:00:00,1.08713,1.0858,1.08908,1.08696
2015-12-04 09:00:00,1.08697,1.08688,1.08936,1.08893
2015-12-04 10:00:00,1.08892,1.08546,1.08914,1.08658
2015-12-04 11:00:00,1.08661,1.08625,1.08861,1.0884
2015-12-04 12:00:00,1.08839,1.08802,1.09,1.08804
2015-12-04 13:00:00,1.08802,1.08578,1.09455,1.09249
2015-12-04 14:00:00,1.09246,1.0903,1.09437,1.09354
2015-12-04 15:00:00,1.09355,1.08809,1.09501,1.08873
2015-12-04 16:00:00,1.08874,1.08735,1.08987,1.08831
2015-12-04 17:00:00,1.0883,1.08351,1.08884,1.08677
2015-12-04 18:00:00,1.08676,1.08501,1.0874,1.08734
2015-12-04 19:00:00,1.08733,1.08671,1.08785,1.08686
2015-12-04 20:00:00,1.08689,1.08646,1.08742,1.08733
2015-12-04 21:00:00,1.08737,1.08689,1.08812,1.08763
2015-12-06 22:00:00,1.08698,1.08662,1.08786,1.08746
2015-12-06 23:00:00,1.08744,1.0873,1.08864,1.08805
2015-12-07 00:00:00,1.08802,1.08655,1.08805,1.08694
2015-12-07 01:00:00,1.08693,1.08623,1.08716,1.08668
2015-12-07 02:00:00,1.08668,1.08534,1.08689,1.08588
2015-12-07 03:00:00,1.0859,1.08581,1.08638,1.08584
2015-12-07 04:00:00,1.08583,1.08583,1.08641,1.08623
2015-12-07 05:00:00,1.08623,1.08598,1.08647,1.08609
2015-12-07 06:00:00,1.08608,1.08596,1.08685,1.08671
2015-12-07 07:00:00,1.08664,1.08543,1.08722,1.08568
2015-12-07 08:00:00,1.08569,1.0814,1.08607,1.08141
2015-12-07 09:00:00,1.0814,1.08107,1.08238,1.08161
2015-12-07 10:00:00,1.08162,1.08015,1.08169,1.08137
2015-12-07 11:00:00,1.08137,1.08054,1.08256,1.08075
2015-12-07 12:00:00,1.08074,1.07955,1.08127,1.08085
2015-12-07 13:00:00,1.08086,1.08061,1.08218,1.08166
2015-12-07 14:00:00,1.08165,1.08048,1.08223,1.08195
2015-12-07 15:00:00,1.08192,1.08138,1.08532,1.08498
2015-12-07 16:00:00,1.085,1.08376,1.08595,1.08389
2015-12-07 17:00:00,1.08393,1.08356,1.08555,1.08506
2015-12-07 18:00:00,1.08508,1.08385,1.08596,1.08392
2015-12-07 19:00:00,1.08393,1.08393,1.08485,1.0845
2015-12-07 20:00:00,1.08452,1.08404,1.08504,1.08459
2015-12-07 21:00:00,1.08458,1.08311,1.08458,1.08364
2015-12-07 22:00:00,1.08364,1.08307,1.08384,1.08315
2015-12-07 23:00:00,1.08312,1.08306,1.08395,1.08328
2015-12-08 00:00:00,1.08331,1.08323,1.084,1.08327
2015-12-08 01:00:00,1.08325,1.08295,1.08478,1.0846
2015-12-08 02:00:00,1.08458,1.08458,1.08548,1.08508
2015-12-08 03:00:00,1.0851,1.08482,1.08582,1.08505
2015-12-08 04:00:00,1.08502,1.08438,1.08511,1.08445
2015-12-08 05:00:00,1.08448,1.08423,1.08598,1.08598
2015-12-08 06:00:00,1.08597,1.08532,1.08602,1.08548
2015-12-08 07:00:00,1.08546,1.08536,1.08681,1.08669
2015-12-08 08:00:00,1.08667,1.08604,1.08817,1.08695
2015-12-08 09:00:00,1.08697,1.08523,1.08717,1.08527
2015-12-08 10:00:00,1.08525,1.08402,1.08612,1.08445
2015-12-08 11:00:00,1.08448,1.084,1.08594,1.0859
2015-12-08 12:00:00,1.08592,1.08547,1.08748,1.08645
2015-12-08 13:00:00,1.08648,1.08621,1.08959,1.08935
2015-12-08 14:00:00,1.08936,1.08664,1.08977,1.08766
2015-12-08 15:00:00,1.08766,1.08696,1.08999,1.08706
2015-12-08 16:00:00,1.08704,1.0865,1.08793,1.08742
2015-12-08 17:00:00,1.08741,1.08716,1.08937,1.08884
2015-12-08 18:00:00,1.08885,1.08876,1.09018,1.08958
2015-12-08 19:00:00,1.08959,1.08841,1.08986,1.08875
2015-12-08 20:00:00,1.08875,1.08864,1.08945,1.08938
2015-12-08 21:00:00,1.08939,1.08907,1.08968,1.08908
2015-12-08 22:00:00,1.08908,1.08904,1.08957,1.08928
2015-12-08 23:00:00,1.08929,1.08893,1.08948,1.08915
2015-12-09 00:00:00,1.08914,1.08817,1.08925,1.08831
2015-12-09 01:00:00,1.08829,1.08784,1.0899,1.0898
2015-12-09 02:00:00,1.08981,1.08928,1.09135,1.09088
2015-12-09 03:00:00,1.09087,1.09033,1.09106,1.09057
2015-12-09 04:00:00,1.09059,1.09023,1.0911,1.0911
2015-12-09 05:00:00,1.09113,1.09059,1.09204,1.09068
2015-12-09 06:00:00,1.0907,1.0907,1.09263,1.09211
2015-12-09 07:00:00,1.09209,1.09057,1.09278,1.09155
2015-12-09 08:00:00,1.09158,1.09073,1.09294,1.0919
2015-12-09 09:00:00,1.09192,1.09149,1.09369,1.09304
2015-12-09 10:00:00,1.09302,1.09274,1.09439,1.09307
2015-12-09 11:00:00,1.09309,1.09155,1.09365,1.09235
2015-12-09 12:00:00,1.09235,1.09212,1.09461,1.09366
2015-12-09 13:00:00,1.09366,1.09364,1.09753,1.09707
2015-12-09 14:00:00,1.09708,1.09575,1.09891,1.09724
2015-12-09 15:00:00,1.09727,1.09495,1.09793,1.09611
2015-12-09 16:00:00,1.0961,1.09566,1.09909,1.09818
2015-12-09 17:00:00,1.0982,1.09735,1.1004,1.10015
2015-12-09 18:00:00,1.10016,1.09967,1.10268,1.10264
2015-12-09 19:00:00,1.10267,1.10175,1.1042,1.10238
2015-12-09 20:00:00,1.10239,1.10151,1.10282,1.10179
2015-12-09 21:00:00,1.10178,1.10141,1.10291,1.10241
2015-12-09 22:00:00,1.10229,1.10152,1.10232,1.10173
2015-12-09 23:00:00,1.10175,1.10144,1.10208,1.10148
2015-12-10 00:00:00,1.10148,1.10116,1.10207,1.10171
2015-12-10 01:00:00,1.10169,1.10057,1.10179,1.10064
2015-12-10 02:00:00,1.10061,1.10053,1.10136,1.10109
2015-12-10 03:00:00,1.10107,1.10056,1.10109,1.10058
2015-12-10 04:00:00,1.10055,1.10039,1.10091,1.10052
2015-12-10 05:00:00,1.10051,1.10005,1.10072,1.10006
2015-12-10 06:00:00,1.10009,1.09903,1.1002,1.09916
2015-12-10 07:00:00,1.09918,1.09857,1.09973,1.09956
2015-12-10 08:00:00,1.09957,1.0967,1.09979,1.09796
2015-12-10 09:00:00,1.09795,1.09606,1.09821,1.09674
2015-12-10 10:00:00,1.09674,1.09328,1.09693,1.09397
2015-12-10 11:00:00,1.09395,1.09375,1.09593,1.09505
2015-12-10 12:00:00,1.09506,1.09432,1.0958,1.09501
2015-12-10 13:00:00,1.095,1.09373,1.09721,1.09706
2015-12-10 14:00:00,1.09706,1.09404,1.09707,1.09589
2015-12-10 15:00:00,1.09591,1.09242,1.09625,1.09354
2015-12-10 16:00:00,1.09355,1.09325,1.09498,1.09465
2015-12-10 17:00:00,1.09464,1.0938,1.09497,1.09466
2015-12-10 18:00:00,1.09466,1.09377,1.0956,1.09396
2015-12-10 19:00:00,1.09396,1.09296,1.09408,1.09369
2015-12-10 20:00:00,1.09372,1.09351,1.09466,1.09453
2015-12-10 21:00:00,1.09455,1.09355,1.09458,1.09397
2015-12-10 22:00:00,1.09384,1.09362,1.09443,1.0939
2015-12-10 23:00:00,1.0939,1.09386,1.09467,1.09462
2015-12-11 00:00:00,1.09464,1.09334,1.0947,1.09354
2015-12-11 01:00:00,1.09356,1.09258,1.09378,1.09314
2015-12-11 02:00:00,1.09313,1.09293,1.09355,1.09297
2015-12-11 03:00:00,1.09294,1.09266,1.09346,1.09346
2015-12-11 04:00:00,1.09346,1.09312,1.09357,1.09355
2015-12-11 05:00:00,1.09356,1.09337,1.09434,1.09365
2015-12-11 06:00:00,1.09363,1.09344,1.09495,1.0945
2015-12-11 07:00:00,1.09449,1.09364,1.09569,1.09513
2015-12-11 08:00:00,1.09511,1.09496,1.0966,1.09625
2015-12-11 09:00:00,1.09625,1.09362,1.09697,1.09429
2015-12-11 10:00:00,1.09428,1.09373,1.09684,1.09622
2015-12-11 11:00:00,1.09624,1.09622,1.09776,1.09716
2015-12-11 12:00:00,1.09715,1.09586,1.09749,1.09587
2015-12-11 13:00:00,1.09588,1.09304,1.09671,1.09519
2015-12-11 14:00:00,1.09518,1.09513,1.10301,1.10052
2015-12-11 15:00:00,1.10056,1.09577,1.10171,1.09969
2015-12-11 16:00:00,1.09969,1.09685,1.10059,1.10004
2015-12-11 17:00:00,1.10002,1.0987,1.10065,1.09936
2015-12-11 18:00:00,1.09934,1.09865,1.09988,1.09891
2015-12-11 19:00:00,1.09891,1.0979,1.0994,1.09888
2015-12-11 20:00:00,1.09888,1.09865,1.09984,1.09886
2015-12-11 21:00:00,1.09887,1.09785,1.09958,1.09875
2015-12-13 22:00:00,1.09826,1.09674,1.0991,1.09698
2015-12-13 23:00:00,1.09701,1.09665,1.09843,1.098
2015-12-14 00:00:00,1.09803,1.09728,1.09877,1.09819
2015-12-14 01:00:00,1.09818,1.09694,1.09849,1.09694
2015-12-14 02:00:00,1.09693,1.09631,1.09738,1.09656
2015-12-14 03:00:00,1.09657,1.09536,1.09665,1.09575
2015-12-14 04:00:00,1.09573,1.09535,1.0962,1.09601
2015-12-14 05:00:00,1.09603,1.09601,1.09662,1.09639
2015-12-14 06:00:00,1.09638,1.09575,1.0971,1.09695
2015-12-14 07:00:00,1.09695,1.09494,1.09695,1.09608
2015-12-14 08:00:00,1.09605,1.09448,1.09668,1.09526
2015-12-14 09:00:00,1.09528,1.09498,1.09613,1.09567
2015-12-14 10:00:00,1.09559,1.09514,1.09666,1.09516
2015-12-14 11:00:00,1.09514,1.09492,1.09862,1.09758
2015-12-14 12:00:00,1.09759,1.09682,1.09904,1.09702
2015-12-14 13:00:00,1.09705,1.0963,1.09875,1.09858
2015-12-14 14:00:00,1.09856,1.09767,1.09975,1.09957
2015-12-14 15:00:00,1.09954,1.09925,1.10369,1.1027
2015-12-14 16:00:00,1.10269,1.10206,1.10481,1.10237
2015-12-14 17:00:00,1.10236,1.10127,1.1037,1.10145
2015-12-14 18:00:00,1.10148,1.10092,1.10237,1.10114
2015-12-14 19:00:00,1.10115,1.09968,1.10142,1.09981
2015-12-14 20:00:00,1.09983,1.09839,1.09999,1.0985
2015-12-14 21:00:00,1.09847,1.09846,1.0994,1.0992
2015-12-14 22:00:00,1.09918,1.09893,1.10032,1.09993
2015-12-14 23:00:00,1.09994,1.09891,1.09996,1.09905
2015-12-15 00:00:00,1.09906,1.09883,1.10049,1.09996
2015-12-15 01:00:00,1.09993,1.09969,1.10133,1.10109
2015-12-15 02:00:00,1.1011,1.10055,1.10138,1.10055
2015-12-15 03:00:00,1.10053,1.10006,1.10133,1.10127
2015-12-15 04:00:00,1.10128,1.10105,1.10244,1.10219
2015-12-15 05:00:00,1.1022,1.10167,1.10292,1.1027
2015-12-15 06:00:00,1.10271,1.10228,1.1036,1.1036
2015-12-15 07:00:00,1.10358,1.10208,1.10588,1.10519
2015-12-15 08:00:00,1.10519,1.10191,1.10532,1.10275
2015-12-15 09:00:00,1.10276,1.101,1.10299,1.10242
2015-12-15 10:00:00,1.10246,1.10034,1.1037,1.1005
2015-12-15 11:00:00,1.10048,1.09987,1.10135,1.10097
2015-12-15 12:00:00,1.10096,1.09861,1.101,1.09948
2015-12-15 13:00:00,1.09949,1.09695,1.09992,1.09705
2015-12-15 14:00:00,1.09707,1.09422,1.09742,1.09568
2015-12-15 15:00:00,1.09569,1.0919,1.09585,1.09206
2015-12-15 16:00:00,1.09209,1.09079,1.09329,1.09094
2015-12-15 17:00:00,1.09097,1.09037,1.09271,1.09232
2015-12-15 18:00:00,1.09231,1.09107,1.09333,1.09126
2015-12-15 19:00:00,1.09127,1.09087,1.09234,1.09178
2015-12-15 20:00:00,1.09179,1.09084,1.09223,1.09202
2015-12-15 21:00:00,1.09202,1.09189,1.09333,1.09282
2015-12-15 22:00:00,1.09275,1.09201,1.09327,1.09313
2015-12-15 23:00:00,1.09305,1.09305,1.09371,1.0933
2015-12-16 00:00:00,1.0933,1.09256,1.09356,1.09337
2015-12-16 01:00:00,1.09338,1.09321,1.09453,1.09415
2015-12-16 02:00:00,1.09418,1.0936,1.09479,1.09428
2015-12-16 03:00:00,1.09428,1.09367,1.09441,1.09377
2015-12-16 04:00:00,1.09377,1.09311,1.09382,1.09353
2015-12-16 05:00:00,1.09352,1.0935,1.09437,1.09426
2015-12-16 06:00:00,1.09427,1.0938,1.09478,1.09465
2015-12-16 07:00:00,1.09467,1.09357,1.09582,1.09377
2015-12-16 08:00:00,1.09381,1.09231,1.0946,1.09388
2015-12-16 09:00:00,1.09389,1.09146,1.09447,1.09204
2015-12-16 10:00:00,1.092,1.09144,1.09288,1.09205
2015-12-16 11:00:00,1.09206,1.09143,1.09342,1.09251
2015-12-16 12:00:00,1.09251,1.0912,1.09256,1.09144
2015-12-16 13:00:00,1.09142,1.09128,1.0941,1.09312
2015-12-16 14:00:00,1.09312,1.09223,1.0939,1.09248
2015-12-16 15:00:00,1.09246,1.09211,1.0945,1.0945
2015-12-16 16:00:00,1.09449,1.0935,1.09512,1.0936
2015-12-16 17:00:00,1.09357,1.09235,1.09389,1.09254
2015-12-16 18:00:00,1.09253,1.09243,1.09674,1.09452
2015-12-16 19:00:00,1.09456,1.08859,1.10107,1.09773
2015-12-16 20:00:00,1.09776,1.08932,1.09807,1.09169
2015-12-16 21:00:00,1.09169,1.08952,1.09175,1.09109
2015-12-16 22:00:00,1.09117,1.08902,1.09126,1.08902
2015-12-16 23:00:00,1.08904,1.0865,1.08918,1.08728
2015-12-17 00:00:00,1.08725,1.08692,1.08868,1.08742
2015-12-17 01:00:00,1.0874,1.08514,1.08748,1.08515
2015-12-17 02:00:00,1.08512,1.08442,1.08534,1.08498
2015-12-17 03:00:00,1.08496,1.08314,1.08514,1.08391
2015-12-17 04:00:00,1.08392,1.08377,1.08552,1.08494
2015-12-17 05:00:00,1.08493,1.08429,1.08556,1.08535
2015-12-17 06:00:00,1.08532,1.08495,1.08634,1.08624
2015-12-17 07:00:00,1.08623,1.08505,1.08759,1.08544
2015-12-17 08:00:00,1.08542,1.08523,1.08725,1.08662
2015-12-17 09:00:00,1.08663,1.08526,1.08776,1.08545
2015-12-17 10:00:00,1.08546,1.08393,1.08625,1.08493
2015-12-17 11:00:00,1.08494,1.08392,1.08522,1.08412
2015-12-17 12:00:00,1.08414,1.08396,1.08581,1.08564
2015-12-17 13:00:00,1.08562,1.08304,1.08583,1.08563
2015-12-17 14:00:00,1.08565,1.08368,1.08702,1.08421
2015-12-17 15:00:00,1.08422,1.0832,1.08668,1.08328
2015-12-17 16:00:00,1.0833,1.08032,1.08385,1.08043
2015-12-17 17:00:00,1.08044,1.08019,1.08206,1.08181
2015-12-17 18:00:00,1.0818,1.0806,1.08205,1.0807
2015-12-17 19:00:00,1.08068,1.08025,1.08176,1.08032
2015-12-17 20:00:00,1.08032,1.08032,1.08183,1.08173
2015-12-17 21:00:00,1.08172,1.08137,1.08265,1.08245
2015-12-17 22:00:00,1.08249,1.08206,1.08379,1.08336
2015-12-17 23:00:00,1.08332,1.08288,1.08449,1.0842
2015-12-18 00:00:00,1.08422,1.08318,1.0843,1.08372
2015-12-18 01:00:00,1.0837,1.08294,1.08399,1.08329
2015-12-18 02:00:00,1.08331,1.08296,1.0844,1.08366
2015-12-18 03:00:00,1.08365,1.08271,1.08469,1.08387
2015-12-18 04:00:00,1.08386,1.0835,1.08527,1.08458
2015-12-18 05:00:00,1.08455,1.08443,1.08531,1.08508
2015-12-18 06:00:00,1.0851,1.08464,1.08628,1.08608
2015-12-18 07:00:00,1.08608,1.08524,1.08682,1.08671
2015-12-18 08:00:00,1.08668,1.08043,1.08679,1.08275
2015-12-18 09:00:00,1.08277,1.0807,1.08291,1.08229
2015-12-18 10:00:00,1.08228,1.08167,1.08326,1.08202
2015-12-18 11:00:00,1.08203,1.08164,1.08332,1.08308
2015-12-18 12:00:00,1.08309,1.08241,1.08411,1.08351
2015-12-18 13:00:00,1.08354,1.08146,1.08461,1.08162
2015-12-18 14:00:00,1.0816,1.08079,1.08353,1.08346
2015-12-18 15:00:00,1.08344,1.08326,1.08627,1.08441
2015-12-18 16:00:00,1.08444,1.08377,1.08489,1.08448
2015-12-18 17:00:00,1.08449,1.08355,1.08471,1.08361
2015-12-18 18:00:00,1.0836,1.08321,1.0843,1.08384
2015-12-18 19:00:00,1.08383,1.08363,1.08658,1.0864
2015-12-18 20:00:00,1.08639,1.08589,1.08739,1.08721
2015-12-18 21:00:00,1.0872,1.08607,1.08722,1.08607
2015-12-20 22:00:00,1.0851,1.08453,1.08629,1.08548
2015-12-20 23:00:00,1.08549,1.08549,1.08744,1.08691
2015-12-21 00:00:00,1.08691,1.08605,1.08712,1.08682
2015-12-21 01:00:00,1.08683,1.08679,1.08823,1.08711
2015-12-21 02:00:00,1.08709,1.08639,1.0874,1.08654
2015-12-21 03:00:00,1.08655,1.08634,1.08663,1.08663
2015-12-21 04:00:00,1.08662,1.08654,1.08706,1.08694
2015-12-21 05:00:00,1.08695,1.0866,1.08739,1.08726
2015-12-21 06:00:00,1.08728,1.08697,1.08807,1.08726
2015-12-21 07:00:00,1.08722,1.08639,1.08825,1.08703
2015-12-21 08:00:00,1.08705,1.08501,1.08815,1.08573
2015-12-21 09:00:00,1.08572,1.085,1.08613,1.08533
2015-12-21 10:00:00,1.08536,1.08473,1.08663,1.08657
2015-12-21 11:00:00,1.08659,1.08611,1.08711,1.08639
2015-12-21 12:00:00,1.08638,1.08551,1.08671,1.08616
2015-12-21 13:00:00,1.08617,1.08573,1.08968,1.08959
2015-12-21 14:00:00,1.08961,1.08825,1.0908,1.08977
2015-12-21 15:00:00,1.08974,1.08959,1.0921,1.09189
2015-12-21 16:00:00,1.09188,1.09107,1.09383,1.0919
2015-12-21 17:00:00,1.09188,1.09068,1.09247,1.09108
2015-12-21 18:00:00,1.09106,1.09091,1.09168,1.09095
2015-12-21 19:00:00,1.09097,1.09097,1.09288,1.09248
2015-12-21 20:00:00,1.09248,1.09185,1.09277,1.09197
2015-12-21 21:00:00,1.09199,1.09127,1.09233,1.09131
2015-12-21 22:00:00,1.09132,1.09081,1.09149,1.09086
2015-12-21 23:00:00,1.09085,1.0905,1.09121,1.091
2015-12-22 00:00:00,1.09099,1.09057,1.09134,1.0906
2015-12-22 01:00:00,1.09059,1.09052,1.09181,1.09178
2015-12-22 02:00:00,1.09174,1.09128,1.09205,1.09183
2015-12-22 03:00:00,1.09181,1.0912,1.09222,1.09168
2015-12-22 04:00:00,1.09169,1.09121,1.09217,1.09198
2015-12-22 05:00:00,1.092,1.09088,1.09208,1.09091
2015-12-22 06:00:00,1.09092,1.09066,1.09173,1.09149
2015-12-22 07:00:00,1.09152,1.09016,1.09207,1.09203
2015-12-22 08:00:00,1.092,1.09053,1.0922,1.0918
2015-12-22 09:00:00,1.09176,1.0917,1.0943,1.09344
2015-12-22 10:00:00,1.09343,1.09285,1.09368,1.09304
2015-12-22 11:00:00,1.09305,1.09255,1.09459,1.09428
2015-12-22 12:00:00,1.09429,1.09335,1.0947,1.09407
2015-12-22 13:00:00,1.09406,1.09395,1.09603,1.09555
2015-12-22 14:00:00,1.09551,1.09479,1.09699,1.0962
2015-12-22 15:00:00,1.09621,1.09621,1.09836,1.09662
2015-12-22 16:00:00,1.09662,1.09618,1.09783,1.09767
2015-12-22 17:00:00,1.09768,1.09628,1.0981,1.09699
2015-12-22 18:00:00,1.09696,1.09628,1.097,1.09672
2015-12-22 19:00:00,1.09669,1.09458,1.09691,1.09508
2015-12-22 20:00:00,1.09508,1.09498,1.09566,1.09506
2015-12-22 21:00:00,1.09506,1.09496,1.09562,1.09562
2015-12-22 22:00:00,1.09539,1.09476,1.09559,1.09501
2015-12-22 23:00:00,1.09501,1.09448,1.09517,1.09478
2015-12-23 00:00:00,1.09476,1.09476,1.09521,1.09496
2015-12-23 01:00:00,1.09498,1.09404,1.09521,1.0942
2015-12-23 02:00:00,1.09422,1.09323,1.09433,1.09404
2015-12-23 03:00:00,1.09405,1.09372,1.09474,1.09463
2015-12-23 04:00:00,1.09463,1.09351,1.09465,1.09373
2015-12-23 05:00:00,1.09371,1.09371,1.09414,1.09395
2015-12-23 06:00:00,1.09396,1.09339,1.09413,1.09386
2015-12-23 07:00:00,1.09384,1.09286,1.09416,1.09348
2015-12-23 08:00:00,1.09348,1.0914,1.09349,1.09182
2015-12-23 09:00:00,1.09181,1.09163,1.09328,1.09219
2015-12-23 10:00:00,1.09218,1.09197,1.09331,1.09209
2015-12-23 11:00:00,1.09208,1.09205,1.09342,1.09299
2015-12-23 12:00:00,1.09298,1.09189,1.0931,1.09221
2015-12-23 13:00:00,1.09222,1.08987,1.09226,1.09002
2015-12-23 14:00:00,1.09001,1.08927,1.09128,1.09027
2015-12-23 15:00:00,1.09027,1.08779,1.09102,1.08787
2015-12-23 16:00:00,1.08791,1.08722,1.08933,1.08736
2015-12-23 17:00:00,1.08738,1.08693,1.08814,1.08809
2015-12-23 18:00:00,1.08809,1.08793,1.09078,1.09051
2015-12-23 19:00:00,1.09049,1.09015,1.09172,1.09103
2015-12-23 20:00:00,1.09104,1.09052,1.09231,1.09225
2015-12-23 21:00:00,1.0922,1.09067,1.09223,1.09094
2015-12-23 22:00:00,1.09075,1.09011,1.0916,1.09028
2015-12-23 23:00:00,1.09027,1.09026,1.09098,1.09074
2015-12-24 00:00:00,1.09073,1.09073,1.09182,1.09145
2015-12-24 01:00:00,1.09146,1.09116,1.09208,1.09158
2015-12-24 02:00:00,1.09155,1.09155,1.0934,1.09315
2015-12-24 03:00:00,1.09317,1.09269,1.09406,1.09285
2015-12-24 04:00:00,1.09287,1.09259,1.09327,1.09326
2015-12-24 05:00:00,1.09326,1.09326,1.09386,1.09361
2015-12-24 06:00:00,1.09365,1.09287,1.09385,1.09315
2015-12-24 07:00:00,1.09315,1.09313,1.09492,1.09466
2015-12-24 08:00:00,1.09464,1.09399,1.09596,1.09545
2015-12-24 09:00:00,1.09544,1.09498,1.09664,1.09591
2015-12-24 10:00:00,1.09592,1.09562,1.0964,1.09564
2015-12-24 11:00:00,1.09565,1.09457,1.09593,1.09457
2015-12-24 12:00:00,1.09455,1.09315,1.0948,1.09449
2015-12-24 13:00:00,1.09452,1.09338,1.09505,1.0942
2015-12-24 14:00:00,1.09422,1.09342,1.0959,1.09572
2015-12-24 15:00:00,1.09568,1.09414,1.09614,1.09577
2015-12-24 16:00:00,1.09578,1.09487,1.09608,1.09537
2015-12-24 17:00:00,1.09537,1.09463,1.09612,1.09515
2015-12-24 18:00:00,1.09515,1.0949,1.09648,1.09623
2015-12-27 22:00:00,1.09623,1.09485,1.09691,1.09604
2015-12-27 23:00:00,1.09614,1.09582,1.09685,1.09631
2015-12-28 00:00:00,1.09632,1.09578,1.09739,1.0968
2015-12-28 01:00:00,1.09678,1.09657,1.0972,1.09695
2015-12-28 02:00:00,1.09695,1.09683,1.09735,1.09715
2015-12-28 03:00:00,1.09717,1.09711,1.0978,1.09768
2015-12-28 04:00:00,1.09765,1.09741,1.09772,1.09745
2015-12-28 05:00:00,1.09746,1.09695,1.09746,1.09739
2015-12-28 06:00:00,1.09738,1.09662,1.09742,1.09693
2015-12-28 07:00:00,1.09694,1.09553,1.09694,1.09647
2015-12-28 08:00:00,1.09647,1.09624,1.09759,1.09703
2015-12-28 09:00:00,1.09706,1.09696,1.09812,1.09788
2015-12-28 10:00:00,1.09786,1.09751,1.0989,1.09844
2015-12-28 11:00:00,1.09843,1.09825,1.09918,1.09877
2015-12-28 12:00:00,1.09877,1.09699,1.09918,1.09727
2015-12-28 13:00:00,1.09727,1.09595,1.09756,1.0974
2015-12-28 14:00:00,1.09741,1.09712,1.09845,1.09812
2015-12-28 15:00:00,1.09814,1.09577,1.0982,1.09723
2015-12-28 16:00:00,1.09726,1.09675,1.09874,1.09814
2015-12-28 17:00:00,1.09811,1.09745,1.09838,1.09745
2015-12-28 18:00:00,1.09747,1.09679,1.09794,1.09679
2015-12-28 19:00:00,1.0968,1.0968,1.09783,1.09741
2015-12-28 20:00:00,1.09741,1.09701,1.09763,1.09729
2015-12-28 21:00:00,1.09728,1.0967,1.0974,1.09671
2015-12-28 22:00:00,1.09662,1.09652,1.09738,1.09738
2015-12-28 23:00:00,1.09743,1.09681,1.09748,1.09738
2015-12-29 00:00:00,1.09737,1.09737,1.09818,1.09801
2015-12-29 01:00:00,1.09798,1.09776,1.09818,1.09806
2015-12-29 02:00:00,1.09806,1.09744,1.09819,1.09757
2015-12-29 03:00:00,1.09761,1.09736,1.0981,1.09797
2015-12-29 04:00:00,1.09797,1.09721,1.09808,1.09725
2015-12-29 05:00:00,1.09726,1.09696,1.09747,1.09732
2015-12-29 06:00:00,1.09732,1.09644,1.09788,1.09651
2015-12-29 07:00:00,1.09648,1.09594,1.09764,1.0975
2015-12-29 08:00:00,1.09747,1.09707,1.09889,1.09867
2015-12-29 09:00:00,1.09866,1.09742,1.09911,1.09785
2015-12-29 10:00:00,1.09784,1.09653,1.09798,1.09668
2015-12-29 11:00:00,1.09664,1.09654,1.09746,1.09694
2015-12-29 12:00:00,1.09694,1.09635,1.09732,1.09722
2015-12-29 13:00:00,1.09724,1.09084,1.09727,1.0922
2015-12-29 14:00:00,1.0922,1.09206,1.09323,1.093
2015-12-29 15:00:00,1.09292,1.09039,1.09426,1.09048
2015-12-29 16:00:00,1.09046,1.08983,1.09204,1.09151
2015-12-29 17:00:00,1.09151,1.09119,1.09323,1.09308
2015-12-29 18:00:00,1.09305,1.09209,1.09335,1.09308
2015-12-29 19:00:00,1.09307,1.09282,1.09413,1.09396
2015-12-29 20:00:00,1.09393,1.09307,1.09395,1.09338
2015-12-29 21:00:00,1.09334,1.09176,1.09356,1.09195
2015-12-29 22:00:00,1.09209,1.09183,1.09279,1.09222
2015-12-29 23:00:00,1.09221,1.09211,1.09262,1.09247
2015-12-30 00:00:00,1.09248,1.09222,1.09324,1.09269
2015-12-30 01:00:00,1.0927,1.09184,1.09302,1.09204
2015-12-30 02:00:00,1.09202,1.09188,1.09269,1.09253
2015-12-30 03:00:00,1.09253,1.09238,1.09308,1.09302
2015-12-30 04:00:00,1.09301,1.09297,1.09336,1.09301
2015-12-30 05:00:00,1.09302,1.09281,1.09354,1.09289
2015-12-30 06:00:00,1.0929,1.09257,1.09347,1.09271
2015-12-30 07:00:00,1.09271,1.09258,1.09391,1.09341
2015-12-30 08:00:00,1.09341,1.09323,1.09428,1.09357
2015-12-30 09:00:00,1.09357,1.09282,1.09432,1.09309
2015-12-30 10:00:00,1.09311,1.09193,1.09325,1.09217
2015-12-30 11:00:00,1.09218,1.09139,1.09276,1.09223
2015-12-30 12:00:00,1.09219,1.09207,1.09342,1.09251
2015-12-30 13:00:00,1.09251,1.09065,1.09353,1.09338
2015-12-30 14:00:00,1.09341,1.09149,1.09424,1.09184
2015-12-30 15:00:00,1.09187,1.09045,1.0929,1.0913
2015-12-30 16:00:00,1.09126,1.09027,1.09235,1.09109
2015-12-30 17:00:00,1.09111,1.09011,1.09149,1.09096
2015-12-30 18:00:00,1.09093,1.09023,1.09153,1.09124
2015-12-30 19:00:00,1.09123,1.09071,1.09238,1.09238
2015-12-30 20:00:00,1.09236,1.09196,1.09365,1.093
2015-12-30 21:00:00,1.09302,1.09267,1.09329,1.09297
2015-12-30 22:00:00,1.09298,1.09206,1.09311,1.09253
2015-12-30 23:00:00,1.09255,1.09251,1.09346,1.09345
2015-12-31 00:00:00,1.09343,1.09316,1.09361,1.09356
2015-12-31 01:00:00,1.09356,1.0921,1.09359,1.09233
2015-12-31 02:00:00,1.09231,1.09177,1.09254,1.09233
2015-12-31 03:00:00,1.09234,1.0922,1.09314,1.09306
2015-12-31 04:00:00,1.09303,1.09281,1.0933,1.09325
2015-12-31 05:00:00,1.09328,1.09251,1.09344,1.09253
2015-12-31 06:00:00,1.09255,1.0925,1.09314,1.09313
2015-12-31 07:00:00,1.09312,1.09221,1.0932,1.09265
2015-12-31 08:00:00,1.09266,1.09137,1.09328,1.09222
2015-12-31 09:00:00,1.09218,1.09211,1.09317,1.09226
2015-12-31 10:00:00,1.09227,1.08991,1.09241,1.09093
2015-12-31 11:00:00,1.09091,1.0887,1.09175,1.08911
2015-12-31 12:00:00,1.08911,1.08815,1.08969,1.08826
2015-12-31 13:00:00,1.08824,1.08784,1.08944,1.08868
2015-12-31 14:00:00,1.08871,1.08746,1.0889,1.08821
2015-12-31 15:00:00,1.08821,1.08593,1.09003,1.08662
2015-12-31 16:00:00,1.08661,1.08525,1.08688,1.08578
2015-12-31 17:00:00,1.08578,1.08523,1.08663,1.0865
2015-12-31 18:00:00,1.08649,1.08601,1.08797,1.08685
2016-01-03 22:00:00,1.08699,1.08639,1.0871,1.08649
2016-01-03 23:00:00,1.08649,1.08439,1.08655,1.08509
2016-01-04 00:00:00,1.08511,1.08421,1.0857,1.08446
2016-01-04 01:00:00,1.08447,1.08263,1.08607,1.0859
2016-01-04 02:00:00,1.08589,1.08576,1.08748,1.08705
2016-01-04 03:00:00,1.08708,1.08662,1.08723,1.08705
2016-01-04 04:00:00,1.08707,1.08686,1.08828,1.08786
2016-01-04 05:00:00,1.08786,1.0873,1.09039,1.08964
2016-01-04 06:00:00,1.08961,1.08835,1.09018,1.08882
2016-01-04 07:00:00,1.08883,1.08809,1.09197,1.09119
2016-01-04 08:00:00,1.09117,1.091,1.09456,1.09231
2016-01-04 09:00:00,1.09233,1.09121,1.09298,1.09285
2016-01-04 10:00:00,1.09282,1.09045,1.09351,1.09051
2016-01-04 11:00:00,1.09054,1.08967,1.09167,1.09165
2016-01-04 12:00:00,1.09165,1.0896,1.09243,1.09055
2016-01-04 13:00:00,1.09054,1.08449,1.09054,1.08541
2016-01-04 14:00:00,1.08543,1.08312,1.08628,1.08328
2016-01-04 15:00:00,1.08339,1.08005,1.08471,1.08011
2016-01-04 16:00:00,1.08009,1.07804,1.08119,1.08027
2016-01-04 17:00:00,1.08024,1.07993,1.08226,1.08173
2016-01-04 18:00:00,1.08174,1.08118,1.0824,1.08214
2016-01-04 19:00:00,1.08216,1.0815,1.08274,1.08268
2016-01-04 20:00:00,1.08267,1.08253,1.08364,1.08282
2016-01-04 21:00:00,1.08285,1.08279,1.08362,1.08313
2016-01-04 22:00:00,1.08288,1.08258,1.08319,1.08277
2016-01-04 23:00:00,1.08275,1.08229,1.08285,1.08231
2016-01-05 00:00:00,1.08227,1.08172,1.0834,1.08307
2016-01-05 01:00:00,1.08309,1.08214,1.08382,1.08236
2016-01-05 02:00:00,1.08237,1.08147,1.08279,1.0816
2016-01-05 03:00:00,1.08162,1.08143,1.08205,1.08188
2016-01-05 04:00:00,1.08189,1.08185,1.08252,1.0822
2016-01-05 05:00:00,1.08216,1.08203,1.08338,1.08308
2016-01-05 06:00:00,1.08306,1.08242,1.08359,1.08272
2016-01-05 07:00:00,1.08272,1.08035,1.08281,1.08081
2016-01-05 08:00:00,1.0808,1.07847,1.08178,1.0789
2016-01-05 09:00:00,1.07892,1.07713,1.0798,1.07721
2016-01-05 10:00:00,1.07708,1.0764,1.07843,1.07673
2016-01-05 11:00:00,1.07674,1.07516,1.07682,1.07553
2016-01-05 12:00:00,1.07555,1.07493,1.07644,1.07508
2016-01-05 13:00:00,1.0751,1.07384,1.07559,1.07415
2016-01-05 14:00:00,1.07412,1.07377,1.07567,1.07383
2016-01-05 15:00:00,1.07381,1.071,1.07421,1.07212
2016-01-05 16:00:00,1.07209,1.07193,1.07438,1.07415
2016-01-05 17:00:00,1.07415,1.07324,1.07479,1.07448
2016-01-05 18:00:00,1.07446,1.07324,1.07459,1.07332
2016-01-05 19:00:00,1.0733,1.07325,1.0746,1.07425
2016-01-05 20:00:00,1.07425,1.07413,1.07525,1.07497
2016-01-05 21:00:00,1.07495,1.07457,1.07548,1.07471
2016-01-05 22:00:00,1.07417,1.07417,1.0756,1.0753
2016-01-05 23:00:00,1.0753,1.0749,1.07578,1.07498
2016-01-06 00:00:00,1.07501,1.07405,1.0751,1.07435
2016-01-06 01:00:00,1.07437,1.07385,1.0772,1.07607
2016-01-06 02:00:00,1.07608,1.07598,1.07701,1.0763
2016-01-06 03:00:00,1.07631,1.07444,1.07643,1.07448
2016-01-06 04:00:00,1.0745,1.07446,1.07501,1.07485
2016-01-06 05:00:00,1.07484,1.07406,1.07495,1.07439
2016-01-06 06:00:00,1.0744,1.07423,1.07545,1.07448
2016-01-06 07:00:00,1.07448,1.07185,1.07481,1.07288
2016-01-06 08:00:00,1.07286,1.07236,1.07421,1.07346
2016-01-06 09:00:00,1.07348,1.07196,1.07358,1.0734
2016-01-06 10:00:00,1.07335,1.07247,1.07373,1.07348
2016-01-06 11:00:00,1.07347,1.07318,1.07515,1.07481
2016-01-06 12:00:00,1.07479,1.07392,1.07595,1.07424
2016-01-06 13:00:00,1.07423,1.07113,1.07554,1.07386
2016-01-06 14:00:00,1.07389,1.07325,1.07574,1.07531
2016-01-06 15:00:00,1.07534,1.07396,1.07665,1.07445
2016-01-06 16:00:00,1.07445,1.07431,1.07624,1.07606
2016-01-06 17:00:00,1.07608,1.07527,1.07618,1.07542
2016-01-06 18:00:00,1.07542,1.07517,1.07644,1.07543
2016-01-06 19:00:00,1.07543,1.07453,1.07985,1.07878
2016-01-06 20:00:00,1.07876,1.07795,1.07986,1.07868
2016-01-06 21:00:00,1.07867,1.0779,1.07895,1.07791
2016-01-06 22:00:00,1.07778,1.07732,1.07804,1.07732
2016-01-06 23:00:00,1.07732,1.07725,1.07803,1.0776
2016-01-07 00:00:00,1.07757,1.07734,1.07823,1.07771
2016-01-07 01:00:00,1.07771,1.07741,1.08094,1.08018
2016-01-07 02:00:00,1.08017,1.07986,1.08169,1.08143
2016-01-07 03:00:00,1.08144,1.08142,1.0825,1.0818
2016-01-07 04:00:00,1.08182,1.08147,1.08246,1.08229
2016-01-07 05:00:00,1.08231,1.08201,1.08288,1.08266
2016-01-07 06:00:00,1.08265,1.0811,1.08273,1.08158
2016-01-07 07:00:00,1.08157,1.07812,1.08212,1.07829
2016-01-07 08:00:00,1.07827,1.07702,1.08067,1.08064
2016-01-07 09:00:00,1.08066,1.08066,1.08689,1.0845
2016-01-07 10:00:00,1.08449,1.08341,1.0859,1.08368
2016-01-07 11:00:00,1.08368,1.08368,1.08739,1.08661
2016-01-07 12:00:00,1.0866,1.08439,1.08689,1.08578
2016-01-07 13:00:00,1.0858,1.08555,1.08719,1.0858
2016-01-07 14:00:00,1.08577,1.0836,1.08641,1.08437
2016-01-07 15:00:00,1.08436,1.08269,1.08743,1.08269
2016-01-07 16:00:00,1.08266,1.08255,1.08614,1.08591
2016-01-07 17:00:00,1.08593,1.08535,1.08712,1.08618
2016-01-07 18:00:00,1.0862,1.08615,1.09083,1.09005
2016-01-07 19:00:00,1.09003,1.08927,1.09346,1.09301
2016-01-07 20:00:00,1.09303,1.0923,1.09396,1.09339
2016-01-07 21:00:00,1.09339,1.09268,1.0939,1.09291
2016-01-07 22:00:00,1.09273,1.09197,1.09329,1.09208
2016-01-07 23:00:00,1.09209,1.09186,1.0926,1.09251
2016-01-08 00:00:00,1.09248,1.09109,1.09263,1.09173
2016-01-08 01:00:00,1.09171,1.08707,1.09216,1.0883
2016-01-08 02:00:00,1.08832,1.08751,1.08898,1.08863
2016-01-08 03:00:00,1.08863,1.08793,1.08884,1.08832
2016-01-08 04:00:00,1.08834,1.08713,1.08838,1.08731
2016-01-08 05:00:00,1.08732,1.08724,1.08842,1.08773
2016-01-08 06:00:00,1.08772,1.08543,1.08808,1.08602
2016-01-08 07:00:00,1.08597,1.08539,1.08883,1.08856
2016-01-08 08:00:00,1.08853,1.08681,1.0899,1.08713
2016-01-08 09:00:00,1.08715,1.08661,1.08824,1.08726
2016-01-08 10:00:00,1.08726,1.08575,1.08746,1.08686
2016-01-08 11:00:00,1.08686,1.08605,1.08763,1.08717
2016-01-08 12:00:00,1.08716,1.08581,1.08768,1.08654
2016-01-08 13:00:00,1.08653,1.08022,1.08702,1.08404
2016-01-08 14:00:00,1.08403,1.08329,1.08893,1.08635
2016-01-08 15:00:00,1.08633,1.08633,1.0908,1.09077
2016-01-08 16:00:00,1.09075,1.08837,1.09163,1.08837
2016-01-08 17:00:00,1.08835,1.08698,1.08915,1.08875
2016-01-08 18:00:00,1.08877,1.08853,1.09039,1.08963
2016-01-08 19:00:00,1.0896,1.0889,1.09044,1.09016
2016-01-08 20:00:00,1.09015,1.09006,1.0921,1.09188
2016-01-08 21:00:00,1.09188,1.09164,1.0929,1.09214
2016-01-10 22:00:00,1.09154,1.09129,1.09445,1.09432
2016-01-10 23:00:00,1.09433,1.09321,1.09687,1.09363
2016-01-11 00:00:00,1.09364,1.09225,1.094,1.09379
2016-01-11 01:00:00,1.09379,1.09223,1.09446,1.09367
2016-01-11 02:00:00,1.0937,1.09168,1.0937,1.09198
2016-01-11 03:00:00,1.092,1.09072,1.09233,1.09135
2016-01-11 04:00:00,1.09136,1.09072,1.09147,1.09131
2016-01-11 05:00:00,1.09133,1.09084,1.09185,1.09176
2016-01-11 06:00:00,1.09175,1.09133,1.09332,1.09311
2016-01-11 07:00:00,1.09309,1.08924,1.09314,1.09
2016-01-11 08:00:00,1.09,1.08717,1.09,1.08837
2016-01-11 09:00:00,1.08834,1.08808,1.08931,1.08851
2016-01-11 10:00:00,1.08849,1.08842,1.09011,1.09002
2016-01-11 11:00:00,1.09003,1.08916,1.09064,1.08983
2016-01-11 12:00:00,1.08982,1.0891,1.09095,1.08984
2016-01-11 13:00:00,1.08985,1.08787,1.09022,1.08807
2016-01-11 14:00:00,1.08806,1.08592,1.08989,1.08976
2016-01-11 15:00:00,1.08975,1.08497,1.08993,1.08507
2016-01-11 16:00:00,1.08509,1.08467,1.08963,1.08768
2016-01-11 17:00:00,1.08767,1.08767,1.0896,1.08806
2016-01-11 18:00:00,1.08805,1.08774,1.08981,1.08896
2016-01-11 19:00:00,1.08896,1.08623,1.08946,1.08731
2016-01-11 20:00:00,1.08733,1.08496,1.08793,1.08513
2016-01-11 21:00:00,1.08514,1.0851,1.08598,1.08585
2016-01-11 22:00:00,1.08557,1.08536,1.0864,1.08615
2016-01-11 23:00:00,1.08612,1.08515,1.08614,1.08555
2016-01-12 00:00:00,1.08553,1.08495,1.08651,1.08514
2016-01-12 01:00:00,1.08515,1.084,1.08607,1.08538
2016-01-12 02:00:00,1.08538,1.08538,1.08788,1.0877
2016-01-12 03:00:00,1.08771,1.08704,1.08832,1.08792
2016-01-12 04:00:00,1.08793,1.08768,1.08841,1.08815
2016-01-12 05:00:00,1.08816,1.08739,1.08837,1.08753
2016-01-12 06:00:00,1.08753,1.08737,1.08932,1.08831
2016-01-12 07:00:00,1.08831,1.0879,1.08988,1.08919
2016-01-12 08:00:00,1.0892,1.08715,1.08998,1.08839
2016-01-12 09:00:00,1.0884,1.08537,1.0888,1.08564
2016-01-12 10:00:00,1.08562,1.08435,1.0859,1.08475
2016-01-12 11:00:00,1.08476,1.08425,1.08589,1.08547
2016-01-12 12:00:00,1.08544,1.0835,1.08603,1.08423
2016-01-12 13:00:00,1.0842,1.08325,1.08554,1.08509
2016-01-12 14:00:00,1.08507,1.08418,1.08602,1.08478
2016-01-12 15:00:00,1.08477,1.08202,1.08574,1.0823
2016-01-12 16:00:00,1.08231,1.08189,1.08428,1.08347
2016-01-12 17:00:00,1.08344,1.08197,1.0841,1.08386
2016-01-12 18:00:00,1.08383,1.08298,1.08555,1.08501
2016-01-12 19:00:00,1.08503,1.085,1.08769,1.0854
2016-01-12 20:00:00,1.08543,1.08448,1.08583,1.08532
2016-01-12 21:00:00,1.08534,1.08496,1.08589,1.08567
2016-01-12 22:00:00,1.0857,1.08449,1.08578,1.08465
2016-01-12 23:00:00,1.08465,1.08403,1.08485,1.08422
2016-01-13 00:00:00,1.08423,1.08297,1.08481,1.08369
2016-01-13 01:00:00,1.08368,1.08184,1.08376,1.08227
2016-01-13 02:00:00,1.08226,1.08105,1.08286,1.08286
2016-01-13 03:00:00,1.08286,1.08238,1.08315,1.08243
2016-01-13 04:00:00,1.08245,1.08234,1.08307,1.0827
2016-01-13 05:00:00,1.08271,1.08266,1.08346,1.08289
2016-01-13 06:00:00,1.0829,1.0828,1.08374,1.08323
2016-01-13 07:00:00,1.08321,1.08126,1.08362,1.08157
2016-01-13 08:00:00,1.08159,1.08087,1.08331,1.08231
2016-01-13 09:00:00,1.08229,1.08046,1.08261,1.08186
2016-01-13 10:00:00,1.08183,1.08084,1.08203,1.08121
2016-01-13 11:00:00,1.0812,1.08118,1.08292,1.08223
2016-01-13 12:00:00,1.08221,1.08041,1.08236,1.08138
2016-01-13 13:00:00,1.08139,1.08135,1.0831,1.08302
2016-01-13 14:00:00,1.08304,1.08236,1.08555,1.0847
2016-01-13 15:00:00,1.08471,1.08427,1.08816,1.08444
2016-01-13 16:00:00,1.08441,1.08434,1.08622,1.08615
2016-01-13 17:00:00,1.08616,1.08439,1.08616,1.08495
2016-01-13 18:00:00,1.08495,1.08436,1.08634,1.08563
2016-01-13 19:00:00,1.08561,1.08494,1.08829,1.08767
2016-01-13 20:00:00,1.08767,1.08695,1.0882,1.0882
2016-01-13 21:00:00,1.08819,1.08714,1.0887,1.08759
2016-01-13 22:00:00,1.08742,1.08728,1.08814,1.0881
2016-01-13 23:00:00,1.0881,1.088,1.08879,1.08845
2016-01-14 00:00:00,1.08844,1.08794,1.08937,1.08854
2016-01-14 01:00:00,1.08854,1.08799,1.08948,1.08802
2016-01-14 02:00:00,1.08804,1.08804,1.08905,1.0884
2016-01-14 03:00:00,1.08842,1.08749,1.08851,1.08832
2016-01-14 04:00:00,1.08832,1.08817,1.08963,1.08909
2016-01-14 05:00:00,1.08906,1.08754,1.08929,1.08783
2016-01-14 06:00:00,1.08783,1.08659,1.08798,1.08664
2016-01-14 07:00:00,1.08666,1.08534,1.08716,1.0859
2016-01-14 08:00:00,1.08588,1.08558,1.09177,1.09124
2016-01-14 09:00:00,1.09125,1.08973,1.0936,1.09017
2016-01-14 10:00:00,1.09016,1.08987,1.09284,1.09219
2016-01-14 11:00:00,1.09219,1.09192,1.09425,1.0931
2016-01-14 12:00:00,1.09311,1.08821,1.09351,1.08854
2016-01-14 13:00:00,1.08856,1.08817,1.09014,1.08945
2016-01-14 14:00:00,1.08947,1.08792,1.09173,1.09118
2016-01-14 15:00:00,1.09116,1.08357,1.09158,1.08392
2016-01-14 16:00:00,1.08391,1.0834,1.08631,1.08612
2016-01-14 17:00:00,1.08609,1.08528,1.08688,1.08608
2016-01-14 18:00:00,1.08606,1.08458,1.0862,1.08578
2016-01-14 19:00:00,1.08577,1.08536,1.08634,1.08616
2016-01-14 20:00:00,1.08617,1.0854,1.0866,1.08638
2016-01-14 21:00:00,1.08635,1.0858,1.08697,1.08643
2016-01-14 22:00:00,1.08641,1.086,1.08696,1.086
2016-01-14 23:00:00,1.08602,1.08537,1.0865,1.08563
2016-01-15 00:00:00,1.08561,1.08557,1.08634,1.08634
2016-01-15 01:00:00,1.08636,1.08611,1.08784,1.08718
2016-01-15 02:00:00,1.08721,1.08678,1.08809,1.08807
2016-01-15 03:00:00,1.08805,1.08742,1.08832,1.08813
2016-01-15 04:00:00,1.08813,1.08749,1.08889,1.08825
2016-01-15 05:00:00,1.08827,1.08767,1.08876,1.08782
2016-01-15 06:00:00,1.08781,1.0875,1.08888,1.08863
2016-01-15 07:00:00,1.08865,1.08596,1.08895,1.08681
2016-01-15 08:00:00,1.08681,1.08624,1.09039,1.09
2016-01-15 09:00:00,1.09003,1.08887,1.09171,1.09045
2016-01-15 10:00:00,1.09046,1.08964,1.09151,1.09119
2016-01-15 11:00:00,1.09118,1.08893,1.09152,1.09007
2016-01-15 12:00:00,1.09008,1.08994,1.0918,1.09079
2016-01-15 13:00:00,1.09079,1.09076,1.09839,1.09565
2016-01-15 14:00:00,1.09567,1.0929,1.09693,1.09573
2016-01-15 15:00:00,1.09571,1.09357,1.09646,1.095
2016-01-15 16:00:00,1.09499,1.09407,1.09671,1.09629
2016-01-15 17:00:00,1.09627,1.09438,1.09826,1.09507
2016-01-15 18:00:00,1.09509,1.0946,1.09607,1.09483
2016-01-15 19:00:00,1.09483,1.09065,1.09536,1.09085
2016-01-15 20:00:00,1.09087,1.09087,1.09286,1.09167
2016-01-15 21:00:00,1.09168,1.09046,1.09194,1.09103
2016-01-17 22:00:00,1.09192,1.0906,1.09238,1.09094
2016-01-17 23:00:00,1.09096,1.09095,1.0927,1.09176
2016-01-18 00:00:00,1.09176,1.09099,1.0923,1.09117
2016-01-18 01:00:00,1.09118,1.08933,1.09119,1.08978
2016-01-18 02:00:00,1.08979,1.08942,1.09085,1.08942
2016-01-18 03:00:00,1.08939,1.0887,1.08986,1.08937
2016-01-18 04:00:00,1.08937,1.08865,1.08959,1.08954
2016-01-18 05:00:00,1.08951,1.0889,1.08977,1.08956
2016-01-18 06:00:00,1.08956,1.08865,1.09043,1.08898
2016-01-18 07:00:00,1.08895,1.08737,1.08937,1.0892
2016-01-18 08:00:00,1.08919,1.08742,1.0894,1.08895
2016-01-18 09:00:00,1.08895,1.08875,1.09089,1.08988
2016-01-18 10:00:00,1.08989,1.08855,1.09036,1.08896
2016-01-18 11:00:00,1.08897,1.08882,1.0904,1.0893
2016-01-18 12:00:00,1.08927,1.08851,1.08958,1.08957
2016-01-18 13:00:00,1.08955,1.08899,1.08983,1.08932
2016-01-18 14:00:00,1.08929,1.08911,1.09003,1.0897
2016-01-18 15:00:00,1.08973,1.08698,1.08988,1.08718
2016-01-18 16:00:00,1.08716,1.08682,1.08883,1.08842
2016-01-18 17:00:00,1.08842,1.08835,1.0894,1.08908
2016-01-18 18:00:00,1.08907,1.08849,1.08963,1.08956
2016-01-18 19:00:00,1.08955,1.08901,1.08977,1.0891
2016-01-18 20:00:00,1.0891,1.08904,1.0898,1.08977
2016-01-18 21:00:00,1.08978,1.08897,1.08984,1.08897
2016-01-18 22:00:00,1.08904,1.08885,1.08925,1.08901
2016-01-18 23:00:00,1.08899,1.08873,1.08966,1.08919
2016-01-19 00:00:00,1.08916,1.08804,1.08951,1.08824
2016-01-19 01:00:00,1.08826,1.08815,1.08925,1.08857
2016-01-19 02:00:00,1.08861,1.08808,1.09031,1.08968
2016-01-19 03:00:00,1.08966,1.08864,1.09046,1.08887
2016-01-19 04:00:00,1.08885,1.08826,1.08891,1.08872
2016-01-19 05:00:00,1.08873,1.08784,1.08877,1.08828
2016-01-19 06:00:00,1.08829,1.08713,1.0885,1.08728
2016-01-19 07:00:00,1.08728,1.08589,1.08759,1.08647
2016-01-19 08:00:00,1.0865,1.08625,1.08835,1.08832
2016-01-19 09:00:00,1.08836,1.08694,1.08884,1.08701
2016-01-19 10:00:00,1.08697,1.08656,1.08828,1.08721
2016-01-19 11:00:00,1.08722,1.08594,1.08727,1.08625
2016-01-19 12:00:00,1.08628,1.08607,1.08801,1.08738
2016-01-19 13:00:00,1.08739,1.08599,1.08741,1.08657
2016-01-19 14:00:00,1.08655,1.08632,1.09089,1.08903
2016-01-19 15:00:00,1.08901,1.08901,1.09071,1.08972
2016-01-19 16:00:00,1.08974,1.08923,1.09071,1.09038
2016-01-19 17:00:00,1.0904,1.09001,1.0931,1.09269
2016-01-19 18:00:00,1.09267,1.09225,1.09332,1.09242
2016-01-19 19:00:00,1.09243,1.09195,1.09383,1.09232
2016-01-19 20:00:00,1.09233,1.09045,1.09234,1.09096
2016-01-19 21:00:00,1.09098,1.09055,1.0916,1.09061
2016-01-19 22:00:00,1.0901,1.0901,1.09132,1.09124
2016-01-19 23:00:00,1.09125,1.09046,1.0913,1.09098
2016-01-20 00:00:00,1.09098,1.09092,1.0924,1.09206
2016-01-20 01:00:00,1.09205,1.09174,1.09328,1.09227
2016-01-20 02:00:00,1.09229,1.09194,1.09336,1.09313
2016-01-20 03:00:00,1.09313,1.09311,1.09513,1.09459
2016-01-20 04:00:00,1.09462,1.09444,1.09542,1.09531
2016-01-20 05:00:00,1.0953,1.09482,1.096,1.09482
2016-01-20 06:00:00,1.09483,1.09483,1.09627,1.09537
2016-01-20 07:00:00,1.09539,1.09365,1.0961,1.09392
2016-01-20 08:00:00,1.0939,1.09389,1.09755,1.09617
2016-01-20 09:00:00,1.09616,1.0916,1.09652,1.09229
2016-01-20 10:00:00,1.09228,1.09218,1.09378,1.09255
2016-01-20 11:00:00,1.09257,1.09027,1.09267,1.09085
2016-01-20 12:00:00,1.0908,1.08969,1.09176,1.09129
2016-01-20 13:00:00,1.09129,1.08908,1.09191,1.09171
2016-01-20 14:00:00,1.09171,1.08987,1.09323,1.09086
2016-01-20 15:00:00,1.09088,1.08895,1.09215,1.08977
2016-01-20 16:00:00,1.08979,1.08872,1.09085,1.09061
2016-01-20 17:00:00,1.09062,1.09032,1.09357,1.09222
2016-01-20 18:00:00,1.09222,1.08961,1.09255,1.09063
2016-01-20 19:00:00,1.09066,1.08811,1.09123,1.08925
2016-01-20 20:00:00,1.08925,1.08765,1.08933,1.08908
2016-01-20 21:00:00,1.08907,1.08871,1.08951,1.08896
2016-01-20 22:00:00,1.08866,1.08864,1.08915,1.08902
2016-01-20 23:00:00,1.08901,1.08725,1.08941,1.08737
2016-01-21 00:00:00,1.08737,1.08661,1.08792,1.08737
2016-01-21 01:00:00,1.08737,1.08682,1.08835,1.08704
2016-01-21 02:00:00,1.08702,1.08687,1.08763,1.08758
2016-01-21 03:00:00,1.08756,1.08734,1.08871,1.08866
2016-01-21 04:00:00,1.08866,1.08825,1.08925,1.08901
2016-01-21 05:00:00,1.08902,1.08859,1.0898,1.08972
2016-01-21 06:00:00,1.08972,1.08914,1.09048,1.09011
2016-01-21 07:00:00,1.0901,1.08981,1.09206,1.0906
2016-01-21 08:00:00,1.0906,1.08842,1.09071,1.0898
2016-01-21 09:00:00,1.08978,1.08882,1.09026,1.089
2016-01-21 10:00:00,1.08902,1.08859,1.08988,1.08905
2016-01-21 11:00:00,1.08906,1.08906,1.09124,1.09044
2016-01-21 12:00:00,1.09043,1.0886,1.09147,1.08998
2016-01-21 13:00:00,1.08998,1.07766,1.09206,1.07906
2016-01-21 14:00:00,1.07902,1.0779,1.08454,1.0835
2016-01-21 15:00:00,1.08348,1.08053,1.08365,1.08244
2016-01-21 16:00:00,1.08242,1.08146,1.08386,1.08319
2016-01-21 17:00:00,1.08316,1.08266,1.08467,1.08433
2016-01-21 18:00:00,1.08432,1.08328,1.08998,1.08829
2016-01-21 19:00:00,1.08827,1.08743,1.08931,1.08771
2016-01-21 20:00:00,1.08772,1.08739,1.08914,1.08875
2016-01-21 21:00:00,1.08875,1.08735,1.08883,1.08735
2016-01-21 22:00:00,1.08722,1.08643,1.08732,1.087
2016-01-21 23:00:00,1.08697,1.08564,1.08758,1.08575
2016-01-22 00:00:00,1.08578,1.0842,1.08593,1.08533
2016-01-22 01:00:00,1.08531,1.08393,1.08531,1.08511
2016-01-22 02:00:00,1.08512,1.08286,1.08515,1.08394
2016-01-22 03:00:00,1.08392,1.08364,1.08463,1.08405
2016-01-22 04:00:00,1.08405,1.08318,1.08405,1.08338
2016-01-22 05:00:00,1.08339,1.08264,1.08356,1.08308
2016-01-22 06:00:00,1.08307,1.08276,1.0842,1.08317
2016-01-22 07:00:00,1.08314,1.08124,1.08318,1.08307
2016-01-22 08:00:00,1.08302,1.0826,1.08481,1.08407
2016-01-22 09:00:00,1.08404,1.08338,1.08624,1.08353
2016-01-22 10:00:00,1.08353,1.08326,1.08448,1.08427
2016-01-22 11:00:00,1.08426,1.0824,1.08426,1.08306
2016-01-22 12:00:00,1.08305,1.08137,1.08336,1.08177
2016-01-22 13:00:00,1.08179,1.07936,1.082,1.08139
2016-01-22 14:00:00,1.08138,1.08028,1.0824,1.08163
2016-01-22 15:00:00,1.08165,1.08036,1.08373,1.08232
2016-01-22 16:00:00,1.08233,1.08052,1.08323,1.08126
2016-01-22 17:00:00,1.08128,1.0806,1.08174,1.08119
2016-01-22 18:00:00,1.0812,1.07923,1.08139,1.07965
2016-01-22 19:00:00,1.07968,1.07884,1.0798,1.07895
2016-01-22 20:00:00,1.07893,1.07886,1.07972,1.07957
2016-01-22 21:00:00,1.07963,1.0792,1.0801,1.07965
2016-01-24 22:00:00,1.07906,1.0783,1.07952,1.07922
2016-01-24 23:00:00,1.07918,1.07891,1.07968,1.07963
2016-01-25 00:00:00,1.07964,1.07889,1.0801,1.07956
2016-01-25 01:00:00,1.07957,1.07931,1.0814,1.08037
2016-01-25 02:00:00,1.08035,1.07984,1.0813,1.08097
2016-01-25 03:00:00,1.08096,1.08079,1.0816,1.08125
2016-01-25 04:00:00,1.08126,1.0809,1.08153,1.08105
2016-01-25 05:00:00,1.08107,1.08099,1.08184,1.08166
2016-01-25 06:00:00,1.08168,1.08052,1.08179,1.0806
2016-01-25 07:00:00,1.08059,1.08058,1.08223,1.08137
2016-01-25 08:00:00,1.08138,1.08133,1.0835,1.08261
2016-01-25 09:00:00,1.08261,1.08144,1.08321,1.0815
2016-01-25 10:00:00,1.08153,1.08127,1.08237,1.08143
2016-01-25 11:00:00,1.0814,1.08133,1.08245,1.08176
2016-01-25 12:00:00,1.08176,1.08081,1.0819,1.08175
2016-01-25 13:00:00,1.08177,1.08137,1.0837,1.08328
2016-01-25 14:00:00,1.08325,1.08282,1.08448,1.08378
2016-01-25 15:00:00,1.08377,1.08275,1.08424,1.08335
2016-01-25 16:00:00,1.08336,1.08244,1.08364,1.08301
2016-01-25 17:00:00,1.08298,1.08232,1.08352,1.08296
2016-01-25 18:00:00,1.08298,1.08239,1.0841,1.08408
2016-01-25 19:00:00,1.08405,1.08338,1.08407,1.0836
2016-01-25 20:00:00,1.0836,1.08355,1.08559,1.08535
2016-01-25 21:00:00,1.08536,1.08455,1.08565,1.08482
2016-01-25 22:00:00,1.08449,1.08449,1.08499,1.08489
2016-01-25 23:00:00,1.08493,1.08455,1.08518,1.08518
2016-01-26 00:00:00,1.08518,1.08431,1.08545,1.0845
2016-01-26 01:00:00,1.08449,1.08449,1.08588,1.08497
2016-01-26 02:00:00,1.08496,1.08473,1.08569,1.08483
2016-01-26 03:00:00,1.08483,1.08415,1.08522,1.08449
2016-01-26 04:00:00,1.0845,1.08411,1.08508,1.08508
2016-01-26 05:00:00,1.08507,1.08401,1.08529,1.08455
2016-01-26 06:00:00,1.08458,1.08425,1.08591,1.08552
2016-01-26 07:00:00,1.08553,1.08476,1.08739,1.08657
2016-01-26 08:00:00,1.08658,1.08436,1.08678,1.08446
2016-01-26 09:00:00,1.08447,1.08336,1.08537,1.0837
2016-01-26 10:00:00,1.08369,1.08249,1.08422,1.08269
2016-01-26 11:00:00,1.08267,1.0818,1.08343,1.08234
2016-01-26 12:00:00,1.08236,1.08214,1.08337,1.08247
2016-01-26 13:00:00,1.08247,1.08245,1.08417,1.08254
2016-01-26 14:00:00,1.08257,1.08217,1.08397,1.08345
2016-01-26 15:00:00,1.08344,1.08296,1.08493,1.08481
2016-01-26 16:00:00,1.08481,1.0837,1.08563,1.08441
2016-01-26 17:00:00,1.08441,1.0836,1.08495,1.08432
2016-01-26 18:00:00,1.0843,1.08386,1.08487,1.0839
2016-01-26 19:00:00,1.08387,1.08381,1.08528,1.08516
2016-01-26 20:00:00,1.08516,1.08504,1.08604,1.08584
2016-01-26 21:00:00,1.08584,1.0851,1.08682,1.08668
2016-01-26 22:00:00,1.08635,1.08592,1.08672,1.08651
2016-01-26 23:00:00,1.08652,1.08602,1.08703,1.08609
2016-01-27 00:00:00,1.08608,1.08525,1.08654,1.08531
2016-01-27 01:00:00,1.08532,1.08502,1.08614,1.08558
2016-01-27 02:00:00,1.08558,1.08555,1.08644,1.08632
2016-01-27 03:00:00,1.08631,1.08611,1.08696,1.08672
2016-01-27 04:00:00,1.08672,1.08575,1.08674,1.08594
2016-01-27 05:00:00,1.08593,1.0854,1.08641,1.08596
2016-01-27 06:00:00,1.08597,1.08541,1.08634,1.08553
2016-01-27 07:00:00,1.08553,1.08548,1.08817,1.08693
2016-01-27 08:00:00,1.08694,1.08519,1.08725,1.08661
2016-01-27 09:00:00,1.08663,1.08658,1.08756,1.08719
2016-01-27 10:00:00,1.08721,1.08657,1.08785,1.08689
2016-01-27 11:00:00,1.0869,1.08669,1.0875,1.08744
2016-01-27 12:00:00,1.08743,1.08662,1.08926,1.08878
2016-01-27 13:00:00,1.0888,1.08847,1.09112,1.08948
2016-01-27 14:00:00,1.0895,1.08768,1.08991,1.08868
2016-01-27 15:00:00,1.08865,1.08633,1.08865,1.08689
2016-01-27 16:00:00,1.0869,1.08637,1.08766,1.08669
2016-01-27 17:00:00,1.0867,1.08614,1.08728,1.08707
2016-01-27 18:00:00,1.08709,1.0867,1.08802,1.0867
2016-01-27 19:00:00,1.08691,1.08583,1.09117,1.09045
2016-01-27 20:00:00,1.09043,1.08905,1.09157,1.08916
2016-01-27 21:00:00,1.08914,1.08846,1.08969,1.08913
2016-01-27 22:00:00,1.08924,1.08888,1.0904,1.09023
2016-01-27 23:00:00,1.0902,1.08966,1.09045,1.09013
2016-01-28 00:00:00,1.09015,1.08936,1.09065,1.08953
2016-01-28 01:00:00,1.0895,1.08846,1.08952,1.08867
2016-01-28 02:00:00,1.08866,1.08836,1.08941,1.08905
2016-01-28 03:00:00,1.08908,1.08884,1.08963,1.08942
2016-01-28 04:00:00,1.08941,1.08827,1.08952,1.08835
2016-01-28 05:00:00,1.08833,1.08794,1.08848,1.08838
2016-01-28 06:00:00,1.08838,1.08723,1.08859,1.08733
2016-01-28 07:00:00,1.08734,1.08691,1.08786,1.08754
2016-01-28 08:00:00,1.0875,1.0873,1.09056,1.09022
2016-01-28 09:00:00,1.09023,1.09007,1.09261,1.09076
2016-01-28 10:00:00,1.09075,1.08932,1.09125,1.09054
2016-01-28 11:00:00,1.09053,1.09042,1.09197,1.09153
2016-01-28 12:00:00,1.09151,1.0901,1.09197,1.09036
2016-01-28 13:00:00,1.0904,1.08908,1.09331,1.09182
2016-01-28 14:00:00,1.09183,1.09037,1.09267,1.09217
2016-01-28 15:00:00,1.09212,1.09167,1.09437,1.09391
2016-01-28 16:00:00,1.09389,1.09356,1.09556,1.09516
2016-01-28 17:00:00,1.09518,1.09444,1.09568,1.09444
2016-01-28 18:00:00,1.09446,1.09426,1.09669,1.09634
2016-01-28 19:00:00,1.09632,1.09536,1.09644,1.09562
2016-01-28 20:00:00,1.09559,1.09394,1.09564,1.09401
2016-01-28 21:00:00,1.09402,1.09367,1.09451,1.09383
2016-01-28 22:00:00,1.09372,1.09357,1.09409,1.09372
2016-01-28 23:00:00,1.09376,1.09316,1.09413,1.09347
2016-01-29 00:00:00,1.09345,1.09279,1.09368,1.09292
2016-01-29 01:00:00,1.09289,1.09275,1.09394,1.09361
2016-01-29 02:00:00,1.09358,1.09295,1.09381,1.09305
2016-01-29 03:00:00,1.09306,1.08818,1.09348,1.09304
2016-01-29 04:00:00,1.09303,1.09191,1.09474,1.09281
2016-01-29 05:00:00,1.09279,1.09065,1.09279,1.09117
2016-01-29 06:00:00,1.09115,1.08974,1.09169,1.0904
2016-01-29 07:00:00,1.09039,1.08865,1.0907,1.08973
2016-01-29 08:00:00,1.08971,1.08845,1.09062,1.0893
2016-01-29 09:00:00,1.08929,1.08895,1.0905,1.09016
2016-01-29 10:00:00,1.0902,1.08989,1.09226,1.09124
2016-01-29 11:00:00,1.09123,1.09067,1.0921,1.0914
2016-01-29 12:00:00,1.09136,1.09011,1.09253,1.09178
2016-01-29 13:00:00,1.0918,1.08611,1.09214,1.08631
2016-01-29 14:00:00,1.0863,1.08325,1.08696,1.08394
2016-01-29 15:00:00,1.08392,1.0817,1.08398,1.08178
2016-01-29 16:00:00,1.08177,1.08093,1.08348,1.08314
2016-01-29 17:00:00,1.08314,1.08187,1.08447,1.08417
2016-01-29 18:00:00,1.08414,1.08245,1.08417,1.08249
2016-01-29 19:00:00,1.08248,1.08248,1.0832,1.08258
2016-01-29 20:00:00,1.08261,1.08242,1.08359,1.08324
2016-01-29 21:00:00,1.08326,1.0827,1.08359,1.08284
2016-01-31 22:00:00,1.08286,1.08256,1.08336,1.08285
2016-01-31 23:00:00,1.08282,1.08137,1.08282,1.08248
2016-02-01 00:00:00,1.08251,1.08236,1.08386,1.08367
2016-02-01 01:00:00,1.08367,1.08339,1.08446,1.08341
2016-02-01 02:00:00,1.08343,1.0834,1.08481,1.08452
2016-02-01 03:00:00,1.08453,1.08427,1.08515,1.08496
2016-02-01 04:00:00,1.08495,1.08447,1.08512,1.08475
2016-02-01 05:00:00,1.08477,1.08408,1.08488,1.08462
2016-02-01 06:00:00,1.08464,1.0843,1.08517,1.08491
2016-02-01 07:00:00,1.08487,1.0842,1.0856,1.08454
2016-02-01 08:00:00,1.08451,1.08445,1.08595,1.08492
2016-02-01 09:00:00,1.08493,1.08404,1.08583,1.08567
2016-02-01 10:00:00,1.08566,1.0851,1.08662,1.08591
2016-02-01 11:00:00,1.08588,1.08584,1.08681,1.08669
2016-02-01 12:00:00,1.08668,1.08636,1.0879,1.08784
2016-02-01 13:00:00,1.08785,1.08725,1.08861,1.08807
2016-02-01 14:00:00,1.08809,1.08761,1.0903,1.0897
2016-02-01 15:00:00,1.08966,1.08863,1.09121,1.0891
2016-02-01 16:00:00,1.08908,1.08744,1.08983,1.08871
2016-02-01 17:00:00,1.08873,1.08845,1.09015,1.08904
2016-02-01 18:00:00,1.08906,1.0882,1.08934,1.08852
2016-02-01 19:00:00,1.0885,1.08845,1.09056,1.08925
2016-02-01 20:00:00,1.08925,1.08905,1.0898,1.08939
2016-02-01 21:00:00,1.08942,1.0886,1.08942,1.08867
2016-02-01 22:00:00,1.0884,1.0884,1.08908,1.08885
2016-02-01 23:00:00,1.08882,1.0886,1.08992,1.08951
2016-02-02 00:00:00,1.08949,1.08917,1.08982,1.08948
2016-02-02 01:00:00,1.08949,1.0894,1.09065,1.08976
2016-02-02 02:00:00,1.08978,1.08949,1.09032,1.08954
2016-02-02 03:00:00,1.08952,1.08936,1.09093,1.09047
2016-02-02 04:00:00,1.09047,1.09014,1.09183,1.09152
2016-02-02 05:00:00,1.09154,1.09025,1.0918,1.09026
2016-02-02 06:00:00,1.09027,1.08946,1.09095,1.09001
2016-02-02 07:00:00,1.09002,1.08953,1.09091,1.09021
2016-02-02 08:00:00,1.09024,1.08967,1.09172,1.09147
2016-02-02 09:00:00,1.09144,1.09106,1.09196,1.09129
2016-02-02 10:00:00,1.09131,1.09048,1.0918,1.09109
2016-02-02 11:00:00,1.09111,1.09104,1.0922,1.0921
2016-02-02 12:00:00,1.09209,1.09116,1.09226,1.09116
2016-02-02 13:00:00,1.09116,1.09084,1.09366,1.09364
2016-02-02 14:00:00,1.09362,1.09197,1.09393,1.09296
2016-02-02 15:00:00,1.09297,1.08918,1.09312,1.09029
2016-02-02 16:00:00,1.0903,1.08926,1.09078,1.09075
2016-02-02 17:00:00,1.09073,1.08976,1.09159,1.09085
2016-02-02 18:00:00,1.09085,1.09023,1.09201,1.09183
2016-02-02 19:00:00,1.0918,1.09072,1.09216,1.0915
2016-02-02 20:00:00,1.09147,1.09109,1.09229,1.09125
2016-02-02 21:00:00,1.09126,1.09121,1.092,1.09173
2016-02-02 22:00:00,1.09169,1.09152,1.09262,1.0923
2016-02-02 23:00:00,1.09229,1.09175,1.09266,1.09177
2016-02-03 00:00:00,1.09179,1.09161,1.09274,1.09218
2016-02-03 01:00:00,1.09217,1.09215,1.09352,1.09264
2016-02-03 02:00:00,1.09265,1.09185,1.09282,1.09229
2016-02-03 03:00:00,1.09231,1.0912,1.09251,1.0912
2016-02-03 04:00:00,1.09121,1.09113,1.09156,1.09136
2016-02-03 05:00:00,1.09134,1.09109,1.09186,1.0912
2016-02-03 06:00:00,1.09117,1.09117,1.09289,1.09199
2016-02-03 07:00:00,1.09201,1.09065,1.09226,1.09066
2016-02-03 08:00:00,1.09065,1.09031,1.09213,1.09074
2016-02-03 09:00:00,1.09077,1.09036,1.0918,1.09166
2016-02-03 10:00:00,1.09163,1.09157,1.09326,1.09304
2016-02-03 11:00:00,1.09305,1.09211,1.09312,1.09219
2016-02-03 12:00:00,1.0922,1.09101,1.09349,1.0934
2016-02-03 13:00:00,1.09342,1.09266,1.09755,1.09549
2016-02-03 14:00:00,1.09547,1.09527,1.10148,1.10038
2016-02-03 15:00:00,1.10047,1.10038,1.10795,1.10464
2016-02-03 16:00:00,1.10465,1.10456,1.1076,1.1052
2016-02-03 17:00:00,1.10519,1.10456,1.10701,1.10649
2016-02-03 18:00:00,1.1065,1.10647,1.11373,1.1133
2016-02-03 19:00:00,1.11328,1.10832,1.11447,1.10928
2016-02-03 20:00:00,1.10931,1.10765,1.11144,1.11085
2016-02-03 21:00:00,1.11083,1.10995,1.11149,1.11018
2016-02-03 22:00:00,1.11011,1.10755,1.11052,1.10806
2016-02-03 23:00:00,1.10809,1.10807,1.10966,1.1092
2016-02-04 00:00:00,1.1092,1.10854,1.11162,1.11104
2016-02-04 01:00:00,1.11104,1.10821,1.11145,1.10864
2016-02-04 02:00:00,1.10866,1.10739,1.109,1.10833
2016-02-04 03:00:00,1.10834,1.10804,1.10928,1.10904
2016-02-04 04:00:00,1.10903,1.10828,1.10915,1.10868
2016-02-04 05:00:00,1.10867,1.10821,1.10884,1.10879
2016-02-04 06:00:00,1.10881,1.10693,1.10881,1.1074
2016-02-04 07:00:00,1.10741,1.1069,1.10889,1.10806
2016-02-04 08:00:00,1.10803,1.10783,1.11398,1.1132
2016-02-04 09:00:00,1.11323,1.113,1.11667,1.11624
2016-02-04 10:00:00,1.11623,1.11516,1.1183,1.11809
2016-02-04 11:00:00,1.11807,1.11648,1.11844,1.11709
2016-02-04 12:00:00,1.11707,1.11695,1.12016,1.11935
2016-02-04 13:00:00,1.11934,1.11889,1.12381,1.12017
2016-02-04 14:00:00,1.12018,1.11789,1.12103,1.12101
2016-02-04 15:00:00,1.12101,1.1157,1.12203,1.11671
2016-02-04 16:00:00,1.11674,1.11662,1.12085,1.11978
2016-02-04 17:00:00,1.11976,1.11846,1.12015,1.11966
2016-02-04 18:00:00,1.11967,1.11954,1.12156,1.12106
2016-02-04 19:00:00,1.12105,1.12055,1.12219,1.1211
2016-02-04 20:00:00,1.12111,1.11969,1.12153,1.12048
2016-02-04 21:00:00,1.12048,1.12042,1.12149,1.12067
2016-02-04 22:00:00,1.12051,1.11962,1.12067,1.11995
2016-02-04 23:00:00,1.11995,1.11965,1.12045,1.11985
2016-02-05 00:00:00,1.11987,1.11964,1.1207,1.12045
2016-02-05 01:00:00,1.12046,1.11936,1.12158,1.11943
2016-02-05 02:00:00,1.11943,1.11907,1.12006,1.11917
2016-02-05 03:00:00,1.11918,1.119,1.12005,1.11974
2016-02-05 04:00:00,1.11973,1.11915,1.12027,1.11949
2016-02-05 05:00:00,1.11947,1.11851,1.11967,1.11882
2016-02-05 06:00:00,1.11884,1.11884,1.12005,1.11903
2016-02-05 07:00:00,1.11897,1.11864,1.11995,1.11953
2016-02-05 08:00:00,1.11955,1.11827,1.12077,1.11926
2016-02-05 09:00:00,1.11927,1.11829,1.1198,1.11942
2016-02-05 10:00:00,1.11942,1.11825,1.11974,1.11915
2016-02-05 11:00:00,1.11914,1.11882,1.12027,1.11942
2016-02-05 12:00:00,1.11946,1.11879,1.11996,1.11954
2016-02-05 13:00:00,1.11956,1.11403,1.1242,1.1159
2016-02-05 14:00:00,1.11593,1.11125,1.11648,1.11369
2016-02-05 15:00:00,1.11369,1.11082,1.11444,1.11425
2016-02-05 16:00:00,1.11424,1.11231,1.11507,1.11299
2016-02-05 17:00:00,1.113,1.11243,1.11439,1.11382
2016-02-05 18:00:00,1.11381,1.11266,1.11427,1.11386
2016-02-05 19:00:00,1.11383,1.11374,1.11485,1.11436
2016-02-05 20:00:00,1.11438,1.11414,1.11535,1.1152
2016-02-05 21:00:00,1.11521,1.11507,1.11651,1.11532
2016-02-07 22:00:00,1.11417,1.11385,1.11457,1.11446
2016-02-07 23:00:00,1.11447,1.11409,1.11476,1.11429
2016-02-08 00:00:00,1.11426,1.11335,1.11439,1.1142
2016-02-08 01:00:00,1.11418,1.11418,1.1149,1.11432
2016-02-08 02:00:00,1.11433,1.11331,1.11442,1.11352
2016-02-08 03:00:00,1.11351,1.11299,1.1139,1.1131
2016-02-08 04:00:00,1.11311,1.11276,1.11359,1.11316
2016-02-08 05:00:00,1.11314,1.11285,1.1139,1.11383
2016-02-08 06:00:00,1.11381,1.11341,1.11429,1.11411
2016-02-08 07:00:00,1.11411,1.1135,1.11502,1.11369
2016-02-08 08:00:00,1.11366,1.11349,1.11604,1.11541
2016-02-08 09:00:00,1.11541,1.11518,1.11826,1.11783
2016-02-08 10:00:00,1.11783,1.11614,1.11834,1.11614
2016-02-08 11:00:00,1.11611,1.11088,1.11649,1.11205
2016-02-08 12:00:00,1.11204,1.11116,1.11291,1.11157
2016-02-08 13:00:00,1.11158,1.10859,1.1119,1.11037
2016-02-08 14:00:00,1.1104,1.11035,1.11362,1.11308
2016-02-08 15:00:00,1.1131,1.11228,1.11457,1.11446
2016-02-08 16:00:00,1.11449,1.11444,1.11961,1.11685
2016-02-08 17:00:00,1.11685,1.11559,1.11722,1.11641
2016-02-08 18:00:00,1.11639,1.11609,1.11915,1.1189
2016-02-08 19:00:00,1.11889,1.11831,1.12133,1.12111
2016-02-08 20:00:00,1.12112,1.11868,1.12149,1.11897
2016-02-08 21:00:00,1.11896,1.11833,1.11971,1.11921
2016-02-08 22:00:00,1.11917,1.11914,1.1202,1.1198
2016-02-08 23:00:00,1.1198,1.1186,1.11991,1.11882
2016-02-09 00:00:00,1.11879,1.11841,1.12084,1.12002
2016-02-09 01:00:00,1.12001,1.11999,1.12123,1.12079
2016-02-09 02:00:00,1.12079,1.12002,1.12247,1.12147
2016-02-09 03:00:00,1.1215,1.1204,1.12369,1.12095
2016-02-09 04:00:00,1.12093,1.12005,1.12138,1.12078
2016-02-09 05:00:00,1.12076,1.11969,1.12091,1.12059
2016-02-09 06:00:00,1.12058,1.1193,1.12128,1.11931
2016-02-09 07:00:00,1.11932,1.11768,1.12128,1.11816
2016-02-09 08:00:00,1.11815,1.11669,1.12014,1.11744
2016-02-09 09:00:00,1.11746,1.11615,1.11897,1.11847
2016-02-09 10:00:00,1.11847,1.1182,1.12111,1.1211
2016-02-09 11:00:00,1.12109,1.12049,1.12241,1.12122
2016-02-09 12:00:00,1.12124,1.1209,1.12359,1.12279
2016-02-09 13:00:00,1.12279,1.12245,1.12995,1.12885
2016-02-09 14:00:00,1.12883,1.12597,1.12962,1.12737
2016-02-09 15:00:00,1.12739,1.12564,1.13135,1.1309
2016-02-09 16:00:00,1.13088,1.13011,1.13238,1.13164
2016-02-09 17:00:00,1.13163,1.13077,1.13372,1.13106
2016-02-09 18:00:00,1.13108,1.12898,1.1314,1.12905
2016-02-09 19:00:00,1.12906,1.12842,1.1302,1.12856
2016-02-09 20:00:00,1.12858,1.12814,1.12941,1.12934
2016-02-09 21:00:00,1.12936,1.12895,1.12963,1.12917
2016-02-09 22:00:00,1.12907,1.12796,1.12916,1.12865
2016-02-09 23:00:00,1.1287,1.12828,1.12927,1.12874
2016-02-10 00:00:00,1.12875,1.12841,1.12965,1.12901
2016-02-10 01:00:00,1.12903,1.12871,1.13106,1.13004
2016-02-10 02:00:00,1.13006,1.12901,1.13093,1.12954
2016-02-10 03:00:00,1.1295,1.1287,1.12984,1.12909
2016-02-10 04:00:00,1.12911,1.12838,1.12972,1.12935
2016-02-10 05:00:00,1.12935,1.12892,1.12983,1.12974
2016-02-10 06:00:00,1.1297,1.12872,1.12972,1.12873
2016-02-10 07:00:00,1.12873,1.12755,1.12885,1.12797
2016-02-10 08:00:00,1.12798,1.12544,1.13015,1.12584
2016-02-10 09:00:00,1.12586,1.12516,1.12657,1.12644
2016-02-10 10:00:00,1.12642,1.12362,1.12652,1.12592
2016-02-10 11:00:00,1.1259,1.12564,1.12648,1.12586
2016-02-10 12:00:00,1.12585,1.12479,1.12723,1.12691
2016-02-10 13:00:00,1.12692,1.12213,1.12724,1.12329
2016-02-10 14:00:00,1.12325,1.12231,1.12526,1.12277
2016-02-10 15:00:00,1.12277,1.11596,1.12327,1.11968
2016-02-10 16:00:00,1.11966,1.11871,1.12427,1.12219
2016-02-10 17:00:00,1.12218,1.12187,1.12471,1.12279
2016-02-10 18:00:00,1.12281,1.12256,1.12621,1.12574
2016-02-10 19:00:00,1.12573,1.1251,1.1281,1.12795
2016-02-10 20:00:00,1.12794,1.12642,1.12959,1.12928
2016-02-10 21:00:00,1.12931,1.12853,1.12979,1.12915
2016-02-10 22:00:00,1.12867,1.12755,1.12895,1.12769
2016-02-10 23:00:00,1.12769,1.12752,1.12847,1.12834
2016-02-11 00:00:00,1.12832,1.12732,1.13085,1.13025
2016-02-11 01:00:00,1.13022,1.12987,1.13194,1.12992
2016-02-11 02:00:00,1.1299,1.12824,1.13011,1.1284
2016-02-11 03:00:00,1.12842,1.12791,1.12903,1.12868
2016-02-11 04:00:00,1.12868,1.12851,1.12951,1.12922
2016-02-11 05:00:00,1.1292,1.12841,1.1295,1.12908
2016-02-11 06:00:00,1.1291,1.12822,1.13074,1.12831
2016-02-11 07:00:00,1.12833,1.12745,1.1292,1.12814
2016-02-11 08:00:00,1.12816,1.12816,1.1354,1.13139
2016-02-11 09:00:00,1.13139,1.13098,1.13423,1.13241
2016-02-11 10:00:00,1.13244,1.13048,1.13297,1.13128
2016-02-11 11:00:00,1.13127,1.13049,1.1338,1.13373
2016-02-11 12:00:00,1.1337,1.1305,1.13463,1.13428
2016-02-11 13:00:00,1.13424,1.13115,1.13675,1.13294
2016-02-11 14:00:00,1.13289,1.13111,1.13624,1.13171
2016-02-11 15:00:00,1.1317,1.1312,1.13484,1.13417
2016-02-11 16:00:00,1.13417,1.13357,1.13757,1.13617
2016-02-11 17:00:00,1.13618,1.13251,1.13662,1.1329
2016-02-11 18:00:00,1.13289,1.13172,1.134,1.13398
2016-02-11 19:00:00,1.13398,1.13146,1.13547,1.1326
2016-02-11 20:00:00,1.13262,1.13173,1.13445,1.13253
2016-02-11 21:00:00,1.13251,1.13137,1.13274,1.1321
2016-02-11 22:00:00,1.13194,1.13124,1.13233,1.13128
2016-02-11 23:00:00,1.13128,1.13119,1.1319,1.13155
2016-02-12 00:00:00,1.13158,1.13051,1.1333,1.13077
2016-02-12 01:00:00,1.13079,1.13016,1.13145,1.13022
2016-02-12 02:00:00,1.13025,1.13014,1.13117,1.13065
2016-02-12 03:00:00,1.13066,1.12945,1.13116,1.12957
2016-02-12 04:00:00,1.12955,1.12942,1.13046,1.12966
2016-02-12 05:00:00,1.12963,1.12919,1.13047,1.13008
2016-02-12 06:00:00,1.13006,1.13006,1.13171,1.13128
2016-02-12 07:00:00,1.13128,1.12885,1.13242,1.12885
2016-02-12 08:00:00,1.12889,1.12641,1.12923,1.12793
2016-02-12 09:00:00,1.12789,1.12668,1.1298,1.12939
2016-02-12 10:00:00,1.1293,1.1277,1.12967,1.12939
2016-02-12 11:00:00,1.12936,1.1273,1.1294,1.12761
2016-02-12 12:00:00,1.12761,1.12614,1.12806,1.12672
2016-02-12 13:00:00,1.1267,1.12234,1.12766,1.12449
2016-02-12 14:00:00,1.12449,1.12228,1.127,1.12577
2016-02-12 15:00:00,1.12577,1.12302,1.12772,1.12443
2016-02-12 16:00:00,1.12442,1.12129,1.12488,1.12335
2016-02-12 17:00:00,1.12334,1.12278,1.12484,1.12453
2016-02-12 18:00:00,1.12452,1.12363,1.12489,1.12385
2016-02-12 19:00:00,1.12384,1.12354,1.12568,1.12553
2016-02-12 20:00:00,1.12554,1.1249,1.1257,1.1254
2016-02-12 21:00:00,1.12539,1.12464,1.12586,1.12525
2016-02-14 22:00:00,1.1232,1.12278,1.12491,1.12373
2016-02-14 23:00:00,1.12378,1.12147,1.12391,1.12226
2016-02-15 00:00:00,1.12223,1.12165,1.12342,1.12329
2016-02-15 01:00:00,1.12329,1.12198,1.12383,1.12221
2016-02-15 02:00:00,1.12224,1.12153,1.12338,1.12162
2016-02-15 03:00:00,1.12161,1.12133,1.12226,1.1215
2016-02-15 04:00:00,1.12152,1.1212,1.12235,1.12213
2016-02-15 05:00:00,1.12215,1.12133,1.12241,1.12236
2016-02-15 06:00:00,1.12236,1.1213,1.12287,1.12231
2016-02-15 07:00:00,1.12234,1.12025,1.1224,1.12092
2016-02-15 08:00:00,1.12089,1.11871,1.12165,1.11929
2016-02-15 09:00:00,1.11926,1.119,1.1207,1.12057
2016-02-15 10:00:00,1.12054,1.11952,1.12086,1.11981
2016-02-15 11:00:00,1.11982,1.11879,1.12084,1.1191
2016-02-15 12:00:00,1.11909,1.11781,1.11943,1.11798
2016-02-15 13:00:00,1.11796,1.1176,1.11828,1.11778
2016-02-15 14:00:00,1.11775,1.11464,1.11945,1.11464
2016-02-15 15:00:00,1.11464,1.11275,1.11464,1.1143
2016-02-15 16:00:00,1.11432,1.11418,1.11562,1.11427
2016-02-15 17:00:00,1.11429,1.1135,1.11562,1.11557
2016-02-15 18:00:00,1.11556,1.1151,1.11583,1.11511
2016-02-15 19:00:00,1.11514,1.11422,1.11527,1.11489
2016-02-15 20:00:00,1.11485,1.11423,1.11523,1.11519
2016-02-15 21:00:00,1.11519,1.11507,1.11573,1.11537
2016-02-15 22:00:00,1.11526,1.11517,1.11633,1.11624
2016-02-15 23:00:00,1.11619,1.11619,1.11787,1.11752
2016-02-16 00:00:00,1.11748,1.11576,1.11786,1.11728
2016-02-16 01:00:00,1.11727,1.11618,1.11829,1.11749
2016-02-16 02:00:00,1.11751,1.11604,1.11769,1.11639
2016-02-16 03:00:00,1.11639,1.11503,1.11641,1.11503
2016-02-16 04:00:00,1.11504,1.11458,1.11563,1.11513
2016-02-16 05:00:00,1.11514,1.11476,1.11556,1.11533
2016-02-16 06:00:00,1.11536,1.1152,1.11601,1.11547
2016-02-16 07:00:00,1.1155,1.11487,1.11678,1.11519
2016-02-16 08:00:00,1.11518,1.11511,1.11731,1.11703
2016-02-16 09:00:00,1.11705,1.11655,1.11925,1.11735
2016-02-16 10:00:00,1.11737,1.1172,1.11898,1.11738
2016-02-16 11:00:00,1.11741,1.11557,1.11793,1.11563
2016-02-16 12:00:00,1.11566,1.11558,1.11688,1.11651
2016-02-16 13:00:00,1.11653,1.11586,1.1176,1.11727
2016-02-16 14:00:00,1.11727,1.11408,1.11829,1.11444
2016-02-16 15:00:00,1.11445,1.11233,1.11474,1.1142
2016-02-16 16:00:00,1.11423,1.1137,1.11568,1.11385
2016-02-16 17:00:00,1.11385,1.11351,1.11488,1.11366
2016-02-16 18:00:00,1.11365,1.11235,1.11399,1.11397
2016-02-16 19:00:00,1.11395,1.11364,1.11451,1.1142
2016-02-16 20:00:00,1.11422,1.1137,1.11459,1.1141
2016-02-16 21:00:00,1.11412,1.11349,1.11449,1.11429
2016-02-16 22:00:00,1.1142,1.11348,1.11444,1.11353
2016-02-16 23:00:00,1.11354,1.11353,1.11454,1.11424
2016-02-17 00:00:00,1.11424,1.11181,1.11424,1.11298
2016-02-17 01:00:00,1.11296,1.11294,1.11466,1.11325
2016-02-17 02:00:00,1.11328,1.11313,1.11461,1.11431
2016-02-17 03:00:00,1.11434,1.11422,1.11569,1.11559
2016-02-17 04:00:00,1.11556,1.11506,1.11706,1.11672
2016-02-17 05:00:00,1.11672,1.11598,1.11687,1.11626
2016-02-17 06:00:00,1.11625,1.116,1.11716,1.11649
2016-02-17 07:00:00,1.11651,1.11594,1.11787,1.11678
2016-02-17 08:00:00,1.11679,1.11563,1.11731,1.11597
2016-02-17 09:00:00,1.116,1.11288,1.11622,1.11299
2016-02-17 10:00:00,1.11297,1.11231,1.1134,1.11317
2016-02-17 11:00:00,1.11315,1.11268,1.11488,1.11449
2016-02-17 12:00:00,1.11448,1.11372,1.11493,1.11456
2016-02-17 13:00:00,1.11454,1.1114,1.11493,1.1129
2016-02-17 14:00:00,1.11289,1.11053,1.11352,1.11213
2016-02-17 15:00:00,1.11213,1.11149,1.11334,1.11305
2016-02-17 16:00:00,1.11307,1.11294,1.11432,1.11393
2016-02-17 17:00:00,1.1139,1.11364,1.11454,1.11446
2016-02-17 18:00:00,1.11445,1.11363,1.11508,1.11389
2016-02-17 19:00:00,1.11388,1.11182,1.11564,1.1139
2016-02-17 20:00:00,1.1139,1.11259,1.11461,1.11293
2016-02-17 21:00:00,1.11296,1.11202,1.11327,1.11252
2016-02-17 22:00:00,1.11235,1.11203,1.1129,1.11277
2016-02-17 23:00:00,1.11278,1.11178,1.11287,1.11197
2016-02-18 00:00:00,1.11197,1.11189,1.11389,1.11323
2016-02-18 01:00:00,1.11325,1.11285,1.11389,1.11331
2016-02-18 02:00:00,1.11332,1.11332,1.11454,1.11393
2016-02-18 03:00:00,1.11395,1.11344,1.1142,1.11372
2016-02-18 04:00:00,1.11372,1.11346,1.1139,1.1137
2016-02-18 05:00:00,1.11368,1.11305,1.11425,1.11408
2016-02-18 06:00:00,1.11409,1.11406,1.1149,1.11438
2016-02-18 07:00:00,1.1144,1.11262,1.11478,1.11269
2016-02-18 08:00:00,1.11271,1.11234,1.1141,1.11328
2016-02-18 09:00:00,1.11328,1.11285,1.11413,1.11367
2016-02-18 10:00:00,1.11365,1.11218,1.11387,1.11252
2016-02-18 11:00:00,1.1125,1.10955,1.11307,1.10969
2016-02-18 12:00:00,1.10972,1.10821,1.1109,1.10849
2016-02-18 13:00:00,1.1085,1.10771,1.10942,1.10827
2016-02-18 14:00:00,1.1083,1.10713,1.11042,1.10954
2016-02-18 15:00:00,1.10953,1.10701,1.11004,1.1099
2016-02-18 16:00:00,1.10992,1.10813,1.11079,1.10915
2016-02-18 17:00:00,1.10914,1.10888,1.11169,1.11144
2016-02-18 18:00:00,1.11145,1.11085,1.11226,1.11088
2016-02-18 19:00:00,1.11086,1.10905,1.11091,1.10963
2016-02-18 20:00:00,1.10961,1.10866,1.11032,1.10973
2016-02-18 21:00:00,1.10975,1.10903,1.11062,1.11058
2016-02-18 22:00:00,1.11041,1.10964,1.11117,1.1108
2016-02-18 23:00:00,1.11079,1.11041,1.11127,1.11068
2016-02-19 00:00:00,1.11066,1.11005,1.11276,1.11228
2016-02-19 01:00:00,1.11226,1.11153,1.11257,1.112
2016-02-19 02:00:00,1.11202,1.11168,1.11284,1.11225
2016-02-19 03:00:00,1.11226,1.11194,1.1124,1.11236
2016-02-19 04:00:00,1.11236,1.11217,1.11278,1.11252
2016-02-19 05:00:00,1.11251,1.11189,1.11269,1.11245
2016-02-19 06:00:00,1.11246,1.11088,1.11252,1.11117
2016-02-19 07:00:00,1.11118,1.11105,1.11215,1.11171
2016-02-19 08:00:00,1.11172,1.11012,1.11386,1.11032
2016-02-19 09:00:00,1.11032,1.10792,1.11057,1.10843
2016-02-19 10:00:00,1.10842,1.10766,1.11014,1.10992
2016-02-19 11:00:00,1.10993,1.10966,1.11084,1.11026
2016-02-19 12:00:00,1.11029,1.11001,1.11171,1.11014
2016-02-19 13:00:00,1.11014,1.10659,1.11055,1.11018
2016-02-19 14:00:00,1.1102,1.10785,1.11119,1.11008
2016-02-19 15:00:00,1.11009,1.10992,1.11158,1.11052
2016-02-19 16:00:00,1.11054,1.11036,1.11295,1.11257
2016-02-19 17:00:00,1.11255,1.11199,1.11332,1.11283
2016-02-19 18:00:00,1.11284,1.11251,1.11368,1.11304
2016-02-19 19:00:00,1.11306,1.11283,1.11362,1.11342
2016-02-19 20:00:00,1.11338,1.11244,1.11342,1.11293
2016-02-19 21:00:00,1.11292,1.11257,1.11324,1.1127
2016-02-21 22:00:00,1.11061,1.11061,1.11211,1.11148
2016-02-21 23:00:00,1.11155,1.11134,1.11237,1.11214
2016-02-22 00:00:00,1.11217,1.11088,1.11234,1.11116
2016-02-22 01:00:00,1.11116,1.11029,1.1117,1.11154
2016-02-22 02:00:00,1.11153,1.11126,1.11205,1.11146
2016-02-22 03:00:00,1.11147,1.11082,1.11147,1.11119
2016-02-22 04:00:00,1.11118,1.1105,1.11121,1.11085
2016-02-22 05:00:00,1.11082,1.11079,1.11139,1.1112
2016-02-22 06:00:00,1.11119,1.11109,1.11169,1.11169
2016-02-22 07:00:00,1.11168,1.10856,1.11185,1.10856
2016-02-22 08:00:00,1.1086,1.10805,1.10918,1.1088
2016-02-22 09:00:00,1.10878,1.10806,1.10925,1.10807
2016-02-22 10:00:00,1.10809,1.10553,1.10809,1.1062
2016-02-22 11:00:00,1.1062,1.10322,1.10634,1.10338
2016-02-22 12:00:00,1.10339,1.10148,1.10404,1.10266
2016-02-22 13:00:00,1.10267,1.10051,1.10362,1.10054
2016-02-22 14:00:00,1.10056,1.10027,1.1024,1.10132
2016-02-22 15:00:00,1.10135,1.10062,1.10345,1.10261
2016-02-22 16:00:00,1.10261,1.10154,1.10288,1.10167
2016-02-22 17:00:00,1.10167,1.101,1.10341,1.10274
2016-02-22 18:00:00,1.10273,1.10082,1.10294,1.1013
2016-02-22 19:00:00,1.10127,1.10107,1.10284,1.10238
2016-02-22 20:00:00,1.10239,1.10227,1.10336,1.10242
2016-02-22 21:00:00,1.1024,1.10234,1.10333,1.10275
2016-02-22 22:00:00,1.10275,1.10232,1.10302,1.10264
2016-02-22 23:00:00,1.10264,1.10198,1.10302,1.10242
2016-02-23 00:00:00,1.10243,1.10239,1.10331,1.10274
2016-02-23 01:00:00,1.10272,1.10272,1.10451,1.10428
2016-02-23 02:00:00,1.1043,1.10363,1.10451,1.10389
2016-02-23 03:00:00,1.10388,1.1038,1.10482,1.10443
2016-02-23 04:00:00,1.10443,1.10367,1.1047,1.10428
2016-02-23 05:00:00,1.10425,1.10345,1.1044,1.10361
2016-02-23 06:00:00,1.10361,1.10309,1.10406,1.10336
2016-02-23 07:00:00,1.10339,1.102,1.10427,1.10365
2016-02-23 08:00:00,1.10366,1.10292,1.10523,1.10302
2016-02-23 09:00:00,1.10306,1.09908,1.10318,1.10023
2016-02-23 10:00:00,1.10021,1.10012,1.10179,1.10109
2016-02-23 11:00:00,1.10106,1.09906,1.10119,1.09917
2016-02-23 12:00:00,1.09918,1.09895,1.10123,1.10101
2016-02-23 13:00:00,1.10103,1.09934,1.10186,1.10102
2016-02-23 14:00:00,1.101,1.09944,1.10132,1.10011
2016-02-23 15:00:00,1.10013,1.09995,1.10373,1.10233
2016-02-23 16:00:00,1.10234,1.10126,1.10349,1.10143
2016-02-23 17:00:00,1.10145,1.10127,1.10271,1.10206
2016-02-23 18:00:00,1.10205,1.10145,1.1027,1.10172
2016-02-23 19:00:00,1.1017,1.10041,1.10185,1.10083
2016-02-23 20:00:00,1.10081,1.10065,1.10178,1.10176
2016-02-23 21:00:00,1.10175,1.10128,1.10186,1.10186
2016-02-23 22:00:00,1.10182,1.1016,1.10221,1.10189
2016-02-23 23:00:00,1.1019,1.10147,1.10249,1.10225
2016-02-24 00:00:00,1.10225,1.101,1.10238,1.1013
2016-02-24 01:00:00,1.1013,1.09993,1.10161,1.10009
2016-02-24 02:00:00,1.10012,1.09993,1.10169,1.10166
2016-02-24 03:00:00,1.10167,1.10128,1.10264,1.10173
2016-02-24 04:00:00,1.10172,1.10136,1.1022,1.10156
2016-02-24 05:00:00,1.10157,1.10109,1.10188,1.10143
2016-02-24 06:00:00,1.10145,1.10044,1.10168,1.10084
2016-02-24 07:00:00,1.10087,1.09948,1.10173,1.09969
2016-02-24 08:00:00,1.09968,1.09905,1.10152,1.09998
2016-02-24 09:00:00,1.1,1.09756,1.10007,1.09822
2016-02-24 10:00:00,1.09819,1.09764,1.09857,1.0983
2016-02-24 11:00:00,1.09828,1.09565,1.09844,1.0959
2016-02-24 12:00:00,1.09592,1.09589,1.09771,1.09764
2016-02-24 13:00:00,1.09762,1.09757,1.10061,1.0998
2016-02-24 14:00:00,1.09982,1.09735,1.10169,1.10076
2016-02-24 15:00:00,1.10077,1.10073,1.10401,1.10261
2016-02-24 16:00:00,1.10261,1.10167,1.10455,1.10208
2016-02-24 17:00:00,1.10205,1.10149,1.10279,1.10235
2016-02-24 18:00:00,1.10233,1.10181,1.10312,1.10244
2016-02-24 19:00:00,1.10243,1.10085,1.10247,1.10133
2016-02-24 20:00:00,1.10134,1.1004,1.1015,1.10066
2016-02-24 21:00:00,1.10063,1.10042,1.10133,1.10129
2016-02-24 22:00:00,1.1013,1.10091,1.10167,1.10156
2016-02-24 23:00:00,1.1016,1.10118,1.10186,1.10136
2016-02-25 00:00:00,1.10137,1.10063,1.10166,1.10091
2016-02-25 01:00:00,1.1009,1.10079,1.10256,1.10249
2016-02-25 02:00:00,1.1025,1.10171,1.10278,1.10211
2016-02-25 03:00:00,1.10213,1.10199,1.10257,1.10213
2016-02-25 04:00:00,1.10214,1.10195,1.10315,1.10309
2016-02-25 05:00:00,1.10311,1.10257,1.10339,1.10338
2016-02-25 06:00:00,1.10334,1.10285,1.10379,1.10288
2016-02-25 07:00:00,1.10286,1.10148,1.10342,1.10229
2016-02-25 08:00:00,1.1023,1.10114,1.10299,1.10185
2016-02-25 09:00:00,1.10188,1.10042,1.10193,1.10135
2016-02-25 10:00:00,1.10125,1.10092,1.10217,1.10209
2016-02-25 11:00:00,1.10209,1.10197,1.1033,1.10308
2016-02-25 12:00:00,1.1031,1.10238,1.10448,1.10353
2016-02-25 13:00:00,1.10352,1.10044,1.1037,1.101
2016-02-25 14:00:00,1.10099,1.0986,1.10129,1.1009
2016-02-25 15:00:00,1.1009,1.1009,1.10391,1.10343
2016-02-25 16:00:00,1.10343,1.10243,1.10393,1.10252
2016-02-25 17:00:00,1.10252,1.10205,1.10425,1.10396
2016-02-25 18:00:00,1.10396,1.10234,1.10415,1.10248
2016-02-25 19:00:00,1.1025,1.10236,1.10494,1.10398
2016-02-25 20:00:00,1.10399,1.10241,1.10447,1.10241
2016-02-25 21:00:00,1.10238,1.1017,1.10281,1.10172
2016-02-25 22:00:00,1.10168,1.10164,1.10259,1.10197
2016-02-25 23:00:00,1.10198,1.10168,1.10236,1.10224
2016-02-26 00:00:00,1.10226,1.10212,1.10449,1.10414
2016-02-26 01:00:00,1.10416,1.10416,1.10597,1.10503
2016-02-26 02:00:00,1.10502,1.10465,1.10535,1.10524
2016-02-26 03:00:00,1.1052,1.10511,1.10645,1.10632
2016-02-26 04:00:00,1.10631,1.10591,1.10675,1.10597
2016-02-26 05:00:00,1.10598,1.10586,1.1066,1.10601
2016-02-26 06:00:00,1.106,1.10486,1.10603,1.10512
2016-02-26 07:00:00,1.1051,1.10468,1.10647,1.10577
2016-02-26 08:00:00,1.10576,1.10161,1.10624,1.10203
2016-02-26 09:00:00,1.10205,1.10044,1.10213,1.10153
2016-02-26 10:00:00,1.1015,1.1009,1.10213,1.10177
2016-02-26 11:00:00,1.10174,1.10139,1.10257,1.10225
2016-02-26 12:00:00,1.10226,1.10184,1.10305,1.1019
2016-02-26 13:00:00,1.10188,1.0971,1.10188,1.09729
2016-02-26 14:00:00,1.09727,1.09522,1.09803,1.09571
2016-02-26 15:00:00,1.09572,1.09243,1.09661,1.09252
2016-02-26 16:00:00,1.09253,1.09113,1.09389,1.09304
2016-02-26 17:00:00,1.09304,1.09155,1.09344,1.09241
2016-02-26 18:00:00,1.09243,1.09166,1.09302,1.09293
2016-02-26 19:00:00,1.09294,1.09178,1.09298,1.09263
2016-02-26 20:00:00,1.09262,1.09254,1.094,1.09391
2016-02-26 21:00:00,1.09392,1.0923,1.09397,1.09283
2016-02-28 22:00:00,1.09109,1.09087,1.09247,1.09156
2016-02-28 23:00:00,1.09161,1.09109,1.09278,1.09237
2016-02-29 00:00:00,1.09236,1.09165,1.09343,1.09229
2016-02-29 01:00:00,1.09229,1.09219,1.09336,1.093
2016-02-29 02:00:00,1.09301,1.0926,1.09349,1.09273
2016-02-29 03:00:00,1.09275,1.0922,1.09278,1.09234
2016-02-29 04:00:00,1.09232,1.09188,1.09371,1.09333
2016-02-29 05:00:00,1.09336,1.09303,1.09428,1.09428
2016-02-29 06:00:00,1.09431,1.09389,1.09464,1.09423
2016-02-29 07:00:00,1.09422,1.09397,1.09579,1.09559
2016-02-29 08:00:00,1.09561,1.09187,1.0962,1.09203
2016-02-29 09:00:00,1.09204,1.09103,1.09254,1.09132
2016-02-29 10:00:00,1.0913,1.08959,1.0913,1.09034
2016-02-29 11:00:00,1.09032,1.0879,1.09036,1.0885
2016-02-29 12:00:00,1.08852,1.0884,1.08933,1.08892
2016-02-29 13:00:00,1.08895,1.08773,1.08956,1.08841
2016-02-29 14:00:00,1.08842,1.0872,1.08982,1.08921
2016-02-29 15:00:00,1.08924,1.0861,1.08973,1.08627
2016-02-29 16:00:00,1.08627,1.08584,1.08739,1.08671
2016-02-29 17:00:00,1.08671,1.08611,1.08756,1.0874
2016-02-29 18:00:00,1.08739,1.08688,1.0884,1.08746
2016-02-29 19:00:00,1.08744,1.08686,1.08838,1.08797
2016-02-29 20:00:00,1.08799,1.08737,1.08915,1.08783
2016-02-29 21:00:00,1.08781,1.08711,1.0881,1.08716
2016-02-29 22:00:00,1.08727,1.0872,1.08859,1.08831
2016-02-29 23:00:00,1.08829,1.08809,1.08877,1.08851
2016-03-01 00:00:00,1.0885,1.08738,1.0886,1.08775
2016-03-01 01:00:00,1.08774,1.08733,1.08873,1.08827
2016-03-01 02:00:00,1.08826,1.08819,1.08887,1.08841
2016-03-01 03:00:00,1.0884,1.08795,1.0886,1.08806
2016-03-01 04:00:00,1.08807,1.08747,1.08864,1.0881
2016-03-01 05:00:00,1.08809,1.08796,1.08862,1.08847
2016-03-01 06:00:00,1.08848,1.08796,1.0893,1.08825
2016-03-01 07:00:00,1.08822,1.08662,1.08851,1.08757
2016-03-01 08:00:00,1.08755,1.08577,1.08858,1.08726
2016-03-01 09:00:00,1.08724,1.08563,1.08848,1.08601
2016-03-01 10:00:00,1.08602,1.0858,1.0878,1.08719
2016-03-01 11:00:00,1.08718,1.08552,1.08753,1.08745
2016-03-01 12:00:00,1.08747,1.08693,1.08783,1.08782
2016-03-01 13:00:00,1.08782,1.087,1.08846,1.08797
2016-03-01 14:00:00,1.08796,1.08515,1.08796,1.08534
2016-03-01 15:00:00,1.08524,1.08347,1.08731,1.08588
2016-03-01 16:00:00,1.08584,1.08333,1.08606,1.0846
2016-03-01 17:00:00,1.08458,1.08349,1.08582,1.0857
2016-03-01 18:00:00,1.08568,1.08547,1.08705,1.08689
2016-03-01 19:00:00,1.08685,1.08639,1.0871,1.0865
2016-03-01 20:00:00,1.08649,1.08607,1.08723,1.08673
2016-03-01 21:00:00,1.08671,1.08635,1.08753,1.08659
2016-03-01 22:00:00,1.08658,1.08608,1.08679,1.08664
2016-03-01 23:00:00,1.08663,1.08663,1.08756,1.08756
2016-03-02 00:00:00,1.08755,1.08704,1.08803,1.08737
2016-03-02 01:00:00,1.08738,1.08661,1.08759,1.08661
2016-03-02 02:00:00,1.08661,1.08616,1.08688,1.08623
2016-03-02 03:00:00,1.08625,1.08579,1.08648,1.08579
2016-03-02 04:00:00,1.0858,1.0853,1.08591,1.08573
2016-03-02 05:00:00,1.08573,1.08559,1.08637,1.08598
2016-03-02 06:00:00,1.08599,1.0849,1.08666,1.08493
2016-03-02 07:00:00,1.08492,1.08461,1.08651,1.08598
2016-03-02 08:00:00,1.08596,1.08557,1.08753,1.08634
2016-03-02 09:00:00,1.08631,1.08545,1.08734,1.08696
2016-03-02 10:00:00,1.08691,1.0853,1.08701,1.08549
2016-03-02 11:00:00,1.08552,1.0847,1.08631,1.08518
2016-03-02 12:00:00,1.08517,1.0847,1.08563,1.08558
2016-03-02 13:00:00,1.08557,1.08383,1.08624,1.08429
2016-03-02 14:00:00,1.08428,1.08284,1.08521,1.08383
2016-03-02 15:00:00,1.08386,1.08248,1.08465,1.08266
2016-03-02 16:00:00,1.08265,1.0825,1.08441,1.08434
2016-03-02 17:00:00,1.08436,1.08394,1.08536,1.0852
2016-03-02 18:00:00,1.0852,1.08482,1.08689,1.08681
2016-03-02 19:00:00,1.08678,1.08627,1.08722,1.0864
2016-03-02 20:00:00,1.08642,1.08625,1.08685,1.08655
2016-03-02 21:00:00,1.08653,1.0863,1.08699,1.08667
2016-03-02 22:00:00,1.08662,1.0863,1.08722,1.08682
2016-03-02 23:00:00,1.08684,1.08641,1.08693,1.08685
2016-03-03 00:00:00,1.08682,1.08633,1.08729,1.08691
2016-03-03 01:00:00,1.08691,1.08663,1.08734,1.08707
2016-03-03 02:00:00,1.0871,1.08602,1.08732,1.0866
2016-03-03 03:00:00,1.08659,1.08561,1.08675,1.08566
2016-03-03 04:00:00,1.08565,1.08551,1.08607,1.0858
2016-03-03 05:00:00,1.08579,1.08529,1.0858,1.08578
2016-03-03 06:00:00,1.08579,1.08555,1.08628,1.08586
2016-03-03 07:00:00,1.08588,1.08576,1.08689,1.08687
2016-03-03 08:00:00,1.08684,1.08587,1.08759,1.08751
2016-03-03 09:00:00,1.08752,1.08626,1.08762,1.08661
2016-03-03 10:00:00,1.08663,1.08659,1.08824,1.08787
2016-03-03 11:00:00,1.08785,1.08726,1.08871,1.08801
2016-03-03 12:00:00,1.08803,1.08754,1.09077,1.09061
2016-03-03 13:00:00,1.09064,1.0891,1.09098,1.09067
2016-03-03 14:00:00,1.09066,1.08934,1.09281,1.0924
2016-03-03 15:00:00,1.09228,1.09153,1.09383,1.0932
2016-03-03 16:00:00,1.09316,1.09274,1.09717,1.09459
2016-03-03 17:00:00,1.0946,1.0932,1.09522,1.09448
2016-03-03 18:00:00,1.09451,1.09438,1.09681,1.09671
2016-03-03 19:00:00,1.09669,1.09506,1.09677,1.09548
2016-03-03 20:00:00,1.09546,1.09543,1.09655,1.09608
2016-03-03 21:00:00,1.09605,1.09543,1.09637,1.09553
2016-03-03 22:00:00,1.09555,1.09457,1.09582,1.09485
2016-03-03 23:00:00,1.09488,1.0944,1.09513,1.0945
2016-03-04 00:00:00,1.09453,1.09419,1.09516,1.09504
2016-03-04 01:00:00,1.09505,1.09394,1.09549,1.09432
2016-03-04 02:00:00,1.09433,1.09359,1.0946,1.09366
2016-03-04 03:00:00,1.09369,1.09347,1.0949,1.09445
2016-03-04 04:00:00,1.09445,1.09411,1.09475,1.09456
2016-03-04 05:00:00,1.09454,1.09432,1.09549,1.09528
2016-03-04 06:00:00,1.09526,1.09453,1.09563,1.09459
2016-03-04 07:00:00,1.09461,1.09436,1.09539,1.095
2016-03-04 08:00:00,1.09499,1.09278,1.09518,1.0938
2016-03-04 09:00:00,1.09377,1.09377,1.09734,1.09621
2016-03-04 10:00:00,1.09619,1.09618,1.09849,1.0981
2016-03-04 11:00:00,1.09812,1.09778,1.09893,1.09835
2016-03-04 12:00:00,1.09837,1.09663,1.09862,1.09708
2016-03-04 13:00:00,1.09708,1.09023,1.09841,1.09797
2016-03-04 14:00:00,1.09795,1.09573,1.10392,1.10248
2016-03-04 15:00:00,1.10251,1.09864,1.10427,1.10078
2016-03-04 16:00:00,1.10077,1.10016,1.10277,1.1009
2016-03-04 17:00:00,1.1009,1.099,1.10134,1.09976
2016-03-04 18:00:00,1.09979,1.09895,1.10009,1.09937
2016-03-04 19:00:00,1.09938,1.09896,1.09989,1.0997
2016-03-04 20:00:00,1.09966,1.09906,1.10014,1.10012
2016-03-04 21:00:00,1.10014,1.09993,1.10117,1.10005
2016-03-06 22:00:00,1.09854,1.09854,1.09941,1.09909
2016-03-06 23:00:00,1.09906,1.09876,1.09966,1.09905
2016-03-07 00:00:00,1.09904,1.09889,1.09949,1.09947
2016-03-07 01:00:00,1.09946,1.09832,1.09962,1.09859
2016-03-07 02:00:00,1.09861,1.09849,1.09932,1.09891
2016-03-07 03:00:00,1.09891,1.09862,1.09927,1.09885
2016-03-07 04:00:00,1.09885,1.09867,1.09906,1.09892
2016-03-07 05:00:00,1.09894,1.09882,1.09925,1.09916
2016-03-07 06:00:00,1.09917,1.0989,1.09936,1.09899
2016-03-07 07:00:00,1.09894,1.09653,1.09933,1.09689
2016-03-07 08:00:00,1.09689,1.09436,1.0974,1.09476
2016-03-07 09:00:00,1.09477,1.09463,1.09618,1.09536
2016-03-07 10:00:00,1.09536,1.095,1.09587,1.09528
2016-03-07 11:00:00,1.09527,1.09394,1.0955,1.09503
2016-03-07 12:00:00,1.09501,1.09471,1.0972,1.09487
2016-03-07 13:00:00,1.09485,1.09476,1.09647,1.09588
2016-03-07 14:00:00,1.0959,1.09476,1.0959,1.09492
2016-03-07 15:00:00,1.09493,1.09459,1.09854,1.09832
2016-03-07 16:00:00,1.09834,1.09757,1.10112,1.10028
2016-03-07 17:00:00,1.10027,1.10027,1.10244,1.10206
2016-03-07 18:00:00,1.10205,1.1003,1.10251,1.10054
2016-03-07 19:00:00,1.10053,1.10021,1.10172,1.10155
2016-03-07 20:00:00,1.10155,1.10076,1.10164,1.10116
2016-03-07 21:00:00,1.10115,1.10076,1.10172,1.1012
2016-03-07 22:00:00,1.10121,1.10095,1.10144,1.10139
2016-03-07 23:00:00,1.10143,1.10094,1.10168,1.10118
2016-03-08 00:00:00,1.10116,1.1011,1.10203,1.10172
2016-03-08 01:00:00,1.10173,1.10109,1.10228,1.10179
2016-03-08 02:00:00,1.1018,1.1018,1.10281,1.10245
2016-03-08 03:00:00,1.10243,1.10169,1.10253,1.10171
2016-03-08 04:00:00,1.10175,1.1014,1.10207,1.10152
2016-03-08 05:00:00,1.10155,1.10136,1.10238,1.10169
2016-03-08 06:00:00,1.10171,1.10149,1.10232,1.102
2016-03-08 07:00:00,1.10199,1.10185,1.10411,1.10345
2016-03-08 08:00:00,1.10344,1.10157,1.10443,1.10274
2016-03-08 09:00:00,1.10276,1.10112,1.10381,1.10129
2016-03-08 10:00:00,1.10135,1.10062,1.10302,1.10163
2016-03-08 11:00:00,1.1016,1.10011,1.10163,1.10143
2016-03-08 12:00:00,1.10141,1.10067,1.10262,1.10134
2016-03-08 13:00:00,1.10133,1.10126,1.10363,1.1032
2016-03-08 14:00:00,1.10321,1.10282,1.10552,1.10411
2016-03-08 15:00:00,1.1041,1.10272,1.10572,1.10569
2016-03-08 16:00:00,1.10567,1.10234,1.10567,1.10263
2016-03-08 17:00:00,1.10264,1.10118,1.10337,1.10177
2016-03-08 18:00:00,1.10177,1.09928,1.10181,1.09969
2016-03-08 19:00:00,1.0997,1.09936,1.10098,1.10015
2016-03-08 20:00:00,1.10014,1.09992,1.10105,1.10049
2016-03-08 21:00:00,1.1005,1.10037,1.10111,1.101
2016-03-08 22:00:00,1.10092,1.10043,1.10101,1.10045
2016-03-08 23:00:00,1.10045,1.09942,1.10056,1.09996
2016-03-09 00:00:00,1.09998,1.09908,1.10057,1.0995
2016-03-09 01:00:00,1.0995,1.09747,1.09963,1.09823
2016-03-09 02:00:00,1.0982,1.0973,1.09833,1.09767
2016-03-09 03:00:00,1.09768,1.09701,1.09799,1.09717
2016-03-09 04:00:00,1.09719,1.09667,1.09751,1.09727
2016-03-09 05:00:00,1.09725,1.09696,1.09759,1.09749
2016-03-09 06:00:00,1.09748,1.09709,1.09813,1.0977
2016-03-09 07:00:00,1.09768,1.09715,1.09891,1.09848
2016-03-09 08:00:00,1.09847,1.09608,1.09847,1.09756
2016-03-09 09:00:00,1.09758,1.09665,1.09789,1.09698
2016-03-09 10:00:00,1.09696,1.09542,1.09754,1.09627
2016-03-09 11:00:00,1.09626,1.09582,1.09718,1.09718
2016-03-09 12:00:00,1.09717,1.09658,1.0979,1.0969
2016-03-09 13:00:00,1.09691,1.09471,1.0978,1.09499
2016-03-09 14:00:00,1.09498,1.09453,1.09646,1.09633
2016-03-09 15:00:00,1.09635,1.09581,1.10171,1.10061
2016-03-09 16:00:00,1.10062,1.10035,1.10287,1.10204
2016-03-09 17:00:00,1.10206,1.1018,1.10343,1.1028
2016-03-09 18:00:00,1.10279,1.10125,1.10304,1.10177
2016-03-09 19:00:00,1.10178,1.09979,1.10194,1.10011
2016-03-09 20:00:00,1.10013,1.09959,1.10078,1.10038
2016-03-09 21:00:00,1.10038,1.09987,1.10057,1.09989
2016-03-09 22:00:00,1.09984,1.09951,1.10025,1.0996
2016-03-09 23:00:00,1.09961,1.09833,1.09998,1.09853
2016-03-10 00:00:00,1.09853,1.09796,1.09921,1.09821
2016-03-10 01:00:00,1.09823,1.09696,1.09849,1.09819
2016-03-10 02:00:00,1.0982,1.09793,1.09862,1.09839
2016-03-10 03:00:00,1.09842,1.09705,1.09864,1.09719
2016-03-10 04:00:00,1.0972,1.0971,1.09761,1.09757
2016-03-10 05:00:00,1.09758,1.09747,1.09807,1.09806
2016-03-10 06:00:00,1.09806,1.09726,1.09814,1.09726
2016-03-10 07:00:00,1.09727,1.09623,1.09752,1.09671
2016-03-10 08:00:00,1.09673,1.09601,1.09768,1.09632
2016-03-10 09:00:00,1.09632,1.09593,1.09696,1.09667
2016-03-10 10:00:00,1.09664,1.09648,1.09854,1.09776
2016-03-10 11:00:00,1.09775,1.09626,1.09791,1.09736
2016-03-10 12:00:00,1.09734,1.08429,1.09887,1.08453
2016-03-10 13:00:00,1.08452,1.08209,1.09698,1.09193
2016-03-10 14:00:00,1.09193,1.0909,1.11145,1.10409
2016-03-10 15:00:00,1.10408,1.10405,1.11586,1.11454
2016-03-10 16:00:00,1.11451,1.11354,1.1194,1.11585
2016-03-10 17:00:00,1.11585,1.11475,1.12166,1.11925
2016-03-10 18:00:00,1.11927,1.1186,1.12029,1.1199
2016-03-10 19:00:00,1.11993,1.11936,1.12144,1.11977
2016-03-10 20:00:00,1.11979,1.11746,1.11984,1.11777
2016-03-10 21:00:00,1.11773,1.11761,1.11855,1.11766
2016-03-10 22:00:00,1.11763,1.11727,1.11823,1.11788
2016-03-10 23:00:00,1.11793,1.11693,1.11842,1.11757
2016-03-11 00:00:00,1.11755,1.11729,1.11937,1.11839
2016-03-11 01:00:00,1.11843,1.11805,1.1209,1.11836
2016-03-11 02:00:00,1.11837,1.11737,1.11847,1.11759
2016-03-11 03:00:00,1.11756,1.11642,1.11793,1.11663
2016-03-11 04:00:00,1.11662,1.11624,1.11736,1.11672
2016-03-11 05:00:00,1.11669,1.11649,1.11759,1.11757
2016-03-11 06:00:00,1.11757,1.11593,1.1181,1.11608
2016-03-11 07:00:00,1.11607,1.11347,1.11807,1.11449
2016-03-11 08:00:00,1.11448,1.11041,1.11553,1.11127
2016-03-11 09:00:00,1.11128,1.11099,1.11446,1.11103
2016-03-11 10:00:00,1.11104,1.10827,1.11121,1.10837
2016-03-11 11:00:00,1.10838,1.10797,1.11057,1.11042
2016-03-11 12:00:00,1.11043,1.10899,1.11193,1.10977
2016-03-11 13:00:00,1.10979,1.10866,1.11261,1.11235
2016-03-11 14:00:00,1.11236,1.11146,1.11437,1.11414
2016-03-11 15:00:00,1.11413,1.11349,1.11691,1.11576
2016-03-11 16:00:00,1.1158,1.11533,1.11927,1.11776
2016-03-11 17:00:00,1.11777,1.11418,1.11796,1.11556
2016-03-11 18:00:00,1.11555,1.11544,1.11647,1.11608
2016-03-11 19:00:00,1.11605,1.11534,1.11628,1.11574
2016-03-11 20:00:00,1.11573,1.11478,1.116,1.11498
2016-03-11 21:00:00,1.11495,1.11449,1.11535,1.11459
2016-03-13 21:00:00,1.11338,1.1131,1.1144,1.11428
2016-03-13 22:00:00,1.11427,1.11392,1.11717,1.11636
2016-03-13 23:00:00,1.11638,1.11592,1.11755,1.11646
2016-03-14 00:00:00,1.11646,1.11494,1.11646,1.11514
2016-03-14 01:00:00,1.11515,1.11478,1.11586,1.11525
2016-03-14 02:00:00,1.11528,1.11515,1.11588,1.11572
2016-03-14 03:00:00,1.11575,1.11553,1.11593,1.11575
2016-03-14 04:00:00,1.11574,1.11553,1.11629,1.11626
2016-03-14 05:00:00,1.11625,1.11567,1.11657,1.11573
2016-03-14 06:00:00,1.11571,1.11504,1.11634,1.1151
2016-03-14 07:00:00,1.11512,1.11346,1.11604,1.11415
2016-03-14 08:00:00,1.11415,1.11116,1.11415,1.1115
2016-03-14 09:00:00,1.11151,1.1112,1.11354,1.11242
2016-03-14 10:00:00,1.11237,1.11043,1.11264,1.11127
2016-03-14 11:00:00,1.11126,1.10973,1.11165,1.1107
2016-03-14 12:00:00,1.11069,1.11059,1.11345,1.11251
2016-03-14 13:00:00,1.11252,1.10997,1.11284,1.11107
2016-03-14 14:00:00,1.11106,1.10927,1.11212,1.11
2016-03-14 15:00:00,1.11002,1.10927,1.11087,1.11057
2016-03-14 16:00:00,1.11057,1.10991,1.11215,1.10997
2016-03-14 17:00:00,1.10996,1.10832,1.11071,1.10846
2016-03-14 18:00:00,1.10847,1.10769,1.10934,1.1093
2016-03-14 19:00:00,1.10933,1.10925,1.10986,1.10969
2016-03-14 20:00:00,1.10968,1.10968,1.11061,1.11015
2016-03-14 21:00:00,1.10998,1.10984,1.11025,1.1101
2016-03-14 22:00:00,1.11009,1.1098,1.11074,1.11029
2016-03-14 23:00:00,1.11028,1.10987,1.11034,1.10993
2016-03-15 00:00:00,1.10995,1.10927,1.11005,1.10986
2016-03-15 01:00:00,1.10985,1.10977,1.11086,1.11086
2016-03-15 02:00:00,1.11087,1.11062,1.11148,1.11095
2016-03-15 03:00:00,1.11093,1.11006,1.11122,1.11091
2016-03-15 04:00:00,1.11093,1.1106,1.11109,1.11066
2016-03-15 05:00:00,1.11065,1.10994,1.11079,1.11056
2016-03-15 06:00:00,1.11058,1.11012,1.11065,1.11057
2016-03-15 07:00:00,1.11056,1.10828,1.11196,1.11144
2016-03-15 08:00:00,1.11145,1.11054,1.112,1.11101
2016-03-15 09:00:00,1.11101,1.1071,1.11138,1.10731
2016-03-15 10:00:00,1.10731,1.10728,1.10915,1.10846
2016-03-15 11:00:00,1.10846,1.10841,1.10987,1.10961
2016-03-15 12:00:00,1.10962,1.10908,1.11244,1.1115
2016-03-15 13:00:00,1.11152,1.10927,1.11194,1.10996
2016-03-15 14:00:00,1.10995,1.10809,1.11122,1.10874
2016-03-15 15:00:00,1.10874,1.10867,1.11149,1.11111
2016-03-15 16:00:00,1.11109,1.10908,1.1113,1.10958
2016-03-15 17:00:00,1.10959,1.10958,1.11164,1.11105
2016-03-15 18:00:00,1.11104,1.11013,1.11151,1.11082
2016-03-15 19:00:00,1.11083,1.11038,1.11135,1.11077
2016-03-15 20:00:00,1.11078,1.11043,1.11119,1.11072
2016-03-15 21:00:00,1.1107,1.1102,1.11077,1.11042
2016-03-15 22:00:00,1.11043,1.11032,1.11105,1.11065
2016-03-15 23:00:00,1.11065,1.11054,1.1109,1.11065
2016-03-16 00:00:00,1.11062,1.11004,1.11117,1.11064
2016-03-16 01:00:00,1.11064,1.10953,1.11077,1.1103
2016-03-16 02:00:00,1.1103,1.11005,1.11088,1.11007
2016-03-16 03:00:00,1.11004,1.10945,1.11009,1.11002
2016-03-16 04:00:00,1.11005,1.10966,1.11011,1.10996
2016-03-16 05:00:00,1.10996,1.10936,1.11001,1.1096
2016-03-16 06:00:00,1.10961,1.10862,1.1101,1.10908
2016-03-16 07:00:00,1.1091,1.10834,1.1096,1.10863
2016-03-16 08:00:00,1.10862,1.10736,1.10888,1.10867
2016-03-16 09:00:00,1.10867,1.10859,1.10938,1.10936
2016-03-16 10:00:00,1.10934,1.10837,1.10972,1.1087
2016-03-16 11:00:00,1.10867,1.10784,1.10911,1.10896
2016-03-16 12:00:00,1.10896,1.10746,1.1099,1.10843
2016-03-16 13:00:00,1.10842,1.10571,1.10962,1.1063
2016-03-16 14:00:00,1.10632,1.10588,1.10725,1.10642
2016-03-16 15:00:00,1.10644,1.10574,1.10764,1.10736
2016-03-16 16:00:00,1.10737,1.1062,1.10846,1.10786
2016-03-16 17:00:00,1.10788,1.10699,1.10914,1.1085
2016-03-16 18:00:00,1.10864,1.10856,1.12263,1.11963
2016-03-16 19:00:00,1.11963,1.11917,1.12414,1.12303
2016-03-16 20:00:00,1.12302,1.12207,1.12356,1.1223
2016-03-16 21:00:00,1.12206,1.12085,1.12256,1.12112
2016-03-16 22:00:00,1.12114,1.12077,1.12179,1.12148
2016-03-16 23:00:00,1.12145,1.12119,1.12201,1.12156
2016-03-17 00:00:00,1.12153,1.12042,1.12197,1.12098
2016-03-17 01:00:00,1.12101,1.12054,1.12185,1.12123
2016-03-17 02:00:00,1.12124,1.12122,1.12249,1.12201
2016-03-17 03:00:00,1.12198,1.12143,1.12292,1.12215
2016-03-17 04:00:00,1.12214,1.12157,1.12239,1.12175
2016-03-17 05:00:00,1.12173,1.12167,1.12261,1.12186
2016-03-17 06:00:00,1.12189,1.12189,1.12341,1.12323
2016-03-17 07:00:00,1.12321,1.12302,1.12592,1.12592
2016-03-17 08:00:00,1.12594,1.12527,1.12959,1.12891
2016-03-17 09:00:00,1.12889,1.12754,1.13034,1.12973
2016-03-17 10:00:00,1.12974,1.12971,1.13418,1.13236
2016-03-17 11:00:00,1.13235,1.13053,1.13277,1.13261
2016-03-17 12:00:00,1.13262,1.12775,1.13301,1.13012
2016-03-17 13:00:00,1.13013,1.12992,1.13272,1.13269
2016-03-17 14:00:00,1.13269,1.12983,1.13369,1.13149
2016-03-17 15:00:00,1.13148,1.12903,1.13171,1.13155
2016-03-17 16:00:00,1.13156,1.13141,1.13304,1.13245
2016-03-17 17:00:00,1.13246,1.1314,1.13261,1.13174
2016-03-17 18:00:00,1.13171,1.13105,1.13229,1.13177
2016-03-17 19:00:00,1.13178,1.13113,1.13195,1.13175
2016-03-17 20:00:00,1.13171,1.13118,1.13186,1.13175
2016-03-17 21:00:00,1.13137,1.13087,1.13178,1.13135
2016-03-17 22:00:00,1.1313,1.13093,1.13174,1.13147
2016-03-17 23:00:00,1.13149,1.13121,1.13193,1.13148
2016-03-18 00:00:00,1.13146,1.1306,1.1317,1.13168
2016-03-18 01:00:00,1.13169,1.1316,1.13363,1.13257
2016-03-18 02:00:00,1.1326,1.13165,1.13298,1.13199
2016-03-18 03:00:00,1.13198,1.13149,1.13216,1.13186
2016-03-18 04:00:00,1.13185,1.13103,1.13197,1.13118
2016-03-18 05:00:00,1.13117,1.13072,1.1318,1.131
2016-03-18 06:00:00,1.13103,1.12913,1.13134,1.12948
2016-03-18 07:00:00,1.1295,1.12747,1.12995,1.12823
2016-03-18 08:00:00,1.1282,1.12608,1.1301,1.12634
2016-03-18 09:00:00,1.12635,1.12555,1.12826,1.12715
2016-03-18 10:00:00,1.12716,1.12621,1.12771,1.12653
2016-03-18 11:00:00,1.12654,1.12645,1.12842,1.1275
2016-03-18 12:00:00,1.12752,1.12745,1.12942,1.12815
2016-03-18 13:00:00,1.12814,1.12757,1.12999,1.12885
2016-03-18 14:00:00,1.12891,1.12785,1.13064,1.12964
2016-03-18 15:00:00,1.12967,1.1281,1.12969,1.12909
2016-03-18 16:00:00,1.1291,1.12683,1.12919,1.12727
2016-03-18 17:00:00,1.12723,1.12643,1.12759,1.12742
2016-03-18 18:00:00,1.12744,1.12649,1.12781,1.12685
2016-03-18 19:00:00,1.12682,1.12621,1.12747,1.12743
2016-03-18 20:00:00,1.12742,1.1268,1.12814,1.12682
2016-03-20 21:00:00,1.12559,1.12552,1.12702,1.12649
2016-03-20 22:00:00,1.12653,1.12646,1.12804,1.12729
2016-03-20 23:00:00,1.1273,1.12678,1.12776,1.12737
2016-03-21 00:00:00,1.12737,1.12715,1.1284,1.12765
2016-03-21 01:00:00,1.12765,1.12744,1.12817,1.12817
2016-03-21 02:00:00,1.12815,1.12784,1.12842,1.12798
2016-03-21 03:00:00,1.12796,1.12709,1.12803,1.12717
2016-03-21 04:00:00,1.12718,1.12671,1.12775,1.12689
2016-03-21 05:00:00,1.12691,1.12653,1.12727,1.1268
2016-03-21 06:00:00,1.1268,1.1257,1.127,1.12638
2016-03-21 07:00:00,1.12638,1.12457,1.12681,1.12495
2016-03-21 08:00:00,1.12494,1.1235,1.12572,1.12488
2016-03-21 09:00:00,1.12486,1.12387,1.12687,1.12592
2016-03-21 10:00:00,1.12592,1.12566,1.12828,1.12818
2016-03-21 11:00:00,1.12819,1.12719,1.1284,1.12736
2016-03-21 12:00:00,1.12734,1.12614,1.12797,1.12627
2016-03-21 13:00:00,1.12629,1.12563,1.12757,1.12596
2016-03-21 14:00:00,1.126,1.12462,1.12681,1.12565
2016-03-21 15:00:00,1.12567,1.12462,1.12647,1.12591
2016-03-21 16:00:00,1.12592,1.12384,1.126,1.12419
2016-03-21 17:00:00,1.12418,1.12338,1.12496,1.12478
2016-03-21 18:00:00,1.1248,1.1247,1.12558,1.12511
2016-03-21 19:00:00,1.12512,1.12395,1.12527,1.12428
2016-03-21 20:00:00,1.12431,1.12394,1.12472,1.12402
2016-03-21 21:00:00,1.12376,1.12367,1.12406,1.12381
2016-03-21 22:00:00,1.1238,1.12359,1.12433,1.12393
2016-03-21 23:00:00,1.1239,1.12323,1.12413,1.12345
2016-03-22 00:00:00,1.12346,1.12288,1.12407,1.1236
2016-03-22 01:00:00,1.12361,1.12357,1.12455,1.12372
2016-03-22 02:00:00,1.12374,1.12345,1.12474,1.12466
2016-03-22 03:00:00,1.12467,1.12451,1.12586,1.12585
2016-03-22 04:00:00,1.12586,1.12473,1.12587,1.12496
2016-03-22 05:00:00,1.12499,1.1245,1.12595,1.12531
2016-03-22 06:00:00,1.12529,1.12518,1.12591,1.12537
2016-03-22 07:00:00,1.12536,1.12361,1.12536,1.12395
2016-03-22 08:00:00,1.1239,1.11876,1.12454,1.12004
2016-03-22 09:00:00,1.12009,1.11936,1.12145,1.12051
2016-03-22 10:00:00,1.1205,1.11956,1.12216,1.12122
2016-03-22 11:00:00,1.12121,1.1204,1.12204,1.12196
2016-03-22 12:00:00,1.12199,1.12183,1.12324,1.12239
2016-03-22 13:00:00,1.1224,1.12011,1.12325,1.12238
2016-03-22 14:00:00,1.12238,1.12157,1.12377,1.12313
2016-03-22 15:00:00,1.12314,1.12231,1.12357,1.12266
2016-03-22 16:00:00,1.12265,1.12034,1.12268,1.12095
2016-03-22 17:00:00,1.12094,1.1205,1.12223,1.12199
2016-03-22 18:00:00,1.12198,1.12055,1.12209,1.12177
2016-03-22 19:00:00,1.12175,1.12124,1.12203,1.12157
2016-03-22 20:00:00,1.12158,1.12145,1.12241,1.12157
2016-03-22 21:00:00,1.12159,1.12075,1.12173,1.12134
2016-03-22 22:00:00,1.12137,1.12083,1.12172,1.12159
2016-03-22 23:00:00,1.12161,1.12157,1.1223,1.12206
2016-03-23 00:00:00,1.12202,1.12083,1.12202,1.12135
2016-03-23 01:00:00,1.12137,1.12108,1.12185,1.12135
2016-03-23 02:00:00,1.12133,1.12109,1.12155,1.12147
2016-03-23 03:00:00,1.12148,1.12093,1.12151,1.121
2016-03-23 04:00:00,1.12098,1.12034,1.12101,1.12045
2016-03-23 05:00:00,1.12047,1.12041,1.121,1.12041
2016-03-23 06:00:00,1.12043,1.11925,1.12079,1.1193
2016-03-23 07:00:00,1.11928,1.11797,1.11968,1.11893
2016-03-23 08:00:00,1.11891,1.11836,1.11976,1.1185
2016-03-23 09:00:00,1.11849,1.11814,1.11925,1.11885
2016-03-23 10:00:00,1.11886,1.118,1.11998,1.11946
2016-03-23 11:00:00,1.11945,1.11857,1.11974,1.11913
2016-03-23 12:00:00,1.11912,1.11657,1.11948,1.11687
2016-03-23 13:00:00,1.11686,1.11625,1.11952,1.11821
2016-03-23 14:00:00,1.11823,1.11696,1.11872,1.11808
2016-03-23 15:00:00,1.11809,1.1174,1.11861,1.1174
2016-03-23 16:00:00,1.1174,1.11588,1.11744,1.11683
2016-03-23 17:00:00,1.11684,1.11671,1.11843,1.11835
2016-03-23 18:00:00,1.11832,1.11799,1.11867,1.11813
2016-03-23 19:00:00,1.11811,1.11754,1.11831,1.11763
2016-03-23 20:00:00,1.11761,1.11721,1.11828,1.11799
2016-03-23 21:00:00,1.11768,1.11707,1.11825,1.11792
2016-03-23 22:00:00,1.11796,1.11792,1.11843,1.11819
2016-03-23 23:00:00,1.11819,1.11755,1.1182,1.11775
2016-03-24 00:00:00,1.11774,1.11742,1.11853,1.11789
2016-03-24 01:00:00,1.11789,1.11631,1.11789,1.11697
2016-03-24 02:00:00,1.117,1.11659,1.11742,1.11704
2016-03-24 03:00:00,1.11704,1.11687,1.11775,1.11757
2016-03-24 04:00:00,1.11757,1.11658,1.11762,1.1171
2016-03-24 05:00:00,1.11708,1.11666,1.11739,1.11735
2016-03-24 06:00:00,1.11734,1.11668,1.11772,1.1167
2016-03-24 07:00:00,1.11672,1.11499,1.11684,1.11603
2016-03-24 08:00:00,1.11602,1.11483,1.11762,1.11649
2016-03-24 09:00:00,1.11651,1.11598,1.11723,1.11696
2016-03-24 10:00:00,1.11695,1.1162,1.11872,1.11673
2016-03-24 11:00:00,1.11674,1.11435,1.11732,1.11514
2016-03-24 12:00:00,1.11514,1.1148,1.11703,1.11629
2016-03-24 13:00:00,1.11628,1.11519,1.11662,1.11597
2016-03-24 14:00:00,1.11599,1.11495,1.11678,1.11584
2016-03-24 15:00:00,1.11584,1.11526,1.11712,1.1162
2016-03-24 16:00:00,1.1162,1.11615,1.11763,1.11716
2016-03-24 17:00:00,1.11715,1.11675,1.11853,1.11847
2016-03-24 18:00:00,1.11846,1.11746,1.11855,1.11767
2016-03-24 19:00:00,1.11765,1.11721,1.11805,1.11763
2016-03-24 20:00:00,1.11763,1.1173,1.11805,1.11739
2016-03-24 21:00:00,1.11713,1.11709,1.11787,1.11766
2016-03-24 22:00:00,1.11756,1.11747,1.11788,1.11766
2016-03-24 23:00:00,1.11771,1.11514,1.11781,1.11618
2016-03-25 00:00:00,1.11613,1.11571,1.11683,1.11631
2016-03-25 01:00:00,1.11627,1.11522,1.11681,1.11563
2016-03-25 02:00:00,1.11561,1.11554,1.1162,1.11578
2016-03-25 03:00:00,1.11576,1.11554,1.116,1.11588
2016-03-25 04:00:00,1.11586,1.11564,1.11593,1.11577
2016-03-25 05:00:00,1.11571,1.11571,1.11658,1.11651
2016-03-25 06:00:00,1.11648,1.11623,1.11688,1.11686
2016-03-25 07:00:00,1.11681,1.11615,1.11688,1.11615
2016-03-25 08:00:00,1.11615,1.11551,1.11664,1.1165
2016-03-25 09:00:00,1.1165,1.11626,1.1167,1.11657
2016-03-25 10:00:00,1.1166,1.11656,1.11751,1.11726
2016-03-25 11:00:00,1.11724,1.11663,1.11731,1.11667
2016-03-25 12:00:00,1.11668,1.11573,1.11681,1.11633
2016-03-25 13:00:00,1.11633,1.11595,1.11697,1.11683
2016-03-25 14:00:00,1.11687,1.1164,1.11689,1.11643
2016-03-25 15:00:00,1.11644,1.11592,1.11646,1.1163
2016-03-25 16:00:00,1.11628,1.11604,1.1165,1.11638
2016-03-25 17:00:00,1.11637,1.11637,1.11663,1.11661
2016-03-25 18:00:00,1.11666,1.11648,1.11674,1.1165
2016-03-25 19:00:00,1.11652,1.11648,1.11702,1.11689
2016-03-25 20:00:00,1.11693,1.11595,1.11695,1.11623
2016-03-27 21:00:00,1.11599,1.11585,1.11627,1.11615
2016-03-27 22:00:00,1.11613,1.1158,1.11643,1.1159
2016-03-27 23:00:00,1.11593,1.11554,1.11613,1.11566
2016-03-28 00:00:00,1.11564,1.11521,1.1162,1.11577
2016-03-28 01:00:00,1.11577,1.11543,1.11608,1.11546
2016-03-28 02:00:00,1.11548,1.11532,1.11579,1.11579
2016-03-28 03:00:00,1.11577,1.11568,1.1164,1.11625
2016-03-28 04:00:00,1.11623,1.11614,1.11647,1.11622
2016-03-28 05:00:00,1.1162,1.11595,1.11651,1.11643
2016-03-28 06:00:00,1.1164,1.11594,1.11668,1.11646
2016-03-28 07:00:00,1.11644,1.11636,1.1172,1.11647
2016-03-28 08:00:00,1.11647,1.11642,1.11723,1.11702
2016-03-28 09:00:00,1.11698,1.11654,1.11726,1.1166
2016-03-28 10:00:00,1.11661,1.1162,1.11685,1.11621
2016-03-28 11:00:00,1.11619,1.11568,1.11677,1.11643
2016-03-28 12:00:00,1.11645,1.11644,1.11827,1.11796
2016-03-28 13:00:00,1.11798,1.11789,1.12089,1.1204
2016-03-28 14:00:00,1.12041,1.11966,1.12193,1.12148
2016-03-28 15:00:00,1.1215,1.12032,1.12176,1.12077
2016-03-28 16:00:00,1.12076,1.11887,1.1211,1.11924
2016-03-28 17:00:00,1.11925,1.11914,1.12023,1.11974
2016-03-28 18:00:00,1.11972,1.11967,1.12075,1.12007
2016-03-28 19:00:00,1.1201,1.11952,1.12023,1.11989
2016-03-28 20:00:00,1.11988,1.11933,1.11994,1.11935
2016-03-28 21:00:00,1.11933,1.11915,1.11967,1.11967
2016-03-28 22:00:00,1.11969,1.1193,1.11989,1.11964
2016-03-28 23:00:00,1.11967,1.11966,1.12016,1.12001
2016-03-29 00:00:00,1.12001,1.1194,1.12003,1.11958
2016-03-29 01:00:00,1.11959,1.11838,1.11968,1.11923
2016-03-29 02:00:00,1.1192,1.1185,1.11969,1.1194
2016-03-29 03:00:00,1.11937,1.11921,1.11999,1.11945
2016-03-29 04:00:00,1.11948,1.11845,1.11952,1.11898
2016-03-29 05:00:00,1.119,1.11814,1.11901,1.11868
2016-03-29 06:00:00,1.11869,1.11827,1.11981,1.11932
2016-03-29 07:00:00,1.11929,1.11683,1.11929,1.11759
2016-03-29 08:00:00,1.11758,1.11716,1.11827,1.11803
2016-03-29 09:00:00,1.11802,1.11753,1.1208,1.1196
2016-03-29 10:00:00,1.11959,1.11919,1.1208,1.12047
2016-03-29 11:00:00,1.12047,1.11914,1.12155,1.12002
2016-03-29 12:00:00,1.12002,1.11921,1.12149,1.12139
2016-03-29 13:00:00,1.12141,1.11967,1.12245,1.12023
2016-03-29 14:00:00,1.12025,1.11846,1.12141,1.11883
2016-03-29 15:00:00,1.11882,1.11787,1.12024,1.12018
2016-03-29 16:00:00,1.12016,1.11952,1.12705,1.12636
2016-03-29 17:00:00,1.12637,1.12598,1.12816,1.12816
2016-03-29 18:00:00,1.12818,1.1271,1.12966,1.12946
2016-03-29 19:00:00,1.12948,1.12917,1.13027,1.12969
2016-03-29 20:00:00,1.12968,1.12898,1.12969,1.12906
2016-03-29 21:00:00,1.12885,1.12824,1.12917,1.12887
2016-03-29 22:00:00,1.12891,1.12851,1.12914,1.12872
2016-03-29 23:00:00,1.12873,1.12848,1.12904,1.12888
2016-03-30 00:00:00,1.12889,1.12889,1.12999,1.12957
2016-03-30 01:00:00,1.12958,1.12878,1.12979,1.1288
2016-03-30 02:00:00,1.12881,1.12858,1.12946,1.12942
2016-03-30 03:00:00,1.12941,1.12911,1.12966,1.12915
2016-03-30 04:00:00,1.12913,1.12908,1.12996,1.12962
2016-03-30 05:00:00,1.12962,1.12927,1.13001,1.12969
2016-03-30 06:00:00,1.12966,1.12936,1.13109,1.13029
2016-03-30 07:00:00,1.13031,1.13013,1.13299,1.13277
2016-03-30 08:00:00,1.13278,1.13169,1.13325,1.13185
2016-03-30 09:00:00,1.13187,1.13116,1.1326,1.13196
2016-03-30 10:00:00,1.13194,1.13078,1.13219,1.13219
2016-03-30 11:00:00,1.13217,1.13131,1.13365,1.13359
2016-03-30 12:00:00,1.1336,1.13086,1.13385,1.13107
2016-03-30 13:00:00,1.13108,1.13017,1.13273,1.13262
2016-03-30 14:00:00,1.13265,1.13235,1.13648,1.13535
2016-03-30 15:00:00,1.13534,1.13171,1.13559,1.13291
2016-03-30 16:00:00,1.1329,1.13147,1.13308,1.13181
2016-03-30 17:00:00,1.13182,1.13156,1.13254,1.13196
2016-03-30 18:00:00,1.13195,1.13177,1.13382,1.13329
2016-03-30 19:00:00,1.13329,1.13278,1.13412,1.13343
2016-03-30 20:00:00,1.13345,1.13317,1.1343,1.13358
2016-03-30 21:00:00,1.13363,1.13321,1.13375,1.13331
2016-03-30 22:00:00,1.13327,1.13289,1.13348,1.13318
2016-03-30 23:00:00,1.1332,1.1331,1.13375,1.13322
2016-03-31 00:00:00,1.1332,1.13206,1.13407,1.13286
2016-03-31 01:00:00,1.13288,1.13173,1.13298,1.13204
2016-03-31 02:00:00,1.132,1.13127,1.13244,1.1313
2016-03-31 03:00:00,1.1313,1.13099,1.13171,1.13141
2016-03-31 04:00:00,1.13139,1.1313,1.13207,1.13172
2016-03-31 05:00:00,1.13171,1.13129,1.13237,1.13201
2016-03-31 06:00:00,1.13204,1.13094,1.13281,1.13229
2016-03-31 07:00:00,1.1323,1.13198,1.13437,1.13434
2016-03-31 08:00:00,1.13436,1.13368,1.13602,1.13548
2016-03-31 09:00:00,1.1354,1.13492,1.13706,1.13652
2016-03-31 10:00:00,1.13654,1.13626,1.13828,1.1377
2016-03-31 11:00:00,1.13768,1.13738,1.13942,1.13869
2016-03-31 12:00:00,1.13871,1.13828,1.13985,1.13881
2016-03-31 13:00:00,1.13883,1.138,1.14111,1.14
2016-03-31 14:00:00,1.14002,1.13817,1.14114,1.1397
2016-03-31 15:00:00,1.13971,1.13787,1.13981,1.13892
2016-03-31 16:00:00,1.13889,1.13766,1.13929,1.13808
2016-03-31 17:00:00,1.13808,1.13804,1.13894,1.13846
2016-03-31 18:00:00,1.13845,1.13817,1.13932,1.13873
2016-03-31 19:00:00,1.13876,1.13772,1.13902,1.13784
2016-03-31 20:00:00,1.13783,1.13753,1.13836,1.13784
2016-03-31 21:00:00,1.13781,1.13764,1.1381,1.13796
2016-03-31 22:00:00,1.13798,1.13757,1.13811,1.13777
2016-03-31 23:00:00,1.13777,1.13738,1.13801,1.1378
2016-04-01 00:00:00,1.13779,1.13762,1.13878,1.1382
2016-04-01 01:00:00,1.13822,1.13709,1.1384,1.13712
2016-04-01 02:00:00,1.13714,1.13656,1.13755,1.13718
2016-04-01 03:00:00,1.1372,1.13676,1.13774,1.13769
2016-04-01 04:00:00,1.13768,1.13719,1.13806,1.13736
2016-04-01 05:00:00,1.13736,1.13705,1.1383,1.13809
2016-04-01 06:00:00,1.13808,1.13771,1.13897,1.13807
2016-04-01 07:00:00,1.13809,1.13722,1.13881,1.13813
2016-04-01 08:00:00,1.13817,1.13817,1.14011,1.13988
2016-04-01 09:00:00,1.13988,1.13896,1.14094,1.14063
2016-04-01 10:00:00,1.14062,1.13982,1.14107,1.14106
2016-04-01 11:00:00,1.14105,1.14048,1.14277,1.14185
2016-04-01 12:00:00,1.14184,1.13831,1.14376,1.13992
2016-04-01 13:00:00,1.1399,1.13683,1.14112,1.13808
2016-04-01 14:00:00,1.13792,1.1334,1.13792,1.13435
2016-04-01 15:00:00,1.13437,1.13386,1.13853,1.13838
2016-04-01 16:00:00,1.13838,1.13802,1.14027,1.13912
2016-04-01 17:00:00,1.13914,1.13827,1.14006,1.13827
2016-04-01 18:00:00,1.13824,1.13824,1.13994,1.13897
2016-04-01 19:00:00,1.13896,1.13883,1.14023,1.13894
2016-04-01 20:00:00,1.13889,1.13843,1.13983,1.13867
2016-04-03 21:00:00,1.13981,1.13891,1.13994,1.13944
2016-04-03 22:00:00,1.13945,1.1387,1.13953,1.13911
2016-04-03 23:00:00,1.13912,1.13881,1.13951,1.1394
2016-04-04 00:00:00,1.13941,1.13934,1.14093,1.14056
2016-04-04 01:00:00,1.14058,1.14032,1.1412,1.14057
2016-04-04 02:00:00,1.14059,1.13969,1.14064,1.13969
2016-04-04 03:00:00,1.13965,1.13859,1.13983,1.13866
2016-04-04 04:00:00,1.13865,1.13826,1.13898,1.13826
2016-04-04 05:00:00,1.13828,1.13821,1.13929,1.13901
2016-04-04 06:00:00,1.13903,1.13706,1.13954,1.13746
2016-04-04 07:00:00,1.1375,1.13709,1.13914,1.13734
2016-04-04 08:00:00,1.13733,1.13664,1.13837,1.13694
2016-04-04 09:00:00,1.13694,1.13577,1.13742,1.1364
2016-04-04 10:00:00,1.1364,1.1357,1.1365,1.13628
2016-04-04 11:00:00,1.13627,1.13582,1.13776,1.13737
2016-04-04 12:00:00,1.13736,1.13736,1.13999,1.1397
2016-04-04 13:00:00,1.13971,1.13925,1.14088,1.13975
2016-04-04 14:00:00,1.13978,1.13725,1.14072,1.13805
2016-04-04 15:00:00,1.13806,1.13762,1.13887,1.13848
2016-04-04 16:00:00,1.13847,1.13818,1.13976,1.13946
2016-04-04 17:00:00,1.13944,1.1391,1.14034,1.14007
2016-04-04 18:00:00,1.14004,1.13931,1.1406,1.13967
2016-04-04 19:00:00,1.13966,1.13912,1.13985,1.13919
2016-04-04 20:00:00,1.13917,1.13862,1.13975,1.13866
2016-04-04 21:00:00,1.13835,1.13835,1.13922,1.13898
2016-04-04 22:00:00,1.139,1.1387,1.13931,1.13874
2016-04-04 23:00:00,1.13878,1.13852,1.13913,1.13858
2016-04-05 00:00:00,1.13856,1.13849,1.14,1.13998
2016-04-05 01:00:00,1.13998,1.13961,1.14044,1.14005
2016-04-05 02:00:00,1.14006,1.1395,1.14008,1.1395
2016-04-05 03:00:00,1.13949,1.13906,1.13975,1.13956
2016-04-05 04:00:00,1.13956,1.13836,1.13956,1.13895
2016-04-05 05:00:00,1.13891,1.13793,1.13918,1.13834
2016-04-05 06:00:00,1.1383,1.13746,1.13907,1.13838
2016-04-05 07:00:00,1.1384,1.13426,1.13852,1.1356
2016-04-05 08:00:00,1.13559,1.13541,1.13747,1.13659
2016-04-05 09:00:00,1.13657,1.13526,1.13751,1.13551
2016-04-05 10:00:00,1.1355,1.13499,1.13602,1.13587
2016-04-05 11:00:00,1.13585,1.13531,1.13654,1.13624
2016-04-05 12:00:00,1.13623,1.13606,1.13817,1.13725
2016-04-05 13:00:00,1.13728,1.1352,1.13736,1.13564
2016-04-05 14:00:00,1.13563,1.13351,1.13755,1.13755
2016-04-05 15:00:00,1.13755,1.13682,1.13979,1.13776
2016-04-05 16:00:00,1.13778,1.13712,1.13994,1.13953
2016-04-05 17:00:00,1.13951,1.1382,1.14007,1.1387
2016-04-05 18:00:00,1.13873,1.13797,1.13901,1.13848
2016-04-05 19:00:00,1.13849,1.13783,1.1388,1.13863
2016-04-05 20:00:00,1.13862,1.13818,1.13863,1.13832
2016-04-05 21:00:00,1.13811,1.13775,1.13848,1.13825
2016-04-05 22:00:00,1.13824,1.13762,1.13832,1.13826
2016-04-05 23:00:00,1.13825,1.13784,1.13866,1.138
2016-04-06 00:00:00,1.13799,1.13762,1.13853,1.13821
2016-04-06 01:00:00,1.13823,1.13695,1.13842,1.13698
2016-04-06 02:00:00,1.13697,1.13672,1.13777,1.13777
2016-04-06 03:00:00,1.13779,1.13656,1.13786,1.13668
2016-04-06 04:00:00,1.13666,1.13651,1.13722,1.13719
2016-04-06 05:00:00,1.13717,1.13651,1.13734,1.13678
2016-04-06 06:00:00,1.13678,1.13522,1.13684,1.13601
2016-04-06 07:00:00,1.13602,1.13442,1.13699,1.1357
2016-04-06 08:00:00,1.13572,1.13404,1.13617,1.13491
2016-04-06 09:00:00,1.13491,1.1344,1.13583,1.13528
2016-04-06 10:00:00,1.13526,1.13445,1.13526,1.13486
2016-04-06 11:00:00,1.13486,1.13264,1.13565,1.13436
2016-04-06 12:00:00,1.13437,1.13328,1.13729,1.13654
2016-04-06 13:00:00,1.13653,1.13589,1.13989,1.13888
2016-04-06 14:00:00,1.13885,1.13721,1.14002,1.13732
2016-04-06 15:00:00,1.13731,1.13672,1.14312,1.14279
2016-04-06 16:00:00,1.14278,1.14073,1.14311,1.14138
2016-04-06 17:00:00,1.1414,1.14109,1.14213,1.1411
2016-04-06 18:00:00,1.14108,1.13885,1.1424,1.1407
2016-04-06 19:00:00,1.14072,1.1397,1.14104,1.13991
2016-04-06 20:00:00,1.13993,1.13934,1.13999,1.13983
2016-04-06 21:00:00,1.13972,1.1391,1.13979,1.13947
2016-04-06 22:00:00,1.13944,1.13921,1.13987,1.13957
2016-04-06 23:00:00,1.13958,1.13941,1.14039,1.13996
2016-04-07 00:00:00,1.13993,1.13978,1.14149,1.14111
2016-04-07 01:00:00,1.14113,1.13924,1.14131,1.13976
2016-04-07 02:00:00,1.13978,1.13929,1.14055,1.1399
2016-04-07 03:00:00,1.13991,1.13949,1.14023,1.13962
2016-04-07 04:00:00,1.13962,1.1396,1.14074,1.14058
2016-04-07 05:00:00,1.14057,1.14046,1.14233,1.14155
2016-04-07 06:00:00,1.14153,1.14136,1.14534,1.14465
2016-04-07 07:00:00,1.14465,1.13827,1.14468,1.14053
2016-04-07 08:00:00,1.14054,1.13591,1.14054,1.13859
2016-04-07 09:00:00,1.13859,1.13732,1.14036,1.13934
2016-04-07 10:00:00,1.13932,1.13685,1.13972,1.13724
2016-04-07 11:00:00,1.13726,1.13589,1.1405,1.1367
2016-04-07 12:00:00,1.13671,1.13567,1.13787,1.13771
2016-04-07 13:00:00,1.1377,1.13371,1.13777,1.13513
2016-04-07 14:00:00,1.13512,1.13498,1.1385,1.13789
2016-04-07 15:00:00,1.13787,1.13773,1.13992,1.13851
2016-04-07 16:00:00,1.13852,1.13735,1.13881,1.13752
2016-04-07 17:00:00,1.13753,1.13602,1.13799,1.13745
2016-04-07 18:00:00,1.13744,1.13733,1.13802,1.13791
2016-04-07 19:00:00,1.13792,1.13678,1.13809,1.13715
2016-04-07 20:00:00,1.13714,1.13672,1.13783,1.13763
2016-04-07 21:00:00,1.13758,1.13653,1.13783,1.13702
2016-04-07 22:00:00,1.13703,1.13656,1.1375,1.13719
2016-04-07 23:00:00,1.13717,1.13661,1.13752,1.13662
2016-04-08 00:00:00,1.13658,1.13597,1.13732,1.13676
2016-04-08 01:00:00,1.13676,1.13587,1.13731,1.13598
2016-04-08 02:00:00,1.13599,1.13591,1.13661,1.13632
2016-04-08 03:00:00,1.13634,1.13623,1.13684,1.13663
2016-04-08 04:00:00,1.13661,1.13638,1.13686,1.13639
2016-04-08 05:00:00,1.13641,1.13576,1.13711,1.13685
2016-04-08 06:00:00,1.13686,1.13596,1.13762,1.13637
2016-04-08 07:00:00,1.13635,1.13486,1.13833,1.13783
2016-04-08 08:00:00,1.13784,1.13746,1.13933,1.13862
2016-04-08 09:00:00,1.13861,1.1373,1.13922,1.13741
2016-04-08 10:00:00,1.13743,1.1364,1.13788,1.13665
2016-04-08 11:00:00,1.13663,1.1359,1.13693,1.13663
2016-04-08 12:00:00,1.13666,1.13512,1.13715,1.13627
2016-04-08 13:00:00,1.13627,1.13615,1.13971,1.13826
2016-04-08 14:00:00,1.13821,1.13821,1.14094,1.14058
2016-04-08 15:00:00,1.14058,1.13947,1.14189,1.14041
2016-04-08 16:00:00,1.1404,1.14016,1.14138,1.14064
2016-04-08 17:00:00,1.14066,1.1398,1.14081,1.13983
2016-04-08 18:00:00,1.13985,1.13926,1.14,1.13963
2016-04-08 19:00:00,1.13965,1.13952,1.14037,1.14
2016-04-08 20:00:00,1.13999,1.13901,1.14004,1.13929
2016-04-10 21:00:00,1.14132,1.1395,1.14132,1.14049
2016-04-10 22:00:00,1.14044,1.14012,1.14085,1.14041
2016-04-10 23:00:00,1.14042,1.14002,1.14068,1.14042
2016-04-11 00:00:00,1.14042,1.13946,1.14057,1.13952
2016-04-11 01:00:00,1.13952,1.1395,1.14252,1.1411
2016-04-11 02:00:00,1.14108,1.14042,1.14137,1.14096
2016-04-11 03:00:00,1.14096,1.14055,1.14114,1.1411
2016-04-11 04:00:00,1.14111,1.14097,1.14182,1.14098
2016-04-11 05:00:00,1.14098,1.14054,1.14143,1.14071
2016-04-11 06:00:00,1.14071,1.14035,1.14274,1.14141
2016-04-11 07:00:00,1.14139,1.13716,1.14143,1.13773
2016-04-11 08:00:00,1.13775,1.13763,1.13952,1.13921
2016-04-11 09:00:00,1.13919,1.1377,1.13922,1.13806
2016-04-11 10:00:00,1.13805,1.13783,1.1394,1.13902
2016-04-11 11:00:00,1.13903,1.13854,1.14054,1.13914
2016-04-11 12:00:00,1.13915,1.13861,1.14213,1.14111
2016-04-11 13:00:00,1.14111,1.13935,1.14436,1.14403
2016-04-11 14:00:00,1.14403,1.1431,1.1447,1.14424
2016-04-11 15:00:00,1.14423,1.14058,1.1445,1.14104
2016-04-11 16:00:00,1.14103,1.14067,1.14202,1.14131
2016-04-11 17:00:00,1.14129,1.13949,1.14176,1.14044
2016-04-11 18:00:00,1.14045,1.14039,1.14139,1.14109
2016-04-11 19:00:00,1.14105,1.14019,1.14114,1.14047
2016-04-11 20:00:00,1.14045,1.14021,1.14097,1.14072
2016-04-11 21:00:00,1.14011,1.14009,1.14084,1.14036
2016-04-11 22:00:00,1.14037,1.13999,1.14101,1.14094
2016-04-11 23:00:00,1.14092,1.14083,1.14131,1.14096
2016-04-12 00:00:00,1.14094,1.13999,1.1411,1.14099
2016-04-12 01:00:00,1.14097,1.14048,1.14161,1.14098
2016-04-12 02:00:00,1.14097,1.14065,1.14127,1.14085
2016-04-12 03:00:00,1.14085,1.14002,1.14093,1.14048
2016-04-12 04:00:00,1.14044,1.14038,1.14094,1.14077
2016-04-12 05:00:00,1.14078,1.14061,1.14133,1.14112
2016-04-12 06:00:00,1.1411,1.14058,1.14224,1.14197
2016-04-12 07:00:00,1.14195,1.1415,1.14342,1.14301
2016-04-12 08:00:00,1.14303,1.14298,1.14643,1.14325
2016-04-12 09:00:00,1.14323,1.1418,1.14342,1.14206
2016-04-12 10:00:00,1.14207,1.14079,1.14244,1.14088
2016-04-12 11:00:00,1.14085,1.13959,1.14149,1.14102
2016-04-12 12:00:00,1.141,1.13792,1.14126,1.1382
2016-04-12 13:00:00,1.1382,1.1361,1.13963,1.13702
2016-04-12 14:00:00,1.13701,1.13447,1.13768,1.13736
2016-04-12 15:00:00,1.13736,1.13645,1.14,1.13942
2016-04-12 16:00:00,1.13941,1.13744,1.13986,1.13751
2016-04-12 17:00:00,1.1375,1.13719,1.13865,1.1372
2016-04-12 18:00:00,1.13722,1.13722,1.13978,1.13958
2016-04-12 19:00:00,1.13957,1.13883,1.1397,1.13912
2016-04-12 20:00:00,1.13914,1.13811,1.13925,1.13837
2016-04-12 21:00:00,1.13832,1.13799,1.13896,1.13818
2016-04-12 22:00:00,1.13814,1.13792,1.13855,1.13852
2016-04-12 23:00:00,1.13851,1.13809,1.1387,1.13825
2016-04-13 00:00:00,1.13822,1.13749,1.13904,1.13801
2016-04-13 01:00:00,1.138,1.13665,1.13812,1.13702
2016-04-13 02:00:00,1.13702,1.13655,1.13745,1.13673
2016-04-13 03:00:00,1.1367,1.13655,1.13722,1.1369
2016-04-13 04:00:00,1.13689,1.13653,1.13708,1.13667
2016-04-13 05:00:00,1.13666,1.13553,1.13669,1.13595
2016-04-13 06:00:00,1.13592,1.13419,1.13666,1.13515
2016-04-13 07:00:00,1.13511,1.134,1.13616,1.13526
2016-04-13 08:00:00,1.13527,1.13357,1.13576,1.13366
2016-04-13 09:00:00,1.13365,1.13073,1.1339,1.13132
2016-04-13 10:00:00,1.13134,1.12978,1.13154,1.13027
2016-04-13 11:00:00,1.13028,1.12953,1.13088,1.13023
2016-04-13 12:00:00,1.13022,1.12945,1.13253,1.13125
2016-04-13 13:00:00,1.13121,1.12796,1.13238,1.12805
2016-04-13 14:00:00,1.12808,1.12718,1.12935,1.12831
2016-04-13 15:00:00,1.12833,1.12716,1.12891,1.12788
2016-04-13 16:00:00,1.1279,1.12751,1.12912,1.12866
2016-04-13 17:00:00,1.12865,1.1273,1.12914,1.1282
2016-04-13 18:00:00,1.12823,1.12726,1.1284,1.1283
2016-04-13 19:00:00,1.12832,1.12787,1.12894,1.12796
2016-04-13 20:00:00,1.12798,1.12675,1.128,1.12735
2016-04-13 21:00:00,1.12724,1.12724,1.12774,1.12765
2016-04-13 22:00:00,1.12763,1.1275,1.12835,1.12822
2016-04-13 23:00:00,1.1282,1.12719,1.12837,1.12774
2016-04-14 00:00:00,1.12774,1.12623,1.12782,1.12654
2016-04-14 01:00:00,1.12653,1.1253,1.12671,1.12625
2016-04-14 02:00:00,1.12623,1.1259,1.12684,1.12681
2016-04-14 03:00:00,1.1268,1.12634,1.12724,1.12653
2016-04-14 04:00:00,1.12653,1.12604,1.12668,1.1261
2016-04-14 05:00:00,1.12612,1.12588,1.12657,1.12621
2016-04-14 06:00:00,1.12622,1.12507,1.12681,1.12638
2016-04-14 07:00:00,1.12636,1.12333,1.12637,1.12527
2016-04-14 08:00:00,1.12526,1.12401,1.1271,1.12669
2016-04-14 09:00:00,1.12668,1.12507,1.12731,1.12555
2016-04-14 10:00:00,1.12554,1.12527,1.1264,1.12587
2016-04-14 11:00:00,1.12587,1.12541,1.12681,1.12592
2016-04-14 12:00:00,1.12591,1.12487,1.12942,1.12757
2016-04-14 13:00:00,1.12756,1.12624,1.12836,1.12793
2016-04-14 14:00:00,1.12796,1.1251,1.12801,1.12623
2016-04-14 15:00:00,1.12624,1.12474,1.1269,1.12622
2016-04-14 16:00:00,1.12621,1.1254,1.12698,1.12614
2016-04-14 17:00:00,1.12612,1.126,1.12704,1.12697
2016-04-14 18:00:00,1.12693,1.12621,1.1275,1.12661
2016-04-14 19:00:00,1.1266,1.12536,1.12677,1.12548
2016-04-14 20:00:00,1.12549,1.12538,1.12685,1.12656
2016-04-14 21:00:00,1.12611,1.12571,1.12673,1.12592
2016-04-14 22:00:00,1.12593,1.12589,1.12657,1.12657
2016-04-14 23:00:00,1.12654,1.12629,1.1268,1.12645
2016-04-15 00:00:00,1.12642,1.12488,1.12664,1.12548
2016-04-15 01:00:00,1.12546,1.12532,1.12605,1.12577
2016-04-15 02:00:00,1.12575,1.12536,1.12633,1.12585
2016-04-15 03:00:00,1.12586,1.1258,1.12631,1.12615
2016-04-15 04:00:00,1.12615,1.12573,1.12631,1.12621
2016-04-15 05:00:00,1.12618,1.12551,1.12634,1.12572
2016-04-15 06:00:00,1.12572,1.12561,1.12708,1.12578
2016-04-15 07:00:00,1.12576,1.12451,1.12644,1.12586
2016-04-15 08:00:00,1.12585,1.1255,1.12688,1.1264
2016-04-15 09:00:00,1.1264,1.12566,1.12681,1.12622
2016-04-15 10:00:00,1.12621,1.12621,1.12796,1.12779
2016-04-15 11:00:00,1.12779,1.12772,1.12874,1.1281
2016-04-15 12:00:00,1.12811,1.12733,1.12966,1.12741
2016-04-15 13:00:00,1.12742,1.12715,1.12926,1.1287
2016-04-15 14:00:00,1.12872,1.12869,1.13166,1.12947
2016-04-15 15:00:00,1.12948,1.12832,1.12996,1.12932
2016-04-15 16:00:00,1.12933,1.12933,1.13092,1.12973
2016-04-15 17:00:00,1.12976,1.12869,1.13106,1.12881
2016-04-15 18:00:00,1.12882,1.12801,1.12888,1.12858
2016-04-15 19:00:00,1.12858,1.12811,1.12891,1.12819
2016-04-15 20:00:00,1.1282,1.12785,1.12859,1.12785
2016-04-17 21:00:00,1.12978,1.12905,1.13005,1.1294
2016-04-17 22:00:00,1.12942,1.12873,1.12974,1.12904
2016-04-17 23:00:00,1.12906,1.12886,1.12995,1.12968
2016-04-18 00:00:00,1.1297,1.12935,1.13062,1.12943
2016-04-18 01:00:00,1.12943,1.12882,1.12966,1.12923
2016-04-18 02:00:00,1.12924,1.12756,1.12941,1.12819
2016-04-18 03:00:00,1.12821,1.12802,1.12851,1.12829
2016-04-18 04:00:00,1.1283,1.12805,1.1287,1.12859
2016-04-18 05:00:00,1.12858,1.12797,1.1289,1.12841
2016-04-18 06:00:00,1.12841,1.1273,1.12931,1.12887
2016-04-18 07:00:00,1.12885,1.12873,1.13091,1.13008
2016-04-18 08:00:00,1.13009,1.12825,1.13081,1.13011
2016-04-18 09:00:00,1.13013,1.12996,1.13128,1.1306
2016-04-18 10:00:00,1.1306,1.12957,1.1306,1.13043
2016-04-18 11:00:00,1.13042,1.12989,1.13094,1.13084
2016-04-18 12:00:00,1.13082,1.13004,1.13189,1.13066
2016-04-18 13:00:00,1.13067,1.12963,1.13141,1.1306
2016-04-18 14:00:00,1.13058,1.13041,1.13315,1.13285
2016-04-18 15:00:00,1.13283,1.13128,1.13295,1.13211
2016-04-18 16:00:00,1.13216,1.13122,1.13246,1.13239
2016-04-18 17:00:00,1.13238,1.13149,1.13289,1.13167
2016-04-18 18:00:00,1.13164,1.13075,1.13206,1.13114
2016-04-18 19:00:00,1.13116,1.13065,1.13151,1.13069
2016-04-18 20:00:00,1.1307,1.1307,1.13147,1.1311
2016-04-18 21:00:00,1.13086,1.13086,1.13148,1.13123
2016-04-18 22:00:00,1.13125,1.13056,1.13127,1.13096
2016-04-18 23:00:00,1.13098,1.13054,1.13114,1.13072
2016-04-19 00:00:00,1.13071,1.13029,1.13105,1.13098
2016-04-19 01:00:00,1.13101,1.131,1.13202,1.13192
2016-04-19 02:00:00,1.13192,1.13137,1.13226,1.13209
2016-04-19 03:00:00,1.13209,1.13183,1.13253,1.13222
2016-04-19 04:00:00,1.13223,1.13187,1.13238,1.13235
2016-04-19 05:00:00,1.13235,1.13199,1.13251,1.13247
2016-04-19 06:00:00,1.13248,1.13235,1.1344,1.13384
2016-04-19 07:00:00,1.13382,1.13244,1.13399,1.13265
2016-04-19 08:00:00,1.13265,1.13144,1.13326,1.13313
2016-04-19 09:00:00,1.13318,1.1325,1.13427,1.13311
2016-04-19 10:00:00,1.13309,1.13268,1.13385,1.13338
2016-04-19 11:00:00,1.1334,1.13275,1.13481,1.13402
2016-04-19 12:00:00,1.13403,1.13382,1.13589,1.13533
2016-04-19 13:00:00,1.13531,1.13529,1.138,1.13772
2016-04-19 14:00:00,1.13772,1.13594,1.1382,1.13761
2016-04-19 15:00:00,1.13761,1.13688,1.1384,1.13748
2016-04-19 16:00:00,1.13749,1.13678,1.13753,1.13753
2016-04-19 17:00:00,1.13754,1.13752,1.13819,1.1378
2016-04-19 18:00:00,1.13781,1.13734,1.1381,1.13749
2016-04-19 19:00:00,1.13749,1.13607,1.13782,1.1362
2016-04-19 20:00:00,1.13621,1.13554,1.13635,1.13558
2016-04-19 21:00:00,1.13579,1.13536,1.13607,1.13543
2016-04-19 22:00:00,1.13545,1.13533,1.13596,1.1356
2016-04-19 23:00:00,1.1356,1.13547,1.13593,1.13578
2016-04-20 00:00:00,1.13577,1.13566,1.13619,1.13572
2016-04-20 01:00:00,1.13573,1.13569,1.13687,1.13664
2016-04-20 02:00:00,1.13665,1.13624,1.13698,1.13697
2016-04-20 03:00:00,1.13698,1.13564,1.1373,1.13623
2016-04-20 04:00:00,1.1362,1.13605,1.13646,1.13605
2016-04-20 05:00:00,1.13606,1.13527,1.13611,1.1357
2016-04-20 06:00:00,1.13573,1.1356,1.13678,1.13606
2016-04-20 07:00:00,1.13608,1.13481,1.13648,1.13626
2016-04-20 08:00:00,1.13626,1.13543,1.13659,1.13654
2016-04-20 09:00:00,1.13652,1.13601,1.13791,1.13707
2016-04-20 10:00:00,1.13709,1.13614,1.13733,1.13671
2016-04-20 11:00:00,1.1367,1.13635,1.13798,1.13775
2016-04-20 12:00:00,1.13776,1.13631,1.13873,1.13653
2016-04-20 13:00:00,1.13652,1.13344,1.13674,1.13386
2016-04-20 14:00:00,1.13384,1.13174,1.13439,1.1329
2016-04-20 15:00:00,1.13289,1.13201,1.13406,1.13277
2016-04-20 16:00:00,1.13276,1.13234,1.13328,1.13268
2016-04-20 17:00:00,1.13267,1.13011,1.13268,1.13125
2016-04-20 18:00:00,1.13127,1.12991,1.13135,1.13015
2016-04-20 19:00:00,1.13015,1.12897,1.13027,1.12905
2016-04-20 20:00:00,1.12908,1.12904,1.12986,1.1296
2016-04-20 21:00:00,1.12934,1.12928,1.13,1.12988
2016-04-20 22:00:00,1.12983,1.12963,1.13012,1.13004
2016-04-20 23:00:00,1.13007,1.12968,1.13054,1.13017
2016-04-21 00:00:00,1.13018,1.12963,1.13031,1.12982
2016-04-21 01:00:00,1.1298,1.12858,1.13039,1.12966
2016-04-21 02:00:00,1.12965,1.12959,1.13012,1.12982
2016-04-21 03:00:00,1.12982,1.12947,1.12996,1.12951
2016-04-21 04:00:00,1.1295,1.12898,1.12959,1.1292
2016-04-21 05:00:00,1.1292,1.12886,1.12978,1.12961
2016-04-21 06:00:00,1.12959,1.12899,1.13033,1.12975
2016-04-21 07:00:00,1.12976,1.12883,1.131,1.12918
2016-04-21 08:00:00,1.12916,1.12824,1.12972,1.12926
2016-04-21 09:00:00,1.12924,1.12846,1.13044,1.13029
2016-04-21 10:00:00,1.13028,1.12991,1.13121,1.13101
2016-04-21 11:00:00,1.13103,1.1305,1.13334,1.13273
2016-04-21 12:00:00,1.13274,1.13249,1.13975,1.13755
2016-04-21 13:00:00,1.13755,1.12748,1.13894,1.12951
2016-04-21 14:00:00,1.12952,1.12675,1.13051,1.12882
2016-04-21 15:00:00,1.12884,1.12838,1.13026,1.1299
2016-04-21 16:00:00,1.12992,1.12905,1.13096,1.12973
2016-04-21 17:00:00,1.12971,1.12905,1.13008,1.12905
2016-04-21 18:00:00,1.12903,1.12859,1.12947,1.12937
2016-04-21 19:00:00,1.12939,1.12876,1.12959,1.12891
2016-04-21 20:00:00,1.12892,1.12834,1.12905,1.12864
2016-04-21 21:00:00,1.12848,1.12795,1.1288,1.12838
2016-04-21 22:00:00,1.12841,1.12841,1.12903,1.1288
2016-04-21 23:00:00,1.12879,1.12876,1.1292,1.12897
2016-04-22 00:00:00,1.12898,1.12888,1.12984,1.12972
2016-04-22 01:00:00,1.12971,1.1297,1.13029,1.13002
2016-04-22 02:00:00,1.13002,1.13002,1.13082,1.13007
2016-04-22 03:00:00,1.13008,1.12997,1.13037,1.13
2016-04-22 04:00:00,1.13001,1.12908,1.13008,1.1294
2016-04-22 05:00:00,1.12939,1.12936,1.13048,1.1296
2016-04-22 06:00:00,1.12961,1.1286,1.13021,1.1293
2016-04-22 07:00:00,1.1293,1.12635,1.1293,1.12787
2016-04-22 08:00:00,1.12788,1.12705,1.1291,1.12725
2016-04-22 09:00:00,1.12726,1.12679,1.12827,1.12787
2016-04-22 10:00:00,1.12786,1.12551,1.12813,1.12683
2016-04-22 11:00:00,1.12682,1.12619,1.12802,1.12636
2016-04-22 12:00:00,1.12639,1.12485,1.12667,1.12556
2016-04-22 13:00:00,1.12557,1.12443,1.12625,1.12512
2016-04-22 14:00:00,1.12512,1.12385,1.12695,1.12395
2016-04-22 15:00:00,1.12393,1.12365,1.12475,1.1238
2016-04-22 16:00:00,1.12378,1.12211,1.12396,1.12225
2016-04-22 17:00:00,1.12225,1.12174,1.12259,1.12198
2016-04-22 18:00:00,1.12201,1.12187,1.12334,1.12276
2016-04-22 19:00:00,1.12276,1.12212,1.1237,1.12216
2016-04-22 20:00:00,1.12215,1.12183,1.12356,1.12195
2016-04-24 21:00:00,1.12144,1.12137,1.12235,1.12208
2016-04-24 22:00:00,1.12204,1.12202,1.12328,1.12301
2016-04-24 23:00:00,1.12298,1.12294,1.12331,1.12308
2016-04-25 00:00:00,1.12308,1.12224,1.12372,1.12265
2016-04-25 01:00:00,1.12262,1.1226,1.12406,1.12386
2016-04-25 02:00:00,1.12385,1.12338,1.12463,1.12443
2016-04-25 03:00:00,1.1244,1.12404,1.12447,1.12433
2016-04-25 04:00:00,1.12435,1.12401,1.1244,1.12405
2016-04-25 05:00:00,1.12406,1.12375,1.12488,1.12387
2016-04-25 06:00:00,1.12384,1.12327,1.12461,1.12388
2016-04-25 07:00:00,1.12388,1.12303,1.12581,1.12532
2016-04-25 08:00:00,1.12534,1.1248,1.12623,1.12553
2016-04-25 09:00:00,1.12554,1.12427,1.12581,1.12543
2016-04-25 10:00:00,1.12541,1.12455,1.12587,1.12544
2016-04-25 11:00:00,1.12543,1.12501,1.12617,1.12566
2016-04-25 12:00:00,1.12567,1.12479,1.12668,1.12497
2016-04-25 13:00:00,1.12496,1.12431,1.12637,1.12561
2016-04-25 14:00:00,1.12552,1.12545,1.12681,1.12669
2016-04-25 15:00:00,1.12671,1.12658,1.12777,1.12722
2016-04-25 16:00:00,1.12723,1.1263,1.12762,1.12654
2016-04-25 17:00:00,1.12657,1.12657,1.12775,1.12738
2016-04-25 18:00:00,1.12738,1.12589,1.12752,1.12594
2016-04-25 19:00:00,1.12596,1.12577,1.1266,1.12586
2016-04-25 20:00:00,1.12587,1.12587,1.12706,1.12671
2016-04-25 21:00:00,1.12685,1.12623,1.12719,1.12666
2016-04-25 22:00:00,1.12664,1.1263,1.1269,1.12669
2016-04-25 23:00:00,1.12668,1.1264,1.12708,1.12657
2016-04-26 00:00:00,1.12654,1.1264,1.12729,1.12647
2016-04-26 01:00:00,1.12649,1.12623,1.12681,1.12668
2016-04-26 02:00:00,1.12666,1.12654,1.1275,1.12697
2016-04-26 03:00:00,1.12698,1.12662,1.12723,1.12695
2016-04-26 04:00:00,1.12693,1.12592,1.12693,1.1262
2016-04-26 05:00:00,1.1262,1.12558,1.12661,1.12658
2016-04-26 06:00:00,1.12655,1.126,1.12732,1.1261
2016-04-26 07:00:00,1.12608,1.12556,1.12845,1.12814
2016-04-26 08:00:00,1.12815,1.12762,1.1299,1.12921
2016-04-26 09:00:00,1.1292,1.12812,1.12989,1.12847
2016-04-26 10:00:00,1.12845,1.12773,1.12898,1.12835
2016-04-26 11:00:00,1.12833,1.12701,1.12847,1.1274
2016-04-26 12:00:00,1.12739,1.12729,1.13183,1.13067
2016-04-26 13:00:00,1.13069,1.13031,1.13391,1.13278
2016-04-26 14:00:00,1.13271,1.13044,1.13371,1.13048
2016-04-26 15:00:00,1.13045,1.1297,1.13191,1.13168
2016-04-26 16:00:00,1.13165,1.12925,1.13185,1.12946
2016-04-26 17:00:00,1.12946,1.12832,1.12969,1.12923
2016-04-26 18:00:00,1.1292,1.12829,1.12942,1.12897
2016-04-26 19:00:00,1.12896,1.12794,1.12931,1.12867
2016-04-26 20:00:00,1.12868,1.12857,1.13009,1.12988
2016-04-26 21:00:00,1.1297,1.12942,1.12996,1.12958
2016-04-26 22:00:00,1.12961,1.12957,1.12996,1.12987
2016-04-26 23:00:00,1.12989,1.12936,1.12989,1.12953
2016-04-27 00:00:00,1.12953,1.12953,1.13054,1.13027
2016-04-27 01:00:00,1.13028,1.12992,1.13089,1.13005
2016-04-27 02:00:00,1.13004,1.13002,1.13112,1.13026
2016-04-27 03:00:00,1.13023,1.13011,1.13057,1.1304
2016-04-27 04:00:00,1.13038,1.12939,1.13045,1.1296
2016-04-27 05:00:00,1.1296,1.12929,1.13024,1.1296
2016-04-27 06:00:00,1.12958,1.12908,1.13243,1.1324
2016-04-27 07:00:00,1.13241,1.1318,1.13328,1.13299
2016-04-27 08:00:00,1.13296,1.13134,1.13318,1.13214
2016-04-27 09:00:00,1.13213,1.13014,1.13213,1.1308
2016-04-27 10:00:00,1.13078,1.13048,1.13166,1.1308
2016-04-27 11:00:00,1.13077,1.13007,1.13143,1.13015
2016-04-27 12:00:00,1.13013,1.12926,1.13215,1.13153
2016-04-27 13:00:00,1.13151,1.13086,1.13283,1.13202
2016-04-27 14:00:00,1.13201,1.13068,1.13277,1.1307
2016-04-27 15:00:00,1.13069,1.13012,1.13242,1.13215
2016-04-27 16:00:00,1.13215,1.13173,1.13254,1.13235
2016-04-27 17:00:00,1.13235,1.13167,1.13434,1.13328
2016-04-27 18:00:00,1.13335,1.12704,1.13596,1.13266
2016-04-27 19:00:00,1.13267,1.13056,1.13267,1.13119
2016-04-27 20:00:00,1.13116,1.13083,1.13231,1.13194
2016-04-27 21:00:00,1.13196,1.13175,1.13258,1.13234
2016-04-27 22:00:00,1.13239,1.13235,1.13281,1.13263
2016-04-27 23:00:00,1.13261,1.13236,1.13273,1.13258
2016-04-28 00:00:00,1.13258,1.13084,1.13267,1.13097
2016-04-28 01:00:00,1.13096,1.13,1.13096,1.13037
2016-04-28 02:00:00,1.1304,1.12955,1.13084,1.13016
2016-04-28 03:00:00,1.13015,1.13013,1.13434,1.13276
2016-04-28 04:00:00,1.13275,1.13266,1.1338,1.13352
2016-04-28 05:00:00,1.13355,1.13271,1.13388,1.13346
2016-04-28 06:00:00,1.13347,1.13347,1.13645,1.13416
2016-04-28 07:00:00,1.13413,1.13348,1.13674,1.13459
2016-04-28 08:00:00,1.13457,1.13358,1.13628,1.13579
2016-04-28 09:00:00,1.13579,1.13491,1.13626,1.13561
2016-04-28 10:00:00,1.1356,1.1343,1.13646,1.13468
2016-04-28 11:00:00,1.13469,1.13383,1.1354,1.13449
2016-04-28 12:00:00,1.13451,1.1336,1.13585,1.1345
2016-04-28 13:00:00,1.13453,1.13244,1.13491,1.1333
2016-04-28 14:00:00,1.13332,1.1311,1.13392,1.1314
2016-04-28 15:00:00,1.13141,1.13096,1.13296,1.13238
2016-04-28 16:00:00,1.13238,1.13226,1.13373,1.13364
2016-04-28 17:00:00,1.13362,1.13355,1.13499,1.13489
2016-04-28 18:00:00,1.13491,1.13405,1.13523,1.1348
2016-04-28 19:00:00,1.13478,1.13475,1.13612,1.13538
2016-04-28 20:00:00,1.13538,1.13479,1.13585,1.13503
2016-04-28 21:00:00,1.13527,1.13441,1.13558,1.13517
2016-04-28 22:00:00,1.13512,1.13472,1.13537,1.13519
2016-04-28 23:00:00,1.13518,1.13506,1.13575,1.13566
2016-04-29 00:00:00,1.13562,1.13557,1.13658,1.13627
2016-04-29 01:00:00,1.13629,1.1362,1.13853,1.13817
2016-04-29 02:00:00,1.13817,1.13791,1.13859,1.13791
2016-04-29 03:00:00,1.13792,1.13781,1.13884,1.13835
2016-04-29 04:00:00,1.13836,1.13836,1.13942,1.13934
2016-04-29 05:00:00,1.13936,1.13868,1.13968,1.13895
2016-04-29 06:00:00,1.1389,1.13805,1.13938,1.13875
2016-04-29 07:00:00,1.13874,1.13777,1.14139,1.13782
2016-04-29 08:00:00,1.13785,1.13693,1.13877,1.13771
2016-04-29 09:00:00,1.13763,1.13755,1.13873,1.13835
2016-04-29 10:00:00,1.13834,1.13814,1.13992,1.1395
2016-04-29 11:00:00,1.13949,1.13816,1.14064,1.1404
2016-04-29 12:00:00,1.14039,1.13959,1.14314,1.14142
2016-04-29 13:00:00,1.14145,1.14116,1.14444,1.14374
2016-04-29 14:00:00,1.14376,1.14319,1.1457,1.1452
2016-04-29 15:00:00,1.14519,1.14384,1.14589,1.14397
2016-04-29 16:00:00,1.14398,1.14354,1.14432,1.14398
2016-04-29 17:00:00,1.14397,1.14328,1.14494,1.14409
2016-04-29 18:00:00,1.14411,1.14387,1.14555,1.14511
2016-04-29 19:00:00,1.14513,1.1442,1.14538,1.14501
2016-04-29 20:00:00,1.14499,1.14397,1.14521,1.14438
2016-05-01 21:00:00,1.14593,1.14538,1.14619,1.14596
2016-05-01 22:00:00,1.14598,1.14523,1.1465,1.14535
2016-05-01 23:00:00,1.14534,1.1453,1.14642,1.14602
2016-05-02 00:00:00,1.14597,1.14555,1.14796,1.14737
2016-05-02 01:00:00,1.14735,1.14655,1.14807,1.1474
2016-05-02 02:00:00,1.14741,1.14665,1.14749,1.1467
2016-05-02 03:00:00,1.1467,1.14629,1.14684,1.14661
2016-05-02 04:00:00,1.14661,1.1464,1.1467,1.14659
2016-05-02 05:00:00,1.14658,1.14636,1.1468,1.1467
2016-05-02 06:00:00,1.14669,1.14553,1.14685,1.14592
2016-05-02 07:00:00,1.14592,1.14475,1.147,1.14672
2016-05-02 08:00:00,1.14671,1.14666,1.14833,1.14783
2016-05-02 09:00:00,1.14784,1.14763,1.14919,1.1485
2016-05-02 10:00:00,1.14852,1.1476,1.14922,1.14779
2016-05-02 11:00:00,1.14781,1.14719,1.14833,1.14775
2016-05-02 12:00:00,1.14776,1.14757,1.15005,1.14832
2016-05-02 13:00:00,1.14833,1.14685,1.15241,1.15199
2016-05-02 14:00:00,1.15203,1.14901,1.15334,1.1511
2016-05-02 15:00:00,1.15112,1.15053,1.15185,1.15148
2016-05-02 16:00:00,1.15147,1.15071,1.1532,1.15233
2016-05-02 17:00:00,1.15237,1.15161,1.1532,1.15168
2016-05-02 18:00:00,1.1517,1.15136,1.15312,1.15226
2016-05-02 19:00:00,1.15225,1.15145,1.15228,1.15174
2016-05-02 20:00:00,1.15177,1.15177,1.1535,1.15329
2016-05-02 21:00:00,1.15277,1.15235,1.1533,1.15257
2016-05-02 22:00:00,1.15257,1.15233,1.15279,1.15261
2016-05-02 23:00:00,1.15259,1.15203,1.1527,1.15229
2016-05-03 00:00:00,1.15225,1.15218,1.15389,1.15333
2016-05-03 01:00:00,1.15334,1.15305,1.1539,1.15353
2016-05-03 02:00:00,1.15354,1.15354,1.15412,1.1536
2016-05-03 03:00:00,1.15357,1.15283,1.15378,1.15312
2016-05-03 04:00:00,1.1531,1.15214,1.15382,1.15319
2016-05-03 05:00:00,1.1532,1.15265,1.15447,1.1544
2016-05-03 06:00:00,1.15442,1.1542,1.15653,1.1564
2016-05-03 07:00:00,1.15643,1.15559,1.15969,1.15924
2016-05-03 08:00:00,1.15923,1.15873,1.16156,1.15914
2016-05-03 09:00:00,1.15914,1.1586,1.16003,1.15904
2016-05-03 10:00:00,1.15903,1.15763,1.15909,1.15803
2016-05-03 11:00:00,1.158,1.15637,1.15834,1.1565
2016-05-03 12:00:00,1.15652,1.15468,1.15704,1.15531
2016-05-03 13:00:00,1.15532,1.15368,1.15634,1.15521
2016-05-03 14:00:00,1.15523,1.15139,1.15623,1.15159
2016-05-03 15:00:00,1.15158,1.15022,1.15201,1.15062
2016-05-03 16:00:00,1.15063,1.15003,1.15271,1.15261
2016-05-03 17:00:00,1.15259,1.15231,1.15379,1.15236
2016-05-03 18:00:00,1.15237,1.15044,1.15263,1.15071
2016-05-03 19:00:00,1.15071,1.15028,1.15116,1.15059
2016-05-03 20:00:00,1.15055,1.14946,1.15088,1.14957
2016-05-03 21:00:00,1.14951,1.14919,1.1499,1.14953
2016-05-03 22:00:00,1.14954,1.14941,1.15016,1.14987
2016-05-03 23:00:00,1.14986,1.14959,1.15033,1.15003
2016-05-04 00:00:00,1.15006,1.14996,1.15052,1.15045
2016-05-04 01:00:00,1.15046,1.14772,1.15079,1.14869
2016-05-04 02:00:00,1.14868,1.1476,1.14872,1.14776
2016-05-04 03:00:00,1.14775,1.14768,1.14858,1.14794
2016-05-04 04:00:00,1.14795,1.14793,1.14878,1.14868
2016-05-04 05:00:00,1.14867,1.14822,1.14926,1.14841
2016-05-04 06:00:00,1.14841,1.14787,1.14966,1.14945
2016-05-04 07:00:00,1.14944,1.14891,1.15107,1.14966
2016-05-04 08:00:00,1.14966,1.14687,1.14976,1.1488
2016-05-04 09:00:00,1.14877,1.14797,1.14996,1.14821
2016-05-04 10:00:00,1.14822,1.14728,1.14845,1.14839
2016-05-04 11:00:00,1.14838,1.14824,1.1507,1.15043
2016-05-04 12:00:00,1.15045,1.14858,1.15288,1.14927
2016-05-04 13:00:00,1.14928,1.1487,1.15178,1.15006
2016-05-04 14:00:00,1.15002,1.14654,1.15055,1.14917
2016-05-04 15:00:00,1.14915,1.14844,1.15064,1.14849
2016-05-04 16:00:00,1.14847,1.14847,1.14986,1.14964
2016-05-04 17:00:00,1.14965,1.14831,1.14973,1.14906
2016-05-04 18:00:00,1.14907,1.14882,1.15023,1.14996
2016-05-04 19:00:00,1.14999,1.14895,1.15003,1.14899
2016-05-04 20:00:00,1.14899,1.14829,1.14935,1.14839
2016-05-04 21:00:00,1.14838,1.14822,1.14908,1.1484
2016-05-04 22:00:00,1.14841,1.14835,1.14896,1.14886
2016-05-04 23:00:00,1.14882,1.14882,1.14925,1.149
2016-05-05 00:00:00,1.14899,1.14825,1.14919,1.14847
2016-05-05 01:00:00,1.14847,1.14838,1.1493,1.14846
2016-05-05 02:00:00,1.14848,1.14826,1.14883,1.14872
2016-05-05 03:00:00,1.14874,1.1484,1.14877,1.14875
2016-05-05 04:00:00,1.14875,1.14814,1.14879,1.14836
2016-05-05 05:00:00,1.14838,1.14837,1.14931,1.14894
2016-05-05 06:00:00,1.14893,1.14821,1.14909,1.14871
2016-05-05 07:00:00,1.14874,1.14501,1.14876,1.14552
2016-05-05 08:00:00,1.14551,1.14323,1.14568,1.14376
2016-05-05 09:00:00,1.14378,1.14346,1.14444,1.14367
2016-05-05 10:00:00,1.14366,1.14195,1.14375,1.14258
2016-05-05 11:00:00,1.14257,1.14173,1.14321,1.14316
2016-05-05 12:00:00,1.14318,1.14216,1.14416,1.14336
2016-05-05 13:00:00,1.14336,1.14034,1.14359,1.14069
2016-05-05 14:00:00,1.14068,1.13853,1.14144,1.13978
2016-05-05 15:00:00,1.1398,1.13912,1.14073,1.1402
2016-05-05 16:00:00,1.14021,1.13944,1.14145,1.14112
2016-05-05 17:00:00,1.14113,1.13983,1.14121,1.13985
2016-05-05 18:00:00,1.13985,1.13929,1.14038,1.13978
2016-05-05 19:00:00,1.13976,1.13962,1.14034,1.14013
2016-05-05 20:00:00,1.14015,1.14005,1.14047,1.14041
2016-05-05 21:00:00,1.1403,1.13992,1.14043,1.14017
2016-05-05 22:00:00,1.14017,1.14007,1.14042,1.14027
2016-05-05 23:00:00,1.14029,1.13994,1.14054,1.13997
2016-05-06 00:00:00,1.13998,1.1392,1.14053,1.13962
2016-05-06 01:00:00,1.13959,1.13952,1.14051,1.14005
2016-05-06 02:00:00,1.14008,1.14004,1.14079,1.14033
2016-05-06 03:00:00,1.14033,1.14013,1.14069,1.14015
2016-05-06 04:00:00,1.14015,1.14015,1.14089,1.14026
2016-05-06 05:00:00,1.14027,1.13973,1.14037,1.1399
2016-05-06 06:00:00,1.13989,1.13959,1.14187,1.14147
2016-05-06 07:00:00,1.14148,1.14079,1.14242,1.14205
2016-05-06 08:00:00,1.14204,1.14131,1.14271,1.14217
2016-05-06 09:00:00,1.14218,1.14149,1.14301,1.1422
2016-05-06 10:00:00,1.14222,1.14148,1.14304,1.14244
2016-05-06 11:00:00,1.14246,1.14196,1.14295,1.1425
2016-05-06 12:00:00,1.14253,1.14012,1.14764,1.14349
2016-05-06 13:00:00,1.14351,1.14026,1.14413,1.14248
2016-05-06 14:00:00,1.14249,1.14004,1.14317,1.14215
2016-05-06 15:00:00,1.14215,1.14126,1.14284,1.14193
2016-05-06 16:00:00,1.14191,1.14186,1.14287,1.1424
2016-05-06 17:00:00,1.14243,1.14077,1.14277,1.14091
2016-05-06 18:00:00,1.14094,1.13861,1.14104,1.13977
2016-05-06 19:00:00,1.13979,1.13968,1.14068,1.14034
2016-05-06 20:00:00,1.14035,1.13988,1.14054,1.14028
2016-05-08 21:00:00,1.13914,1.13893,1.13983,1.13945
2016-05-08 22:00:00,1.13954,1.13935,1.13981,1.13963
2016-05-08 23:00:00,1.13961,1.13832,1.14002,1.13848
2016-05-09 00:00:00,1.13845,1.13796,1.13911,1.1383
2016-05-09 01:00:00,1.13832,1.13828,1.14044,1.1402
2016-05-09 02:00:00,1.14019,1.13936,1.14027,1.13957
2016-05-09 03:00:00,1.1396,1.13922,1.14024,1.14011
2016-05-09 04:00:00,1.14012,1.14001,1.14115,1.14114
2016-05-09 05:00:00,1.14114,1.13956,1.14122,1.13969
2016-05-09 06:00:00,1.13966,1.13919,1.14192,1.14162
2016-05-09 07:00:00,1.14161,1.13838,1.14162,1.13929
2016-05-09 08:00:00,1.13927,1.13839,1.13973,1.13932
2016-05-09 09:00:00,1.13931,1.13884,1.14063,1.1404
2016-05-09 10:00:00,1.14038,1.13811,1.1404,1.13891
2016-05-09 11:00:00,1.13889,1.13744,1.13931,1.13806
2016-05-09 12:00:00,1.13809,1.138,1.14075,1.14016
2016-05-09 13:00:00,1.14018,1.13865,1.14063,1.1387
2016-05-09 14:00:00,1.13872,1.13824,1.14137,1.13947
2016-05-09 15:00:00,1.13945,1.13937,1.1408,1.14011
2016-05-09 16:00:00,1.14012,1.13888,1.1406,1.13905
2016-05-09 17:00:00,1.13907,1.13792,1.13925,1.13827
2016-05-09 18:00:00,1.13825,1.13793,1.13918,1.13875
2016-05-09 19:00:00,1.13877,1.13795,1.13901,1.13807
2016-05-09 20:00:00,1.13807,1.13781,1.13837,1.13807
2016-05-09 21:00:00,1.13805,1.13786,1.13843,1.1381
2016-05-09 22:00:00,1.13807,1.13788,1.1384,1.13823
2016-05-09 23:00:00,1.13826,1.1382,1.13867,1.13827
2016-05-10 00:00:00,1.13825,1.13782,1.13856,1.13841
2016-05-10 01:00:00,1.13843,1.13804,1.13921,1.13804
2016-05-10 02:00:00,1.13802,1.137,1.13828,1.1378
2016-05-10 03:00:00,1.1378,1.13725,1.13846,1.13787
2016-05-10 04:00:00,1.13785,1.13726,1.13824,1.13732
2016-05-10 05:00:00,1.13731,1.13692,1.13846,1.13828
2016-05-10 06:00:00,1.13825,1.13772,1.13935,1.13875
2016-05-10 07:00:00,1.13878,1.13807,1.14013,1.13902
2016-05-10 08:00:00,1.139,1.13819,1.13956,1.13942
2016-05-10 09:00:00,1.1394,1.13814,1.13948,1.13826
2016-05-10 10:00:00,1.13824,1.13615,1.13864,1.1362
2016-05-10 11:00:00,1.1362,1.1358,1.13789,1.13655
2016-05-10 12:00:00,1.13654,1.13646,1.13869,1.13738
2016-05-10 13:00:00,1.1374,1.13714,1.1395,1.13861
2016-05-10 14:00:00,1.1386,1.13775,1.14091,1.13919
2016-05-10 15:00:00,1.1392,1.13804,1.13976,1.13843
2016-05-10 16:00:00,1.13843,1.13747,1.13867,1.13809
2016-05-10 17:00:00,1.1381,1.1372,1.13824,1.13724
2016-05-10 18:00:00,1.13722,1.13651,1.13763,1.13689
2016-05-10 19:00:00,1.1369,1.13655,1.13715,1.137
2016-05-10 20:00:00,1.13699,1.13678,1.13733,1.13713
2016-05-10 21:00:00,1.13696,1.1367,1.13745,1.13691
2016-05-10 22:00:00,1.1369,1.13683,1.13754,1.13709
2016-05-10 23:00:00,1.13712,1.13688,1.13735,1.13727
2016-05-11 00:00:00,1.1373,1.13716,1.13811,1.13722
2016-05-11 01:00:00,1.13723,1.13721,1.13866,1.1385
2016-05-11 02:00:00,1.13847,1.13831,1.1391,1.13871
2016-05-11 03:00:00,1.13873,1.138,1.13886,1.13833
2016-05-11 04:00:00,1.13836,1.13792,1.13846,1.13797
2016-05-11 05:00:00,1.13799,1.13797,1.13877,1.13871
2016-05-11 06:00:00,1.13871,1.13856,1.13938,1.13915
2016-05-11 07:00:00,1.13917,1.13817,1.13972,1.13877
2016-05-11 08:00:00,1.13877,1.1384,1.13943,1.13892
2016-05-11 09:00:00,1.1389,1.13836,1.13993,1.13963
2016-05-11 10:00:00,1.13963,1.13872,1.13973,1.13941
2016-05-11 11:00:00,1.1394,1.1392,1.14046,1.13986
2016-05-11 12:00:00,1.13987,1.13987,1.1419,1.14052
2016-05-11 13:00:00,1.14054,1.14023,1.14279,1.14274
2016-05-11 14:00:00,1.14274,1.14214,1.14433,1.14312
2016-05-11 15:00:00,1.1431,1.14243,1.14453,1.14437
2016-05-11 16:00:00,1.14435,1.14261,1.1446,1.14315
2016-05-11 17:00:00,1.14313,1.14256,1.14385,1.14288
2016-05-11 18:00:00,1.14287,1.14241,1.14337,1.14257
2016-05-11 19:00:00,1.14256,1.14209,1.14272,1.14229
2016-05-11 20:00:00,1.14226,1.14206,1.14258,1.14251
2016-05-11 21:00:00,1.14246,1.14217,1.14274,1.14236
2016-05-11 22:00:00,1.1424,1.14218,1.14254,1.1423
2016-05-11 23:00:00,1.14234,1.14216,1.14263,1.14235
2016-05-12 00:00:00,1.14234,1.14228,1.14283,1.14277
2016-05-12 01:00:00,1.14278,1.14215,1.14287,1.14267
2016-05-12 02:00:00,1.14266,1.14207,1.14269,1.14219
2016-05-12 03:00:00,1.14218,1.14216,1.14274,1.14216
2016-05-12 04:00:00,1.14217,1.14211,1.14267,1.14229
2016-05-12 05:00:00,1.14227,1.14171,1.14242,1.14173
2016-05-12 06:00:00,1.1417,1.14103,1.14241,1.14106
2016-05-12 07:00:00,1.14105,1.14045,1.14138,1.14059
2016-05-12 08:00:00,1.14058,1.14034,1.14136,1.1407
2016-05-12 09:00:00,1.14069,1.14056,1.1414,1.14101
2016-05-12 10:00:00,1.14101,1.13872,1.14115,1.13908
2016-05-12 11:00:00,1.13909,1.13774,1.1401,1.13803
2016-05-12 12:00:00,1.13801,1.13778,1.14044,1.14041
2016-05-12 13:00:00,1.14042,1.13953,1.14141,1.14109
2016-05-12 14:00:00,1.14106,1.13972,1.14134,1.14031
2016-05-12 15:00:00,1.14029,1.1374,1.14033,1.13799
2016-05-12 16:00:00,1.13799,1.13713,1.13876,1.13856
2016-05-12 17:00:00,1.13855,1.13735,1.13894,1.13742
2016-05-12 18:00:00,1.13744,1.13738,1.13803,1.13745
2016-05-12 19:00:00,1.13745,1.13713,1.13779,1.13727
2016-05-12 20:00:00,1.13723,1.13697,1.13793,1.13758
2016-05-12 21:00:00,1.13745,1.13711,1.13765,1.13739
2016-05-12 22:00:00,1.13735,1.13725,1.13786,1.13778
2016-05-12 23:00:00,1.1378,1.13727,1.13793,1.13734
2016-05-13 00:00:00,1.13731,1.13719,1.13778,1.13731
2016-05-13 01:00:00,1.13733,1.13659,1.13762,1.137
2016-05-13 02:00:00,1.137,1.13687,1.13734,1.13696
2016-05-13 03:00:00,1.13696,1.13691,1.13755,1.13737
2016-05-13 04:00:00,1.13738,1.13722,1.13762,1.1373
2016-05-13 05:00:00,1.13731,1.13719,1.13753,1.1373
2016-05-13 06:00:00,1.13731,1.13399,1.13748,1.13411
2016-05-13 07:00:00,1.13413,1.13281,1.13457,1.13436
2016-05-13 08:00:00,1.13434,1.13363,1.13561,1.135
2016-05-13 09:00:00,1.13505,1.13399,1.13538,1.1342
2016-05-13 10:00:00,1.13421,1.13401,1.13527,1.13444
2016-05-13 11:00:00,1.13446,1.13439,1.13535,1.13503
2016-05-13 12:00:00,1.13504,1.13073,1.13559,1.13164
2016-05-13 13:00:00,1.13164,1.13008,1.13311,1.13017
2016-05-13 14:00:00,1.13013,1.12836,1.13049,1.12989
2016-05-13 15:00:00,1.12988,1.12821,1.12991,1.12932
2016-05-13 16:00:00,1.12931,1.12855,1.13,1.12938
2016-05-13 17:00:00,1.12937,1.12861,1.13047,1.12986
2016-05-13 18:00:00,1.12984,1.12973,1.131,1.13053
2016-05-13 19:00:00,1.13052,1.13047,1.1319,1.13108
2016-05-13 20:00:00,1.1311,1.13016,1.13125,1.13031
2016-05-15 21:00:00,1.13071,1.13004,1.13102,1.13005
2016-05-15 22:00:00,1.1301,1.1301,1.13161,1.13147
2016-05-15 23:00:00,1.13149,1.13142,1.13186,1.13168
2016-05-16 00:00:00,1.13168,1.13028,1.13168,1.13028
2016-05-16 01:00:00,1.13026,1.13023,1.13108,1.131
2016-05-16 02:00:00,1.13102,1.13055,1.13148,1.13057
2016-05-16 03:00:00,1.13059,1.13047,1.13081,1.13062
2016-05-16 04:00:00,1.13063,1.13057,1.13102,1.13095
2016-05-16 05:00:00,1.13094,1.13075,1.13124,1.13076
2016-05-16 06:00:00,1.13073,1.13065,1.13176,1.1313
2016-05-16 07:00:00,1.13131,1.1313,1.13254,1.13157
2016-05-16 08:00:00,1.13157,1.13108,1.13302,1.13212
2016-05-16 09:00:00,1.13214,1.13078,1.13232,1.1311
2016-05-16 10:00:00,1.13111,1.13066,1.13236,1.1323
2016-05-16 11:00:00,1.13232,1.1315,1.13263,1.13205
2016-05-16 12:00:00,1.13206,1.1316,1.13418,1.13358
2016-05-16 13:00:00,1.13358,1.13259,1.1338,1.13307
2016-05-16 14:00:00,1.13307,1.13251,1.13402,1.13312
2016-05-16 15:00:00,1.13314,1.13261,1.13344,1.13271
2016-05-16 16:00:00,1.1327,1.13264,1.13343,1.13277
2016-05-16 17:00:00,1.13277,1.13163,1.1329,1.13177
2016-05-16 18:00:00,1.13175,1.13129,1.13204,1.1317
2016-05-16 19:00:00,1.13171,1.13164,1.13229,1.13185
2016-05-16 20:00:00,1.13184,1.13157,1.1321,1.13189
2016-05-16 21:00:00,1.13201,1.13137,1.13203,1.13145
2016-05-16 22:00:00,1.13143,1.13131,1.13194,1.13139
2016-05-16 23:00:00,1.13135,1.13123,1.13199,1.13145
2016-05-17 00:00:00,1.13147,1.13142,1.13212,1.13174
2016-05-17 01:00:00,1.13175,1.13129,1.13226,1.1315
2016-05-17 02:00:00,1.13151,1.13138,1.1325,1.13248
2016-05-17 03:00:00,1.13248,1.13126,1.13248,1.13175
2016-05-17 04:00:00,1.13174,1.13145,1.13179,1.13147
2016-05-17 05:00:00,1.13147,1.13113,1.13184,1.13144
2016-05-17 06:00:00,1.13143,1.13105,1.13325,1.13281
2016-05-17 07:00:00,1.1328,1.13233,1.13396,1.13375
2016-05-17 08:00:00,1.13376,1.13217,1.13383,1.13237
2016-05-17 09:00:00,1.13236,1.13184,1.13297,1.1329
2016-05-17 10:00:00,1.13292,1.13202,1.13299,1.13202
2016-05-17 11:00:00,1.13203,1.13159,1.1322,1.13195
2016-05-17 12:00:00,1.13197,1.12976,1.13221,1.13104
2016-05-17 13:00:00,1.13105,1.13099,1.13478,1.13389
2016-05-17 14:00:00,1.13387,1.13323,1.13454,1.13333
2016-05-17 15:00:00,1.13334,1.13307,1.13418,1.13359
2016-05-17 16:00:00,1.13357,1.13297,1.13402,1.13312
2016-05-17 17:00:00,1.13314,1.13163,1.13316,1.13163
2016-05-17 18:00:00,1.13165,1.13115,1.13176,1.13163
2016-05-17 19:00:00,1.13161,1.1314,1.13216,1.13144
2016-05-17 20:00:00,1.13143,1.13106,1.13172,1.13119
2016-05-17 21:00:00,1.13125,1.13105,1.13151,1.13112
2016-05-17 22:00:00,1.13111,1.13092,1.13131,1.13119
2016-05-17 23:00:00,1.13121,1.13087,1.13139,1.13135
2016-05-18 00:00:00,1.13133,1.1306,1.13156,1.13077
2016-05-18 01:00:00,1.13075,1.12893,1.13134,1.12908
2016-05-18 02:00:00,1.12906,1.12848,1.12957,1.12873
2016-05-18 03:00:00,1.12872,1.12837,1.12919,1.12864
2016-05-18 04:00:00,1.12865,1.12848,1.12896,1.12848
2016-05-18 05:00:00,1.12849,1.12794,1.12877,1.12825
2016-05-18 06:00:00,1.12822,1.12743,1.12856,1.1276
2016-05-18 07:00:00,1.12758,1.12554,1.1276,1.1265
2016-05-18 08:00:00,1.12646,1.12582,1.12714,1.12616
2016-05-18 09:00:00,1.1262,1.12568,1.12759,1.12666
2016-05-18 10:00:00,1.12668,1.12648,1.12747,1.1272
2016-05-18 11:00:00,1.12717,1.12705,1.12883,1.12842
2016-05-18 12:00:00,1.12844,1.12685,1.12857,1.12736
2016-05-18 13:00:00,1.12733,1.12594,1.1285,1.12705
2016-05-18 14:00:00,1.12703,1.12692,1.12894,1.12777
2016-05-18 15:00:00,1.12775,1.12689,1.1282,1.12752
2016-05-18 16:00:00,1.12754,1.12716,1.12805,1.12798
2016-05-18 17:00:00,1.12796,1.12743,1.12921,1.12866
2016-05-18 18:00:00,1.12865,1.12219,1.1287,1.12276
2016-05-18 19:00:00,1.12275,1.12167,1.12301,1.12176
2016-05-18 20:00:00,1.12179,1.12136,1.12218,1.12151
2016-05-18 21:00:00,1.12151,1.12138,1.12181,1.12161
2016-05-18 22:00:00,1.12164,1.12162,1.1225,1.12227
2016-05-18 23:00:00,1.12229,1.12176,1.12258,1.12193
2016-05-19 00:00:00,1.12196,1.12191,1.12258,1.12251
2016-05-19 01:00:00,1.12253,1.12204,1.12286,1.12256
2016-05-19 02:00:00,1.12255,1.12208,1.12282,1.12238
2016-05-19 03:00:00,1.12235,1.12206,1.12257,1.12213
2016-05-19 04:00:00,1.12216,1.12104,1.12221,1.12179
2016-05-19 05:00:00,1.12176,1.12055,1.12184,1.12073
2016-05-19 06:00:00,1.12075,1.12061,1.12277,1.12216
2016-05-19 07:00:00,1.12214,1.12048,1.12295,1.12178
2016-05-19 08:00:00,1.12177,1.12127,1.12254,1.12247
2016-05-19 09:00:00,1.12249,1.12125,1.1225,1.12187
2016-05-19 10:00:00,1.12187,1.12013,1.12187,1.12026
2016-05-19 11:00:00,1.12025,1.11904,1.12067,1.11918
2016-05-19 12:00:00,1.11921,1.11793,1.12006,1.11807
2016-05-19 13:00:00,1.1181,1.11799,1.12058,1.11977
2016-05-19 14:00:00,1.11978,1.11902,1.12268,1.12044
2016-05-19 15:00:00,1.12041,1.11979,1.12158,1.12129
2016-05-19 16:00:00,1.12131,1.12011,1.12131,1.12074
2016-05-19 17:00:00,1.12071,1.1198,1.12078,1.12006
2016-05-19 18:00:00,1.12008,1.11969,1.12059,1.11996
2016-05-19 19:00:00,1.11995,1.11947,1.1205,1.11949
2016-05-19 20:00:00,1.11948,1.11948,1.12026,1.12017
2016-05-19 21:00:00,1.12021,1.11961,1.12022,1.11965
2016-05-19 22:00:00,1.11965,1.11963,1.1203,1.12017
2016-05-19 23:00:00,1.12017,1.11997,1.12046,1.12015
2016-05-20 00:00:00,1.12015,1.11975,1.12059,1.1198
2016-05-20 01:00:00,1.11978,1.11957,1.12058,1.12056
2016-05-20 02:00:00,1.12055,1.12022,1.12096,1.12027
2016-05-20 03:00:00,1.12029,1.12021,1.12071,1.12054
2016-05-20 04:00:00,1.12056,1.12002,1.12065,1.12002
2016-05-20 05:00:00,1.12004,1.11997,1.12113,1.12101
2016-05-20 06:00:00,1.12098,1.12062,1.12255,1.12217
2016-05-20 07:00:00,1.12214,1.12111,1.12271,1.12116
2016-05-20 08:00:00,1.12117,1.12079,1.12276,1.12207
2016-05-20 09:00:00,1.12205,1.12132,1.12241,1.12231
2016-05-20 10:00:00,1.12232,1.12105,1.12236,1.12135
2016-05-20 11:00:00,1.12134,1.12105,1.1221,1.12202
2016-05-20 12:00:00,1.12201,1.1216,1.12245,1.12218
2016-05-20 13:00:00,1.12218,1.12202,1.12366,1.12208
2016-05-20 14:00:00,1.1221,1.12036,1.12239,1.12116
2016-05-20 15:00:00,1.12116,1.1204,1.12146,1.12059
2016-05-20 16:00:00,1.1206,1.12055,1.12141,1.1212
2016-05-20 17:00:00,1.12121,1.12104,1.12252,1.12208
2016-05-20 18:00:00,1.12208,1.12173,1.12274,1.12187
2016-05-20 19:00:00,1.12189,1.12126,1.12211,1.1216
2016-05-20 20:00:00,1.12159,1.12155,1.12229,1.12201
2016-05-22 21:00:00,1.12034,1.12029,1.12224,1.12165
2016-05-22 22:00:00,1.12161,1.12136,1.12194,1.12156
2016-05-22 23:00:00,1.12161,1.12158,1.12222,1.12198
2016-05-23 00:00:00,1.12197,1.1219,1.12312,1.12238
2016-05-23 01:00:00,1.1224,1.1224,1.12328,1.12298
2016-05-23 02:00:00,1.12295,1.12268,1.12343,1.1229
2016-05-23 03:00:00,1.12291,1.12287,1.12422,1.12357
2016-05-23 04:00:00,1.12357,1.12278,1.12376,1.12307
2016-05-23 05:00:00,1.12305,1.12236,1.12305,1.12253
2016-05-23 06:00:00,1.12252,1.12229,1.12359,1.12321
2016-05-23 07:00:00,1.12316,1.12197,1.12389,1.12206
2016-05-23 08:00:00,1.12204,1.11998,1.12215,1.12096
2016-05-23 09:00:00,1.12094,1.12049,1.12136,1.12118
2016-05-23 10:00:00,1.12119,1.12018,1.12123,1.12058
2016-05-23 11:00:00,1.12059,1.12041,1.1213,1.12108
2016-05-23 12:00:00,1.12111,1.11988,1.12169,1.11997
2016-05-23 13:00:00,1.11996,1.11868,1.12,1.11919
2016-05-23 14:00:00,1.11917,1.11869,1.12065,1.11959
2016-05-23 15:00:00,1.11962,1.11908,1.12086,1.1191
2016-05-23 16:00:00,1.11911,1.11911,1.12091,1.12091
2016-05-23 17:00:00,1.12094,1.12059,1.12287,1.12236
2016-05-23 18:00:00,1.12236,1.12185,1.12303,1.12185
2016-05-23 19:00:00,1.12181,1.12147,1.12202,1.12154
2016-05-23 20:00:00,1.12157,1.12145,1.12205,1.12192
2016-05-23 21:00:00,1.12175,1.12164,1.1221,1.12187
2016-05-23 22:00:00,1.12186,1.1215,1.12206,1.12157
2016-05-23 23:00:00,1.1216,1.12113,1.12164,1.12125
2016-05-24 00:00:00,1.12121,1.12084,1.12189,1.12119
2016-05-24 01:00:00,1.12117,1.12034,1.12129,1.12075
2016-05-24 02:00:00,1.12072,1.12021,1.12118,1.12111
2016-05-24 03:00:00,1.1211,1.12037,1.12111,1.12063
2016-05-24 04:00:00,1.12062,1.12062,1.12149,1.12129
2016-05-24 05:00:00,1.12127,1.12067,1.12138,1.12135
2016-05-24 06:00:00,1.12134,1.1199,1.12264,1.12003
2016-05-24 07:00:00,1.12005,1.11748,1.12105,1.11819
2016-05-24 08:00:00,1.11818,1.11679,1.11826,1.11779
2016-05-24 09:00:00,1.11778,1.11748,1.11884,1.11828
2016-05-24 10:00:00,1.11827,1.11712,1.11873,1.11809
2016-05-24 11:00:00,1.1181,1.11693,1.11853,1.11699
2016-05-24 12:00:00,1.11696,1.11563,1.11753,1.116
2016-05-24 13:00:00,1.11602,1.11527,1.1163,1.11577
2016-05-24 14:00:00,1.11569,1.11447,1.11614,1.11591
2016-05-24 15:00:00,1.1159,1.11433,1.11607,1.11436
2016-05-24 16:00:00,1.11434,1.11388,1.11504,1.11488
2016-05-24 17:00:00,1.11485,1.11397,1.11498,1.11428
2016-05-24 18:00:00,1.11428,1.11415,1.11497,1.11447
2016-05-24 19:00:00,1.1145,1.11318,1.1145,1.11407
2016-05-24 20:00:00,1.11407,1.11381,1.11437,1.11395
2016-05-24 21:00:00,1.11397,1.11377,1.1142,1.11399
2016-05-24 22:00:00,1.114,1.11384,1.11418,1.11396
2016-05-24 23:00:00,1.11395,1.1134,1.11412,1.11348
2016-05-25 00:00:00,1.11344,1.11338,1.11423,1.1138
2016-05-25 01:00:00,1.11382,1.11363,1.11452,1.11445
2016-05-25 02:00:00,1.11445,1.11415,1.11466,1.11463
2016-05-25 03:00:00,1.11464,1.11453,1.11573,1.11553
2016-05-25 04:00:00,1.11554,1.11487,1.11557,1.11495
2016-05-25 05:00:00,1.11495,1.1148,1.11542,1.11535
2016-05-25 06:00:00,1.11534,1.11437,1.11541,1.11515
2016-05-25 07:00:00,1.11517,1.11397,1.11559,1.11446
2016-05-25 08:00:00,1.11448,1.11372,1.11524,1.11459
2016-05-25 09:00:00,1.11457,1.11406,1.11524,1.11458
2016-05-25 10:00:00,1.11457,1.11355,1.11457,1.1143
2016-05-25 11:00:00,1.11429,1.114,1.11493,1.11488
2016-05-25 12:00:00,1.11487,1.11408,1.11528,1.11461
2016-05-25 13:00:00,1.11463,1.11411,1.11528,1.11502
2016-05-25 14:00:00,1.115,1.11282,1.11513,1.11439
2016-05-25 15:00:00,1.11438,1.11394,1.11647,1.11519
2016-05-25 16:00:00,1.1152,1.11508,1.11586,1.11585
2016-05-25 17:00:00,1.11586,1.11564,1.11665,1.11605
2016-05-25 18:00:00,1.11607,1.11571,1.1164,1.11613
2016-05-25 19:00:00,1.1161,1.11521,1.11625,1.1153
2016-05-25 20:00:00,1.11531,1.1149,1.11542,1.11539
2016-05-25 21:00:00,1.1148,1.1148,1.11579,1.11543
2016-05-25 22:00:00,1.11543,1.11518,1.11574,1.11557
2016-05-25 23:00:00,1.11557,1.11489,1.1157,1.11544
2016-05-26 00:00:00,1.11546,1.11535,1.11776,1.117
2016-05-26 01:00:00,1.117,1.11657,1.11742,1.11688
2016-05-26 02:00:00,1.1169,1.11689,1.11796,1.11752
2016-05-26 03:00:00,1.1175,1.11738,1.1186,1.11807
2016-05-26 04:00:00,1.11808,1.11788,1.11859,1.11794
2016-05-26 05:00:00,1.11792,1.11792,1.11893,1.11833
2016-05-26 06:00:00,1.11832,1.11685,1.11832,1.11703
2016-05-26 07:00:00,1.11706,1.11649,1.11749,1.11693
2016-05-26 08:00:00,1.11694,1.11686,1.11811,1.11776
2016-05-26 09:00:00,1.11775,1.11754,1.1184,1.11829
2016-05-26 10:00:00,1.11828,1.1178,1.11917,1.11793
2016-05-26 11:00:00,1.11792,1.1166,1.11836,1.11698
2016-05-26 12:00:00,1.117,1.11573,1.12016,1.11998
2016-05-26 13:00:00,1.12,1.11948,1.12162,1.11967
2016-05-26 14:00:00,1.11966,1.11835,1.12027,1.11838
2016-05-26 15:00:00,1.11836,1.11734,1.11859,1.11828
2016-05-26 16:00:00,1.11827,1.11685,1.1183,1.11752
2016-05-26 17:00:00,1.11751,1.11744,1.11869,1.11821
2016-05-26 18:00:00,1.11821,1.11791,1.11912,1.11905
2016-05-26 19:00:00,1.11904,1.11875,1.11929,1.11877
2016-05-26 20:00:00,1.11878,1.11878,1.11942,1.11925
2016-05-26 21:00:00,1.11927,1.11881,1.11939,1.11912
2016-05-26 22:00:00,1.11911,1.11894,1.11937,1.11921
2016-05-26 23:00:00,1.11922,1.1189,1.11941,1.11906
2016-05-27 00:00:00,1.11907,1.11878,1.11989,1.11913
2016-05-27 01:00:00,1.11914,1.11865,1.1194,1.11904
2016-05-27 02:00:00,1.11905,1.1183,1.11906,1.11851
2016-05-27 03:00:00,1.11852,1.11844,1.1189,1.11874
2016-05-27 04:00:00,1.11873,1.11855,1.11901,1.11881
2016-05-27 05:00:00,1.11883,1.11856,1.11956,1.11887
2016-05-27 06:00:00,1.11886,1.11884,1.12,1.11898
2016-05-27 07:00:00,1.11897,1.11744,1.11897,1.11755
2016-05-27 08:00:00,1.11754,1.11737,1.11857,1.11807
2016-05-27 09:00:00,1.11805,1.11719,1.11839,1.11771
2016-05-27 10:00:00,1.11769,1.1172,1.11793,1.11762
2016-05-27 11:00:00,1.11764,1.11625,1.11827,1.11647
2016-05-27 12:00:00,1.11648,1.11523,1.1176,1.11558
2016-05-27 13:00:00,1.11557,1.11445,1.11614,1.11511
2016-05-27 14:00:00,1.1151,1.11244,1.11544,1.11332
2016-05-27 15:00:00,1.11334,1.11253,1.11409,1.11388
2016-05-27 16:00:00,1.11389,1.11303,1.11402,1.11362
2016-05-27 17:00:00,1.11365,1.11204,1.11476,1.11234
2016-05-27 18:00:00,1.11234,1.11111,1.1124,1.11146
2016-05-27 19:00:00,1.11145,1.11104,1.11176,1.11122
2016-05-27 20:00:00,1.11121,1.11097,1.11138,1.11107
2016-05-29 21:00:00,1.111,1.111,1.1114,1.11135
2016-05-29 22:00:00,1.11131,1.11082,1.11146,1.11101
2016-05-29 23:00:00,1.111,1.11062,1.11105,1.11077
2016-05-30 00:00:00,1.11073,1.10972,1.11078,1.11025
2016-05-30 01:00:00,1.11024,1.10971,1.11066,1.1104
2016-05-30 02:00:00,1.11041,1.10985,1.11056,1.11049
2016-05-30 03:00:00,1.11047,1.11006,1.11057,1.11031
2016-05-30 04:00:00,1.11031,1.11013,1.11075,1.11044
2016-05-30 05:00:00,1.11046,1.11002,1.11051,1.11045
2016-05-30 06:00:00,1.11043,1.11022,1.11196,1.11184
2016-05-30 07:00:00,1.11184,1.11136,1.1127,1.11215
2016-05-30 08:00:00,1.11218,1.11217,1.11371,1.11332
2016-05-30 09:00:00,1.11335,1.11285,1.11367,1.11322
2016-05-30 10:00:00,1.11322,1.11321,1.11425,1.1139
2016-05-30 11:00:00,1.11392,1.11364,1.11429,1.11383
2016-05-30 12:00:00,1.11384,1.11335,1.11402,1.11389
2016-05-30 13:00:00,1.11391,1.11354,1.1144,1.11404
2016-05-30 14:00:00,1.11406,1.11366,1.11427,1.11366
2016-05-30 15:00:00,1.11364,1.11317,1.11385,1.11364
2016-05-30 16:00:00,1.11365,1.11275,1.11365,1.11331
2016-05-30 17:00:00,1.11331,1.11331,1.11381,1.11348
2016-05-30 18:00:00,1.11348,1.1134,1.11389,1.11364
2016-05-30 19:00:00,1.11366,1.11353,1.1141,1.11402
2016-05-30 20:00:00,1.11404,1.11352,1.11413,1.11358
2016-05-30 21:00:00,1.11362,1.1133,1.11377,1.11337
2016-05-30 22:00:00,1.11339,1.11334,1.11411,1.11407
2016-05-30 23:00:00,1.11408,1.11407,1.11488,1.1147
2016-05-31 00:00:00,1.11472,1.11419,1.11512,1.11469
2016-05-31 01:00:00,1.1147,1.11415,1.11542,1.1145
2016-05-31 02:00:00,1.11448,1.11437,1.11516,1.11466
2016-05-31 03:00:00,1.11465,1.11452,1.11523,1.11498
2016-05-31 04:00:00,1.11498,1.11307,1.11507,1.11327
2016-05-31 05:00:00,1.11329,1.11294,1.11357,1.11305
2016-05-31 06:00:00,1.11305,1.1124,1.1136,1.11312
2016-05-31 07:00:00,1.11309,1.11216,1.11351,1.11252
2016-05-31 08:00:00,1.11255,1.11223,1.11336,1.11329
2016-05-31 09:00:00,1.11328,1.11266,1.11505,1.11453
2016-05-31 10:00:00,1.11456,1.11438,1.11583,1.11515
2016-05-31 11:00:00,1.11514,1.11496,1.11645,1.11614
2016-05-31 12:00:00,1.11616,1.11452,1.11616,1.11531
2016-05-31 13:00:00,1.11535,1.11526,1.11698,1.11691
2016-05-31 14:00:00,1.11689,1.11319,1.1173,1.11319
2016-05-31 15:00:00,1.11319,1.11244,1.11385,1.11334
2016-05-31 16:00:00,1.11333,1.11293,1.11449,1.1138
2016-05-31 17:00:00,1.11381,1.11309,1.11396,1.11351
2016-05-31 18:00:00,1.11349,1.11246,1.1143,1.11258
2016-05-31 19:00:00,1.11257,1.11245,1.11346,1.11261
2016-05-31 20:00:00,1.11261,1.11248,1.11338,1.11307
2016-05-31 21:00:00,1.11303,1.11254,1.11305,1.11285
2016-05-31 22:00:00,1.11286,1.11277,1.1133,1.11308
2016-05-31 23:00:00,1.11307,1.11296,1.11342,1.11336
2016-06-01 00:00:00,1.11335,1.11172,1.11363,1.11248
2016-06-01 01:00:00,1.11249,1.11164,1.11279,1.11169
2016-06-01 02:00:00,1.11166,1.11166,1.1124,1.11229
2016-06-01 03:00:00,1.11228,1.11136,1.11239,1.11231
2016-06-01 04:00:00,1.1123,1.11184,1.11241,1.11232
2016-06-01 05:00:00,1.11232,1.11155,1.11302,1.11233
2016-06-01 06:00:00,1.1123,1.11189,1.11346,1.11246
2016-06-01 07:00:00,1.11246,1.11217,1.11552,1.11517
2016-06-01 08:00:00,1.11517,1.11451,1.11616,1.11546
2016-06-01 09:00:00,1.11545,1.11512,1.11628,1.1162
2016-06-01 10:00:00,1.11622,1.11558,1.11669,1.11571
2016-06-01 11:00:00,1.11572,1.11539,1.1179,1.11736
2016-06-01 12:00:00,1.11737,1.11715,1.11853,1.11772
2016-06-01 13:00:00,1.11772,1.11637,1.11805,1.11766
2016-06-01 14:00:00,1.1176,1.11473,1.11778,1.11747
2016-06-01 15:00:00,1.11745,1.11606,1.11799,1.1163
2016-06-01 16:00:00,1.11633,1.11496,1.11734,1.11731
2016-06-01 17:00:00,1.1173,1.11719,1.11878,1.1181
2016-06-01 18:00:00,1.11809,1.11765,1.11853,1.11827
2016-06-01 19:00:00,1.11828,1.11822,1.11932,1.1192
2016-06-01 20:00:00,1.11919,1.11845,1.11928,1.11866
2016-06-01 21:00:00,1.11868,1.11821,1.11904,1.11855
2016-06-01 22:00:00,1.11851,1.11829,1.11871,1.11843
2016-06-01 23:00:00,1.1184,1.11834,1.11876,1.1187
2016-06-02 00:00:00,1.11872,1.11872,1.11971,1.11932
2016-06-02 01:00:00,1.11935,1.11855,1.1198,1.11914
2016-06-02 02:00:00,1.11916,1.11915,1.12129,1.12098
2016-06-02 03:00:00,1.12099,1.12042,1.12131,1.12081
2016-06-02 04:00:00,1.12082,1.12001,1.12109,1.12047
2016-06-02 05:00:00,1.12049,1.11961,1.12066,1.11984
2016-06-02 06:00:00,1.11986,1.11911,1.12041,1.11935
2016-06-02 07:00:00,1.11934,1.11904,1.12194,1.12125
2016-06-02 08:00:00,1.12124,1.12059,1.12157,1.12101
2016-06-02 09:00:00,1.12104,1.11967,1.12122,1.12036
2016-06-02 10:00:00,1.12039,1.11973,1.12088,1.1198
2016-06-02 11:00:00,1.11981,1.1183,1.11986,1.11857
2016-06-02 12:00:00,1.11856,1.11649,1.12152,1.11881
2016-06-02 13:00:00,1.11883,1.11516,1.11918,1.11613
2016-06-02 14:00:00,1.11614,1.11559,1.1178,1.11583
2016-06-02 15:00:00,1.1158,1.11449,1.1161,1.11555
2016-06-02 16:00:00,1.11556,1.11502,1.11569,1.11556
2016-06-02 17:00:00,1.11553,1.11545,1.11605,1.11574
2016-06-02 18:00:00,1.11572,1.11477,1.11585,1.11488
2016-06-02 19:00:00,1.11487,1.1147,1.11541,1.11526
2016-06-02 20:00:00,1.11525,1.11468,1.11548,1.11497
2016-06-02 21:00:00,1.11482,1.11474,1.11545,1.11516
2016-06-02 22:00:00,1.11514,1.11493,1.1152,1.11516
2016-06-02 23:00:00,1.11515,1.11485,1.11545,1.11509
2016-06-03 00:00:00,1.11507,1.11408,1.11566,1.11431
2016-06-03 01:00:00,1.11433,1.11433,1.11504,1.11486
2016-06-03 02:00:00,1.11485,1.11469,1.11534,1.11506
2016-06-03 03:00:00,1.11504,1.11487,1.11563,1.11556
2016-06-03 04:00:00,1.11557,1.11519,1.11582,1.11568
2016-06-03 05:00:00,1.11569,1.11493,1.11571,1.11516
2016-06-03 06:00:00,1.11517,1.11468,1.11576,1.11507
2016-06-03 07:00:00,1.11509,1.11458,1.11562,1.11491
2016-06-03 08:00:00,1.11493,1.11472,1.11583,1.1148
2016-06-03 09:00:00,1.11478,1.11372,1.11491,1.11412
2016-06-03 10:00:00,1.1141,1.11362,1.11447,1.11391
2016-06-03 11:00:00,1.11393,1.11382,1.11478,1.11437
2016-06-03 12:00:00,1.11436,1.11436,1.12972,1.12867
2016-06-03 13:00:00,1.12866,1.12859,1.13327,1.13247
2016-06-03 14:00:00,1.13249,1.1321,1.13494,1.13267
2016-06-03 15:00:00,1.1327,1.1325,1.13433,1.13272
2016-06-03 16:00:00,1.13275,1.13228,1.13438,1.13259
2016-06-03 17:00:00,1.1326,1.13259,1.13476,1.1344
2016-06-03 18:00:00,1.13442,1.13356,1.13457,1.13448
2016-06-03 19:00:00,1.13447,1.13409,1.13564,1.13549
2016-06-03 20:00:00,1.1355,1.13541,1.13727,1.13651
2016-06-05 21:00:00,1.1353,1.13498,1.13705,1.13642
2016-06-05 22:00:00,1.13649,1.1352,1.13679,1.13561
2016-06-05 23:00:00,1.13558,1.13441,1.13558,1.13503
2016-06-06 00:00:00,1.13501,1.13426,1.13536,1.13452
2016-06-06 01:00:00,1.13453,1.13449,1.13499,1.13473
2016-06-06 02:00:00,1.13474,1.13406,1.13479,1.13422
2016-06-06 03:00:00,1.13424,1.13363,1.13447,1.13392
2016-06-06 04:00:00,1.13394,1.13356,1.13419,1.13414
2016-06-06 05:00:00,1.13413,1.13369,1.13455,1.13407
2016-06-06 06:00:00,1.1341,1.1336,1.13456,1.1341
2016-06-06 07:00:00,1.13409,1.13359,1.13628,1.13502
2016-06-06 08:00:00,1.135,1.13499,1.13622,1.13572
2016-06-06 09:00:00,1.1357,1.13421,1.13572,1.13451
2016-06-06 10:00:00,1.13452,1.13302,1.1346,1.13342
2016-06-06 11:00:00,1.1334,1.1332,1.13487,1.13421
2016-06-06 12:00:00,1.13421,1.1342,1.1363,1.13484
2016-06-06 13:00:00,1.13483,1.13427,1.13586,1.13507
2016-06-06 14:00:00,1.13506,1.13486,1.13677,1.13655
2016-06-06 15:00:00,1.13655,1.13516,1.13708,1.13519
2016-06-06 16:00:00,1.1352,1.13244,1.13832,1.13773
2016-06-06 17:00:00,1.13776,1.13612,1.13921,1.1368
2016-06-06 18:00:00,1.13679,1.1361,1.1374,1.13725
2016-06-06 19:00:00,1.13724,1.13596,1.13727,1.13613
2016-06-06 20:00:00,1.13615,1.13532,1.1364,1.13532
2016-06-06 21:00:00,1.13533,1.13526,1.13577,1.13561
2016-06-06 22:00:00,1.13562,1.13534,1.13589,1.13544
2016-06-06 23:00:00,1.13545,1.13537,1.13627,1.13622
2016-06-07 00:00:00,1.13623,1.13549,1.13657,1.13564
2016-06-07 01:00:00,1.13564,1.13499,1.13589,1.13515
2016-06-07 02:00:00,1.13515,1.13496,1.13552,1.13541
2016-06-07 03:00:00,1.13541,1.13522,1.13556,1.1355
2016-06-07 04:00:00,1.13551,1.13513,1.13663,1.13564
2016-06-07 05:00:00,1.13562,1.13502,1.13586,1.13509
2016-06-07 06:00:00,1.13511,1.1351,1.13639,1.13548
2016-06-07 07:00:00,1.13547,1.1354,1.13718,1.13651
2016-06-07 08:00:00,1.13647,1.13608,1.13693,1.13635
2016-06-07 09:00:00,1.13634,1.1363,1.13798,1.13694
2016-06-07 10:00:00,1.13697,1.13577,1.13711,1.13591
2016-06-07 11:00:00,1.13592,1.1338,1.13605,1.13458
2016-06-07 12:00:00,1.13459,1.13403,1.13659,1.13645
2016-06-07 13:00:00,1.13646,1.13526,1.13664,1.13579
2016-06-07 14:00:00,1.13579,1.13404,1.13636,1.13547
2016-06-07 15:00:00,1.13547,1.13448,1.13583,1.13486
2016-06-07 16:00:00,1.13487,1.13426,1.13547,1.13482
2016-06-07 17:00:00,1.13483,1.13447,1.13616,1.13609
2016-06-07 18:00:00,1.13609,1.13584,1.13652,1.13619
2016-06-07 19:00:00,1.13618,1.13551,1.13635,1.13568
2016-06-07 20:00:00,1.1357,1.13532,1.13594,1.13563
2016-06-07 21:00:00,1.13563,1.13537,1.13602,1.13559
2016-06-07 22:00:00,1.13566,1.13539,1.13586,1.13543
2016-06-07 23:00:00,1.13541,1.13541,1.13583,1.13551
2016-06-08 00:00:00,1.13551,1.13538,1.13623,1.1361
2016-06-08 01:00:00,1.13608,1.13604,1.13694,1.1368
2016-06-08 02:00:00,1.1368,1.13664,1.13702,1.13672
2016-06-08 03:00:00,1.13673,1.13602,1.13683,1.13642
2016-06-08 04:00:00,1.13643,1.13627,1.13741,1.13737
2016-06-08 05:00:00,1.13735,1.13638,1.13762,1.13643
2016-06-08 06:00:00,1.13645,1.13606,1.13727,1.13691
2016-06-08 07:00:00,1.1369,1.13668,1.13767,1.13672
2016-06-08 08:00:00,1.1367,1.13644,1.13735,1.13696
2016-06-08 09:00:00,1.13697,1.13659,1.13731,1.13718
2016-06-08 10:00:00,1.13716,1.13639,1.13739,1.13722
2016-06-08 11:00:00,1.13719,1.13716,1.13846,1.13813
2016-06-08 12:00:00,1.13815,1.13733,1.13944,1.13919
2016-06-08 13:00:00,1.13919,1.13874,1.14075,1.14031
2016-06-08 14:00:00,1.1403,1.13914,1.14101,1.13922
2016-06-08 15:00:00,1.13925,1.13868,1.14047,1.14004
2016-06-08 16:00:00,1.14003,1.1394,1.14082,1.13987
2016-06-08 17:00:00,1.13987,1.13976,1.14065,1.14029
2016-06-08 18:00:00,1.14029,1.1393,1.14036,1.13964
2016-06-08 19:00:00,1.13965,1.13909,1.1399,1.13942
2016-06-08 20:00:00,1.13942,1.13915,1.13958,1.13929
2016-06-08 21:00:00,1.13908,1.13885,1.14021,1.1396
2016-06-08 22:00:00,1.13962,1.13962,1.14037,1.13996
2016-06-08 23:00:00,1.13995,1.13947,1.14055,1.14017
2016-06-09 00:00:00,1.1402,1.13984,1.1407,1.13986
2016-06-09 01:00:00,1.13985,1.13951,1.14132,1.14114
2016-06-09 02:00:00,1.14111,1.14082,1.1415,1.14126
2016-06-09 03:00:00,1.14125,1.14024,1.14135,1.14027
2016-06-09 04:00:00,1.14025,1.14017,1.14063,1.14041
2016-06-09 05:00:00,1.14038,1.13962,1.14046,1.13972
2016-06-09 06:00:00,1.13971,1.13916,1.14054,1.13974
2016-06-09 07:00:00,1.13976,1.13754,1.14026,1.13799
2016-06-09 08:00:00,1.13797,1.13506,1.13831,1.13644
2016-06-09 09:00:00,1.13642,1.13548,1.1365,1.13604
2016-06-09 10:00:00,1.13601,1.13407,1.13601,1.1342
2016-06-09 11:00:00,1.13419,1.13289,1.13457,1.13409
2016-06-09 12:00:00,1.13408,1.13251,1.1352,1.13251
2016-06-09 13:00:00,1.13249,1.1311,1.13309,1.13233
2016-06-09 14:00:00,1.13237,1.1305,1.13254,1.13251
2016-06-09 15:00:00,1.1325,1.13232,1.13362,1.13279
2016-06-09 16:00:00,1.13276,1.13121,1.13281,1.13186
2016-06-09 17:00:00,1.13186,1.13141,1.13259,1.13259
2016-06-09 18:00:00,1.13258,1.13241,1.1332,1.13309
2016-06-09 19:00:00,1.1331,1.13201,1.13326,1.13201
2016-06-09 20:00:00,1.13202,1.13122,1.13213,1.13142
2016-06-09 21:00:00,1.13144,1.13118,1.13179,1.1316
2016-06-09 22:00:00,1.13162,1.13127,1.13192,1.13129
2016-06-09 23:00:00,1.1313,1.13088,1.1315,1.13093
2016-06-10 00:00:00,1.13094,1.12915,1.13111,1.12972
2016-06-10 01:00:00,1.12974,1.12963,1.13022,1.12998
2016-06-10 02:00:00,1.12998,1.12944,1.12999,1.12948
2016-06-10 03:00:00,1.12947,1.12944,1.12993,1.12982
2016-06-10 04:00:00,1.12979,1.12892,1.1298,1.12937
2016-06-10 05:00:00,1.12935,1.12928,1.13018,1.12995
2016-06-10 06:00:00,1.12994,1.1294,1.13067,1.12985
2016-06-10 07:00:00,1.12986,1.12971,1.13209,1.13153
2016-06-10 08:00:00,1.13151,1.12978,1.13206,1.13007
2016-06-10 09:00:00,1.13008,1.12814,1.13033,1.12865
2016-06-10 10:00:00,1.12861,1.12822,1.13011,1.12969
2016-06-10 11:00:00,1.12967,1.1296,1.13084,1.13001
2016-06-10 12:00:00,1.13001,1.12983,1.13118,1.13038
2016-06-10 13:00:00,1.13036,1.12802,1.13038,1.1288
2016-06-10 14:00:00,1.12873,1.12823,1.13025,1.12972
2016-06-10 15:00:00,1.12973,1.12717,1.13041,1.12796
2016-06-10 16:00:00,1.12795,1.12747,1.12841,1.12778
2016-06-10 17:00:00,1.12777,1.12448,1.12783,1.12582
2016-06-10 18:00:00,1.12583,1.12492,1.12647,1.12587
2016-06-10 19:00:00,1.12586,1.12524,1.12651,1.12525
2016-06-10 20:00:00,1.12521,1.1248,1.12581,1.12493
2016-06-12 21:00:00,1.12471,1.12454,1.12513,1.12467
2016-06-12 22:00:00,1.12467,1.12435,1.12519,1.12485
2016-06-12 23:00:00,1.12481,1.1233,1.1249,1.12375
2016-06-13 00:00:00,1.12373,1.12373,1.1251,1.1246
2016-06-13 01:00:00,1.12459,1.12313,1.12475,1.1241
2016-06-13 02:00:00,1.12406,1.1238,1.12477,1.12444
2016-06-13 03:00:00,1.12441,1.12419,1.12545,1.12518
2016-06-13 04:00:00,1.12517,1.12464,1.12532,1.12501
2016-06-13 05:00:00,1.12498,1.12464,1.12549,1.12502
2016-06-13 06:00:00,1.12502,1.12496,1.12657,1.1261
2016-06-13 07:00:00,1.12611,1.12524,1.12705,1.1269
2016-06-13 08:00:00,1.12691,1.12613,1.1274,1.12707
2016-06-13 09:00:00,1.12709,1.12562,1.12736,1.12589
2016-06-13 10:00:00,1.12588,1.12573,1.12732,1.12687
2016-06-13 11:00:00,1.12688,1.12659,1.12775,1.12689
2016-06-13 12:00:00,1.12686,1.12498,1.12721,1.12504
2016-06-13 13:00:00,1.12502,1.12371,1.12687,1.12687
2016-06-13 14:00:00,1.1269,1.12668,1.13026,1.12998
2016-06-13 15:00:00,1.12997,1.12795,1.13023,1.128
2016-06-13 16:00:00,1.12802,1.12762,1.12891,1.12834
2016-06-13 17:00:00,1.12835,1.12819,1.12918,1.12918
2016-06-13 18:00:00,1.12917,1.12909,1.12975,1.12936
2016-06-13 19:00:00,1.12936,1.12883,1.12957,1.12955
2016-06-13 20:00:00,1.12952,1.12884,1.1298,1.12901
2016-06-13 21:00:00,1.12921,1.12845,1.12934,1.12863
2016-06-13 22:00:00,1.1287,1.12851,1.12915,1.129
2016-06-13 23:00:00,1.12901,1.12867,1.12939,1.12868
2016-06-14 00:00:00,1.12867,1.12845,1.12945,1.12945
2016-06-14 01:00:00,1.12943,1.12929,1.12976,1.12941
2016-06-14 02:00:00,1.12938,1.12902,1.12966,1.12966
2016-06-14 03:00:00,1.12966,1.12909,1.1297,1.12931
2016-06-14 04:00:00,1.12931,1.12849,1.12941,1.12873
2016-06-14 05:00:00,1.12874,1.12815,1.129,1.12829
2016-06-14 06:00:00,1.12828,1.12593,1.12889,1.12608
2016-06-14 07:00:00,1.12604,1.12466,1.1263,1.12504
2016-06-14 08:00:00,1.12506,1.12279,1.12552,1.12345
2016-06-14 09:00:00,1.12345,1.12079,1.12358,1.12125
2016-06-14 10:00:00,1.12124,1.12108,1.12282,1.12216
2016-06-14 11:00:00,1.12219,1.12192,1.12321,1.12243
2016-06-14 12:00:00,1.12242,1.12168,1.12392,1.12336
2016-06-14 13:00:00,1.12336,1.12026,1.12406,1.12048
2016-06-14 14:00:00,1.12047,1.11882,1.12105,1.12101
2016-06-14 15:00:00,1.12101,1.11983,1.12177,1.12038
2016-06-14 16:00:00,1.12041,1.12015,1.12141,1.1212
2016-06-14 17:00:00,1.12118,1.12053,1.12186,1.12136
2016-06-14 18:00:00,1.12136,1.12014,1.12155,1.12036
2016-06-14 19:00:00,1.12037,1.11992,1.12112,1.12045
2016-06-14 20:00:00,1.12043,1.12012,1.12091,1.12044
2016-06-14 21:00:00,1.1204,1.12007,1.12115,1.12049
2016-06-14 22:00:00,1.12057,1.12045,1.12096,1.12089
2016-06-14 23:00:00,1.12089,1.12083,1.12137,1.12097
2016-06-15 00:00:00,1.12098,1.11982,1.12117,1.12002
2016-06-15 01:00:00,1.11999,1.11892,1.12047,1.11983
2016-06-15 02:00:00,1.11985,1.11984,1.12048,1.12013
2016-06-15 03:00:00,1.12012,1.11992,1.12082,1.1208
2016-06-15 04:00:00,1.12078,1.12037,1.12096,1.12082
2016-06-15 05:00:00,1.12079,1.12004,1.12098,1.12062
2016-06-15 06:00:00,1.12061,1.11972,1.12287,1.12267
2016-06-15 07:00:00,1.12266,1.12082,1.12281,1.12196
2016-06-15 08:00:00,1.12195,1.12126,1.12257,1.12186
2016-06-15 09:00:00,1.12186,1.12179,1.12348,1.12233
2016-06-15 10:00:00,1.12234,1.12168,1.12286,1.12237
2016-06-15 11:00:00,1.12237,1.12232,1.12328,1.12257
2016-06-15 12:00:00,1.12258,1.12231,1.12372,1.12253
2016-06-15 13:00:00,1.12254,1.12089,1.12304,1.12259
2016-06-15 14:00:00,1.1226,1.12241,1.1242,1.12341
2016-06-15 15:00:00,1.12341,1.12326,1.12515,1.12372
2016-06-15 16:00:00,1.12373,1.12325,1.12471,1.1237
2016-06-15 17:00:00,1.12369,1.12367,1.12776,1.1268
2016-06-15 18:00:00,1.12675,1.12569,1.1297,1.12642
2016-06-15 19:00:00,1.1264,1.12472,1.12699,1.12522
2016-06-15 20:00:00,1.12524,1.12524,1.12633,1.12589
2016-06-15 21:00:00,1.12591,1.12548,1.12667,1.12612
2016-06-15 22:00:00,1.12612,1.12599,1.12654,1.12619
2016-06-15 23:00:00,1.12621,1.12576,1.12624,1.12604
2016-06-16 00:00:00,1.12603,1.126,1.12747,1.1268
2016-06-16 01:00:00,1.12682,1.12575,1.12732,1.12584
2016-06-16 02:00:00,1.12585,1.12577,1.12842,1.12642
2016-06-16 03:00:00,1.1264,1.12587,1.12699,1.12635
2016-06-16 04:00:00,1.12635,1.12608,1.12769,1.12761
2016-06-16 05:00:00,1.1276,1.12714,1.12839,1.12769
2016-06-16 06:00:00,1.1277,1.12753,1.12945,1.12867
2016-06-16 07:00:00,1.12866,1.12613,1.12904,1.12724
2016-06-16 08:00:00,1.12724,1.12577,1.1274,1.12602
2016-06-16 09:00:00,1.12599,1.12395,1.12641,1.12397
2016-06-16 10:00:00,1.12397,1.12044,1.12409,1.12117
2016-06-16 11:00:00,1.12117,1.11737,1.12153,1.11759
2016-06-16 12:00:00,1.11759,1.11619,1.11877,1.11702
2016-06-16 13:00:00,1.11699,1.11378,1.11732,1.11517
2016-06-16 14:00:00,1.1152,1.11304,1.1157,1.11467
2016-06-16 15:00:00,1.11469,1.11368,1.11614,1.11565
2016-06-16 16:00:00,1.11566,1.11544,1.12425,1.12059
2016-06-16 17:00:00,1.12057,1.12052,1.1243,1.12187
2016-06-16 18:00:00,1.12185,1.12183,1.12503,1.1238
2016-06-16 19:00:00,1.12375,1.12267,1.1242,1.12395
2016-06-16 20:00:00,1.12394,1.12221,1.12403,1.12243
2016-06-16 21:00:00,1.12223,1.12217,1.12294,1.12294
2016-06-16 22:00:00,1.12291,1.12257,1.12338,1.12309
2016-06-16 23:00:00,1.12312,1.12303,1.12706,1.12706
2016-06-17 00:00:00,1.12709,1.12524,1.12713,1.12675
2016-06-17 01:00:00,1.12676,1.12534,1.12711,1.12556
2016-06-17 02:00:00,1.12553,1.12549,1.12658,1.12634
2016-06-17 03:00:00,1.12634,1.12566,1.12664,1.12576
2016-06-17 04:00:00,1.12579,1.12469,1.12589,1.12469
2016-06-17 05:00:00,1.12468,1.12441,1.12524,1.12449
2016-06-17 06:00:00,1.1245,1.12279,1.1255,1.12362
2016-06-17 07:00:00,1.12361,1.12222,1.12631,1.12465
2016-06-17 08:00:00,1.1246,1.12407,1.12589,1.12566
2016-06-17 09:00:00,1.12564,1.12411,1.12564,1.12524
2016-06-17 10:00:00,1.12522,1.12492,1.1262,1.1261
2016-06-17 11:00:00,1.12609,1.12524,1.12674,1.12526
2016-06-17 12:00:00,1.12527,1.12446,1.12583,1.12448
2016-06-17 13:00:00,1.12449,1.1243,1.12795,1.12704
2016-06-17 14:00:00,1.12704,1.12414,1.12956,1.12449
2016-06-17 15:00:00,1.12448,1.12416,1.1258,1.12541
2016-06-17 16:00:00,1.12542,1.1254,1.12726,1.12662
2016-06-17 17:00:00,1.12662,1.12662,1.12839,1.12768
2016-06-17 18:00:00,1.12767,1.12681,1.12869,1.12719
2016-06-17 19:00:00,1.12721,1.12703,1.12827,1.12783
2016-06-17 20:00:00,1.12781,1.12698,1.12792,1.12722
2016-06-19 21:00:00,1.13276,1.13143,1.13354,1.13165
2016-06-19 22:00:00,1.13158,1.13073,1.1323,1.13218
2016-06-19 23:00:00,1.13219,1.13219,1.13566,1.13463
2016-06-20 00:00:00,1.13462,1.13388,1.13562,1.13508
2016-06-20 01:00:00,1.1351,1.13472,1.13549,1.13507
2016-06-20 02:00:00,1.13506,1.13506,1.13609,1.1357
2016-06-20 03:00:00,1.13571,1.13568,1.13771,1.13734
2016-06-20 04:00:00,1.13736,1.13729,1.1382,1.13776
2016-06-20 05:00:00,1.13778,1.13494,1.13782,1.13494
2016-06-20 06:00:00,1.13493,1.13352,1.13589,1.13378
2016-06-20 07:00:00,1.13377,1.13363,1.13564,1.13399
2016-06-20 08:00:00,1.13399,1.13322,1.13515,1.13472
2016-06-20 09:00:00,1.13473,1.13289,1.13494,1.13336
2016-06-20 10:00:00,1.13336,1.13217,1.13398,1.13265
2016-06-20 11:00:00,1.13269,1.13213,1.13348,1.13275
2016-06-20 12:00:00,1.13276,1.13247,1.13471,1.13419
2016-06-20 13:00:00,1.13418,1.1337,1.13567,1.1343
2016-06-20 14:00:00,1.13432,1.13346,1.13498,1.13367
2016-06-20 15:00:00,1.13366,1.13057,1.13374,1.13172
2016-06-20 16:00:00,1.1317,1.13034,1.13215,1.13139
2016-06-20 17:00:00,1.13137,1.13047,1.13203,1.13082
2016-06-20 18:00:00,1.13085,1.13014,1.13179,1.13148
2016-06-20 19:00:00,1.13145,1.13038,1.13145,1.13055
2016-06-20 20:00:00,1.13057,1.13031,1.1321,1.13104
2016-06-20 21:00:00,1.13104,1.13047,1.13177,1.13099
2016-06-20 22:00:00,1.13106,1.13082,1.13165,1.13138
2016-06-20 23:00:00,1.13141,1.13136,1.13219,1.1321
2016-06-21 00:00:00,1.13212,1.13205,1.13324,1.13311
2016-06-21 01:00:00,1.13307,1.13298,1.13425,1.13375
2016-06-21 02:00:00,1.13374,1.13323,1.13416,1.13335
2016-06-21 03:00:00,1.13334,1.13246,1.13365,1.13288
2016-06-21 04:00:00,1.13291,1.13285,1.13338,1.13327
2016-06-21 05:00:00,1.13328,1.13284,1.13369,1.13295
2016-06-21 06:00:00,1.13296,1.13291,1.13422,1.13395
2016-06-21 07:00:00,1.13394,1.13339,1.1349,1.13396
2016-06-21 08:00:00,1.13395,1.13282,1.13457,1.13343
2016-06-21 09:00:00,1.13343,1.13302,1.13425,1.13392
2016-06-21 10:00:00,1.13394,1.13196,1.13461,1.13239
2016-06-21 11:00:00,1.13239,1.13097,1.13302,1.13102
2016-06-21 12:00:00,1.13103,1.12825,1.13193,1.12839
2016-06-21 13:00:00,1.12841,1.12425,1.13004,1.12479
2016-06-21 14:00:00,1.12478,1.12434,1.12812,1.12679
2016-06-21 15:00:00,1.1268,1.12521,1.12794,1.12608
2016-06-21 16:00:00,1.12609,1.12475,1.1263,1.12585
2016-06-21 17:00:00,1.12584,1.12544,1.12666,1.12632
2016-06-21 18:00:00,1.12631,1.12531,1.12657,1.12569
2016-06-21 19:00:00,1.12571,1.12509,1.12596,1.12509
2016-06-21 20:00:00,1.12511,1.12407,1.12588,1.12415
2016-06-21 21:00:00,1.12411,1.12409,1.12532,1.1248
2016-06-21 22:00:00,1.1248,1.12474,1.12581,1.12569
2016-06-21 23:00:00,1.12567,1.12462,1.12572,1.12489
2016-06-22 00:00:00,1.12491,1.12352,1.12507,1.12423
2016-06-22 01:00:00,1.12422,1.12409,1.12501,1.1247
2016-06-22 02:00:00,1.12471,1.1247,1.1264,1.12634
2016-06-22 03:00:00,1.12636,1.12626,1.12693,1.12672
2016-06-22 04:00:00,1.12674,1.12636,1.12677,1.12638
2016-06-22 05:00:00,1.1264,1.12549,1.1265,1.12564
2016-06-22 06:00:00,1.12563,1.12529,1.12742,1.12708
2016-06-22 07:00:00,1.12706,1.12618,1.12755,1.12734
2016-06-22 08:00:00,1.12735,1.12699,1.12775,1.12721
2016-06-22 09:00:00,1.12723,1.12648,1.1292,1.12876
2016-06-22 10:00:00,1.12877,1.12855,1.12993,1.12904
2016-06-22 11:00:00,1.12905,1.12807,1.12993,1.12817
2016-06-22 12:00:00,1.12819,1.12765,1.13123,1.13123
2016-06-22 13:00:00,1.13124,1.12976,1.13211,1.13144
2016-06-22 14:00:00,1.13144,1.12791,1.13372,1.1281
2016-06-22 15:00:00,1.12808,1.12687,1.12905,1.12861
2016-06-22 16:00:00,1.12858,1.12844,1.13183,1.13024
2016-06-22 17:00:00,1.13026,1.12871,1.13124,1.1297
2016-06-22 18:00:00,1.12967,1.12891,1.13095,1.13074
2016-06-22 19:00:00,1.13076,1.12986,1.13101,1.13003
2016-06-22 20:00:00,1.13008,1.12921,1.13028,1.1295
2016-06-22 21:00:00,1.12953,1.12947,1.13463,1.13301
2016-06-22 22:00:00,1.13302,1.13197,1.13409,1.13306
2016-06-22 23:00:00,1.13306,1.13246,1.13378,1.13251
2016-06-23 00:00:00,1.13254,1.13178,1.13346,1.13305
2016-06-23 01:00:00,1.13302,1.13246,1.13409,1.13276
2016-06-23 02:00:00,1.13275,1.13269,1.13419,1.13394
2016-06-23 03:00:00,1.13392,1.13378,1.13491,1.13445
2016-06-23 04:00:00,1.13444,1.13332,1.13449,1.1336
2016-06-23 05:00:00,1.13358,1.13344,1.13476,1.13466
2016-06-23 06:00:00,1.13464,1.13316,1.13486,1.13397
2016-06-23 07:00:00,1.13387,1.13167,1.13422,1.13186
2016-06-23 08:00:00,1.13184,1.13162,1.13541,1.13531
2016-06-23 09:00:00,1.13534,1.13447,1.13993,1.13848
2016-06-23 10:00:00,1.13851,1.13813,1.14202,1.13968
2016-06-23 11:00:00,1.1397,1.13752,1.14087,1.13887
2016-06-23 12:00:00,1.13889,1.13834,1.14047,1.13903
2016-06-23 13:00:00,1.13901,1.13618,1.13918,1.13783
2016-06-23 14:00:00,1.13788,1.13465,1.13916,1.13486
2016-06-23 15:00:00,1.13485,1.13397,1.13823,1.13694
2016-06-23 16:00:00,1.13692,1.13467,1.13729,1.13526
2016-06-23 17:00:00,1.13528,1.13504,1.13655,1.13581
2016-06-23 18:00:00,1.1358,1.13461,1.13589,1.13527
2016-06-23 19:00:00,1.13529,1.1341,1.13925,1.1381
2016-06-23 20:00:00,1.13814,1.13625,1.13971,1.13793
2016-06-23 21:00:00,1.138,1.13705,1.14263,1.1422
2016-06-23 22:00:00,1.1422,1.13636,1.1422,1.13747
2016-06-23 23:00:00,1.13744,1.12661,1.13744,1.13306
2016-06-24 00:00:00,1.13303,1.12676,1.13359,1.12752
2016-06-24 01:00:00,1.12749,1.1176,1.12945,1.12601
2016-06-24 02:00:00,1.12609,1.10205,1.12723,1.10312
2016-06-24 03:00:00,1.10304,1.09096,1.10654,1.09724
2016-06-24 04:00:00,1.09735,1.09443,1.10503,1.09463
2016-06-24 05:00:00,1.09468,1.0934,1.10215,1.10186
2016-06-24 06:00:00,1.10182,1.09954,1.10878,1.10323
2016-06-24 07:00:00,1.10325,1.10279,1.11884,1.11545
2016-06-24 08:00:00,1.11545,1.11123,1.11793,1.11264
2016-06-24 09:00:00,1.11262,1.11048,1.11401,1.11149
2016-06-24 10:00:00,1.11146,1.10486,1.11209,1.10507
2016-06-24 11:00:00,1.10506,1.10417,1.10739,1.10486
2016-06-24 12:00:00,1.10484,1.10395,1.1093,1.10504
2016-06-24 13:00:00,1.10505,1.10339,1.11046,1.10578
2016-06-24 14:00:00,1.10589,1.10474,1.11335,1.11156
2016-06-24 15:00:00,1.11155,1.10863,1.11331,1.11205
2016-06-24 16:00:00,1.11204,1.10987,1.11754,1.11643
2016-06-24 17:00:00,1.11645,1.11461,1.11793,1.11603
2016-06-24 18:00:00,1.11604,1.11136,1.11658,1.11206
2016-06-24 19:00:00,1.11207,1.10855,1.11341,1.10859
2016-06-24 20:00:00,1.1086,1.10806,1.11135,1.10986
2016-06-26 21:00:00,1.10047,1.10005,1.10508,1.10382
2016-06-26 22:00:00,1.10385,1.10307,1.10729,1.10716
2016-06-26 23:00:00,1.1071,1.10137,1.1074,1.10383
2016-06-27 00:00:00,1.10385,1.10032,1.10485,1.10109
2016-06-27 01:00:00,1.10112,1.09929,1.10142,1.09986
2016-06-27 02:00:00,1.09985,1.09835,1.10098,1.10004
2016-06-27 03:00:00,1.10006,1.10006,1.10294,1.1028
2016-06-27 04:00:00,1.10278,1.09985,1.10321,1.10127
2016-06-27 05:00:00,1.10131,1.10127,1.10396,1.10383
2016-06-27 06:00:00,1.10385,1.10138,1.10591,1.10405
2016-06-27 07:00:00,1.10404,1.10399,1.1067,1.10643
2016-06-27 08:00:00,1.10644,1.10326,1.10829,1.10504
2016-06-27 09:00:00,1.10506,1.1018,1.10508,1.10328
2016-06-27 10:00:00,1.10327,1.10023,1.10342,1.10133
2016-06-27 11:00:00,1.10132,1.09811,1.10199,1.09923
2016-06-27 12:00:00,1.09925,1.097,1.10044,1.09917
2016-06-27 13:00:00,1.09912,1.09869,1.10206,1.10139
2016-06-27 14:00:00,1.10139,1.09718,1.1028,1.09725
2016-06-27 15:00:00,1.09724,1.09717,1.10227,1.10214
2016-06-27 16:00:00,1.10215,1.10161,1.10436,1.10374
2016-06-27 17:00:00,1.10373,1.10004,1.10393,1.10052
2016-06-27 18:00:00,1.10052,1.09952,1.10226,1.1002
2016-06-27 19:00:00,1.10022,1.09987,1.10197,1.10172
2016-06-27 20:00:00,1.1017,1.10137,1.10246,1.1024
2016-06-27 21:00:00,1.10231,1.10166,1.10268,1.10199
2016-06-27 22:00:00,1.10204,1.10094,1.10239,1.10096
2016-06-27 23:00:00,1.10099,1.10099,1.10181,1.1013
2016-06-28 00:00:00,1.1013,1.10122,1.10251,1.10189
2016-06-28 01:00:00,1.10191,1.10169,1.10526,1.10421
2016-06-28 02:00:00,1.10423,1.10391,1.10584,1.10503
2016-06-28 03:00:00,1.10504,1.10422,1.10565,1.10556
2016-06-28 04:00:00,1.10558,1.10537,1.10637,1.10611
2016-06-28 05:00:00,1.10611,1.10523,1.1063,1.10605
2016-06-28 06:00:00,1.10606,1.1047,1.10748,1.10704
2016-06-28 07:00:00,1.10704,1.10533,1.10766,1.10686
2016-06-28 08:00:00,1.10686,1.10523,1.10789,1.1053
2016-06-28 09:00:00,1.1053,1.10528,1.10927,1.10922
2016-06-28 10:00:00,1.10924,1.10849,1.11112,1.10888
2016-06-28 11:00:00,1.10887,1.10695,1.10919,1.10698
2016-06-28 12:00:00,1.10704,1.10631,1.10841,1.10711
2016-06-28 13:00:00,1.10713,1.10519,1.10717,1.10575
2016-06-28 14:00:00,1.10575,1.10477,1.10718,1.10509
2016-06-28 15:00:00,1.10506,1.10356,1.10592,1.10521
2016-06-28 16:00:00,1.1052,1.10442,1.1066,1.10518
2016-06-28 17:00:00,1.1052,1.10395,1.10558,1.10401
2016-06-28 18:00:00,1.10403,1.10341,1.10551,1.10461
2016-06-28 19:00:00,1.10463,1.10456,1.10789,1.10775
2016-06-28 20:00:00,1.10776,1.10629,1.109,1.10637
2016-06-28 21:00:00,1.10638,1.1059,1.108,1.10766
2016-06-28 22:00:00,1.10767,1.10686,1.10773,1.10715
2016-06-28 23:00:00,1.10719,1.10712,1.10759,1.1075
2016-06-29 00:00:00,1.10751,1.10583,1.10762,1.10617
2016-06-29 01:00:00,1.10616,1.10482,1.10664,1.1051
2016-06-29 02:00:00,1.10512,1.10486,1.10647,1.10644
2016-06-29 03:00:00,1.10646,1.10616,1.10684,1.10668
2016-06-29 04:00:00,1.10663,1.10621,1.10678,1.10669
2016-06-29 05:00:00,1.10671,1.10541,1.10688,1.10554
2016-06-29 06:00:00,1.10558,1.1052,1.10794,1.10694
2016-06-29 07:00:00,1.1069,1.10614,1.11028,1.10719
2016-06-29 08:00:00,1.10716,1.10591,1.10772,1.10611
2016-06-29 09:00:00,1.10609,1.10512,1.10673,1.10641
2016-06-29 10:00:00,1.10639,1.10634,1.10959,1.10885
2016-06-29 11:00:00,1.10886,1.10694,1.10955,1.10857
2016-06-29 12:00:00,1.10856,1.10797,1.11109,1.10809
2016-06-29 13:00:00,1.1081,1.10732,1.11193,1.11179
2016-06-29 14:00:00,1.11175,1.10893,1.11299,1.11034
2016-06-29 15:00:00,1.11031,1.11,1.11234,1.11162
2016-06-29 16:00:00,1.11158,1.10928,1.11158,1.10971
2016-06-29 17:00:00,1.10974,1.10909,1.11142,1.11132
2016-06-29 18:00:00,1.11134,1.11035,1.11139,1.11062
2016-06-29 19:00:00,1.11062,1.10966,1.11097,1.1102
2016-06-29 20:00:00,1.11019,1.10997,1.1124,1.11232
2016-06-29 21:00:00,1.1121,1.11101,1.11258,1.11252
2016-06-29 22:00:00,1.11252,1.11199,1.11262,1.11226
2016-06-29 23:00:00,1.1123,1.11187,1.11268,1.11215
2016-06-30 00:00:00,1.11217,1.1108,1.1123,1.11089
2016-06-30 01:00:00,1.1109,1.11043,1.1112,1.11076
2016-06-30 02:00:00,1.11077,1.11049,1.11191,1.11073
2016-06-30 03:00:00,1.11072,1.1098,1.11098,1.11023
2016-06-30 04:00:00,1.11026,1.10996,1.11077,1.11012
2016-06-30 05:00:00,1.11011,1.10844,1.11016,1.10855
2016-06-30 06:00:00,1.10853,1.10839,1.11128,1.11065
2016-06-30 07:00:00,1.11067,1.10859,1.11192,1.11151
2016-06-30 08:00:00,1.11148,1.11097,1.11344,1.11202
2016-06-30 09:00:00,1.11202,1.11099,1.11372,1.11264
2016-06-30 10:00:00,1.11264,1.1126,1.11537,1.11442
2016-06-30 11:00:00,1.11443,1.10978,1.11537,1.11037
2016-06-30 12:00:00,1.11036,1.10761,1.11176,1.11121
2016-06-30 13:00:00,1.11124,1.10893,1.11187,1.11155
2016-06-30 14:00:00,1.11156,1.10892,1.11236,1.11171
2016-06-30 15:00:00,1.11171,1.103,1.11189,1.10329
2016-06-30 16:00:00,1.10329,1.10228,1.10827,1.10719
2016-06-30 17:00:00,1.1072,1.10348,1.10775,1.10501
2016-06-30 18:00:00,1.10497,1.10482,1.10813,1.10792
2016-06-30 19:00:00,1.10791,1.10758,1.10986,1.10936
2016-06-30 20:00:00,1.10934,1.10869,1.11056,1.11045
2016-06-30 21:00:00,1.10931,1.10928,1.11065,1.11018
2016-06-30 22:00:00,1.11013,1.10935,1.11078,1.10989
2016-06-30 23:00:00,1.10986,1.10973,1.11071,1.11022
2016-07-01 00:00:00,1.11022,1.1101,1.11157,1.11118
2016-07-01 01:00:00,1.11118,1.1103,1.11162,1.11033
2016-07-01 02:00:00,1.11035,1.10994,1.11052,1.11027
2016-07-01 03:00:00,1.11026,1.10891,1.11047,1.10895
2016-07-01 04:00:00,1.10893,1.10866,1.10999,1.10994
2016-07-01 05:00:00,1.10992,1.10782,1.10996,1.10794
2016-07-01 06:00:00,1.10794,1.10712,1.10942,1.10878
2016-07-01 07:00:00,1.10875,1.10848,1.11162,1.11065
2016-07-01 08:00:00,1.11066,1.10936,1.11143,1.11044
2016-07-01 09:00:00,1.11043,1.11007,1.11132,1.11058
2016-07-01 10:00:00,1.11057,1.11012,1.1124,1.11228
2016-07-01 11:00:00,1.11228,1.11143,1.11379,1.11192
2016-07-01 12:00:00,1.11193,1.11184,1.11436,1.11315
2016-07-01 13:00:00,1.11318,1.11314,1.11687,1.11522
2016-07-01 14:00:00,1.11511,1.11119,1.1155,1.11318
2016-07-01 15:00:00,1.11319,1.11302,1.11522,1.11434
2016-07-01 16:00:00,1.11435,1.11317,1.11546,1.11347
2016-07-01 17:00:00,1.11349,1.11238,1.11481,1.11261
2016-07-01 18:00:00,1.11263,1.11172,1.11305,1.11251
2016-07-01 19:00:00,1.11247,1.11222,1.11391,1.11342
2016-07-01 20:00:00,1.11341,1.11249,1.11419,1.11284
2016-07-03 21:00:00,1.11233,1.11209,1.11337,1.11297
2016-07-03 22:00:00,1.11309,1.11242,1.11361,1.11289
2016-07-03 23:00:00,1.11289,1.11255,1.11366,1.11271
2016-07-04 00:00:00,1.1127,1.11247,1.11325,1.11286
2016-07-04 01:00:00,1.11287,1.11268,1.11376,1.11347
2016-07-04 02:00:00,1.11348,1.11346,1.11438,1.1137
2016-07-04 03:00:00,1.11369,1.11358,1.11389,1.11371
2016-07-04 04:00:00,1.11373,1.1134,1.11385,1.11348
2016-07-04 05:00:00,1.11351,1.11327,1.11435,1.11353
2016-07-04 06:00:00,1.11352,1.11183,1.11416,1.11186
2016-07-04 07:00:00,1.11189,1.11175,1.11343,1.11223
2016-07-04 08:00:00,1.11222,1.10972,1.11257,1.11081
2016-07-04 09:00:00,1.11079,1.11035,1.11321,1.11287
2016-07-04 10:00:00,1.11288,1.11213,1.11329,1.11223
2016-07-04 11:00:00,1.11222,1.11206,1.11392,1.11354
2016-07-04 12:00:00,1.11355,1.11309,1.11473,1.11438
2016-07-04 13:00:00,1.11437,1.11283,1.11437,1.11309
2016-07-04 14:00:00,1.11311,1.11306,1.1144,1.11374
2016-07-04 15:00:00,1.11375,1.11327,1.11457,1.1143
2016-07-04 16:00:00,1.11428,1.11418,1.11476,1.1147
2016-07-04 17:00:00,1.11474,1.1147,1.11552,1.11536
2016-07-04 18:00:00,1.11533,1.11504,1.11589,1.11587
2016-07-04 19:00:00,1.11585,1.1154,1.11587,1.11543
2016-07-04 20:00:00,1.11546,1.11509,1.11582,1.11516
2016-07-04 21:00:00,1.11519,1.11473,1.11541,1.11474
2016-07-04 22:00:00,1.11472,1.11441,1.11497,1.1145
2016-07-04 23:00:00,1.1145,1.11423,1.11479,1.11438
2016-07-05 00:00:00,1.1144,1.11326,1.11442,1.1133
2016-07-05 01:00:00,1.11332,1.11244,1.11349,1.11267
2016-07-05 02:00:00,1.11268,1.11245,1.11328,1.11308
2016-07-05 03:00:00,1.11307,1.11279,1.11339,1.11319
2016-07-05 04:00:00,1.1132,1.11223,1.11352,1.1123
2016-07-05 05:00:00,1.11232,1.11223,1.11334,1.11266
2016-07-05 06:00:00,1.11266,1.11191,1.11399,1.11278
2016-07-05 07:00:00,1.11281,1.11249,1.11856,1.11543
2016-07-05 08:00:00,1.11541,1.11296,1.11576,1.11354
2016-07-05 09:00:00,1.1135,1.11323,1.11517,1.11426
2016-07-05 10:00:00,1.11425,1.11414,1.11637,1.11532
2016-07-05 11:00:00,1.11531,1.1138,1.11604,1.11428
2016-07-05 12:00:00,1.11427,1.11295,1.11586,1.11538
2016-07-05 13:00:00,1.11539,1.11413,1.11668,1.11473
2016-07-05 14:00:00,1.11472,1.11045,1.11509,1.11054
2016-07-05 15:00:00,1.11056,1.10731,1.11111,1.10787
2016-07-05 16:00:00,1.10789,1.10652,1.10939,1.10894
2016-07-05 17:00:00,1.10892,1.10803,1.10922,1.1081
2016-07-05 18:00:00,1.10812,1.107,1.10833,1.10716
2016-07-05 19:00:00,1.10718,1.10618,1.10749,1.10676
2016-07-05 20:00:00,1.10677,1.10672,1.10753,1.10749
2016-07-05 21:00:00,1.10697,1.10596,1.10738,1.10653
2016-07-05 22:00:00,1.10654,1.10605,1.10696,1.10617
2016-07-05 23:00:00,1.10616,1.10572,1.10679,1.10632
2016-07-06 00:00:00,1.1063,1.10469,1.10678,1.10492
2016-07-06 01:00:00,1.1049,1.10402,1.10571,1.10418
2016-07-06 02:00:00,1.10419,1.10349,1.10541,1.10388
2016-07-06 03:00:00,1.10384,1.1037,1.10546,1.1051
2016-07-06 04:00:00,1.10511,1.10434,1.10524,1.10524
2016-07-06 05:00:00,1.10521,1.10463,1.10576,1.10531
2016-07-06 06:00:00,1.10531,1.10469,1.10656,1.10637
2016-07-06 07:00:00,1.10637,1.10541,1.10725,1.10644
2016-07-06 08:00:00,1.10643,1.10446,1.10784,1.10552
2016-07-06 09:00:00,1.10551,1.10428,1.10639,1.10565
2016-07-06 10:00:00,1.10562,1.10551,1.10734,1.10661
2016-07-06 11:00:00,1.10663,1.10521,1.1074,1.10532
2016-07-06 12:00:00,1.10531,1.10529,1.10873,1.10735
2016-07-06 13:00:00,1.10736,1.10659,1.10842,1.10667
2016-07-06 14:00:00,1.1066,1.1028,1.1071,1.10695
2016-07-06 15:00:00,1.10696,1.10633,1.10853,1.10747
2016-07-06 16:00:00,1.10746,1.10719,1.10956,1.10888
2016-07-06 17:00:00,1.1089,1.10824,1.10968,1.10943
2016-07-06 18:00:00,1.10942,1.10872,1.11072,1.11029
2016-07-06 19:00:00,1.1103,1.10962,1.1111,1.1101
2016-07-06 20:00:00,1.11011,1.1095,1.11029,1.10987
2016-07-06 21:00:00,1.10983,1.10926,1.11013,1.10933
2016-07-06 22:00:00,1.10928,1.10893,1.10989,1.10938
2016-07-06 23:00:00,1.1094,1.10875,1.11006,1.10963
2016-07-07 00:00:00,1.10963,1.10849,1.10963,1.10878
2016-07-07 01:00:00,1.10878,1.10734,1.10931,1.10845
2016-07-07 02:00:00,1.10846,1.10799,1.10901,1.10858
2016-07-07 03:00:00,1.10859,1.10856,1.10956,1.10956
2016-07-07 04:00:00,1.10955,1.10932,1.11066,1.11013
2016-07-07 05:00:00,1.11012,1.10882,1.11017,1.10892
2016-07-07 06:00:00,1.10888,1.1074,1.10915,1.10772
2016-07-07 07:00:00,1.10771,1.10621,1.10872,1.10626
2016-07-07 08:00:00,1.10626,1.10556,1.10902,1.1081
2016-07-07 09:00:00,1.1081,1.10738,1.11007,1.10921
2016-07-07 10:00:00,1.10922,1.10789,1.10952,1.10819
2016-07-07 11:00:00,1.10818,1.10707,1.10864,1.10731
2016-07-07 12:00:00,1.1073,1.10672,1.10893,1.10865
2016-07-07 13:00:00,1.10864,1.1081,1.1099,1.10951
2016-07-07 14:00:00,1.10952,1.1064,1.10957,1.10706
2016-07-07 15:00:00,1.10708,1.1058,1.10754,1.10638
2016-07-07 16:00:00,1.10636,1.10522,1.10667,1.10634
2016-07-07 17:00:00,1.10631,1.10533,1.10631,1.10561
2016-07-07 18:00:00,1.10562,1.10519,1.10615,1.10545
2016-07-07 19:00:00,1.10544,1.10529,1.10627,1.10623
2016-07-07 20:00:00,1.10621,1.10599,1.10658,1.10599
2016-07-07 21:00:00,1.10586,1.10586,1.10644,1.10609
2016-07-07 22:00:00,1.10612,1.10583,1.10653,1.1059
2016-07-07 23:00:00,1.10591,1.10588,1.1068,1.1063
2016-07-08 00:00:00,1.10629,1.10617,1.10737,1.10676
2016-07-08 01:00:00,1.10675,1.10675,1.10781,1.10748
2016-07-08 02:00:00,1.10747,1.10708,1.10779,1.10754
2016-07-08 03:00:00,1.10753,1.10716,1.1081,1.10809
2016-07-08 04:00:00,1.10811,1.10769,1.10837,1.1083
2016-07-08 05:00:00,1.10829,1.10771,1.1089,1.10837
2016-07-08 06:00:00,1.10834,1.10738,1.10844,1.108
2016-07-08 07:00:00,1.10801,1.10716,1.10829,1.10757
2016-07-08 08:00:00,1.10755,1.10692,1.10807,1.10742
2016-07-08 09:00:00,1.1074,1.10626,1.10753,1.10627
2016-07-08 10:00:00,1.10625,1.10566,1.10693,1.10642
2016-07-08 11:00:00,1.10639,1.10592,1.10714,1.10618
2016-07-08 12:00:00,1.10619,1.10009,1.10823,1.1024
2016-07-08 13:00:00,1.10239,1.10213,1.11198,1.10529
2016-07-08 14:00:00,1.1053,1.10266,1.10556,1.10354
2016-07-08 15:00:00,1.10357,1.10295,1.10462,1.10353
2016-07-08 16:00:00,1.10355,1.10345,1.10544,1.10538
2016-07-08 17:00:00,1.10539,1.1038,1.10589,1.10414
2016-07-08 18:00:00,1.10411,1.10392,1.10495,1.10469
2016-07-08 19:00:00,1.10468,1.10444,1.10557,1.10512
2016-07-08 20:00:00,1.10511,1.10459,1.10554,1.10459
2016-07-10 21:00:00,1.10452,1.10438,1.10504,1.10497
2016-07-10 22:00:00,1.10491,1.1042,1.10524,1.10493
2016-07-10 23:00:00,1.10496,1.10408,1.10514,1.10434
2016-07-11 00:00:00,1.10435,1.10334,1.10462,1.10379
2016-07-11 01:00:00,1.10379,1.10371,1.10472,1.10444
2016-07-11 02:00:00,1.10443,1.10438,1.10544,1.10495
2016-07-11 03:00:00,1.10497,1.10471,1.10549,1.10536
2016-07-11 04:00:00,1.10534,1.10446,1.10537,1.1046
2016-07-11 05:00:00,1.10462,1.10418,1.10481,1.10438
2016-07-11 06:00:00,1.10436,1.10326,1.10532,1.10408
2016-07-11 07:00:00,1.10405,1.1015,1.10425,1.10245
2016-07-11 08:00:00,1.10247,1.10199,1.10388,1.10255
2016-07-11 09:00:00,1.10258,1.10205,1.10339,1.10317
2016-07-11 10:00:00,1.10318,1.10279,1.10472,1.10472
2016-07-11 11:00:00,1.10471,1.10418,1.1059,1.10458
2016-07-11 12:00:00,1.10456,1.10414,1.10551,1.1053
2016-07-11 13:00:00,1.10531,1.10486,1.10739,1.10636
2016-07-11 14:00:00,1.10637,1.10438,1.10684,1.10442
2016-07-11 15:00:00,1.10441,1.1035,1.10495,1.10436
2016-07-11 16:00:00,1.10439,1.10439,1.10539,1.10526
2016-07-11 17:00:00,1.10524,1.10506,1.10583,1.1056
2016-07-11 18:00:00,1.10558,1.1054,1.10618,1.10558
2016-07-11 19:00:00,1.10556,1.10547,1.10627,1.10566
2016-07-11 20:00:00,1.10568,1.10542,1.10606,1.10554
2016-07-11 21:00:00,1.10559,1.1054,1.10604,1.10594
2016-07-11 22:00:00,1.10598,1.10557,1.10655,1.10592
2016-07-11 23:00:00,1.10595,1.10548,1.10598,1.1056
2016-07-12 00:00:00,1.10561,1.10519,1.10607,1.10584
2016-07-12 01:00:00,1.10585,1.10513,1.1081,1.10763
2016-07-12 02:00:00,1.10761,1.10729,1.10903,1.10861
2016-07-12 03:00:00,1.1086,1.10754,1.10863,1.1077
2016-07-12 04:00:00,1.10769,1.10728,1.10779,1.1077
2016-07-12 05:00:00,1.10769,1.10743,1.10868,1.10853
2016-07-12 06:00:00,1.10851,1.10789,1.10893,1.1088
2016-07-12 07:00:00,1.10882,1.10863,1.11252,1.11092
2016-07-12 08:00:00,1.11093,1.11053,1.11217,1.11107
2016-07-12 09:00:00,1.11106,1.11031,1.11159,1.11049
2016-07-12 10:00:00,1.11048,1.10911,1.11139,1.10921
2016-07-12 11:00:00,1.10918,1.10791,1.10946,1.10918
2016-07-12 12:00:00,1.10919,1.10885,1.11051,1.11012
2016-07-12 13:00:00,1.1101,1.10815,1.1102,1.10916
2016-07-12 14:00:00,1.10916,1.10643,1.1098,1.10713
2016-07-12 15:00:00,1.10713,1.106,1.10758,1.10723
2016-07-12 16:00:00,1.10721,1.10716,1.10911,1.10908
2016-07-12 17:00:00,1.10906,1.10681,1.10913,1.1074
2016-07-12 18:00:00,1.1074,1.10639,1.1074,1.10682
2016-07-12 19:00:00,1.10681,1.106,1.10693,1.10617
2016-07-12 20:00:00,1.10613,1.10595,1.10639,1.10598
2016-07-12 21:00:00,1.10595,1.10593,1.10647,1.10629
2016-07-12 22:00:00,1.10628,1.10613,1.10642,1.10626
2016-07-12 23:00:00,1.10621,1.10577,1.10666,1.10595
2016-07-13 00:00:00,1.10591,1.1053,1.10626,1.10612
2016-07-13 01:00:00,1.1061,1.10567,1.10691,1.10609
2016-07-13 02:00:00,1.10611,1.1054,1.1064,1.10635
2016-07-13 03:00:00,1.10634,1.10604,1.10687,1.10611
2016-07-13 04:00:00,1.10612,1.10587,1.10652,1.10652
2016-07-13 05:00:00,1.10653,1.10626,1.10707,1.10682
2016-07-13 06:00:00,1.1068,1.10547,1.1068,1.10572
2016-07-13 07:00:00,1.10573,1.10416,1.10623,1.10458
2016-07-13 08:00:00,1.10459,1.10425,1.1062,1.10589
2016-07-13 09:00:00,1.10589,1.10489,1.10801,1.10776
2016-07-13 10:00:00,1.10776,1.10715,1.10842,1.10841
2016-07-13 11:00:00,1.10843,1.10716,1.10845,1.10737
2016-07-13 12:00:00,1.10738,1.10661,1.10879,1.1087
2016-07-13 13:00:00,1.10869,1.1079,1.10943,1.10824
2016-07-13 14:00:00,1.10824,1.10811,1.11192,1.11012
2016-07-13 15:00:00,1.11011,1.10997,1.11139,1.1111
2016-07-13 16:00:00,1.11109,1.11014,1.11162,1.11079
2016-07-13 17:00:00,1.11075,1.11045,1.11125,1.11067
2016-07-13 18:00:00,1.11065,1.1106,1.111,1.11068
2016-07-13 19:00:00,1.11068,1.10924,1.11078,1.10931
2016-07-13 20:00:00,1.10934,1.10868,1.10962,1.1088
2016-07-13 21:00:00,1.10868,1.10865,1.10953,1.10931
2016-07-13 22:00:00,1.10922,1.10916,1.11002,1.10977
2016-07-13 23:00:00,1.10979,1.10918,1.11028,1.10944
2016-07-14 00:00:00,1.10943,1.10924,1.10996,1.10957
2016-07-14 01:00:00,1.10958,1.10934,1.11093,1.11087
2016-07-14 02:00:00,1.11087,1.11048,1.11154,1.11115
2016-07-14 03:00:00,1.11116,1.11031,1.11118,1.11042
2016-07-14 04:00:00,1.11041,1.11011,1.11109,1.11109
2016-07-14 05:00:00,1.11111,1.11002,1.11208,1.11032
2016-07-14 06:00:00,1.11028,1.11019,1.11282,1.11047
2016-07-14 07:00:00,1.11049,1.10874,1.11058,1.10986
2016-07-14 08:00:00,1.10985,1.10928,1.11096,1.11074
2016-07-14 09:00:00,1.11074,1.11038,1.11167,1.11119
2016-07-14 10:00:00,1.11122,1.10963,1.11156,1.11028
2016-07-14 11:00:00,1.11025,1.11015,1.11642,1.11511
2016-07-14 12:00:00,1.11513,1.11092,1.11643,1.11144
2016-07-14 13:00:00,1.11145,1.11001,1.11187,1.11114
2016-07-14 14:00:00,1.11113,1.11023,1.1124,1.11038
2016-07-14 15:00:00,1.1104,1.10974,1.11133,1.11065
2016-07-14 16:00:00,1.11066,1.11066,1.11204,1.1113
2016-07-14 17:00:00,1.11129,1.1111,1.11291,1.11194
2016-07-14 18:00:00,1.11192,1.1117,1.11254,1.11208
2016-07-14 19:00:00,1.11209,1.11116,1.11239,1.11128
2016-07-14 20:00:00,1.11127,1.1112,1.11199,1.11179
2016-07-14 21:00:00,1.11175,1.11118,1.1119,1.11121
2016-07-14 22:00:00,1.11123,1.111,1.11165,1.11118
2016-07-14 23:00:00,1.1112,1.11015,1.11175,1.11055
2016-07-15 00:00:00,1.11056,1.11043,1.11185,1.11161
2016-07-15 01:00:00,1.11158,1.1107,1.11158,1.11122
2016-07-15 02:00:00,1.11124,1.11042,1.1139,1.11325
2016-07-15 03:00:00,1.11327,1.11272,1.1136,1.11299
2016-07-15 04:00:00,1.113,1.11241,1.11372,1.11257
2016-07-15 05:00:00,1.11255,1.1117,1.11269,1.11181
2016-07-15 06:00:00,1.11183,1.11151,1.11312,1.11248
2016-07-15 07:00:00,1.1125,1.1125,1.11389,1.11322
2016-07-15 08:00:00,1.11325,1.11319,1.11482,1.11379
2016-07-15 09:00:00,1.11379,1.11296,1.1143,1.11408
2016-07-15 10:00:00,1.11407,1.11336,1.11433,1.11358
2016-07-15 11:00:00,1.11357,1.11207,1.11397,1.1122
2016-07-15 12:00:00,1.11223,1.11059,1.11336,1.11158
2016-07-15 13:00:00,1.11157,1.10713,1.11178,1.10807
2016-07-15 14:00:00,1.1081,1.10637,1.10895,1.10701
2016-07-15 15:00:00,1.10702,1.10554,1.10725,1.10576
2016-07-15 16:00:00,1.10577,1.10522,1.10677,1.10618
2016-07-15 17:00:00,1.10616,1.10586,1.10671,1.10642
2016-07-15 18:00:00,1.10642,1.10553,1.10651,1.10608
2016-07-15 19:00:00,1.10609,1.10607,1.10721,1.10685
2016-07-15 20:00:00,1.10686,1.10215,1.10695,1.10303
2016-07-17 21:00:00,1.10454,1.10437,1.10517,1.10478
2016-07-17 22:00:00,1.10478,1.10478,1.10594,1.10573
2016-07-17 23:00:00,1.10575,1.10505,1.10589,1.10551
2016-07-18 00:00:00,1.10554,1.10512,1.1062,1.10566
2016-07-18 01:00:00,1.10569,1.10535,1.10706,1.10681
2016-07-18 02:00:00,1.1068,1.10602,1.10686,1.10614
2016-07-18 03:00:00,1.10615,1.10613,1.1066,1.10636
2016-07-18 04:00:00,1.10639,1.10611,1.10657,1.1065
2016-07-18 05:00:00,1.10651,1.10621,1.10695,1.10678
2016-07-18 06:00:00,1.10681,1.10506,1.10721,1.10571
2016-07-18 07:00:00,1.1057,1.10457,1.10624,1.10512
2016-07-18 08:00:00,1.10514,1.1048,1.10607,1.10508
2016-07-18 09:00:00,1.10507,1.10371,1.10573,1.10424
2016-07-18 10:00:00,1.10424,1.10372,1.10501,1.10488
2016-07-18 11:00:00,1.1049,1.10471,1.10588,1.10569
2016-07-18 12:00:00,1.10568,1.10465,1.10592,1.10505
2016-07-18 13:00:00,1.10507,1.10475,1.10646,1.10638
2016-07-18 14:00:00,1.10636,1.10575,1.10692,1.10663
2016-07-18 15:00:00,1.10663,1.10604,1.10837,1.10749
2016-07-18 16:00:00,1.1075,1.10629,1.10816,1.10705
2016-07-18 17:00:00,1.10705,1.10687,1.10815,1.10743
2016-07-18 18:00:00,1.10745,1.10675,1.10762,1.10684
2016-07-18 19:00:00,1.10684,1.10677,1.10744,1.10709
2016-07-18 20:00:00,1.10705,1.10703,1.10751,1.10742
2016-07-18 21:00:00,1.10748,1.10702,1.10771,1.10735
2016-07-18 22:00:00,1.10735,1.10723,1.10778,1.10738
2016-07-18 23:00:00,1.10741,1.10655,1.10756,1.10676
2016-07-19 00:00:00,1.10679,1.10628,1.10751,1.10672
2016-07-19 01:00:00,1.1067,1.10626,1.10691,1.1068
2016-07-19 02:00:00,1.10681,1.10651,1.1079,1.1073
2016-07-19 03:00:00,1.10731,1.10731,1.10798,1.10777
2016-07-19 04:00:00,1.10773,1.10723,1.10777,1.10749
2016-07-19 05:00:00,1.10751,1.10697,1.10757,1.1073
2016-07-19 06:00:00,1.10732,1.10624,1.10776,1.10659
2016-07-19 07:00:00,1.10661,1.10478,1.10721,1.10588
2016-07-19 08:00:00,1.10588,1.10547,1.10768,1.10604
2016-07-19 09:00:00,1.10605,1.10571,1.10732,1.10621
2016-07-19 10:00:00,1.10622,1.1055,1.10663,1.10582
2016-07-19 11:00:00,1.10584,1.10234,1.10596,1.10313
2016-07-19 12:00:00,1.10312,1.10137,1.10368,1.10239
2016-07-19 13:00:00,1.10236,1.10111,1.10298,1.10234
2016-07-19 14:00:00,1.10233,1.10093,1.10264,1.10105
2016-07-19 15:00:00,1.10103,1.09992,1.10178,1.1013
2016-07-19 16:00:00,1.10128,1.10058,1.10182,1.10135
2016-07-19 17:00:00,1.10133,1.10084,1.10179,1.10113
2016-07-19 18:00:00,1.10115,1.10083,1.10168,1.10147
2016-07-19 19:00:00,1.10147,1.1013,1.10204,1.10187
2016-07-19 20:00:00,1.10184,1.10153,1.10218,1.10188
2016-07-19 21:00:00,1.10168,1.10148,1.10192,1.10169
2016-07-19 22:00:00,1.10165,1.10152,1.10207,1.10174
2016-07-19 23:00:00,1.1017,1.10112,1.10187,1.10129
2016-07-20 00:00:00,1.10129,1.10105,1.10204,1.10136
2016-07-20 01:00:00,1.10137,1.10028,1.10148,1.10141
2016-07-20 02:00:00,1.1014,1.09964,1.10142,1.10039
2016-07-20 03:00:00,1.10041,1.1004,1.10141,1.10109
2016-07-20 04:00:00,1.10111,1.10103,1.10153,1.1015
2016-07-20 05:00:00,1.10148,1.10089,1.10206,1.10169
2016-07-20 06:00:00,1.1017,1.09835,1.10192,1.09884
2016-07-20 07:00:00,1.09883,1.09808,1.09953,1.09944
2016-07-20 08:00:00,1.09942,1.09856,1.10129,1.10012
2016-07-20 09:00:00,1.10011,1.09936,1.10149,1.10064
2016-07-20 10:00:00,1.10064,1.10018,1.10215,1.10104
2016-07-20 11:00:00,1.10102,1.10045,1.10147,1.10112
2016-07-20 12:00:00,1.10114,1.09906,1.10159,1.09947
2016-07-20 13:00:00,1.09949,1.09916,1.1003,1.09962
2016-07-20 14:00:00,1.09963,1.09959,1.10297,1.10075
2016-07-20 15:00:00,1.10075,1.09984,1.10107,1.10041
2016-07-20 16:00:00,1.10044,1.09982,1.10073,1.10051
2016-07-20 17:00:00,1.10053,1.09984,1.10061,1.10042
2016-07-20 18:00:00,1.10043,1.10008,1.10081,1.10034
2016-07-20 19:00:00,1.1003,1.10027,1.10207,1.10172
2016-07-20 20:00:00,1.1017,1.101,1.1017,1.10132
2016-07-20 21:00:00,1.10103,1.10009,1.10166,1.10094
2016-07-20 22:00:00,1.1009,1.10075,1.10112,1.10102
2016-07-20 23:00:00,1.10103,1.10095,1.10209,1.1016
2016-07-21 00:00:00,1.10158,1.10066,1.10186,1.10093
2016-07-21 01:00:00,1.10095,1.10081,1.10268,1.10242
2016-07-21 02:00:00,1.1024,1.10167,1.1024,1.10218
2016-07-21 03:00:00,1.10219,1.10218,1.10433,1.10356
2016-07-21 04:00:00,1.10357,1.10316,1.10366,1.10339
2016-07-21 05:00:00,1.10338,1.10261,1.1038,1.10275
2016-07-21 06:00:00,1.10273,1.1027,1.10468,1.10374
2016-07-21 07:00:00,1.10375,1.1022,1.10385,1.1032
2016-07-21 08:00:00,1.10319,1.10134,1.10411,1.1014
2016-07-21 09:00:00,1.10138,1.10043,1.10305,1.10229
2016-07-21 10:00:00,1.1023,1.10112,1.10315,1.10147
2016-07-21 11:00:00,1.10148,1.10103,1.10262,1.10114
2016-07-21 12:00:00,1.10115,1.10082,1.10586,1.10423
2016-07-21 13:00:00,1.10424,1.10055,1.10571,1.10099
2016-07-21 14:00:00,1.10091,1.09786,1.10153,1.09931
2016-07-21 15:00:00,1.0993,1.0992,1.10203,1.10146
2016-07-21 16:00:00,1.10145,1.10037,1.10163,1.10068
2016-07-21 17:00:00,1.1007,1.10016,1.10121,1.10086
2016-07-21 18:00:00,1.10082,1.10051,1.10194,1.10129
2016-07-21 19:00:00,1.10131,1.1013,1.1023,1.10214
2016-07-21 20:00:00,1.10209,1.10184,1.1027,1.10251
2016-07-21 21:00:00,1.10239,1.10179,1.10273,1.10241
2016-07-21 22:00:00,1.10241,1.10192,1.10271,1.10256
2016-07-21 23:00:00,1.10255,1.10241,1.10328,1.10313
2016-07-22 00:00:00,1.10315,1.10254,1.10326,1.10277
2016-07-22 01:00:00,1.10276,1.10229,1.10305,1.10231
2016-07-22 02:00:00,1.10232,1.10191,1.10257,1.10221
2016-07-22 03:00:00,1.10221,1.10184,1.10252,1.10236
2016-07-22 04:00:00,1.10237,1.10228,1.10301,1.10299
2016-07-22 05:00:00,1.10297,1.10191,1.10318,1.10205
2016-07-22 06:00:00,1.10205,1.10198,1.10341,1.10226
2016-07-22 07:00:00,1.10225,1.10157,1.10302,1.1025
2016-07-22 08:00:00,1.10249,1.10238,1.10404,1.1028
2016-07-22 09:00:00,1.10281,1.10219,1.10367,1.10252
2016-07-22 10:00:00,1.10253,1.10116,1.10274,1.1016
2016-07-22 11:00:00,1.1016,1.10128,1.10301,1.10238
2016-07-22 12:00:00,1.10237,1.10085,1.10247,1.10133
2016-07-22 13:00:00,1.10134,1.10073,1.10236,1.10122
2016-07-22 14:00:00,1.10124,1.097,1.10167,1.09797
2016-07-22 15:00:00,1.09799,1.09656,1.098,1.09671
2016-07-22 16:00:00,1.0967,1.09555,1.09677,1.09664
2016-07-22 17:00:00,1.09664,1.09585,1.0968,1.09658
2016-07-22 18:00:00,1.09657,1.09547,1.09661,1.09613
2016-07-22 19:00:00,1.09609,1.09603,1.09735,1.0973
2016-07-22 20:00:00,1.09727,1.09697,1.0978,1.09714
2016-07-24 21:00:00,1.09701,1.09656,1.09745,1.09706
2016-07-24 22:00:00,1.09704,1.09605,1.09721,1.09707
2016-07-24 23:00:00,1.09706,1.09654,1.09708,1.09681
2016-07-25 00:00:00,1.0968,1.09575,1.0972,1.0959
2016-07-25 01:00:00,1.09589,1.09514,1.09606,1.09595
2016-07-25 02:00:00,1.09597,1.09592,1.09702,1.09695
2016-07-25 03:00:00,1.09693,1.09678,1.09729,1.09718
2016-07-25 04:00:00,1.09716,1.09694,1.09763,1.09748
2016-07-25 05:00:00,1.09747,1.09731,1.09783,1.09743
2016-07-25 06:00:00,1.09744,1.09643,1.09778,1.0967
2016-07-25 07:00:00,1.09671,1.096,1.09707,1.09644
2016-07-25 08:00:00,1.09648,1.09628,1.09866,1.09818
2016-07-25 09:00:00,1.09819,1.09787,1.0996,1.09916
2016-07-25 10:00:00,1.09915,1.09854,1.09935,1.0988
2016-07-25 11:00:00,1.09881,1.09804,1.09885,1.09833
2016-07-25 12:00:00,1.09831,1.09714,1.09885,1.09732
2016-07-25 13:00:00,1.09729,1.09716,1.09843,1.09779
2016-07-25 14:00:00,1.09777,1.09696,1.09848,1.09703
2016-07-25 15:00:00,1.09705,1.09674,1.09807,1.0978
2016-07-25 16:00:00,1.09782,1.0977,1.09887,1.09866
2016-07-25 17:00:00,1.09866,1.09834,1.09937,1.09926
2016-07-25 18:00:00,1.09927,1.09879,1.09981,1.0989
2016-07-25 19:00:00,1.0989,1.09875,1.09949,1.09899
2016-07-25 20:00:00,1.099,1.09893,1.09939,1.09935
2016-07-25 21:00:00,1.0992,1.09897,1.0995,1.09921
2016-07-25 22:00:00,1.0992,1.09888,1.09954,1.09923
2016-07-25 23:00:00,1.09922,1.09877,1.09959,1.09886
2016-07-26 00:00:00,1.09882,1.09823,1.09932,1.09841
2016-07-26 01:00:00,1.09839,1.09825,1.09929,1.09896
2016-07-26 02:00:00,1.09895,1.0985,1.09926,1.09869
2016-07-26 03:00:00,1.0987,1.09861,1.09885,1.0987
2016-07-26 04:00:00,1.09871,1.09858,1.10056,1.10041
2016-07-26 05:00:00,1.10043,1.09994,1.102,1.10118
2016-07-26 06:00:00,1.10116,1.10059,1.10163,1.10071
2016-07-26 07:00:00,1.1007,1.09961,1.10112,1.10071
2016-07-26 08:00:00,1.1007,1.10018,1.10118,1.1011
2016-07-26 09:00:00,1.10109,1.10106,1.10295,1.1013
2016-07-26 10:00:00,1.10128,1.1001,1.10157,1.10014
2016-07-26 11:00:00,1.10011,1.09941,1.1002,1.09967
2016-07-26 12:00:00,1.09965,1.09845,1.09993,1.0994
2016-07-26 13:00:00,1.09937,1.09906,1.10058,1.10008
2016-07-26 14:00:00,1.10007,1.09775,1.10018,1.09806
2016-07-26 15:00:00,1.09805,1.0978,1.0987,1.09823
2016-07-26 16:00:00,1.09824,1.09808,1.09875,1.09874
2016-07-26 17:00:00,1.09872,1.09841,1.09923,1.09899
2016-07-26 18:00:00,1.09897,1.09857,1.09921,1.0986
2016-07-26 19:00:00,1.09861,1.09831,1.09906,1.09874
2016-07-26 20:00:00,1.09873,1.09821,1.09888,1.09841
2016-07-26 21:00:00,1.09848,1.0983,1.09883,1.09835
2016-07-26 22:00:00,1.09839,1.09832,1.09886,1.09878
2016-07-26 23:00:00,1.09878,1.09856,1.09896,1.09863
2016-07-27 00:00:00,1.09865,1.09809,1.09929,1.09895
2016-07-27 01:00:00,1.09896,1.09852,1.0993,1.09857
2016-07-27 02:00:00,1.09856,1.09846,1.09946,1.09902
2016-07-27 03:00:00,1.09898,1.0984,1.10006,1.09974
2016-07-27 04:00:00,1.09976,1.09935,1.10016,1.09997
2016-07-27 05:00:00,1.09995,1.09905,1.09998,1.09949
2016-07-27 06:00:00,1.09948,1.0987,1.09952,1.09894
2016-07-27 07:00:00,1.09894,1.09863,1.10003,1.10003
2016-07-27 08:00:00,1.10005,1.09923,1.10032,1.09932
2016-07-27 09:00:00,1.09931,1.09912,1.10053,1.09983
2016-07-27 10:00:00,1.09982,1.09912,1.10047,1.09934
2016-07-27 11:00:00,1.09935,1.09882,1.09964,1.09916
2016-07-27 12:00:00,1.09917,1.09872,1.10036,1.09986
2016-07-27 13:00:00,1.09986,1.09922,1.10049,1.1002
2016-07-27 14:00:00,1.1002,1.09848,1.10072,1.09868
2016-07-27 15:00:00,1.09867,1.09832,1.09959,1.09866
2016-07-27 16:00:00,1.09868,1.09863,1.09945,1.09906
2016-07-27 17:00:00,1.09904,1.09886,1.09997,1.0993
2016-07-27 18:00:00,1.09935,1.0959,1.10224,1.10182
2016-07-27 19:00:00,1.10181,1.10172,1.10643,1.10521
2016-07-27 20:00:00,1.10523,1.10497,1.10623,1.10581
2016-07-27 21:00:00,1.10634,1.10511,1.10696,1.10533
2016-07-27 22:00:00,1.10533,1.10514,1.10581,1.10569
2016-07-27 23:00:00,1.1057,1.10568,1.10729,1.10665
2016-07-28 00:00:00,1.10667,1.10657,1.10745,1.10671
2016-07-28 01:00:00,1.10673,1.10582,1.10681,1.10608
2016-07-28 02:00:00,1.10609,1.10608,1.10729,1.1072
2016-07-28 03:00:00,1.10722,1.10716,1.10764,1.10724
2016-07-28 04:00:00,1.10723,1.10662,1.10733,1.10695
2016-07-28 05:00:00,1.10697,1.10634,1.10706,1.10682
2016-07-28 06:00:00,1.10679,1.10676,1.10945,1.1088
2016-07-28 07:00:00,1.10879,1.10874,1.11186,1.11018
2016-07-28 08:00:00,1.11023,1.11007,1.11134,1.11046
2016-07-28 09:00:00,1.11045,1.109,1.11059,1.10935
2016-07-28 10:00:00,1.10934,1.10808,1.10951,1.10828
2016-07-28 11:00:00,1.10829,1.10787,1.10884,1.10825
2016-07-28 12:00:00,1.10824,1.10821,1.11029,1.10991
2016-07-28 13:00:00,1.10992,1.10893,1.11049,1.11048
2016-07-28 14:00:00,1.11047,1.10814,1.11073,1.10827
2016-07-28 15:00:00,1.10829,1.10791,1.1094,1.1093
2016-07-28 16:00:00,1.10931,1.10727,1.10931,1.10752
2016-07-28 17:00:00,1.10754,1.10682,1.108,1.10709
2016-07-28 18:00:00,1.10711,1.10679,1.10753,1.10729
2016-07-28 19:00:00,1.10726,1.10707,1.10769,1.10749
2016-07-28 20:00:00,1.10748,1.10745,1.10817,1.10752
2016-07-28 21:00:00,1.10749,1.10727,1.10792,1.1075
2016-07-28 22:00:00,1.10746,1.10723,1.10801,1.10766
2016-07-28 23:00:00,1.10766,1.10748,1.10857,1.10817
2016-07-29 00:00:00,1.10816,1.10736,1.10835,1.10812
2016-07-29 01:00:00,1.10809,1.1077,1.10839,1.1079
2016-07-29 02:00:00,1.10787,1.10746,1.10881,1.10822
2016-07-29 03:00:00,1.1082,1.1071,1.10955,1.10901
2016-07-29 04:00:00,1.10899,1.108,1.10944,1.1081
2016-07-29 05:00:00,1.1081,1.10734,1.10852,1.10776
2016-07-29 06:00:00,1.10778,1.10761,1.10893,1.1088
2016-07-29 07:00:00,1.10879,1.10851,1.1101,1.10869
2016-07-29 08:00:00,1.10869,1.10831,1.1098,1.10974
2016-07-29 09:00:00,1.10973,1.10927,1.11118,1.11099
2016-07-29 10:00:00,1.11102,1.11065,1.11125,1.11114
2016-07-29 11:00:00,1.11114,1.11082,1.11141,1.11133
2016-07-29 12:00:00,1.11135,1.11043,1.11548,1.11494
2016-07-29 13:00:00,1.11493,1.11488,1.11676,1.11614
2016-07-29 14:00:00,1.11615,1.11615,1.1182,1.11789
2016-07-29 15:00:00,1.11785,1.1168,1.1197,1.11686
2016-07-29 16:00:00,1.11685,1.11541,1.11735,1.11562
2016-07-29 17:00:00,1.11562,1.11559,1.11664,1.11642
2016-07-29 18:00:00,1.11641,1.1163,1.118,1.11771
2016-07-29 19:00:00,1.1177,1.11764,1.11884,1.11773
2016-07-29 20:00:00,1.11775,1.11683,1.11844,1.11696
2016-07-31 21:00:00,1.11723,1.11643,1.11798,1.11786
2016-07-31 22:00:00,1.11792,1.11704,1.11825,1.11705
2016-07-31 23:00:00,1.11707,1.11652,1.11717,1.11664
2016-08-01 00:00:00,1.11663,1.11653,1.11762,1.11744
2016-08-01 01:00:00,1.11738,1.11678,1.11776,1.11714
2016-08-01 02:00:00,1.11717,1.11692,1.11749,1.11704
2016-08-01 03:00:00,1.11702,1.11657,1.11781,1.11779
2016-08-01 04:00:00,1.11778,1.11747,1.11809,1.11788
2016-08-01 05:00:00,1.1179,1.11702,1.118,1.11705
2016-08-01 06:00:00,1.11704,1.11613,1.11705,1.11639
2016-08-01 07:00:00,1.11636,1.11605,1.11715,1.11679
2016-08-01 08:00:00,1.1168,1.1159,1.11768,1.1159
2016-08-01 09:00:00,1.11587,1.11582,1.1177,1.1175
2016-08-01 10:00:00,1.11748,1.116,1.11748,1.11637
2016-08-01 11:00:00,1.11639,1.11545,1.11672,1.11558
2016-08-01 12:00:00,1.11557,1.11556,1.11691,1.11645
2016-08-01 13:00:00,1.11643,1.11596,1.11691,1.11644
2016-08-01 14:00:00,1.11646,1.11626,1.11741,1.11693
2016-08-01 15:00:00,1.11694,1.11692,1.11786,1.11745
2016-08-01 16:00:00,1.11745,1.11666,1.11768,1.11703
2016-08-01 17:00:00,1.11704,1.11655,1.11719,1.11672
2016-08-01 18:00:00,1.11673,1.11643,1.11708,1.11692
2016-08-01 19:00:00,1.11691,1.11607,1.11691,1.11667
2016-08-01 20:00:00,1.11669,1.11583,1.11681,1.11607
2016-08-01 21:00:00,1.11596,1.1157,1.11641,1.11627
2016-08-01 22:00:00,1.11625,1.11625,1.1166,1.1166
2016-08-01 23:00:00,1.11658,1.11623,1.11672,1.11665
2016-08-02 00:00:00,1.11661,1.11655,1.11746,1.11717
2016-08-02 01:00:00,1.11716,1.11629,1.11742,1.11639
2016-08-02 02:00:00,1.1164,1.11617,1.11715,1.11698
2016-08-02 03:00:00,1.117,1.11685,1.11722,1.11716
2016-08-02 04:00:00,1.11716,1.11697,1.11801,1.11759
2016-08-02 05:00:00,1.11757,1.11731,1.11841,1.11772
2016-08-02 06:00:00,1.11771,1.11749,1.11864,1.11827
2016-08-02 07:00:00,1.11825,1.11809,1.1208,1.11991
2016-08-02 08:00:00,1.11992,1.11919,1.12017,1.12016
2016-08-02 09:00:00,1.12015,1.11933,1.12027,1.11952
2016-08-02 10:00:00,1.11951,1.119,1.12038,1.11914
2016-08-02 11:00:00,1.11912,1.11862,1.11949,1.11931
2016-08-02 12:00:00,1.11934,1.11866,1.12055,1.12002
2016-08-02 13:00:00,1.12003,1.12003,1.12159,1.12145
2016-08-02 14:00:00,1.12147,1.12106,1.12244,1.12189
2016-08-02 15:00:00,1.12189,1.12189,1.12299,1.12235
2016-08-02 16:00:00,1.12236,1.12185,1.12286,1.12224
2016-08-02 17:00:00,1.12226,1.12223,1.12325,1.12282
2016-08-02 18:00:00,1.12281,1.12228,1.12332,1.12257
2016-08-02 19:00:00,1.12259,1.12197,1.12259,1.1221
2016-08-02 20:00:00,1.12212,1.12194,1.12249,1.12207
2016-08-02 21:00:00,1.12196,1.12181,1.12261,1.12212
2016-08-02 22:00:00,1.1221,1.12177,1.12219,1.12189
2016-08-02 23:00:00,1.12189,1.12168,1.12209,1.12171
2016-08-03 00:00:00,1.1217,1.12136,1.12186,1.12139
2016-08-03 01:00:00,1.12141,1.12105,1.12151,1.12121
2016-08-03 02:00:00,1.12122,1.12075,1.12162,1.12082
2016-08-03 03:00:00,1.12078,1.12076,1.12146,1.12119
2016-08-03 04:00:00,1.1212,1.12106,1.12166,1.1213
2016-08-03 05:00:00,1.12129,1.12073,1.1214,1.12087
2016-08-03 06:00:00,1.12086,1.12004,1.12118,1.1201
2016-08-03 07:00:00,1.12008,1.11997,1.12146,1.12107
2016-08-03 08:00:00,1.12108,1.11963,1.12127,1.11994
2016-08-03 09:00:00,1.11995,1.11894,1.12005,1.11906
2016-08-03 10:00:00,1.11906,1.11895,1.12041,1.11979
2016-08-03 11:00:00,1.11979,1.1196,1.12022,1.12017
2016-08-03 12:00:00,1.12016,1.11896,1.12041,1.11928
2016-08-03 13:00:00,1.11925,1.11751,1.1196,1.11808
2016-08-03 14:00:00,1.1181,1.11615,1.11849,1.11718
2016-08-03 15:00:00,1.11717,1.11692,1.11789,1.11695
2016-08-03 16:00:00,1.11695,1.11657,1.11758,1.11729
2016-08-03 17:00:00,1.11726,1.1142,1.11759,1.11431
2016-08-03 18:00:00,1.11432,1.11398,1.1146,1.11447
2016-08-03 19:00:00,1.11447,1.11445,1.11498,1.11474
2016-08-03 20:00:00,1.11473,1.11461,1.11504,1.11496
2016-08-03 21:00:00,1.1147,1.11462,1.11504,1.11478
2016-08-03 22:00:00,1.11478,1.11465,1.115,1.11483
2016-08-03 23:00:00,1.11484,1.11471,1.1151,1.11496
2016-08-04 00:00:00,1.11494,1.11428,1.11522,1.11438
2016-08-04 01:00:00,1.11436,1.11346,1.11557,1.11511
2016-08-04 02:00:00,1.11508,1.11418,1.11528,1.11483
2016-08-04 03:00:00,1.11484,1.11438,1.11486,1.11439
2016-08-04 04:00:00,1.11438,1.11418,1.11468,1.11454
2016-08-04 05:00:00,1.11452,1.11387,1.11458,1.11396
2016-08-04 06:00:00,1.11394,1.11273,1.11448,1.11283
2016-08-04 07:00:00,1.11284,1.11268,1.11411,1.11351
2016-08-04 08:00:00,1.1135,1.11326,1.11402,1.11336
2016-08-04 09:00:00,1.11333,1.11239,1.11348,1.11261
2016-08-04 10:00:00,1.1126,1.11245,1.11374,1.11306
2016-08-04 11:00:00,1.11307,1.11134,1.11379,1.11213
2016-08-04 12:00:00,1.11215,1.11211,1.11474,1.11436
2016-08-04 13:00:00,1.11435,1.1135,1.11483,1.11422
2016-08-04 14:00:00,1.11426,1.11354,1.11477,1.1138
2016-08-04 15:00:00,1.11381,1.11297,1.11423,1.11327
2016-08-04 16:00:00,1.11328,1.1131,1.11397,1.1137
2016-08-04 17:00:00,1.11367,1.11269,1.11367,1.11306
2016-08-04 18:00:00,1.11306,1.11286,1.11344,1.11294
2016-08-04 19:00:00,1.11295,1.11256,1.11318,1.11304
2016-08-04 20:00:00,1.11303,1.11265,1.11312,1.11279
2016-08-04 21:00:00,1.11265,1.11256,1.11315,1.11273
2016-08-04 22:00:00,1.11268,1.11246,1.11279,1.11278
2016-08-04 23:00:00,1.11276,1.11275,1.11345,1.11343
2016-08-05 00:00:00,1.11341,1.11282,1.11341,1.11316
2016-08-05 01:00:00,1.11315,1.11281,1.11334,1.11318
2016-08-05 02:00:00,1.11317,1.11298,1.11343,1.11342
2016-08-05 03:00:00,1.11342,1.11324,1.11349,1.11338
2016-08-05 04:00:00,1.11336,1.1132,1.11364,1.1136
2016-08-05 05:00:00,1.11361,1.11344,1.11406,1.11366
2016-08-05 06:00:00,1.11364,1.11364,1.11437,1.11403
2016-08-05 07:00:00,1.11398,1.11322,1.11438,1.11384
2016-08-05 08:00:00,1.11383,1.11374,1.11508,1.11495
2016-08-05 09:00:00,1.11496,1.11394,1.11514,1.11411
2016-08-05 10:00:00,1.1141,1.11397,1.11489,1.11448
2016-08-05 11:00:00,1.11446,1.11441,1.116,1.11536
2016-08-05 12:00:00,1.11537,1.10809,1.11606,1.1083
2016-08-05 13:00:00,1.10829,1.10452,1.10854,1.10499
2016-08-05 14:00:00,1.10497,1.10479,1.10719,1.107
2016-08-05 15:00:00,1.10701,1.10671,1.10868,1.1079
2016-08-05 16:00:00,1.10789,1.10776,1.1089,1.10875
2016-08-05 17:00:00,1.10876,1.10861,1.11048,1.10929
2016-08-05 18:00:00,1.10928,1.10902,1.10938,1.10903
2016-08-05 19:00:00,1.10904,1.1086,1.10912,1.10871
2016-08-05 20:00:00,1.10868,1.10817,1.10886,1.10832
2016-08-07 21:00:00,1.10759,1.10759,1.10908,1.10852
2016-08-07 22:00:00,1.10846,1.10776,1.10906,1.10903
2016-08-07 23:00:00,1.10905,1.10855,1.10916,1.10863
2016-08-08 00:00:00,1.10862,1.108,1.10885,1.10831
2016-08-08 01:00:00,1.10831,1.10822,1.10929,1.10915
2016-08-08 02:00:00,1.10916,1.10916,1.10983,1.10965
2016-08-08 03:00:00,1.10962,1.10961,1.11033,1.11028
2016-08-08 04:00:00,1.11027,1.10992,1.11043,1.11039
2016-08-08 05:00:00,1.1104,1.10901,1.11043,1.10936
2016-08-08 06:00:00,1.10937,1.10814,1.10982,1.10815
2016-08-08 07:00:00,1.10816,1.10816,1.1091,1.10879
2016-08-08 08:00:00,1.10876,1.10791,1.10905,1.10856
2016-08-08 09:00:00,1.10854,1.10848,1.10968,1.10913
2016-08-08 10:00:00,1.10915,1.10804,1.10928,1.10804
2016-08-08 11:00:00,1.10801,1.10783,1.10857,1.1084
2016-08-08 12:00:00,1.10839,1.10814,1.10871,1.10861
2016-08-08 13:00:00,1.10859,1.10728,1.10873,1.10734
2016-08-08 14:00:00,1.1073,1.1073,1.10858,1.10735
2016-08-08 15:00:00,1.10734,1.10714,1.10789,1.10759
2016-08-08 16:00:00,1.10758,1.10744,1.10802,1.10767
2016-08-08 17:00:00,1.10767,1.10755,1.10807,1.10805
2016-08-08 18:00:00,1.10803,1.10799,1.10848,1.10807
2016-08-08 19:00:00,1.10809,1.10808,1.10855,1.10824
2016-08-08 20:00:00,1.10822,1.10805,1.10878,1.10869
2016-08-08 21:00:00,1.10837,1.10809,1.10867,1.10841
2016-08-08 22:00:00,1.10847,1.10811,1.1085,1.10838
2016-08-08 23:00:00,1.1084,1.1082,1.10863,1.10842
2016-08-09 00:00:00,1.10842,1.10841,1.10898,1.10856
2016-08-09 01:00:00,1.10856,1.10755,1.10865,1.10755
2016-08-09 02:00:00,1.10757,1.10698,1.10802,1.10802
2016-08-09 03:00:00,1.10804,1.10797,1.10876,1.10845
2016-08-09 04:00:00,1.10844,1.10817,1.10861,1.10823
2016-08-09 05:00:00,1.10822,1.10753,1.10828,1.10755
2016-08-09 06:00:00,1.10759,1.10716,1.108,1.10734
2016-08-09 07:00:00,1.10732,1.10703,1.10785,1.10766
2016-08-09 08:00:00,1.10767,1.10754,1.10947,1.10935
2016-08-09 09:00:00,1.10938,1.10857,1.10956,1.10879
2016-08-09 10:00:00,1.10876,1.10831,1.109,1.10841
2016-08-09 11:00:00,1.10842,1.10747,1.10874,1.1077
2016-08-09 12:00:00,1.10769,1.1074,1.10801,1.10791
2016-08-09 13:00:00,1.10793,1.10777,1.11103,1.11005
2016-08-09 14:00:00,1.11008,1.10994,1.1122,1.11099
2016-08-09 15:00:00,1.111,1.11062,1.11135,1.11089
2016-08-09 16:00:00,1.11087,1.11013,1.11123,1.11021
2016-08-09 17:00:00,1.1102,1.11001,1.11114,1.11082
2016-08-09 18:00:00,1.11079,1.11057,1.11116,1.11076
2016-08-09 19:00:00,1.11072,1.11055,1.1115,1.11115
2016-08-09 20:00:00,1.11117,1.11113,1.11177,1.11159
2016-08-09 21:00:00,1.11124,1.11108,1.11158,1.11142
2016-08-09 22:00:00,1.11139,1.11124,1.11186,1.11142
2016-08-09 23:00:00,1.11141,1.11141,1.11173,1.11171
2016-08-10 00:00:00,1.11169,1.11165,1.11445,1.11376
2016-08-10 01:00:00,1.11378,1.11377,1.11502,1.11461
2016-08-10 02:00:00,1.11461,1.11428,1.11555,1.11488
2016-08-10 03:00:00,1.11489,1.11431,1.11505,1.11495
2016-08-10 04:00:00,1.11496,1.11475,1.11548,1.11494
2016-08-10 05:00:00,1.11493,1.11468,1.11542,1.11468
2016-08-10 06:00:00,1.11467,1.1139,1.11516,1.11396
2016-08-10 07:00:00,1.11399,1.11381,1.11518,1.11429
2016-08-10 08:00:00,1.11428,1.11411,1.11483,1.11461
2016-08-10 09:00:00,1.11459,1.11454,1.11835,1.11724
2016-08-10 10:00:00,1.1172,1.11694,1.11771,1.11719
2016-08-10 11:00:00,1.1172,1.1172,1.11895,1.11847
2016-08-10 12:00:00,1.11848,1.11792,1.11891,1.11887
2016-08-10 13:00:00,1.11886,1.11723,1.11893,1.11752
2016-08-10 14:00:00,1.11751,1.11583,1.11779,1.11646
2016-08-10 15:00:00,1.11647,1.11602,1.11747,1.11698
2016-08-10 16:00:00,1.11696,1.11659,1.11749,1.11662
2016-08-10 17:00:00,1.11664,1.11661,1.11781,1.11777
2016-08-10 18:00:00,1.1178,1.11704,1.11835,1.11743
2016-08-10 19:00:00,1.11742,1.11701,1.11802,1.11744
2016-08-10 20:00:00,1.11745,1.11727,1.11788,1.11752
2016-08-10 21:00:00,1.11755,1.11701,1.11833,1.1182
2016-08-10 22:00:00,1.11822,1.11796,1.11868,1.11854
2016-08-10 23:00:00,1.11852,1.11842,1.1191,1.11846
2016-08-11 00:00:00,1.11847,1.1182,1.11898,1.11833
2016-08-11 01:00:00,1.11835,1.11725,1.11836,1.11764
2016-08-11 02:00:00,1.11763,1.11756,1.11817,1.11759
2016-08-11 03:00:00,1.11761,1.11666,1.11776,1.1168
2016-08-11 04:00:00,1.11678,1.11662,1.11723,1.11673
2016-08-11 05:00:00,1.11673,1.1162,1.11678,1.11633
2016-08-11 06:00:00,1.11632,1.11596,1.11672,1.11657
2016-08-11 07:00:00,1.11654,1.11405,1.11691,1.11479
2016-08-11 08:00:00,1.11476,1.11354,1.11488,1.11427
2016-08-11 09:00:00,1.11426,1.11418,1.11504,1.11453
2016-08-11 10:00:00,1.11451,1.11372,1.11487,1.11472
2016-08-11 11:00:00,1.11468,1.1141,1.1154,1.11463
2016-08-11 12:00:00,1.11464,1.11456,1.11607,1.11564
2016-08-11 13:00:00,1.11562,1.11505,1.11678,1.11661
2016-08-11 14:00:00,1.11662,1.11646,1.11788,1.11776
2016-08-11 15:00:00,1.11774,1.11669,1.11816,1.11678
2016-08-11 16:00:00,1.11679,1.11525,1.1168,1.1157
2016-08-11 17:00:00,1.11569,1.11393,1.11579,1.11394
2016-08-11 18:00:00,1.11392,1.11365,1.11434,1.11423
2016-08-11 19:00:00,1.11422,1.11394,1.11461,1.11404
2016-08-11 20:00:00,1.11402,1.11345,1.11406,1.11361
2016-08-11 21:00:00,1.11327,1.11324,1.11402,1.11395
2016-08-11 22:00:00,1.11389,1.11356,1.11398,1.11387
2016-08-11 23:00:00,1.11385,1.1135,1.11389,1.11377
2016-08-12 00:00:00,1.11374,1.11308,1.11427,1.11341
2016-08-12 01:00:00,1.11342,1.11329,1.11392,1.11377
2016-08-12 02:00:00,1.11379,1.11345,1.114,1.11384
2016-08-12 03:00:00,1.11385,1.11384,1.1144,1.11399
2016-08-12 04:00:00,1.114,1.11346,1.114,1.11393
2016-08-12 05:00:00,1.11392,1.11375,1.11424,1.11413
2016-08-12 06:00:00,1.11413,1.11339,1.1145,1.11416
2016-08-12 07:00:00,1.11415,1.11388,1.11558,1.11439
2016-08-12 08:00:00,1.11438,1.11438,1.11586,1.11534
2016-08-12 09:00:00,1.11532,1.11442,1.11562,1.11489
2016-08-12 10:00:00,1.1149,1.11463,1.11561,1.1153
2016-08-12 11:00:00,1.11532,1.11472,1.11542,1.11494
2016-08-12 12:00:00,1.11496,1.11495,1.12209,1.12083
2016-08-12 13:00:00,1.12084,1.11843,1.121,1.11947
2016-08-12 14:00:00,1.11946,1.11678,1.1203,1.1178
2016-08-12 15:00:00,1.11781,1.11698,1.11837,1.1171
2016-08-12 16:00:00,1.11713,1.11659,1.11714,1.11677
2016-08-12 17:00:00,1.11678,1.1164,1.11722,1.11644
2016-08-12 18:00:00,1.11643,1.11583,1.11715,1.11627
2016-08-12 19:00:00,1.11625,1.11597,1.1164,1.11609
2016-08-12 20:00:00,1.1161,1.1156,1.11649,1.11571
2016-08-14 21:00:00,1.11654,1.11647,1.11681,1.11675
2016-08-14 22:00:00,1.11669,1.11574,1.11674,1.1161
2016-08-14 23:00:00,1.11608,1.11561,1.11648,1.11638
2016-08-15 00:00:00,1.11638,1.11527,1.11639,1.11549
2016-08-15 01:00:00,1.1155,1.11542,1.11582,1.11547
2016-08-15 02:00:00,1.11545,1.11536,1.11569,1.11554
2016-08-15 03:00:00,1.11555,1.11553,1.1159,1.11575
2016-08-15 04:00:00,1.11576,1.11566,1.11608,1.11574
2016-08-15 05:00:00,1.11573,1.1156,1.11619,1.11614
2016-08-15 06:00:00,1.11616,1.11576,1.11687,1.11669
2016-08-15 07:00:00,1.1167,1.11641,1.11751,1.1173
2016-08-15 08:00:00,1.11729,1.11644,1.11752,1.1168
2016-08-15 09:00:00,1.11681,1.11655,1.11712,1.11656
2016-08-15 10:00:00,1.11655,1.11652,1.11739,1.11694
2016-08-15 11:00:00,1.11695,1.11668,1.11835,1.11824
2016-08-15 12:00:00,1.11823,1.11735,1.11857,1.11736
2016-08-15 13:00:00,1.11735,1.11706,1.11962,1.11895
2016-08-15 14:00:00,1.11896,1.11832,1.1203,1.11958
2016-08-15 15:00:00,1.11958,1.11918,1.11996,1.11977
2016-08-15 16:00:00,1.11978,1.11798,1.11995,1.11808
2016-08-15 17:00:00,1.11806,1.11805,1.11857,1.11848
2016-08-15 18:00:00,1.11848,1.1181,1.11852,1.11813
2016-08-15 19:00:00,1.11814,1.11807,1.11857,1.11853
2016-08-15 20:00:00,1.11849,1.11802,1.1186,1.11817
2016-08-15 21:00:00,1.11821,1.11813,1.1185,1.11827
2016-08-15 22:00:00,1.11829,1.11825,1.11864,1.11851
2016-08-15 23:00:00,1.11853,1.11793,1.11857,1.11813
2016-08-16 00:00:00,1.11812,1.11767,1.1183,1.11804
2016-08-16 01:00:00,1.11801,1.11792,1.11839,1.11801
2016-08-16 02:00:00,1.11801,1.11789,1.11895,1.1188
2016-08-16 03:00:00,1.11876,1.11872,1.11993,1.11946
2016-08-16 04:00:00,1.11947,1.11916,1.1199,1.11987
2016-08-16 05:00:00,1.11988,1.11984,1.12149,1.12145
2016-08-16 06:00:00,1.12144,1.12131,1.12479,1.12412
2016-08-16 07:00:00,1.12411,1.12312,1.1272,1.12694
2016-08-16 08:00:00,1.12693,1.12556,1.12759,1.1257
2016-08-16 09:00:00,1.12573,1.12545,1.12741,1.12712
2016-08-16 10:00:00,1.12713,1.12619,1.12793,1.12761
2016-08-16 11:00:00,1.12762,1.12739,1.12995,1.1294
2016-08-16 12:00:00,1.12939,1.12609,1.13218,1.12784
2016-08-16 13:00:00,1.12786,1.12454,1.12876,1.12695
2016-08-16 14:00:00,1.12696,1.12584,1.12827,1.12595
2016-08-16 15:00:00,1.1259,1.12576,1.12835,1.12757
2016-08-16 16:00:00,1.12757,1.12639,1.12794,1.12686
2016-08-16 17:00:00,1.12683,1.1268,1.12801,1.12797
2016-08-16 18:00:00,1.12795,1.1273,1.1281,1.12758
2016-08-16 19:00:00,1.12759,1.12732,1.12787,1.12782
2016-08-16 20:00:00,1.12784,1.1275,1.12798,1.12774
2016-08-16 21:00:00,1.12771,1.12728,1.1278,1.12739
2016-08-16 22:00:00,1.12737,1.12737,1.12804,1.12763
2016-08-16 23:00:00,1.12764,1.1272,1.12776,1.12754
2016-08-17 00:00:00,1.12755,1.12722,1.1282,1.12789
2016-08-17 01:00:00,1.1279,1.12786,1.12895,1.12832
2016-08-17 02:00:00,1.12833,1.12705,1.12833,1.12725
2016-08-17 03:00:00,1.12724,1.12712,1.12753,1.12732
2016-08-17 04:00:00,1.12731,1.12647,1.12753,1.12664
2016-08-17 05:00:00,1.12659,1.12571,1.1266,1.12635
2016-08-17 06:00:00,1.12636,1.12554,1.12722,1.12605
2016-08-17 07:00:00,1.12606,1.1255,1.12725,1.12692
2016-08-17 08:00:00,1.12689,1.12544,1.12762,1.12561
2016-08-17 09:00:00,1.12563,1.12534,1.12725,1.12675
2016-08-17 10:00:00,1.12675,1.12642,1.12694,1.12684
2016-08-17 11:00:00,1.12684,1.12675,1.12743,1.12713
2016-08-17 12:00:00,1.12714,1.12685,1.12789,1.1271
2016-08-17 13:00:00,1.12709,1.12635,1.12781,1.12643
2016-08-17 14:00:00,1.12642,1.12634,1.12775,1.12752
2016-08-17 15:00:00,1.12753,1.12587,1.12779,1.12617
2016-08-17 16:00:00,1.12618,1.12616,1.12718,1.12716
2016-08-17 17:00:00,1.12717,1.12601,1.12728,1.12613
2016-08-17 18:00:00,1.12618,1.12392,1.13152,1.12893
2016-08-17 19:00:00,1.12895,1.12767,1.12901,1.12816
2016-08-17 20:00:00,1.12815,1.12797,1.12934,1.12882
2016-08-17 21:00:00,1.12835,1.12813,1.12885,1.12864
2016-08-17 22:00:00,1.12861,1.12861,1.12944,1.12944
2016-08-17 23:00:00,1.12942,1.1289,1.13055,1.12984
2016-08-18 00:00:00,1.12986,1.12969,1.13128,1.12973
2016-08-18 01:00:00,1.12974,1.12947,1.13281,1.13213
2016-08-18 02:00:00,1.13212,1.1299,1.13226,1.13031
2016-08-18 03:00:00,1.13029,1.1299,1.13131,1.13119
2016-08-18 04:00:00,1.13116,1.13009,1.13125,1.13038
2016-08-18 05:00:00,1.13036,1.13017,1.13143,1.13131
2016-08-18 06:00:00,1.1313,1.13078,1.13196,1.13152
2016-08-18 07:00:00,1.13151,1.13117,1.13298,1.13149
2016-08-18 08:00:00,1.13151,1.13118,1.13314,1.1325
2016-08-18 09:00:00,1.13249,1.13048,1.13262,1.13141
2016-08-18 10:00:00,1.1314,1.13129,1.13235,1.1322
2016-08-18 11:00:00,1.13219,1.13186,1.13379,1.13209
2016-08-18 12:00:00,1.13208,1.13047,1.13287,1.13114
2016-08-18 13:00:00,1.13113,1.13055,1.132,1.13152
2016-08-18 14:00:00,1.13151,1.13058,1.1329,1.13266
2016-08-18 15:00:00,1.13268,1.1326,1.13392,1.13325
2016-08-18 16:00:00,1.13322,1.13248,1.13392,1.13289
2016-08-18 17:00:00,1.1329,1.13287,1.13436,1.13419
2016-08-18 18:00:00,1.13418,1.134,1.13557,1.1354
2016-08-18 19:00:00,1.13539,1.13505,1.13654,1.13641
2016-08-18 20:00:00,1.13638,1.13514,1.13658,1.13523
2016-08-18 21:00:00,1.13494,1.13462,1.1353,1.13505
2016-08-18 22:00:00,1.13506,1.13447,1.13589,1.13448
2016-08-18 23:00:00,1.13451,1.13405,1.1348,1.13468
2016-08-19 00:00:00,1.13465,1.13375,1.13473,1.1341
2016-08-19 01:00:00,1.13409,1.13319,1.1344,1.1339
2016-08-19 02:00:00,1.1339,1.13296,1.1342,1.13306
2016-08-19 03:00:00,1.13304,1.13268,1.1334,1.13325
2016-08-19 04:00:00,1.13323,1.13316,1.13369,1.13366
2016-08-19 05:00:00,1.13364,1.13322,1.13373,1.13333
2016-08-19 06:00:00,1.13331,1.13304,1.13441,1.1344
2016-08-19 07:00:00,1.13437,1.13119,1.13484,1.13245
2016-08-19 08:00:00,1.13246,1.13034,1.13284,1.13162
2016-08-19 09:00:00,1.13161,1.13108,1.13222,1.13144
2016-08-19 10:00:00,1.13143,1.1314,1.13264,1.13237
2016-08-19 11:00:00,1.13238,1.13176,1.13292,1.13188
2016-08-19 12:00:00,1.13186,1.13062,1.13296,1.13205
2016-08-19 13:00:00,1.13206,1.13129,1.13267,1.13182
2016-08-19 14:00:00,1.13178,1.13162,1.13326,1.13249
2016-08-19 15:00:00,1.13248,1.13142,1.13267,1.13254
2016-08-19 16:00:00,1.13253,1.13146,1.13259,1.13192
2016-08-19 17:00:00,1.1319,1.13119,1.13198,1.13196
2016-08-19 18:00:00,1.13196,1.13183,1.13238,1.13225
2016-08-19 19:00:00,1.13225,1.13207,1.13305,1.13275
2016-08-19 20:00:00,1.13275,1.13193,1.13276,1.13203
2016-08-21 21:00:00,1.13061,1.13061,1.13198,1.13152
2016-08-21 22:00:00,1.13159,1.13127,1.13189,1.1313
2016-08-21 23:00:00,1.13132,1.12937,1.13159,1.12972
2016-08-22 00:00:00,1.12975,1.12849,1.13013,1.12888
2016-08-22 01:00:00,1.12888,1.12834,1.12972,1.12866
2016-08-22 02:00:00,1.12867,1.12839,1.12922,1.1286
2016-08-22 03:00:00,1.1286,1.12704,1.1286,1.12759
2016-08-22 04:00:00,1.12761,1.1275,1.12839,1.12809
2016-08-22 05:00:00,1.12811,1.12713,1.12813,1.12728
2016-08-22 06:00:00,1.1273,1.12724,1.12837,1.12814
2016-08-22 07:00:00,1.12816,1.1273,1.1288,1.12813
2016-08-22 08:00:00,1.12813,1.12796,1.12972,1.12971
2016-08-22 09:00:00,1.12972,1.12902,1.12993,1.12958
2016-08-22 10:00:00,1.12956,1.12909,1.12965,1.12949
2016-08-22 11:00:00,1.12948,1.12946,1.13063,1.1304
2016-08-22 12:00:00,1.13039,1.13003,1.13105,1.13037
2016-08-22 13:00:00,1.1304,1.13038,1.13141,1.13118
2016-08-22 14:00:00,1.13117,1.13056,1.133,1.13279
2016-08-22 15:00:00,1.13276,1.1311,1.13301,1.13121
2016-08-22 16:00:00,1.13125,1.13122,1.13202,1.13191
2016-08-22 17:00:00,1.13192,1.13156,1.13214,1.13168
2016-08-22 18:00:00,1.13169,1.13168,1.13258,1.13238
2016-08-22 19:00:00,1.13237,1.13181,1.1324,1.13204
2016-08-22 20:00:00,1.13205,1.13195,1.1323,1.13195
2016-08-22 21:00:00,1.13179,1.13179,1.13232,1.13197
2016-08-22 22:00:00,1.13198,1.13189,1.13215,1.13191
2016-08-22 23:00:00,1.13189,1.13142,1.13193,1.13169
2016-08-23 00:00:00,1.13167,1.13148,1.13335,1.13256
2016-08-23 01:00:00,1.13257,1.13214,1.13324,1.13312
2016-08-23 02:00:00,1.13314,1.13243,1.13341,1.13318
2016-08-23 03:00:00,1.13319,1.13276,1.13362,1.13292
2016-08-23 04:00:00,1.13291,1.13275,1.13382,1.13377
2016-08-23 05:00:00,1.13376,1.13351,1.13412,1.13376
2016-08-23 06:00:00,1.13374,1.13276,1.13401,1.13328
2016-08-23 07:00:00,1.13328,1.13306,1.13547,1.13439
2016-08-23 08:00:00,1.13438,1.13309,1.1345,1.13312
2016-08-23 09:00:00,1.13309,1.13272,1.13343,1.13287
2016-08-23 10:00:00,1.13286,1.13217,1.13326,1.13321
2016-08-23 11:00:00,1.13322,1.13301,1.13478,1.13438
2016-08-23 12:00:00,1.13439,1.13348,1.13439,1.13378
2016-08-23 13:00:00,1.13378,1.13235,1.13389,1.13257
2016-08-23 14:00:00,1.13256,1.13197,1.13348,1.13221
2016-08-23 15:00:00,1.13222,1.13066,1.13245,1.13067
2016-08-23 16:00:00,1.13066,1.13047,1.13184,1.13174
2016-08-23 17:00:00,1.13173,1.13099,1.13218,1.1311
2016-08-23 18:00:00,1.13109,1.13034,1.13109,1.13056
2016-08-23 19:00:00,1.13056,1.13029,1.1307,1.13052
2016-08-23 20:00:00,1.13051,1.13025,1.13095,1.13039
2016-08-23 21:00:00,1.13044,1.13015,1.13067,1.13067
2016-08-23 22:00:00,1.13066,1.13024,1.13067,1.13031
2016-08-23 23:00:00,1.13032,1.12991,1.1306,1.13011
2016-08-24 00:00:00,1.13012,1.12957,1.1304,1.12981
2016-08-24 01:00:00,1.12979,1.12966,1.13108,1.12973
2016-08-24 02:00:00,1.12976,1.12928,1.13006,1.12967
2016-08-24 03:00:00,1.12968,1.12939,1.12999,1.12998
2016-08-24 04:00:00,1.12998,1.12942,1.12998,1.12948
2016-08-24 05:00:00,1.12949,1.12877,1.12961,1.12887
2016-08-24 06:00:00,1.12886,1.12864,1.12959,1.1293
2016-08-24 07:00:00,1.12931,1.12883,1.13051,1.12974
2016-08-24 08:00:00,1.12975,1.12901,1.13038,1.1294
2016-08-24 09:00:00,1.12941,1.12743,1.12941,1.12802
2016-08-24 10:00:00,1.12801,1.12758,1.12823,1.12787
2016-08-24 11:00:00,1.12788,1.12553,1.12794,1.12661
2016-08-24 12:00:00,1.12663,1.12531,1.12702,1.12592
2016-08-24 13:00:00,1.12593,1.1252,1.12701,1.12618
2016-08-24 14:00:00,1.12619,1.12448,1.12667,1.12476
2016-08-24 15:00:00,1.12478,1.12447,1.12559,1.12555
2016-08-24 16:00:00,1.12556,1.1253,1.12691,1.1268
2016-08-24 17:00:00,1.12683,1.12617,1.12691,1.12642
2016-08-24 18:00:00,1.12641,1.12597,1.12678,1.12615
2016-08-24 19:00:00,1.12614,1.12599,1.1266,1.12611
2016-08-24 20:00:00,1.12611,1.12611,1.12665,1.12628
2016-08-24 21:00:00,1.12626,1.12612,1.12664,1.12626
2016-08-24 22:00:00,1.12627,1.12607,1.12657,1.12637
2016-08-24 23:00:00,1.12635,1.12592,1.12668,1.12601
2016-08-25 00:00:00,1.12599,1.12587,1.12742,1.12739
2016-08-25 01:00:00,1.12741,1.12678,1.12742,1.12688
2016-08-25 02:00:00,1.12686,1.12659,1.12724,1.12718
2016-08-25 03:00:00,1.12717,1.12681,1.12756,1.127
2016-08-25 04:00:00,1.12702,1.12692,1.12722,1.12693
2016-08-25 05:00:00,1.12692,1.1269,1.12759,1.1273
2016-08-25 06:00:00,1.12728,1.12643,1.12779,1.12648
2016-08-25 07:00:00,1.1265,1.12649,1.12792,1.12766
2016-08-25 08:00:00,1.12765,1.1266,1.12905,1.1284
2016-08-25 09:00:00,1.12839,1.12819,1.12943,1.12939
2016-08-25 10:00:00,1.12939,1.12895,1.12969,1.12896
2016-08-25 11:00:00,1.12894,1.12814,1.12907,1.12868
2016-08-25 12:00:00,1.12869,1.12751,1.12959,1.12937
2016-08-25 13:00:00,1.12936,1.12871,1.12954,1.12938
2016-08-25 14:00:00,1.12936,1.12768,1.12958,1.12789
2016-08-25 15:00:00,1.12791,1.12705,1.12831,1.12737
2016-08-25 16:00:00,1.12739,1.12703,1.12793,1.12773
2016-08-25 17:00:00,1.1277,1.12745,1.12815,1.1281
2016-08-25 18:00:00,1.12809,1.12776,1.12823,1.12788
2016-08-25 19:00:00,1.12787,1.1278,1.12838,1.12798
2016-08-25 20:00:00,1.12795,1.12762,1.12859,1.12843
2016-08-25 21:00:00,1.12789,1.12776,1.12846,1.12833
2016-08-25 22:00:00,1.12835,1.12806,1.12873,1.12843
2016-08-25 23:00:00,1.12841,1.12833,1.12877,1.12861
2016-08-26 00:00:00,1.12858,1.12853,1.12932,1.12915
2016-08-26 01:00:00,1.12915,1.12853,1.12922,1.12902
2016-08-26 02:00:00,1.12901,1.12876,1.12917,1.12904
2016-08-26 03:00:00,1.12907,1.12876,1.1291,1.12895
2016-08-26 04:00:00,1.12896,1.12877,1.12913,1.12878
2016-08-26 05:00:00,1.12879,1.12879,1.12948,1.12931
2016-08-26 06:00:00,1.12929,1.12908,1.13071,1.12978
2016-08-26 07:00:00,1.12977,1.12841,1.12987,1.1287
2016-08-26 08:00:00,1.12869,1.12823,1.12927,1.12862
2016-08-26 09:00:00,1.12861,1.12856,1.12943,1.12893
2016-08-26 10:00:00,1.12893,1.12848,1.12938,1.12887
2016-08-26 11:00:00,1.12887,1.12856,1.12933,1.1291
2016-08-26 12:00:00,1.1291,1.1283,1.13097,1.12989
2016-08-26 13:00:00,1.1299,1.1283,1.13027,1.13021
2016-08-26 14:00:00,1.1302,1.12401,1.13402,1.12782
2016-08-26 15:00:00,1.12779,1.12282,1.12815,1.12364
2016-08-26 16:00:00,1.12365,1.12139,1.12394,1.12341
2016-08-26 17:00:00,1.1234,1.12086,1.1234,1.12129
2016-08-26 18:00:00,1.1213,1.11823,1.12131,1.11874
2016-08-26 19:00:00,1.1187,1.11801,1.12027,1.11928
2016-08-26 20:00:00,1.11929,1.11887,1.11999,1.1192
2016-08-28 21:00:00,1.11714,1.11714,1.11893,1.1185
2016-08-28 22:00:00,1.11847,1.11836,1.11988,1.11942
2016-08-28 23:00:00,1.11944,1.11928,1.12,1.11967
2016-08-29 00:00:00,1.11968,1.11883,1.11991,1.11934
2016-08-29 01:00:00,1.11932,1.11899,1.11999,1.11918
2016-08-29 02:00:00,1.11916,1.11916,1.12006,1.11997
2016-08-29 03:00:00,1.11998,1.1199,1.12039,1.12001
2016-08-29 04:00:00,1.12002,1.12001,1.1206,1.12017
2016-08-29 05:00:00,1.12019,1.12019,1.12071,1.12059
2016-08-29 06:00:00,1.12058,1.11938,1.12058,1.11959
2016-08-29 07:00:00,1.11962,1.11706,1.11986,1.1181
2016-08-29 08:00:00,1.11808,1.11725,1.11891,1.11856
2016-08-29 09:00:00,1.11858,1.11824,1.11915,1.11834
2016-08-29 10:00:00,1.11835,1.11792,1.11859,1.11803
2016-08-29 11:00:00,1.11805,1.11671,1.11809,1.11681
2016-08-29 12:00:00,1.11679,1.11616,1.11745,1.11657
2016-08-29 13:00:00,1.11657,1.11575,1.11742,1.11718
2016-08-29 14:00:00,1.11719,1.11612,1.11771,1.11653
2016-08-29 15:00:00,1.11652,1.11624,1.1181,1.118
2016-08-29 16:00:00,1.11803,1.11729,1.11824,1.11749
2016-08-29 17:00:00,1.1175,1.11719,1.11924,1.11891
2016-08-29 18:00:00,1.11887,1.11846,1.11915,1.11865
2016-08-29 19:00:00,1.11865,1.11834,1.11897,1.11869
2016-08-29 20:00:00,1.1187,1.11862,1.11891,1.11876
2016-08-29 21:00:00,1.11872,1.11821,1.11897,1.11861
2016-08-29 22:00:00,1.1186,1.11853,1.11886,1.11865
2016-08-29 23:00:00,1.11866,1.11852,1.11918,1.11899
2016-08-30 00:00:00,1.11896,1.11799,1.11901,1.11845
2016-08-30 01:00:00,1.11846,1.11676,1.1185,1.1168
2016-08-30 02:00:00,1.11678,1.11673,1.11753,1.11681
2016-08-30 03:00:00,1.11683,1.11676,1.11729,1.11721
2016-08-30 04:00:00,1.11721,1.11706,1.11751,1.11708
2016-08-30 05:00:00,1.1171,1.11641,1.11722,1.11659
2016-08-30 06:00:00,1.11661,1.11634,1.11749,1.11738
2016-08-30 07:00:00,1.1174,1.11545,1.11744,1.11687
2016-08-30 08:00:00,1.11687,1.11646,1.11731,1.11683
2016-08-30 09:00:00,1.11685,1.11658,1.11723,1.11703
2016-08-30 10:00:00,1.11704,1.11617,1.11767,1.11667
2016-08-30 11:00:00,1.11667,1.11622,1.11708,1.11638
2016-08-30 12:00:00,1.11638,1.11525,1.11709,1.11582
2016-08-30 13:00:00,1.11581,1.11446,1.11646,1.11464
2016-08-30 14:00:00,1.11461,1.11355,1.11563,1.11486
2016-08-30 15:00:00,1.11487,1.11414,1.11528,1.11497
2016-08-30 16:00:00,1.11496,1.11421,1.11556,1.11502
2016-08-30 17:00:00,1.11502,1.11326,1.11521,1.11346
2016-08-30 18:00:00,1.11343,1.11314,1.11449,1.11397
2016-08-30 19:00:00,1.11394,1.1138,1.1145,1.11417
2016-08-30 20:00:00,1.11416,1.11411,1.11441,1.11416
2016-08-30 21:00:00,1.11415,1.11395,1.11448,1.1143
2016-08-30 22:00:00,1.11429,1.11416,1.11479,1.11477
2016-08-30 23:00:00,1.11477,1.11463,1.11508,1.11494
2016-08-31 00:00:00,1.11493,1.11358,1.11495,1.11403
2016-08-31 01:00:00,1.11406,1.11397,1.11516,1.11509
2016-08-31 02:00:00,1.1151,1.11495,1.11605,1.1159
2016-08-31 03:00:00,1.11589,1.11529,1.11603,1.1154
2016-08-31 04:00:00,1.1154,1.11528,1.11615,1.11562
2016-08-31 05:00:00,1.11565,1.11448,1.11578,1.1147
2016-08-31 06:00:00,1.11466,1.11287,1.11509,1.11362
2016-08-31 07:00:00,1.11361,1.11292,1.11434,1.11315
2016-08-31 08:00:00,1.11315,1.11298,1.11502,1.11414
2016-08-31 09:00:00,1.1142,1.11407,1.11488,1.11464
2016-08-31 10:00:00,1.11462,1.11405,1.11484,1.11411
2016-08-31 11:00:00,1.11411,1.11336,1.11417,1.1134
2016-08-31 12:00:00,1.11338,1.11224,1.11344,1.11317
2016-08-31 13:00:00,1.11315,1.11275,1.11474,1.11427
2016-08-31 14:00:00,1.11425,1.11265,1.11461,1.11342
2016-08-31 15:00:00,1.11341,1.11328,1.11494,1.11449
2016-08-31 16:00:00,1.11446,1.11446,1.11651,1.1157
2016-08-31 17:00:00,1.11571,1.11479,1.11589,1.11511
2016-08-31 18:00:00,1.1151,1.11502,1.11591,1.11576
2016-08-31 19:00:00,1.11574,1.11522,1.11592,1.11535
2016-08-31 20:00:00,1.11533,1.11529,1.11569,1.11568
2016-08-31 21:00:00,1.1156,1.11543,1.11582,1.11567
2016-08-31 22:00:00,1.11566,1.11548,1.11605,1.11601
2016-08-31 23:00:00,1.11599,1.11556,1.11613,1.11558
2016-09-01 00:00:00,1.11558,1.11514,1.11593,1.11531
2016-09-01 01:00:00,1.11531,1.11529,1.11652,1.11609
2016-09-01 02:00:00,1.11608,1.11543,1.11655,1.11546
2016-09-01 03:00:00,1.11544,1.1154,1.11606,1.1155
2016-09-01 04:00:00,1.11552,1.11516,1.11562,1.11525
2016-09-01 05:00:00,1.11525,1.11483,1.11536,1.11509
2016-09-01 06:00:00,1.11507,1.11427,1.11509,1.11498
2016-09-01 07:00:00,1.11497,1.11268,1.11497,1.1129
2016-09-01 08:00:00,1.11289,1.11273,1.11532,1.11494
2016-09-01 09:00:00,1.11491,1.11339,1.11499,1.11421
2016-09-01 10:00:00,1.11421,1.11403,1.11522,1.11506
2016-09-01 11:00:00,1.11508,1.11453,1.11546,1.11487
2016-09-01 12:00:00,1.11486,1.11354,1.11491,1.11401
2016-09-01 13:00:00,1.114,1.11296,1.11421,1.11356
2016-09-01 14:00:00,1.11361,1.1136,1.11983,1.11903
2016-09-01 15:00:00,1.11902,1.11866,1.11972,1.11931
2016-09-01 16:00:00,1.11929,1.11882,1.12005,1.1197
2016-09-01 17:00:00,1.11971,1.11903,1.12027,1.11923
2016-09-01 18:00:00,1.11924,1.11923,1.12046,1.11986
2016-09-01 19:00:00,1.11984,1.1195,1.12021,1.12
2016-09-01 20:00:00,1.12003,1.11948,1.12023,1.11959
2016-09-01 21:00:00,1.11959,1.11948,1.11974,1.11956
2016-09-01 22:00:00,1.11958,1.11932,1.1197,1.1194
2016-09-01 23:00:00,1.11939,1.11915,1.11986,1.11982
2016-09-02 00:00:00,1.11981,1.11957,1.1202,1.12002
2016-09-02 01:00:00,1.12003,1.11945,1.12007,1.11952
2016-09-02 02:00:00,1.11954,1.1194,1.12,1.11998
2016-09-02 03:00:00,1.11997,1.11966,1.12013,1.1201
2016-09-02 04:00:00,1.12008,1.11987,1.12077,1.12001
2016-09-02 05:00:00,1.12001,1.11953,1.12006,1.1197
2016-09-02 06:00:00,1.11969,1.11862,1.11996,1.11878
2016-09-02 07:00:00,1.1188,1.11854,1.12019,1.11924
2016-09-02 08:00:00,1.11924,1.1178,1.11927,1.11825
2016-09-02 09:00:00,1.11825,1.11734,1.11855,1.11791
2016-09-02 10:00:00,1.1179,1.1176,1.11849,1.11841
2016-09-02 11:00:00,1.11842,1.1183,1.11939,1.119
2016-09-02 12:00:00,1.11901,1.1158,1.12515,1.12075
2016-09-02 13:00:00,1.12077,1.1192,1.12194,1.12054
2016-09-02 14:00:00,1.12056,1.11507,1.12088,1.11606
2016-09-02 15:00:00,1.11607,1.11498,1.11671,1.11567
2016-09-02 16:00:00,1.11568,1.11512,1.11625,1.11619
2016-09-02 17:00:00,1.11621,1.11552,1.11649,1.11563
2016-09-02 18:00:00,1.11562,1.11533,1.11612,1.11592
2016-09-02 19:00:00,1.11591,1.11555,1.11637,1.11578
2016-09-02 20:00:00,1.11579,1.11509,1.11579,1.1152
2016-09-04 21:00:00,1.11549,1.11503,1.1156,1.11513
2016-09-04 22:00:00,1.11515,1.11512,1.11566,1.11561
2016-09-04 23:00:00,1.11564,1.11562,1.11586,1.11576
2016-09-05 00:00:00,1.11578,1.11571,1.11653,1.11572
2016-09-05 01:00:00,1.11573,1.11565,1.11619,1.11574
2016-09-05 02:00:00,1.11576,1.11557,1.11688,1.11643
2016-09-05 03:00:00,1.11643,1.11615,1.11665,1.11662
2016-09-05 04:00:00,1.1166,1.11619,1.11741,1.1174
2016-09-05 05:00:00,1.11738,1.1169,1.11796,1.1177
2016-09-05 06:00:00,1.1177,1.11734,1.11817,1.11759
2016-09-05 07:00:00,1.11758,1.11693,1.11778,1.11754
2016-09-05 08:00:00,1.11753,1.11651,1.11816,1.11672
2016-09-05 09:00:00,1.11671,1.11637,1.11713,1.11654
2016-09-05 10:00:00,1.11653,1.1153,1.1166,1.11635
2016-09-05 11:00:00,1.11633,1.11589,1.11643,1.11613
2016-09-05 12:00:00,1.11613,1.11536,1.1162,1.11542
2016-09-05 13:00:00,1.11541,1.11384,1.11546,1.11439
2016-09-05 14:00:00,1.11439,1.11411,1.11507,1.11411
2016-09-05 15:00:00,1.11411,1.11407,1.11498,1.11498
2016-09-05 16:00:00,1.11499,1.1149,1.11528,1.11523
2016-09-05 17:00:00,1.11524,1.11502,1.11531,1.11515
2016-09-05 18:00:00,1.11515,1.11479,1.11515,1.11479
2016-09-05 19:00:00,1.11478,1.11472,1.11517,1.11473
2016-09-05 20:00:00,1.11472,1.11456,1.11505,1.11456
2016-09-05 21:00:00,1.11463,1.11442,1.11482,1.11466
2016-09-05 22:00:00,1.11465,1.1146,1.11517,1.11473
2016-09-05 23:00:00,1.11471,1.11446,1.11507,1.11497
2016-09-06 00:00:00,1.11496,1.11429,1.1151,1.11441
2016-09-06 01:00:00,1.11438,1.11418,1.11517,1.11448
2016-09-06 02:00:00,1.11449,1.114,1.1157,1.11548
2016-09-06 03:00:00,1.11547,1.11499,1.11556,1.11539
2016-09-06 04:00:00,1.11539,1.11458,1.11554,1.11459
2016-09-06 05:00:00,1.11458,1.11445,1.11491,1.11465
2016-09-06 06:00:00,1.11464,1.11449,1.11556,1.11523
2016-09-06 07:00:00,1.11522,1.11517,1.11685,1.11594
2016-09-06 08:00:00,1.11592,1.11585,1.11679,1.11631
2016-09-06 09:00:00,1.11628,1.11609,1.1165,1.11636
2016-09-06 10:00:00,1.11637,1.11633,1.11685,1.11666
2016-09-06 11:00:00,1.11665,1.11581,1.11687,1.11589
2016-09-06 12:00:00,1.11592,1.11538,1.11634,1.11589
2016-09-06 13:00:00,1.11588,1.11575,1.11676,1.11617
2016-09-06 14:00:00,1.11617,1.11598,1.12551,1.12382
2016-09-06 15:00:00,1.12383,1.12248,1.1244,1.12359
2016-09-06 16:00:00,1.12358,1.12341,1.12481,1.12401
2016-09-06 17:00:00,1.12403,1.12403,1.12571,1.12562
2016-09-06 18:00:00,1.1256,1.12463,1.12625,1.12549
2016-09-06 19:00:00,1.1255,1.12438,1.12561,1.12475
2016-09-06 20:00:00,1.12476,1.12476,1.12569,1.12534
2016-09-06 21:00:00,1.12535,1.12468,1.12547,1.12481
2016-09-06 22:00:00,1.12483,1.12429,1.12509,1.12435
2016-09-06 23:00:00,1.12436,1.12432,1.12552,1.12453
2016-09-07 00:00:00,1.12454,1.12424,1.12531,1.12428
2016-09-07 01:00:00,1.1243,1.12325,1.12462,1.12452
2016-09-07 02:00:00,1.12455,1.12437,1.12535,1.12526
2016-09-07 03:00:00,1.12525,1.12505,1.12574,1.12506
2016-09-07 04:00:00,1.12507,1.12482,1.1256,1.12515
2016-09-07 05:00:00,1.12514,1.12488,1.12566,1.12518
2016-09-07 06:00:00,1.12517,1.12491,1.12647,1.12491
2016-09-07 07:00:00,1.12489,1.12398,1.12514,1.12407
2016-09-07 08:00:00,1.12408,1.12355,1.12471,1.1239
2016-09-07 09:00:00,1.12392,1.12357,1.12433,1.12387
2016-09-07 10:00:00,1.12388,1.12353,1.12513,1.12476
2016-09-07 11:00:00,1.12475,1.12372,1.12511,1.12372
2016-09-07 12:00:00,1.12374,1.12283,1.12503,1.12447
2016-09-07 13:00:00,1.12446,1.12402,1.12536,1.12518
2016-09-07 14:00:00,1.12517,1.12387,1.12708,1.12415
2016-09-07 15:00:00,1.12412,1.12328,1.12435,1.12364
2016-09-07 16:00:00,1.12363,1.12288,1.12379,1.12315
2016-09-07 17:00:00,1.12313,1.12309,1.12379,1.12373
2016-09-07 18:00:00,1.12374,1.12356,1.12438,1.12428
2016-09-07 19:00:00,1.12429,1.12401,1.12445,1.12402
2016-09-07 20:00:00,1.12401,1.12368,1.12414,1.12381
2016-09-07 21:00:00,1.12379,1.12365,1.12406,1.12385
2016-09-07 22:00:00,1.12383,1.12361,1.12426,1.12416
2016-09-07 23:00:00,1.12412,1.12371,1.12416,1.12377
2016-09-08 00:00:00,1.12378,1.12336,1.12507,1.12474
2016-09-08 01:00:00,1.12476,1.12451,1.12537,1.12518
2016-09-08 02:00:00,1.12517,1.12455,1.12569,1.12535
2016-09-08 03:00:00,1.12534,1.12482,1.12536,1.12497
2016-09-08 04:00:00,1.12496,1.12469,1.12545,1.1248
2016-09-08 05:00:00,1.12483,1.12445,1.12532,1.12518
2016-09-08 06:00:00,1.12516,1.12472,1.1259,1.12584
2016-09-08 07:00:00,1.12586,1.12562,1.12697,1.12681
2016-09-08 08:00:00,1.1268,1.12654,1.12785,1.12718
2016-09-08 09:00:00,1.12717,1.12678,1.12774,1.12745
2016-09-08 10:00:00,1.12744,1.12739,1.12995,1.12915
2016-09-08 11:00:00,1.12914,1.12766,1.13138,1.12913
2016-09-08 12:00:00,1.12913,1.12728,1.13266,1.13064
2016-09-08 13:00:00,1.13065,1.12853,1.1325,1.12866
2016-09-08 14:00:00,1.12869,1.12617,1.12909,1.12747
2016-09-08 15:00:00,1.12746,1.12533,1.12848,1.12558
2016-09-08 16:00:00,1.12558,1.12401,1.12618,1.12445
2016-09-08 17:00:00,1.12444,1.12408,1.12562,1.12517
2016-09-08 18:00:00,1.12516,1.12477,1.12609,1.12582
2016-09-08 19:00:00,1.12581,1.12484,1.12586,1.1256
2016-09-08 20:00:00,1.12562,1.1254,1.12603,1.12601
2016-09-08 21:00:00,1.12575,1.12575,1.12674,1.12633
2016-09-08 22:00:00,1.1263,1.12603,1.12668,1.12642
2016-09-08 23:00:00,1.12644,1.12643,1.12706,1.12677
2016-09-09 00:00:00,1.12673,1.12617,1.12732,1.12672
2016-09-09 01:00:00,1.12674,1.12649,1.12738,1.12716
2016-09-09 02:00:00,1.12715,1.12693,1.12797,1.12774
2016-09-09 03:00:00,1.12773,1.12721,1.12779,1.12746
2016-09-09 04:00:00,1.12744,1.12738,1.12829,1.12766
2016-09-09 05:00:00,1.12765,1.12753,1.12835,1.12828
2016-09-09 06:00:00,1.12829,1.12676,1.12844,1.12714
2016-09-09 07:00:00,1.12713,1.12683,1.12775,1.1272
2016-09-09 08:00:00,1.12721,1.12627,1.12776,1.12695
2016-09-09 09:00:00,1.12693,1.12677,1.12758,1.12708
2016-09-09 10:00:00,1.1271,1.12607,1.12726,1.12613
2016-09-09 11:00:00,1.12614,1.12591,1.12763,1.12607
2016-09-09 12:00:00,1.12609,1.1233,1.12708,1.1233
2016-09-09 13:00:00,1.12328,1.12027,1.1236,1.12049
2016-09-09 14:00:00,1.1205,1.11976,1.12324,1.12109
2016-09-09 15:00:00,1.1211,1.12043,1.12228,1.12131
2016-09-09 16:00:00,1.12129,1.12024,1.12154,1.12144
2016-09-09 17:00:00,1.12145,1.12102,1.1218,1.12125
2016-09-09 18:00:00,1.12125,1.12102,1.12304,1.12277
2016-09-09 19:00:00,1.12276,1.12224,1.12284,1.12258
2016-09-09 20:00:00,1.12254,1.12224,1.12348,1.12284
2016-09-11 21:00:00,1.1234,1.12268,1.12355,1.12342
2016-09-11 22:00:00,1.12344,1.12305,1.12374,1.12356
2016-09-11 23:00:00,1.12356,1.12324,1.124,1.12399
2016-09-12 00:00:00,1.12397,1.12347,1.12489,1.1248
2016-09-12 01:00:00,1.12476,1.12407,1.125,1.1241
2016-09-12 02:00:00,1.1241,1.12346,1.1242,1.12384
2016-09-12 03:00:00,1.12381,1.12377,1.12435,1.12416
2016-09-12 04:00:00,1.12414,1.12401,1.12457,1.12409
2016-09-12 05:00:00,1.12411,1.12389,1.12436,1.12423
2016-09-12 06:00:00,1.12424,1.1242,1.12542,1.12485
2016-09-12 07:00:00,1.12485,1.12444,1.12633,1.12489
2016-09-12 08:00:00,1.12488,1.12353,1.12578,1.12389
2016-09-12 09:00:00,1.12391,1.12135,1.12423,1.12226
2016-09-12 10:00:00,1.12225,1.121,1.12258,1.12203
2016-09-12 11:00:00,1.12205,1.12175,1.1232,1.1229
2016-09-12 12:00:00,1.12289,1.12136,1.12298,1.12247
2016-09-12 13:00:00,1.12249,1.1213,1.12284,1.12234
2016-09-12 14:00:00,1.12233,1.12143,1.12378,1.12153
2016-09-12 15:00:00,1.12153,1.12133,1.12349,1.12286
2016-09-12 16:00:00,1.12286,1.12271,1.12464,1.1235
2016-09-12 17:00:00,1.1235,1.12178,1.12673,1.12525
2016-09-12 18:00:00,1.12526,1.12401,1.12555,1.12422
2016-09-12 19:00:00,1.12424,1.12281,1.12429,1.12333
2016-09-12 20:00:00,1.1233,1.12291,1.12346,1.12337
2016-09-12 21:00:00,1.12343,1.12326,1.12374,1.12339
2016-09-12 22:00:00,1.12338,1.12329,1.12381,1.12377
2016-09-12 23:00:00,1.12376,1.12366,1.12413,1.12399
2016-09-13 00:00:00,1.124,1.12246,1.12405,1.12291
2016-09-13 01:00:00,1.12294,1.12262,1.12354,1.12302
2016-09-13 02:00:00,1.12301,1.12286,1.12379,1.12311
2016-09-13 03:00:00,1.1231,1.12301,1.12357,1.12331
2016-09-13 04:00:00,1.1233,1.12282,1.12351,1.12329
2016-09-13 05:00:00,1.12331,1.12272,1.12361,1.12281
2016-09-13 06:00:00,1.1228,1.12238,1.12355,1.12338
2016-09-13 07:00:00,1.12339,1.12161,1.12344,1.12286
2016-09-13 08:00:00,1.12286,1.12265,1.12392,1.1232
2016-09-13 09:00:00,1.12319,1.12188,1.12335,1.12219
2016-09-13 10:00:00,1.12218,1.12205,1.12352,1.12311
2016-09-13 11:00:00,1.12308,1.12265,1.12373,1.12332
2016-09-13 12:00:00,1.12334,1.12315,1.12542,1.12342
2016-09-13 13:00:00,1.12345,1.12231,1.12396,1.12323
2016-09-13 14:00:00,1.12324,1.12319,1.12599,1.12395
2016-09-13 15:00:00,1.12395,1.12352,1.12465,1.12404
2016-09-13 16:00:00,1.12404,1.12292,1.12461,1.12344
2016-09-13 17:00:00,1.12344,1.12192,1.12345,1.12283
2016-09-13 18:00:00,1.12284,1.12034,1.12284,1.12087
2016-09-13 19:00:00,1.12089,1.12055,1.12169,1.12132
2016-09-13 20:00:00,1.12131,1.12126,1.12198,1.12189
2016-09-13 21:00:00,1.12172,1.1209,1.12177,1.12152
2016-09-13 22:00:00,1.12155,1.12124,1.12172,1.12144
2016-09-13 23:00:00,1.12143,1.12135,1.12187,1.12186
2016-09-14 00:00:00,1.12185,1.12155,1.12214,1.1218
2016-09-14 01:00:00,1.12181,1.12128,1.12208,1.12165
2016-09-14 02:00:00,1.12164,1.12141,1.12215,1.12181
2016-09-14 03:00:00,1.1218,1.12168,1.1226,1.12244
2016-09-14 04:00:00,1.12242,1.12219,1.12261,1.12253
2016-09-14 05:00:00,1.12252,1.12231,1.12276,1.12242
2016-09-14 06:00:00,1.12241,1.12204,1.12408,1.12329
2016-09-14 07:00:00,1.1233,1.12185,1.12363,1.12218
2016-09-14 08:00:00,1.12221,1.12138,1.12306,1.12234
2016-09-14 09:00:00,1.12236,1.1218,1.12355,1.12236
2016-09-14 10:00:00,1.12237,1.12204,1.1228,1.12247
2016-09-14 11:00:00,1.1225,1.12209,1.1232,1.12212
2016-09-14 12:00:00,1.1221,1.12175,1.12262,1.12201
2016-09-14 13:00:00,1.12202,1.12155,1.12302,1.12256
2016-09-14 14:00:00,1.12258,1.12243,1.12555,1.12406
2016-09-14 15:00:00,1.12408,1.12403,1.12729,1.12695
2016-09-14 16:00:00,1.12693,1.12516,1.12732,1.12537
2016-09-14 17:00:00,1.12538,1.12421,1.126,1.12474
2016-09-14 18:00:00,1.12473,1.12429,1.12522,1.12495
2016-09-14 19:00:00,1.12494,1.12458,1.12503,1.12494
2016-09-14 20:00:00,1.12495,1.12474,1.12524,1.12479
2016-09-14 21:00:00,1.1246,1.12455,1.1249,1.1248
2016-09-14 22:00:00,1.12481,1.12414,1.12484,1.12421
2016-09-14 23:00:00,1.12425,1.12419,1.1247,1.12445
2016-09-15 00:00:00,1.12443,1.12423,1.12475,1.12423
2016-09-15 01:00:00,1.12425,1.12409,1.12487,1.12414
2016-09-15 02:00:00,1.12411,1.12387,1.12491,1.12475
2016-09-15 03:00:00,1.12473,1.12419,1.12475,1.1243
2016-09-15 04:00:00,1.1243,1.12413,1.12459,1.12422
2016-09-15 05:00:00,1.12421,1.12397,1.12478,1.12468
2016-09-15 06:00:00,1.12466,1.1231,1.12528,1.1234
2016-09-15 07:00:00,1.12339,1.12184,1.12339,1.12244
2016-09-15 08:00:00,1.12244,1.12241,1.12352,1.12329
2016-09-15 09:00:00,1.12329,1.12298,1.12503,1.12464
2016-09-15 10:00:00,1.12466,1.12334,1.12468,1.12377
2016-09-15 11:00:00,1.12378,1.12362,1.12464,1.12463
2016-09-15 12:00:00,1.12462,1.12455,1.12829,1.12461
2016-09-15 13:00:00,1.12461,1.12284,1.12583,1.12299
2016-09-15 14:00:00,1.12297,1.1225,1.12471,1.12414
2016-09-15 15:00:00,1.12414,1.12349,1.12519,1.12447
2016-09-15 16:00:00,1.12448,1.12356,1.12452,1.12414
2016-09-15 17:00:00,1.12415,1.12393,1.12518,1.12498
2016-09-15 18:00:00,1.125,1.12397,1.12523,1.12431
2016-09-15 19:00:00,1.12433,1.12385,1.12464,1.12444
2016-09-15 20:00:00,1.12445,1.1239,1.12445,1.12426
2016-09-15 21:00:00,1.12432,1.12411,1.12447,1.12422
2016-09-15 22:00:00,1.12423,1.12422,1.12494,1.12478
2016-09-15 23:00:00,1.12474,1.12424,1.12481,1.12464
2016-09-16 00:00:00,1.12463,1.12394,1.12474,1.12394
2016-09-16 01:00:00,1.12395,1.12386,1.1244,1.12408
2016-09-16 02:00:00,1.1241,1.12382,1.12426,1.12407
2016-09-16 03:00:00,1.12405,1.12355,1.12427,1.1241
2016-09-16 04:00:00,1.1241,1.1238,1.1241,1.12387
2016-09-16 05:00:00,1.12387,1.12379,1.12408,1.12388
2016-09-16 06:00:00,1.12387,1.1231,1.12426,1.12328
2016-09-16 07:00:00,1.12327,1.12294,1.12383,1.12338
2016-09-16 08:00:00,1.1234,1.12303,1.12374,1.12323
2016-09-16 09:00:00,1.12324,1.12194,1.1234,1.12217
2016-09-16 10:00:00,1.12218,1.12196,1.12285,1.12245
2016-09-16 11:00:00,1.12248,1.12147,1.12289,1.12275
2016-09-16 12:00:00,1.12277,1.11811,1.12292,1.11842
2016-09-16 13:00:00,1.11844,1.1167,1.11872,1.11724
2016-09-16 14:00:00,1.11723,1.11596,1.11769,1.11598
2016-09-16 15:00:00,1.116,1.11534,1.11645,1.11581
2016-09-16 16:00:00,1.1158,1.11511,1.11637,1.1162
2016-09-16 17:00:00,1.11619,1.11567,1.11644,1.11593
2016-09-16 18:00:00,1.11595,1.1149,1.1161,1.11493
2016-09-16 19:00:00,1.11493,1.11489,1.11575,1.11532
2016-09-16 20:00:00,1.11531,1.11506,1.1158,1.11539
2016-09-18 21:00:00,1.11505,1.11505,1.1157,1.11514
2016-09-18 22:00:00,1.11515,1.11514,1.11592,1.11579
2016-09-18 23:00:00,1.11582,1.11553,1.11601,1.11574
2016-09-19 00:00:00,1.11572,1.11531,1.11599,1.11564
2016-09-19 01:00:00,1.11563,1.11563,1.1165,1.11632
2016-09-19 02:00:00,1.11629,1.11626,1.11708,1.11698
2016-09-19 03:00:00,1.11699,1.11662,1.11721,1.11667
2016-09-19 04:00:00,1.11665,1.11635,1.11692,1.11667
2016-09-19 05:00:00,1.11666,1.11665,1.11719,1.11703
2016-09-19 06:00:00,1.117,1.11576,1.11727,1.11602
2016-09-19 07:00:00,1.11601,1.1156,1.11671,1.11588
2016-09-19 08:00:00,1.11589,1.11502,1.11644,1.11636
2016-09-19 09:00:00,1.11635,1.11622,1.11705,1.11693
2016-09-19 10:00:00,1.11694,1.11584,1.11708,1.11606
2016-09-19 11:00:00,1.11606,1.11579,1.11639,1.11619
2016-09-19 12:00:00,1.11618,1.11604,1.11712,1.117
2016-09-19 13:00:00,1.11702,1.11656,1.11826,1.11755
2016-09-19 14:00:00,1.11756,1.11752,1.11973,1.11821
2016-09-19 15:00:00,1.11819,1.11741,1.11878,1.11781
2016-09-19 16:00:00,1.11782,1.11693,1.11791,1.1176
2016-09-19 17:00:00,1.1176,1.11707,1.11789,1.1173
2016-09-19 18:00:00,1.11727,1.11715,1.11776,1.11769
2016-09-19 19:00:00,1.11768,1.1176,1.11807,1.11769
2016-09-19 20:00:00,1.11771,1.11718,1.11776,1.11733
2016-09-19 21:00:00,1.11736,1.11704,1.11771,1.11741
2016-09-19 22:00:00,1.11742,1.11726,1.11778,1.11777
2016-09-19 23:00:00,1.11777,1.11761,1.11796,1.11765
2016-09-20 00:00:00,1.11764,1.11696,1.11781,1.11716
2016-09-20 01:00:00,1.11713,1.11689,1.11786,1.11694
2016-09-20 02:00:00,1.11693,1.11688,1.11733,1.11716
2016-09-20 03:00:00,1.11717,1.11682,1.11723,1.11695
2016-09-20 04:00:00,1.11695,1.11694,1.1175,1.11733
2016-09-20 05:00:00,1.11729,1.11716,1.11748,1.11745
2016-09-20 06:00:00,1.11745,1.11695,1.1201,1.11992
2016-09-20 07:00:00,1.11993,1.11957,1.12129,1.12011
2016-09-20 08:00:00,1.12012,1.11836,1.12044,1.11878
2016-09-20 09:00:00,1.11879,1.11825,1.119,1.11863
2016-09-20 10:00:00,1.11864,1.11749,1.11865,1.11794
2016-09-20 11:00:00,1.11795,1.11738,1.1186,1.11857
2016-09-20 12:00:00,1.1186,1.11746,1.11868,1.11773
2016-09-20 13:00:00,1.11774,1.11707,1.11848,1.11786
2016-09-20 14:00:00,1.11786,1.11635,1.11833,1.1164
2016-09-20 15:00:00,1.1164,1.1163,1.11721,1.11716
2016-09-20 16:00:00,1.11716,1.11628,1.11717,1.11639
2016-09-20 17:00:00,1.11638,1.11591,1.11695,1.11601
2016-09-20 18:00:00,1.116,1.11544,1.11621,1.1156
2016-09-20 19:00:00,1.1156,1.1155,1.11593,1.11579
2016-09-20 20:00:00,1.11582,1.11491,1.11582,1.11496
2016-09-20 21:00:00,1.11499,1.11487,1.11551,1.1151
2016-09-20 22:00:00,1.11512,1.1149,1.11525,1.11525
2016-09-20 23:00:00,1.11526,1.11488,1.11542,1.11526
2016-09-21 00:00:00,1.11528,1.11492,1.11559,1.11524
2016-09-21 01:00:00,1.11523,1.1147,1.11533,1.11519
2016-09-21 02:00:00,1.11519,1.11489,1.11558,1.11534
2016-09-21 03:00:00,1.11536,1.11453,1.11539,1.1149
2016-09-21 04:00:00,1.11489,1.1124,1.11498,1.11301
2016-09-21 05:00:00,1.11301,1.11221,1.11371,1.11333
2016-09-21 06:00:00,1.11332,1.11262,1.11426,1.11413
2016-09-21 07:00:00,1.11412,1.11371,1.11565,1.11535
2016-09-21 08:00:00,1.11534,1.11421,1.11581,1.11481
2016-09-21 09:00:00,1.11479,1.11431,1.11518,1.11457
2016-09-21 10:00:00,1.11455,1.1145,1.11514,1.1146
2016-09-21 11:00:00,1.11461,1.11385,1.1152,1.11491
2016-09-21 12:00:00,1.11491,1.11432,1.11533,1.11478
2016-09-21 13:00:00,1.1148,1.11387,1.11507,1.1145
2016-09-21 14:00:00,1.11449,1.11384,1.11481,1.11399
2016-09-21 15:00:00,1.11398,1.11329,1.11674,1.1163
2016-09-21 16:00:00,1.11631,1.11564,1.1165,1.11586
2016-09-21 17:00:00,1.11583,1.11432,1.11654,1.1155
2016-09-21 18:00:00,1.11555,1.11325,1.11958,1.11769
2016-09-21 19:00:00,1.11771,1.1171,1.11919,1.1186
2016-09-21 20:00:00,1.11857,1.11812,1.11913,1.11863
2016-09-21 21:00:00,1.11863,1.11836,1.11928,1.11893
2016-09-21 22:00:00,1.11892,1.11874,1.11922,1.11894
2016-09-21 23:00:00,1.11893,1.1187,1.11912,1.11886
2016-09-22 00:00:00,1.11885,1.11882,1.12013,1.11975
2016-09-22 01:00:00,1.11973,1.11854,1.11981,1.11859
2016-09-22 02:00:00,1.1186,1.11842,1.11912,1.11872
2016-09-22 03:00:00,1.11875,1.11861,1.11937,1.11934
2016-09-22 04:00:00,1.11932,1.11913,1.12001,1.12001
2016-09-22 05:00:00,1.12003,1.1198,1.12039,1.11987
2016-09-22 06:00:00,1.11988,1.11979,1.12278,1.12258
2016-09-22 07:00:00,1.1226,1.12223,1.12396,1.12255
2016-09-22 08:00:00,1.12255,1.12255,1.12473,1.12359
2016-09-22 09:00:00,1.12361,1.1227,1.12375,1.1232
2016-09-22 10:00:00,1.12319,1.123,1.12412,1.12345
2016-09-22 11:00:00,1.12344,1.12294,1.12376,1.12353
2016-09-22 12:00:00,1.12351,1.12316,1.12494,1.12456
2016-09-22 13:00:00,1.12455,1.12359,1.12565,1.12492
2016-09-22 14:00:00,1.12489,1.12388,1.12553,1.12392
2016-09-22 15:00:00,1.12394,1.12261,1.12445,1.1228
2016-09-22 16:00:00,1.12279,1.12208,1.12319,1.12269
2016-09-22 17:00:00,1.1227,1.12118,1.12285,1.12148
2016-09-22 18:00:00,1.12147,1.11988,1.12153,1.12005
2016-09-22 19:00:00,1.12004,1.11996,1.12073,1.12037
2016-09-22 20:00:00,1.1204,1.1202,1.12081,1.12073
2016-09-22 21:00:00,1.12065,1.12052,1.12095,1.12065
2016-09-22 22:00:00,1.12067,1.12018,1.121,1.12094
2016-09-22 23:00:00,1.12091,1.12057,1.12102,1.12075
2016-09-23 00:00:00,1.12073,1.11995,1.1211,1.12061
2016-09-23 01:00:00,1.12059,1.11973,1.12094,1.11984
2016-09-23 02:00:00,1.11987,1.11935,1.12017,1.11968
2016-09-23 03:00:00,1.11969,1.11933,1.11992,1.11973
2016-09-23 04:00:00,1.1197,1.1195,1.11993,1.11968
2016-09-23 05:00:00,1.11969,1.11947,1.12023,1.1198
2016-09-23 06:00:00,1.11978,1.11953,1.121,1.12079
2016-09-23 07:00:00,1.1208,1.11998,1.12177,1.12019
2016-09-23 08:00:00,1.12018,1.11952,1.1207,1.12025
2016-09-23 09:00:00,1.12022,1.12021,1.12172,1.12129
2016-09-23 10:00:00,1.12129,1.1209,1.12243,1.1223
2016-09-23 11:00:00,1.12228,1.12132,1.12238,1.12145
2016-09-23 12:00:00,1.12146,1.12109,1.12281,1.12171
2016-09-23 13:00:00,1.12172,1.12007,1.1222,1.12168
2016-09-23 14:00:00,1.12166,1.12044,1.12265,1.12184
2016-09-23 15:00:00,1.12187,1.12154,1.12276,1.12221
2016-09-23 16:00:00,1.12222,1.12187,1.1233,1.1231
2016-09-23 17:00:00,1.12309,1.12299,1.124,1.12366
2016-09-23 18:00:00,1.12365,1.12292,1.12376,1.12309
2016-09-23 19:00:00,1.12309,1.1226,1.12342,1.12265
2016-09-23 20:00:00,1.12263,1.12191,1.12318,1.12214
2016-09-25 21:00:00,1.12283,1.12209,1.12299,1.1227
2016-09-25 22:00:00,1.12271,1.12249,1.12354,1.12342
2016-09-25 23:00:00,1.12344,1.12329,1.12405,1.12369
2016-09-26 00:00:00,1.12371,1.12307,1.1241,1.12322
2016-09-26 01:00:00,1.1232,1.12312,1.12366,1.12321
2016-09-26 02:00:00,1.12319,1.12299,1.12357,1.12304
2016-09-26 03:00:00,1.12305,1.12261,1.12316,1.12288
2016-09-26 04:00:00,1.12286,1.12243,1.12308,1.12279
2016-09-26 05:00:00,1.1228,1.12241,1.12313,1.12273
2016-09-26 06:00:00,1.12272,1.12202,1.12294,1.12239
2016-09-26 07:00:00,1.12239,1.12232,1.12363,1.123
2016-09-26 08:00:00,1.12301,1.12298,1.12427,1.12394
2016-09-26 09:00:00,1.12395,1.12344,1.12434,1.12381
2016-09-26 10:00:00,1.1238,1.12376,1.12482,1.12441
2016-09-26 11:00:00,1.12442,1.12418,1.12644,1.12612
2016-09-26 12:00:00,1.12611,1.12564,1.12695,1.12627
2016-09-26 13:00:00,1.12628,1.12474,1.12638,1.12488
2016-09-26 14:00:00,1.12493,1.12478,1.12686,1.1268
2016-09-26 15:00:00,1.12681,1.12604,1.12786,1.12683
2016-09-26 16:00:00,1.12682,1.12485,1.12692,1.12523
2016-09-26 17:00:00,1.1252,1.12518,1.1261,1.126
2016-09-26 18:00:00,1.12598,1.12528,1.12607,1.12553
2016-09-26 19:00:00,1.12553,1.12521,1.12572,1.12535
2016-09-26 20:00:00,1.12534,1.12508,1.12549,1.12529
2016-09-26 21:00:00,1.12528,1.12507,1.12533,1.12514
2016-09-26 22:00:00,1.12517,1.12495,1.12525,1.12512
2016-09-26 23:00:00,1.1251,1.12478,1.12518,1.12494
2016-09-27 00:00:00,1.12493,1.12376,1.12521,1.12444
2016-09-27 01:00:00,1.12446,1.12414,1.12502,1.12481
2016-09-27 02:00:00,1.12479,1.1242,1.12495,1.1244
2016-09-27 03:00:00,1.12439,1.12398,1.12463,1.12429
2016-09-27 04:00:00,1.12431,1.12407,1.12454,1.12437
2016-09-27 05:00:00,1.12438,1.12409,1.12463,1.1245
2016-09-27 06:00:00,1.1245,1.12401,1.12481,1.12436
2016-09-27 07:00:00,1.12437,1.12418,1.12583,1.12473
2016-09-27 08:00:00,1.12472,1.12345,1.12516,1.12399
2016-09-27 09:00:00,1.12398,1.12381,1.12482,1.12452
2016-09-27 10:00:00,1.12453,1.12395,1.12489,1.12485
2016-09-27 11:00:00,1.12486,1.12225,1.12498,1.12251
2016-09-27 12:00:00,1.12252,1.11974,1.12281,1.12053
2016-09-27 13:00:00,1.12051,1.11984,1.12204,1.12138
2016-09-27 14:00:00,1.12142,1.11903,1.12189,1.11972
2016-09-27 15:00:00,1.11972,1.11943,1.12081,1.12069
2016-09-27 16:00:00,1.12068,1.12041,1.12198,1.12182
2016-09-27 17:00:00,1.12185,1.12167,1.12254,1.12194
2016-09-27 18:00:00,1.12192,1.12155,1.12231,1.122
2016-09-27 19:00:00,1.12201,1.12173,1.1223,1.12213
2016-09-27 20:00:00,1.12213,1.12139,1.12213,1.1215
2016-09-27 21:00:00,1.1212,1.121,1.1218,1.12172
2016-09-27 22:00:00,1.12172,1.12139,1.12191,1.1216
2016-09-27 23:00:00,1.12158,1.12139,1.12183,1.12163
2016-09-28 00:00:00,1.12161,1.12078,1.12162,1.12099
2016-09-28 01:00:00,1.12099,1.12053,1.1212,1.12078
2016-09-28 02:00:00,1.12078,1.12021,1.12092,1.12036
2016-09-28 03:00:00,1.12034,1.1202,1.12137,1.12111
2016-09-28 04:00:00,1.1211,1.12067,1.12122,1.12121
2016-09-28 05:00:00,1.1212,1.12065,1.1214,1.12127
2016-09-28 06:00:00,1.12129,1.11953,1.12134,1.11989
2016-09-28 07:00:00,1.11987,1.11814,1.11999,1.11918
2016-09-28 08:00:00,1.11917,1.11915,1.12182,1.12145
2016-09-28 09:00:00,1.12143,1.12134,1.12233,1.12143
2016-09-28 10:00:00,1.1214,1.12064,1.12179,1.12165
2016-09-28 11:00:00,1.12167,1.12052,1.12177,1.12176
2016-09-28 12:00:00,1.12178,1.12145,1.12363,1.12265
2016-09-28 13:00:00,1.12264,1.12077,1.12295,1.12101
2016-09-28 14:00:00,1.12105,1.11883,1.12161,1.11915
2016-09-28 15:00:00,1.11917,1.11866,1.12002,1.11995
2016-09-28 16:00:00,1.11991,1.11951,1.12099,1.12086
2016-09-28 17:00:00,1.12085,1.12034,1.12123,1.12115
2016-09-28 18:00:00,1.12114,1.12089,1.12201,1.1214
2016-09-28 19:00:00,1.12141,1.12088,1.12154,1.12143
2016-09-28 20:00:00,1.1214,1.1214,1.12188,1.12162
2016-09-28 21:00:00,1.12138,1.12126,1.12169,1.12153
2016-09-28 22:00:00,1.12154,1.12132,1.12169,1.12166
2016-09-28 23:00:00,1.12167,1.12162,1.12264,1.12227
2016-09-29 00:00:00,1.12226,1.12187,1.12316,1.12286
2016-09-29 01:00:00,1.12285,1.12214,1.12295,1.12241
2016-09-29 02:00:00,1.12242,1.12219,1.12283,1.12275
2016-09-29 03:00:00,1.12278,1.12262,1.12327,1.12326
2016-09-29 04:00:00,1.12327,1.1228,1.12352,1.12284
2016-09-29 05:00:00,1.12284,1.12241,1.12306,1.1226
2016-09-29 06:00:00,1.12258,1.12151,1.12266,1.12188
2016-09-29 07:00:00,1.1219,1.12177,1.12274,1.12203
2016-09-29 08:00:00,1.12202,1.12122,1.1225,1.12137
2016-09-29 09:00:00,1.12135,1.12095,1.12219,1.12107
2016-09-29 10:00:00,1.12108,1.12108,1.12186,1.12186
2016-09-29 11:00:00,1.12185,1.12163,1.12246,1.1222
2016-09-29 12:00:00,1.12219,1.12017,1.12246,1.12022
2016-09-29 13:00:00,1.1202,1.11963,1.1217,1.12147
2016-09-29 14:00:00,1.12146,1.12102,1.12387,1.12291
2016-09-29 15:00:00,1.12291,1.12251,1.12466,1.12436
2016-09-29 16:00:00,1.12437,1.12204,1.12492,1.12227
2016-09-29 17:00:00,1.12227,1.1204,1.12255,1.12049
2016-09-29 18:00:00,1.1205,1.12035,1.12186,1.12148
2016-09-29 19:00:00,1.12149,1.12124,1.12183,1.12176
2016-09-29 20:00:00,1.12174,1.12169,1.1224,1.12224
2016-09-29 21:00:00,1.12186,1.12149,1.1223,1.12173
2016-09-29 22:00:00,1.12173,1.12172,1.12231,1.12226
2016-09-29 23:00:00,1.12226,1.12159,1.12232,1.12181
2016-09-30 00:00:00,1.12183,1.12036,1.12192,1.12051
2016-09-30 01:00:00,1.12052,1.12052,1.1215,1.12145
2016-09-30 02:00:00,1.12143,1.12139,1.12207,1.12152
2016-09-30 03:00:00,1.12152,1.121,1.12183,1.12165
2016-09-30 04:00:00,1.12168,1.12138,1.12203,1.12185
2016-09-30 05:00:00,1.12184,1.12149,1.12198,1.12166
2016-09-30 06:00:00,1.12169,1.12036,1.12265,1.12103
2016-09-30 07:00:00,1.12103,1.11673,1.12128,1.11853
2016-09-30 08:00:00,1.11854,1.11794,1.11905,1.11823
2016-09-30 09:00:00,1.11827,1.11746,1.11849,1.11764
2016-09-30 10:00:00,1.11767,1.1163,1.11807,1.11648
2016-09-30 11:00:00,1.11648,1.11595,1.11753,1.11599
2016-09-30 12:00:00,1.116,1.11529,1.11757,1.11757
2016-09-30 13:00:00,1.11755,1.11689,1.12206,1.12082
2016-09-30 14:00:00,1.12083,1.12025,1.12394,1.12384
2016-09-30 15:00:00,1.12384,1.12269,1.12502,1.12374
2016-09-30 16:00:00,1.12373,1.12207,1.12439,1.12268
2016-09-30 17:00:00,1.12271,1.12248,1.12364,1.12311
2016-09-30 18:00:00,1.1231,1.12284,1.12392,1.12377
2016-09-30 19:00:00,1.12377,1.12322,1.12416,1.12324
2016-09-30 20:00:00,1.12326,1.12323,1.12437,1.12373
2016-10-02 21:00:00,1.1227,1.12235,1.12392,1.12392
2016-10-02 22:00:00,1.12393,1.12331,1.12434,1.12348
2016-10-02 23:00:00,1.12347,1.1227,1.12367,1.12322
2016-10-03 00:00:00,1.12321,1.12265,1.12323,1.12301
2016-10-03 01:00:00,1.12303,1.12258,1.12366,1.12366
2016-10-03 02:00:00,1.12365,1.12292,1.12406,1.12312
2016-10-03 03:00:00,1.12315,1.12305,1.12352,1.12335
2016-10-03 04:00:00,1.12335,1.12312,1.12345,1.12335
2016-10-03 05:00:00,1.12336,1.12277,1.12355,1.1228
2016-10-03 06:00:00,1.12279,1.12268,1.12363,1.12288
2016-10-03 07:00:00,1.12289,1.12201,1.12397,1.12292
2016-10-03 08:00:00,1.1229,1.1229,1.12401,1.12329
2016-10-03 09:00:00,1.1233,1.12256,1.12368,1.12357
2016-10-03 10:00:00,1.12359,1.12326,1.1241,1.12392
2016-10-03 11:00:00,1.12391,1.12305,1.12394,1.12349
2016-10-03 12:00:00,1.1235,1.12291,1.12389,1.12322
2016-10-03 13:00:00,1.12323,1.12204,1.12342,1.12225
2016-10-03 14:00:00,1.12222,1.12046,1.12235,1.12165
2016-10-03 15:00:00,1.12164,1.12083,1.122,1.12103
2016-10-03 16:00:00,1.12102,1.12076,1.12182,1.1217
2016-10-03 17:00:00,1.12171,1.1214,1.12193,1.12187
2016-10-03 18:00:00,1.12186,1.12138,1.12189,1.12151
2016-10-03 19:00:00,1.12149,1.12116,1.12177,1.12123
2016-10-03 20:00:00,1.12121,1.1209,1.12145,1.12094
2016-10-03 21:00:00,1.12096,1.12059,1.1213,1.12097
2016-10-03 22:00:00,1.12097,1.12083,1.12135,1.12131
2016-10-03 23:00:00,1.12129,1.12085,1.12158,1.12086
2016-10-04 00:00:00,1.12087,1.12043,1.12109,1.12057
2016-10-04 01:00:00,1.12055,1.12017,1.12096,1.12025
2016-10-04 02:00:00,1.12027,1.1197,1.12031,1.11994
2016-10-04 03:00:00,1.11993,1.11974,1.1201,1.11985
2016-10-04 04:00:00,1.11983,1.11953,1.12017,1.11973
2016-10-04 05:00:00,1.11971,1.11885,1.11988,1.11902
2016-10-04 06:00:00,1.11903,1.11716,1.11913,1.1173
2016-10-04 07:00:00,1.11731,1.11644,1.1177,1.11729
2016-10-04 08:00:00,1.11728,1.11696,1.11805,1.11712
2016-10-04 09:00:00,1.11712,1.11498,1.11726,1.11569
2016-10-04 10:00:00,1.11566,1.11553,1.11738,1.1173
2016-10-04 11:00:00,1.11729,1.11621,1.11739,1.11626
2016-10-04 12:00:00,1.11627,1.11543,1.11748,1.11646
2016-10-04 13:00:00,1.11648,1.11564,1.11692,1.11565
2016-10-04 14:00:00,1.11566,1.11373,1.11602,1.11576
2016-10-04 15:00:00,1.11575,1.11523,1.12383,1.1211
2016-10-04 16:00:00,1.12113,1.11762,1.12145,1.1193
2016-10-04 17:00:00,1.11932,1.1188,1.12106,1.12012
2016-10-04 18:00:00,1.12011,1.11944,1.12024,1.11955
2016-10-04 19:00:00,1.11954,1.11954,1.12074,1.12034
2016-10-04 20:00:00,1.12031,1.12015,1.12076,1.1204
2016-10-04 21:00:00,1.12001,1.12001,1.12061,1.12028
2016-10-04 22:00:00,1.12028,1.11989,1.12056,1.12048
2016-10-04 23:00:00,1.12046,1.12029,1.12112,1.12086
2016-10-05 00:00:00,1.12084,1.12055,1.12137,1.12099
2016-10-05 01:00:00,1.121,1.12079,1.12236,1.12214
2016-10-05 02:00:00,1.12212,1.12193,1.1228,1.12194
2016-10-05 03:00:00,1.12192,1.12147,1.1221,1.1221
2016-10-05 04:00:00,1.12211,1.12154,1.12247,1.12169
2016-10-05 05:00:00,1.12169,1.12097,1.12177,1.12131
2016-10-05 06:00:00,1.12131,1.12088,1.12256,1.12159
2016-10-05 07:00:00,1.12158,1.12112,1.12278,1.12187
2016-10-05 08:00:00,1.1219,1.12165,1.12277,1.12275
2016-10-05 09:00:00,1.12277,1.12174,1.12328,1.12205
2016-10-05 10:00:00,1.12202,1.12148,1.1224,1.12223
2016-10-05 11:00:00,1.12222,1.12124,1.12265,1.12156
2016-10-05 12:00:00,1.12155,1.12025,1.12187,1.12092
2016-10-05 13:00:00,1.12094,1.12051,1.12162,1.12148
2016-10-05 14:00:00,1.12154,1.11892,1.12154,1.11997
2016-10-05 15:00:00,1.11996,1.11929,1.12109,1.11946
2016-10-05 16:00:00,1.11943,1.11939,1.12073,1.12051
2016-10-05 17:00:00,1.12053,1.12015,1.12197,1.12152
2016-10-05 18:00:00,1.12149,1.12099,1.12164,1.12113
2016-10-05 19:00:00,1.12115,1.1204,1.12157,1.12044
2016-10-05 20:00:00,1.12044,1.12039,1.1208,1.12042
2016-10-05 21:00:00,1.12037,1.12034,1.12079,1.12059
2016-10-05 22:00:00,1.12059,1.12035,1.12087,1.1206
2016-10-05 23:00:00,1.12058,1.12041,1.1212,1.12052
2016-10-06 00:00:00,1.12053,1.12016,1.12097,1.12018
2016-10-06 01:00:00,1.12018,1.11985,1.12037,1.12028
2016-10-06 02:00:00,1.12024,1.12004,1.12051,1.12026
2016-10-06 03:00:00,1.12025,1.11987,1.12061,1.12002
2016-10-06 04:00:00,1.12003,1.11967,1.12019,1.11969
2016-10-06 05:00:00,1.1197,1.1196,1.1201,1.12005
2016-10-06 06:00:00,1.12004,1.11896,1.12019,1.11947
2016-10-06 07:00:00,1.11948,1.11838,1.12,1.11959
2016-10-06 08:00:00,1.11957,1.11885,1.12089,1.119
2016-10-06 09:00:00,1.11898,1.11783,1.11912,1.118
2016-10-06 10:00:00,1.11797,1.11773,1.11911,1.11886
2016-10-06 11:00:00,1.11887,1.11798,1.11906,1.11831
2016-10-06 12:00:00,1.11834,1.11753,1.11885,1.11791
2016-10-06 13:00:00,1.11793,1.11698,1.11842,1.11786
2016-10-06 14:00:00,1.11783,1.11619,1.1186,1.1169
2016-10-06 15:00:00,1.11691,1.1146,1.11734,1.11562
2016-10-06 16:00:00,1.11562,1.11528,1.11647,1.11607
2016-10-06 17:00:00,1.11606,1.11549,1.11636,1.11552
2016-10-06 18:00:00,1.11553,1.11397,1.11556,1.11397
2016-10-06 19:00:00,1.11398,1.11393,1.11496,1.1149
2016-10-06 20:00:00,1.11491,1.11459,1.1154,1.11492
2016-10-06 21:00:00,1.11488,1.11398,1.1151,1.11461
2016-10-06 22:00:00,1.11461,1.11417,1.11478,1.11451
2016-10-06 23:00:00,1.11453,1.11242,1.11511,1.1141
2016-10-07 00:00:00,1.11413,1.11301,1.11459,1.11311
2016-10-07 01:00:00,1.1131,1.11156,1.11349,1.11296
2016-10-07 02:00:00,1.11298,1.11245,1.11348,1.11248
2016-10-07 03:00:00,1.11245,1.11094,1.11255,1.11119
2016-10-07 04:00:00,1.11122,1.11116,1.11173,1.11167
2016-10-07 05:00:00,1.11164,1.1113,1.11196,1.11196
2016-10-07 06:00:00,1.11198,1.11075,1.11244,1.11138
2016-10-07 07:00:00,1.11138,1.11037,1.11145,1.11122
2016-10-07 08:00:00,1.11121,1.11088,1.11314,1.11281
2016-10-07 09:00:00,1.11279,1.11195,1.11295,1.11239
2016-10-07 10:00:00,1.11238,1.11208,1.11426,1.114
2016-10-07 11:00:00,1.11403,1.11353,1.11441,1.11413
2016-10-07 12:00:00,1.11414,1.11161,1.11786,1.11705
2016-10-07 13:00:00,1.11705,1.11648,1.12042,1.11899
2016-10-07 14:00:00,1.11895,1.11734,1.11985,1.11748
2016-10-07 15:00:00,1.1175,1.11492,1.11798,1.11548
2016-10-07 16:00:00,1.11547,1.11462,1.11681,1.11664
2016-10-07 17:00:00,1.11666,1.11631,1.11737,1.11712
2016-10-07 18:00:00,1.11708,1.11694,1.11803,1.11798
2016-10-07 19:00:00,1.11795,1.11794,1.11977,1.11955
2016-10-07 20:00:00,1.11952,1.11932,1.12008,1.11977
2016-10-09 21:00:00,1.11775,1.11756,1.1201,1.11832
2016-10-09 22:00:00,1.11846,1.11846,1.11943,1.11918
2016-10-09 23:00:00,1.11919,1.119,1.11973,1.1194
2016-10-10 00:00:00,1.11941,1.11916,1.11996,1.11989
2016-10-10 01:00:00,1.11991,1.11854,1.11996,1.11873
2016-10-10 02:00:00,1.11872,1.11869,1.11921,1.11881
2016-10-10 03:00:00,1.1188,1.11879,1.11941,1.1193
2016-10-10 04:00:00,1.11928,1.11897,1.11947,1.11909
2016-10-10 05:00:00,1.11906,1.11797,1.11918,1.11814
2016-10-10 06:00:00,1.11815,1.11735,1.11838,1.11783
2016-10-10 07:00:00,1.11783,1.11678,1.11809,1.11787
2016-10-10 08:00:00,1.11787,1.11751,1.1185,1.11807
2016-10-10 09:00:00,1.11806,1.11677,1.11806,1.11682
2016-10-10 10:00:00,1.1168,1.11644,1.11705,1.11674
2016-10-10 11:00:00,1.11672,1.11586,1.11695,1.11601
2016-10-10 12:00:00,1.11601,1.11498,1.1161,1.11515
2016-10-10 13:00:00,1.11516,1.11497,1.11563,1.11517
2016-10-10 14:00:00,1.11516,1.11477,1.11641,1.11564
2016-10-10 15:00:00,1.11563,1.11488,1.11581,1.11563
2016-10-10 16:00:00,1.11564,1.11414,1.11573,1.11429
2016-10-10 17:00:00,1.11429,1.11326,1.11435,1.11358
2016-10-10 18:00:00,1.11357,1.11345,1.114,1.11379
2016-10-10 19:00:00,1.11378,1.11305,1.11406,1.11349
2016-10-10 20:00:00,1.11349,1.11344,1.11389,1.11383
2016-10-10 21:00:00,1.1135,1.11327,1.11396,1.11366
2016-10-10 22:00:00,1.11369,1.11364,1.11408,1.11397
2016-10-10 23:00:00,1.11396,1.1136,1.11418,1.114
2016-10-11 00:00:00,1.11399,1.11297,1.11399,1.11312
2016-10-11 01:00:00,1.1131,1.11218,1.11332,1.1122
2016-10-11 02:00:00,1.11222,1.1119,1.11285,1.11281
2016-10-11 03:00:00,1.11283,1.11231,1.11322,1.11311
2016-10-11 04:00:00,1.11308,1.11302,1.11368,1.11333
2016-10-11 05:00:00,1.11335,1.11222,1.11344,1.11222
2016-10-11 06:00:00,1.1122,1.11151,1.11283,1.11163
2016-10-11 07:00:00,1.11165,1.11055,1.11245,1.11119
2016-10-11 08:00:00,1.1112,1.11081,1.11157,1.11108
2016-10-11 09:00:00,1.11107,1.11069,1.11158,1.11079
2016-10-11 10:00:00,1.11081,1.10791,1.11093,1.10798
2016-10-11 11:00:00,1.108,1.1071,1.10863,1.10774
2016-10-11 12:00:00,1.10776,1.1074,1.10937,1.10881
2016-10-11 13:00:00,1.10882,1.1073,1.10981,1.10734
2016-10-11 14:00:00,1.10735,1.10543,1.10808,1.10563
2016-10-11 15:00:00,1.10565,1.10535,1.10721,1.10606
2016-10-11 16:00:00,1.10605,1.1055,1.10705,1.10685
2016-10-11 17:00:00,1.10682,1.10481,1.10687,1.10519
2016-10-11 18:00:00,1.10518,1.10496,1.10603,1.10499
2016-10-11 19:00:00,1.10499,1.1049,1.1059,1.10556
2016-10-11 20:00:00,1.10556,1.10526,1.10585,1.10527
2016-10-11 21:00:00,1.10523,1.10484,1.10535,1.10529
2016-10-11 22:00:00,1.10532,1.10516,1.10626,1.10592
2016-10-11 23:00:00,1.10589,1.10564,1.10671,1.10567
2016-10-12 00:00:00,1.10568,1.10408,1.10585,1.10437
2016-10-12 01:00:00,1.10439,1.10437,1.10544,1.10491
2016-10-12 02:00:00,1.1049,1.10466,1.10518,1.1051
2016-10-12 03:00:00,1.10511,1.10478,1.10564,1.10499
2016-10-12 04:00:00,1.10501,1.10442,1.10516,1.1048
2016-10-12 05:00:00,1.10477,1.1031,1.10477,1.10388
2016-10-12 06:00:00,1.10387,1.10343,1.10552,1.10479
2016-10-12 07:00:00,1.10479,1.1032,1.10603,1.10562
2016-10-12 08:00:00,1.10562,1.10161,1.10564,1.10238
2016-10-12 09:00:00,1.1024,1.10148,1.10283,1.10186
2016-10-12 10:00:00,1.10186,1.10091,1.10227,1.10173
2016-10-12 11:00:00,1.10175,1.1016,1.10286,1.10244
2016-10-12 12:00:00,1.10243,1.10166,1.10252,1.1021
2016-10-12 13:00:00,1.1021,1.10085,1.10306,1.10283
2016-10-12 14:00:00,1.10284,1.10091,1.10446,1.10102
2016-10-12 15:00:00,1.101,1.10038,1.10198,1.1012
2016-10-12 16:00:00,1.10122,1.10122,1.10313,1.10295
2016-10-12 17:00:00,1.10292,1.10168,1.10305,1.10212
2016-10-12 18:00:00,1.10193,1.10096,1.10464,1.1011
2016-10-12 19:00:00,1.10108,1.10084,1.10186,1.10138
2016-10-12 20:00:00,1.1014,1.10042,1.10154,1.1005
2016-10-12 21:00:00,1.10061,1.10046,1.10109,1.10073
2016-10-12 22:00:00,1.1007,1.10047,1.10131,1.10121
2016-10-12 23:00:00,1.1012,1.10093,1.10142,1.10098
2016-10-13 00:00:00,1.10099,1.10024,1.10177,1.10024
2016-10-13 01:00:00,1.10025,1.10008,1.10176,1.10137
2016-10-13 02:00:00,1.10137,1.10123,1.10352,1.10324
2016-10-13 03:00:00,1.10322,1.10211,1.10369,1.10223
2016-10-13 04:00:00,1.10226,1.10132,1.10244,1.10137
2016-10-13 05:00:00,1.10139,1.10119,1.1021,1.10184
2016-10-13 06:00:00,1.1018,1.10028,1.1024,1.10132
2016-10-13 07:00:00,1.1013,1.09987,1.10176,1.10107
2016-10-13 08:00:00,1.10108,1.09847,1.10128,1.09952
2016-10-13 09:00:00,1.0995,1.09929,1.1023,1.10207
2016-10-13 10:00:00,1.10207,1.10158,1.10287,1.1028
2016-10-13 11:00:00,1.10281,1.10209,1.10396,1.10375
2016-10-13 12:00:00,1.10374,1.10189,1.10388,1.10303
2016-10-13 13:00:00,1.10302,1.10214,1.10347,1.10311
2016-10-13 14:00:00,1.10311,1.10196,1.10417,1.10288
2016-10-13 15:00:00,1.10287,1.10253,1.10464,1.10373
2016-10-13 16:00:00,1.10376,1.10357,1.10445,1.10396
2016-10-13 17:00:00,1.10395,1.10395,1.10538,1.10536
2016-10-13 18:00:00,1.10534,1.10435,1.10549,1.10541
2016-10-13 19:00:00,1.10538,1.10467,1.10538,1.10488
2016-10-13 20:00:00,1.1049,1.10483,1.1057,1.10556
2016-10-13 21:00:00,1.10559,1.10499,1.10569,1.1054
2016-10-13 22:00:00,1.10538,1.10503,1.10548,1.1053
2016-10-13 23:00:00,1.10532,1.1045,1.1057,1.10475
2016-10-14 00:00:00,1.10472,1.10407,1.10476,1.10457
2016-10-14 01:00:00,1.10458,1.10452,1.10558,1.1046
2016-10-14 02:00:00,1.10461,1.10412,1.10468,1.10446
2016-10-14 03:00:00,1.10447,1.10302,1.10453,1.10305
2016-10-14 04:00:00,1.10304,1.10236,1.10318,1.10278
2016-10-14 05:00:00,1.10279,1.10211,1.10284,1.10246
2016-10-14 06:00:00,1.10245,1.10168,1.10279,1.1019
2016-10-14 07:00:00,1.10188,1.10039,1.10258,1.10116
2016-10-14 08:00:00,1.10115,1.10093,1.10244,1.10223
2016-10-14 09:00:00,1.10224,1.1013,1.10228,1.10166
2016-10-14 10:00:00,1.10166,1.10106,1.10224,1.10106
2016-10-14 11:00:00,1.10107,1.10032,1.10212,1.10059
2016-10-14 12:00:00,1.10058,1.0995,1.10198,1.10095
2016-10-14 13:00:00,1.10094,1.0997,1.10171,1.10061
2016-10-14 14:00:00,1.10065,1.10002,1.10269,1.1001
2016-10-14 15:00:00,1.10009,1.09808,1.10076,1.09842
2016-10-14 16:00:00,1.09843,1.09821,1.09984,1.09943
2016-10-14 17:00:00,1.09942,1.09886,1.10138,1.0989
2016-10-14 18:00:00,1.09893,1.09793,1.1003,1.09802
2016-10-14 19:00:00,1.09801,1.09704,1.09835,1.09712
2016-10-14 20:00:00,1.0971,1.09681,1.0976,1.09688
2016-10-16 21:00:00,1.09667,1.09655,1.09691,1.0968
2016-10-16 22:00:00,1.09681,1.09654,1.09723,1.09706
2016-10-16 23:00:00,1.09703,1.09647,1.09719,1.09649
2016-10-17 00:00:00,1.09651,1.09631,1.09696,1.09664
2016-10-17 01:00:00,1.09666,1.09664,1.09746,1.09702
2016-10-17 02:00:00,1.097,1.09679,1.0978,1.09772
2016-10-17 03:00:00,1.09773,1.09764,1.09834,1.09825
2016-10-17 04:00:00,1.09827,1.09788,1.09854,1.09851
2016-10-17 05:00:00,1.0985,1.09786,1.09891,1.09819
2016-10-17 06:00:00,1.09819,1.0981,1.09923,1.09892
2016-10-17 07:00:00,1.09894,1.09715,1.09939,1.09754
2016-10-17 08:00:00,1.09755,1.09713,1.09894,1.09882
2016-10-17 09:00:00,1.09878,1.09845,1.09999,1.09891
2016-10-17 10:00:00,1.09892,1.09863,1.09956,1.09879
2016-10-17 11:00:00,1.09879,1.09853,1.10027,1.09927
2016-10-17 12:00:00,1.0993,1.09908,1.10043,1.1004
2016-10-17 13:00:00,1.10039,1.09945,1.10074,1.09974
2016-10-17 14:00:00,1.09973,1.09889,1.09996,1.09898
2016-10-17 15:00:00,1.09899,1.09886,1.1,1.09989
2016-10-17 16:00:00,1.09988,1.09906,1.10007,1.10002
2016-10-17 17:00:00,1.10001,1.09967,1.10063,1.10003
2016-10-17 18:00:00,1.10004,1.09944,1.10011,1.09964
2016-10-17 19:00:00,1.09964,1.09963,1.10049,1.10035
2016-10-17 20:00:00,1.10032,1.0997,1.10038,1.09986
2016-10-17 21:00:00,1.0998,1.0994,1.10021,1.09984
2016-10-17 22:00:00,1.09984,1.09963,1.10038,1.10024
2016-10-17 23:00:00,1.1002,1.10005,1.10135,1.10101
2016-10-18 00:00:00,1.10105,1.10074,1.10186,1.10157
2016-10-18 01:00:00,1.10155,1.10143,1.10257,1.10209
2016-10-18 02:00:00,1.10208,1.1015,1.10229,1.10157
2016-10-18 03:00:00,1.10155,1.10146,1.10213,1.102
2016-10-18 04:00:00,1.10201,1.10154,1.10228,1.10156
2016-10-18 05:00:00,1.10152,1.10104,1.10172,1.10135
2016-10-18 06:00:00,1.10133,1.10055,1.10236,1.10162
2016-10-18 07:00:00,1.10162,1.10042,1.10165,1.10145
2016-10-18 08:00:00,1.10147,1.10116,1.10212,1.10168
2016-10-18 09:00:00,1.10165,1.10101,1.10211,1.102
2016-10-18 10:00:00,1.102,1.1007,1.1021,1.10088
2016-10-18 11:00:00,1.10087,1.09954,1.10089,1.0996
2016-10-18 12:00:00,1.09958,1.09807,1.10128,1.09807
2016-10-18 13:00:00,1.09805,1.09787,1.09889,1.09793
2016-10-18 14:00:00,1.09791,1.09697,1.09846,1.09719
2016-10-18 15:00:00,1.09721,1.09703,1.09962,1.09956
2016-10-18 16:00:00,1.09958,1.09876,1.0997,1.09897
2016-10-18 17:00:00,1.09896,1.09797,1.09952,1.09808
2016-10-18 18:00:00,1.0981,1.0977,1.09841,1.09772
2016-10-18 19:00:00,1.09771,1.09764,1.09833,1.098
2016-10-18 20:00:00,1.09797,1.09768,1.09797,1.09787
2016-10-18 21:00:00,1.09776,1.09764,1.09792,1.09768
2016-10-18 22:00:00,1.0977,1.09756,1.09784,1.09779
2016-10-18 23:00:00,1.09783,1.09735,1.09795,1.09741
2016-10-19 00:00:00,1.0974,1.09728,1.09912,1.09909
2016-10-19 01:00:00,1.09907,1.09869,1.0999,1.09951
2016-10-19 02:00:00,1.09948,1.09862,1.09968,1.09883
2016-10-19 03:00:00,1.09884,1.09855,1.09923,1.09897
2016-10-19 04:00:00,1.09896,1.0979,1.099,1.09794
2016-10-19 05:00:00,1.09796,1.09754,1.09825,1.09814
2016-10-19 06:00:00,1.09814,1.09732,1.09848,1.09821
2016-10-19 07:00:00,1.09818,1.09811,1.09917,1.09904
2016-10-19 08:00:00,1.09905,1.09879,1.1004,1.09971
2016-10-19 09:00:00,1.0997,1.0991,1.0999,1.09959
2016-10-19 10:00:00,1.09961,1.09844,1.10026,1.09846
2016-10-19 11:00:00,1.09844,1.0972,1.0985,1.09741
2016-10-19 12:00:00,1.0974,1.09603,1.09804,1.09671
2016-10-19 13:00:00,1.09674,1.09574,1.09716,1.09678
2016-10-19 14:00:00,1.09678,1.09545,1.09708,1.09672
2016-10-19 15:00:00,1.09672,1.09592,1.09739,1.09643
2016-10-19 16:00:00,1.09644,1.09607,1.09701,1.09671
2016-10-19 17:00:00,1.0967,1.09615,1.09708,1.09633
2016-10-19 18:00:00,1.09634,1.09601,1.09688,1.09666
2016-10-19 19:00:00,1.09666,1.09635,1.09698,1.09691
2016-10-19 20:00:00,1.0969,1.09682,1.09735,1.0973
2016-10-19 21:00:00,1.09732,1.09695,1.0974,1.09731
2016-10-19 22:00:00,1.09728,1.09724,1.09781,1.09778
2016-10-19 23:00:00,1.09776,1.09719,1.098,1.0974
2016-10-20 00:00:00,1.09741,1.09657,1.09751,1.09689
2016-10-20 01:00:00,1.0969,1.09636,1.09756,1.09736
2016-10-20 02:00:00,1.09737,1.09709,1.0979,1.09776
2016-10-20 03:00:00,1.09775,1.09697,1.09793,1.09703
2016-10-20 04:00:00,1.09704,1.09611,1.09719,1.09622
2016-10-20 05:00:00,1.09621,1.09535,1.09638,1.09602
2016-10-20 06:00:00,1.09603,1.09513,1.09713,1.09653
2016-10-20 07:00:00,1.09654,1.09595,1.09769,1.09743
2016-10-20 08:00:00,1.09743,1.09696,1.09787,1.09718
2016-10-20 09:00:00,1.09716,1.09603,1.09753,1.0966
2016-10-20 10:00:00,1.09662,1.09652,1.09752,1.09741
2016-10-20 11:00:00,1.09742,1.09738,1.09867,1.09756
2016-10-20 12:00:00,1.09757,1.09629,1.10385,1.0977
2016-10-20 13:00:00,1.09768,1.09342,1.0982,1.09488
2016-10-20 14:00:00,1.09483,1.09153,1.09524,1.09242
2016-10-20 15:00:00,1.09245,1.09153,1.09356,1.09331
2016-10-20 16:00:00,1.0933,1.09276,1.09447,1.0944
2016-10-20 17:00:00,1.09438,1.09326,1.09453,1.09326
2016-10-20 18:00:00,1.09327,1.09248,1.09347,1.09255
2016-10-20 19:00:00,1.09253,1.09251,1.09278,1.09264
2016-10-20 20:00:00,1.09263,1.09229,1.09289,1.09281
2016-10-20 21:00:00,1.0927,1.0922,1.09287,1.0923
2016-10-20 22:00:00,1.09235,1.09234,1.09288,1.0927
2016-10-20 23:00:00,1.09271,1.09251,1.09292,1.09288
2016-10-21 00:00:00,1.09289,1.09188,1.09291,1.09193
2016-10-21 01:00:00,1.09195,1.09094,1.09215,1.09098
2016-10-21 02:00:00,1.09097,1.08953,1.09099,1.08998
2016-10-21 03:00:00,1.08998,1.08957,1.09059,1.0904
2016-10-21 04:00:00,1.09039,1.09006,1.09069,1.09022
2016-10-21 05:00:00,1.09022,1.08963,1.0906,1.09046
2016-10-21 06:00:00,1.09045,1.08992,1.09115,1.09071
2016-10-21 07:00:00,1.09069,1.08809,1.0908,1.08814
2016-10-21 08:00:00,1.08813,1.08772,1.08881,1.088
2016-10-21 09:00:00,1.088,1.08775,1.09037,1.09011
2016-10-21 10:00:00,1.09012,1.0889,1.09013,1.08905
2016-10-21 11:00:00,1.08904,1.08862,1.08928,1.08885
2016-10-21 12:00:00,1.08883,1.08707,1.08887,1.0872
2016-10-21 13:00:00,1.08718,1.08692,1.08811,1.08721
2016-10-21 14:00:00,1.08719,1.08684,1.08824,1.08708
2016-10-21 15:00:00,1.08708,1.08585,1.08771,1.08651
2016-10-21 16:00:00,1.08651,1.08614,1.08743,1.08739
2016-10-21 17:00:00,1.08738,1.0859,1.08738,1.08634
2016-10-21 18:00:00,1.08636,1.08618,1.08742,1.08731
2016-10-21 19:00:00,1.08732,1.08682,1.08806,1.08802
2016-10-21 20:00:00,1.08803,1.08774,1.08881,1.08789
2016-10-23 21:00:00,1.08815,1.08728,1.08815,1.08794
2016-10-23 22:00:00,1.08795,1.08774,1.0884,1.08776
2016-10-23 23:00:00,1.08779,1.08769,1.08833,1.08796
2016-10-24 00:00:00,1.08795,1.08742,1.08834,1.08743
2016-10-24 01:00:00,1.08745,1.0859,1.08752,1.08592
2016-10-24 02:00:00,1.08591,1.08591,1.08651,1.08622
2016-10-24 03:00:00,1.08624,1.08619,1.08708,1.08674
2016-10-24 04:00:00,1.08673,1.08645,1.08708,1.08661
2016-10-24 05:00:00,1.08663,1.0864,1.08777,1.08767
2016-10-24 06:00:00,1.08765,1.08727,1.0888,1.08833
2016-10-24 07:00:00,1.08835,1.08697,1.08922,1.08844
2016-10-24 08:00:00,1.08843,1.08843,1.08924,1.08908
2016-10-24 09:00:00,1.08906,1.08846,1.08936,1.08872
2016-10-24 10:00:00,1.0887,1.08854,1.08943,1.08933
2016-10-24 11:00:00,1.08932,1.08891,1.08992,1.08891
2016-10-24 12:00:00,1.08893,1.08865,1.08982,1.08898
2016-10-24 13:00:00,1.08899,1.08828,1.08959,1.08852
2016-10-24 14:00:00,1.0885,1.08756,1.08863,1.08829
2016-10-24 15:00:00,1.08829,1.08802,1.08902,1.08864
2016-10-24 16:00:00,1.08866,1.08748,1.08869,1.08777
2016-10-24 17:00:00,1.08775,1.08714,1.08784,1.08716
2016-10-24 18:00:00,1.08714,1.08693,1.08797,1.08771
2016-10-24 19:00:00,1.08773,1.08706,1.0879,1.08731
2016-10-24 20:00:00,1.08729,1.08724,1.08819,1.08805
2016-10-24 21:00:00,1.08791,1.08702,1.08803,1.08745
2016-10-24 22:00:00,1.08743,1.08695,1.08753,1.08709
2016-10-24 23:00:00,1.0871,1.08674,1.08745,1.08724
2016-10-25 00:00:00,1.08725,1.08674,1.08762,1.08712
2016-10-25 01:00:00,1.0871,1.0869,1.08781,1.08779
2016-10-25 02:00:00,1.08778,1.0875,1.08796,1.08786
2016-10-25 03:00:00,1.08785,1.08735,1.0879,1.0879
2016-10-25 04:00:00,1.08789,1.08763,1.08812,1.0879
2016-10-25 05:00:00,1.08789,1.08768,1.08843,1.08814
2016-10-25 06:00:00,1.08814,1.08733,1.08854,1.08769
2016-10-25 07:00:00,1.0877,1.08685,1.08802,1.0874
2016-10-25 08:00:00,1.08739,1.08728,1.08929,1.08891
2016-10-25 09:00:00,1.08893,1.08828,1.08922,1.08846
2016-10-25 10:00:00,1.08847,1.0876,1.08865,1.08786
2016-10-25 11:00:00,1.08783,1.08735,1.08845,1.08745
2016-10-25 12:00:00,1.08744,1.08539,1.08769,1.08576
2016-10-25 13:00:00,1.08574,1.08519,1.08639,1.08536
2016-10-25 14:00:00,1.08538,1.08503,1.0862,1.08587
2016-10-25 15:00:00,1.08587,1.08584,1.08965,1.08883
2016-10-25 16:00:00,1.08884,1.08823,1.08963,1.08901
2016-10-25 17:00:00,1.08901,1.08843,1.0893,1.08929
2016-10-25 18:00:00,1.0893,1.08869,1.09044,1.08891
2016-10-25 19:00:00,1.08891,1.08849,1.08929,1.08891
2016-10-25 20:00:00,1.0889,1.08834,1.08891,1.08871
2016-10-25 21:00:00,1.0886,1.08855,1.08891,1.08872
2016-10-25 22:00:00,1.08872,1.08853,1.08903,1.08896
2016-10-25 23:00:00,1.08894,1.08848,1.08918,1.08856
2016-10-26 00:00:00,1.08858,1.08745,1.08917,1.08778
2016-10-26 01:00:00,1.08779,1.08738,1.08859,1.08857
2016-10-26 02:00:00,1.08856,1.08851,1.08915,1.08894
2016-10-26 03:00:00,1.08893,1.08869,1.08913,1.08889
2016-10-26 04:00:00,1.08886,1.08865,1.089,1.08868
2016-10-26 05:00:00,1.08867,1.08838,1.08876,1.08871
2016-10-26 06:00:00,1.08871,1.08844,1.09142,1.09061
2016-10-26 07:00:00,1.0906,1.08994,1.09187,1.0917
2016-10-26 08:00:00,1.09168,1.09116,1.09267,1.09231
2016-10-26 09:00:00,1.09229,1.0919,1.09325,1.09232
2016-10-26 10:00:00,1.09233,1.09191,1.09287,1.09207
2016-10-26 11:00:00,1.09207,1.09106,1.09236,1.09216
2016-10-26 12:00:00,1.09217,1.09156,1.0927,1.09166
2016-10-26 13:00:00,1.09168,1.09164,1.0946,1.09288
2016-10-26 14:00:00,1.09291,1.09142,1.09299,1.09168
2016-10-26 15:00:00,1.09169,1.09073,1.09191,1.09147
2016-10-26 16:00:00,1.09146,1.09085,1.0919,1.09112
2016-10-26 17:00:00,1.09113,1.0903,1.09127,1.09052
2016-10-26 18:00:00,1.0905,1.09031,1.09099,1.09059
2016-10-26 19:00:00,1.09058,1.08998,1.09095,1.09006
2016-10-26 20:00:00,1.09009,1.09009,1.0908,1.09075
2016-10-26 21:00:00,1.09025,1.09002,1.09092,1.09061
2016-10-26 22:00:00,1.09062,1.09038,1.0908,1.09076
2016-10-26 23:00:00,1.09077,1.09049,1.09114,1.09092
2016-10-27 00:00:00,1.09091,1.09023,1.09105,1.09047
2016-10-27 01:00:00,1.09049,1.08914,1.09049,1.08978
2016-10-27 02:00:00,1.0898,1.08923,1.0902,1.08961
2016-10-27 03:00:00,1.08962,1.08953,1.09042,1.08996
2016-10-27 04:00:00,1.08997,1.08975,1.09036,1.08979
2016-10-27 05:00:00,1.08976,1.0897,1.09106,1.09074
2016-10-27 06:00:00,1.09074,1.08977,1.09117,1.08995
2016-10-27 07:00:00,1.08997,1.08997,1.09135,1.09089
2016-10-27 08:00:00,1.09088,1.09063,1.09197,1.09138
2016-10-27 09:00:00,1.09139,1.09095,1.09193,1.09115
2016-10-27 10:00:00,1.09118,1.09095,1.09267,1.09245
2016-10-27 11:00:00,1.09246,1.092,1.09284,1.09267
2016-10-27 12:00:00,1.09266,1.09128,1.09299,1.09193
2016-10-27 13:00:00,1.09193,1.0911,1.09265,1.09192
2016-10-27 14:00:00,1.09193,1.09086,1.09418,1.09178
2016-10-27 15:00:00,1.09177,1.09012,1.09248,1.09031
2016-10-27 16:00:00,1.09031,1.08818,1.09044,1.08913
2016-10-27 17:00:00,1.08914,1.08858,1.08983,1.08942
2016-10-27 18:00:00,1.08939,1.08919,1.0905,1.09029
2016-10-27 19:00:00,1.09028,1.08949,1.09064,1.08973
2016-10-27 20:00:00,1.08972,1.08938,1.09005,1.08951
2016-10-27 21:00:00,1.08953,1.08946,1.09004,1.08971
2016-10-27 22:00:00,1.08967,1.08924,1.08971,1.0894
2016-10-27 23:00:00,1.08938,1.08934,1.08992,1.08966
2016-10-28 00:00:00,1.08965,1.08946,1.09042,1.0901
2016-10-28 01:00:00,1.09013,1.08986,1.09052,1.09033
2016-10-28 02:00:00,1.09032,1.09009,1.09108,1.09012
2016-10-28 03:00:00,1.0901,1.09003,1.09076,1.09074
2016-10-28 04:00:00,1.09075,1.09028,1.09085,1.09038
2016-10-28 05:00:00,1.09039,1.09011,1.09071,1.0902
2016-10-28 06:00:00,1.09022,1.08987,1.09183,1.09126
2016-10-28 07:00:00,1.09123,1.0912,1.0924,1.09155
2016-10-28 08:00:00,1.09154,1.09033,1.09214,1.09053
2016-10-28 09:00:00,1.09053,1.09019,1.09139,1.09081
2016-10-28 10:00:00,1.09082,1.09068,1.09154,1.09137
2016-10-28 11:00:00,1.09136,1.09131,1.09215,1.09206
2016-10-28 12:00:00,1.09205,1.09108,1.09348,1.09261
2016-10-28 13:00:00,1.09261,1.09119,1.09319,1.09274
2016-10-28 14:00:00,1.09267,1.09192,1.09496,1.09267
2016-10-28 15:00:00,1.09265,1.09235,1.09344,1.09333
2016-10-28 16:00:00,1.0933,1.09326,1.09458,1.09394
2016-10-28 17:00:00,1.09393,1.09387,1.0991,1.09849
2016-10-28 18:00:00,1.09847,1.0965,1.09887,1.09789
2016-10-28 19:00:00,1.0979,1.09752,1.09841,1.09822
2016-10-28 20:00:00,1.09824,1.09811,1.09895,1.09835
2016-10-30 21:00:00,1.09894,1.09758,1.09902,1.09835
2016-10-30 22:00:00,1.09832,1.09767,1.099,1.09774
2016-10-30 23:00:00,1.09776,1.09749,1.09857,1.09818
2016-10-31 00:00:00,1.09818,1.09666,1.09818,1.09702
2016-10-31 01:00:00,1.09703,1.0966,1.09746,1.0969
2016-10-31 02:00:00,1.09686,1.09605,1.09692,1.09626
2016-10-31 03:00:00,1.09629,1.09605,1.09698,1.0968
2016-10-31 04:00:00,1.09678,1.09654,1.09695,1.09683
2016-10-31 05:00:00,1.09682,1.09666,1.09713,1.09685
2016-10-31 06:00:00,1.09682,1.09598,1.09688,1.09598
2016-10-31 07:00:00,1.09595,1.09547,1.09651,1.09605
2016-10-31 08:00:00,1.09604,1.09496,1.0962,1.09518
2016-10-31 09:00:00,1.09519,1.09474,1.09563,1.09548
2016-10-31 10:00:00,1.09549,1.09503,1.09562,1.09542
2016-10-31 11:00:00,1.09544,1.09448,1.09547,1.09499
2016-10-31 12:00:00,1.09501,1.09431,1.0952,1.09439
2016-10-31 13:00:00,1.09438,1.09384,1.09497,1.09467
2016-10-31 14:00:00,1.09469,1.09359,1.09496,1.094
2016-10-31 15:00:00,1.09399,1.09353,1.09624,1.09612
2016-10-31 16:00:00,1.09612,1.09567,1.09674,1.09654
2016-10-31 17:00:00,1.09651,1.09592,1.0968,1.09622
2016-10-31 18:00:00,1.09624,1.09624,1.09763,1.09643
2016-10-31 19:00:00,1.09638,1.09638,1.09791,1.09758
2016-10-31 20:00:00,1.09759,1.09756,1.0982,1.09799
2016-10-31 21:00:00,1.09782,1.09721,1.09801,1.09761
2016-10-31 22:00:00,1.09756,1.09695,1.09761,1.09717
2016-10-31 23:00:00,1.09714,1.09669,1.09725,1.09702
2016-11-01 00:00:00,1.097,1.09651,1.09713,1.09666
2016-11-01 01:00:00,1.09666,1.09619,1.09715,1.09628
2016-11-01 02:00:00,1.09628,1.09628,1.09672,1.09643
2016-11-01 03:00:00,1.09641,1.09593,1.09658,1.09604
2016-11-01 04:00:00,1.09606,1.09605,1.09678,1.09627
2016-11-01 05:00:00,1.0963,1.09621,1.09686,1.09663
2016-11-01 06:00:00,1.09661,1.09637,1.09708,1.09642
2016-11-01 07:00:00,1.0964,1.09628,1.09858,1.09844
2016-11-01 08:00:00,1.09847,1.09804,1.09929,1.09875
2016-11-01 09:00:00,1.09877,1.09876,1.10004,1.09937
2016-11-01 10:00:00,1.09939,1.09927,1.10033,1.09985
2016-11-01 11:00:00,1.09984,1.09971,1.10336,1.10266
2016-11-01 12:00:00,1.10265,1.10089,1.10298,1.1021
2016-11-01 13:00:00,1.10213,1.10206,1.10343,1.10237
2016-11-01 14:00:00,1.10239,1.10202,1.10463,1.1039
2016-11-01 15:00:00,1.10387,1.1037,1.10488,1.10422
2016-11-01 16:00:00,1.10422,1.10414,1.10602,1.10558
2016-11-01 17:00:00,1.10559,1.10504,1.1064,1.10554
2016-11-01 18:00:00,1.10552,1.10543,1.10684,1.10607
2016-11-01 19:00:00,1.10605,1.105,1.10647,1.10503
2016-11-01 20:00:00,1.10504,1.10504,1.10556,1.10539
2016-11-01 21:00:00,1.10533,1.10511,1.10599,1.1056
2016-11-01 22:00:00,1.10562,1.10548,1.10611,1.10552
2016-11-01 23:00:00,1.10549,1.10533,1.10576,1.10548
2016-11-02 00:00:00,1.1055,1.10496,1.10591,1.10526
2016-11-02 01:00:00,1.10525,1.1049,1.10597,1.1059
2016-11-02 02:00:00,1.10589,1.10574,1.10662,1.10642
2016-11-02 03:00:00,1.1064,1.10619,1.10675,1.10667
2016-11-02 04:00:00,1.10666,1.10641,1.10698,1.10688
2016-11-02 05:00:00,1.1069,1.10646,1.10739,1.10675
2016-11-02 06:00:00,1.10677,1.10616,1.10693,1.10617
2016-11-02 07:00:00,1.10617,1.10614,1.10745,1.10741
2016-11-02 08:00:00,1.10741,1.10728,1.10989,1.1083
2016-11-02 09:00:00,1.1083,1.10748,1.10857,1.10814
2016-11-02 10:00:00,1.10815,1.10712,1.10835,1.1083
2016-11-02 11:00:00,1.10829,1.10777,1.10993,1.10982
2016-11-02 12:00:00,1.10983,1.10803,1.1101,1.10845
2016-11-02 13:00:00,1.10846,1.10814,1.11016,1.10979
2016-11-02 14:00:00,1.10978,1.10939,1.11149,1.11084
2016-11-02 15:00:00,1.11083,1.11035,1.1119,1.11182
2016-11-02 16:00:00,1.11183,1.11128,1.11225,1.11165
2016-11-02 17:00:00,1.11167,1.10942,1.11177,1.10972
2016-11-02 18:00:00,1.1096,1.10851,1.11165,1.10945
2016-11-02 19:00:00,1.10945,1.10835,1.10983,1.10914
2016-11-02 20:00:00,1.10915,1.10899,1.1098,1.10963
2016-11-02 21:00:00,1.10964,1.10909,1.10974,1.10946
2016-11-02 22:00:00,1.10949,1.10934,1.10988,1.10973
2016-11-02 23:00:00,1.10973,1.10926,1.10979,1.10933
2016-11-03 00:00:00,1.10931,1.10909,1.11054,1.11018
2016-11-03 01:00:00,1.11019,1.10984,1.11126,1.11124
2016-11-03 02:00:00,1.11124,1.11049,1.11253,1.11253
2016-11-03 03:00:00,1.11251,1.11141,1.11252,1.11158
2016-11-03 04:00:00,1.11159,1.11139,1.11212,1.11146
2016-11-03 05:00:00,1.11148,1.11078,1.11156,1.111
2016-11-03 06:00:00,1.11102,1.11102,1.11204,1.11141
2016-11-03 07:00:00,1.11142,1.11139,1.11253,1.11207
2016-11-03 08:00:00,1.11208,1.10935,1.11208,1.1097
2016-11-03 09:00:00,1.10968,1.10926,1.11031,1.1095
2016-11-03 10:00:00,1.10951,1.10822,1.11003,1.10838
2016-11-03 11:00:00,1.10836,1.1065,1.10837,1.10737
2016-11-03 12:00:00,1.10738,1.10598,1.10756,1.10643
2016-11-03 13:00:00,1.10645,1.10594,1.10737,1.10707
2016-11-03 14:00:00,1.10709,1.10594,1.1083,1.10827
2016-11-03 15:00:00,1.10827,1.10794,1.10955,1.10948
2016-11-03 16:00:00,1.10949,1.10923,1.11004,1.10954
2016-11-03 17:00:00,1.10953,1.10949,1.11123,1.11121
2016-11-03 18:00:00,1.1112,1.11045,1.11199,1.11047
2016-11-03 19:00:00,1.11046,1.10994,1.11134,1.11061
2016-11-03 20:00:00,1.1106,1.11037,1.11118,1.11049
2016-11-03 21:00:00,1.11033,1.11021,1.11072,1.11043
2016-11-03 22:00:00,1.11044,1.11038,1.11087,1.11052
2016-11-03 23:00:00,1.11055,1.10975,1.11063,1.1099
2016-11-04 00:00:00,1.10989,1.10956,1.11034,1.11015
2016-11-04 01:00:00,1.11014,1.10917,1.11073,1.10917
2016-11-04 02:00:00,1.10919,1.10873,1.1096,1.10908
2016-11-04 03:00:00,1.10907,1.10898,1.10963,1.10944
2016-11-04 04:00:00,1.10943,1.10929,1.10959,1.10939
2016-11-04 05:00:00,1.10939,1.10862,1.10962,1.10871
2016-11-04 06:00:00,1.10874,1.10873,1.1102,1.11
2016-11-04 07:00:00,1.10998,1.10922,1.11068,1.10962
2016-11-04 08:00:00,1.10961,1.10939,1.11067,1.10982
2016-11-04 09:00:00,1.1098,1.10877,1.11014,1.1099
2016-11-04 10:00:00,1.1099,1.10919,1.11035,1.10966
2016-11-04 11:00:00,1.10963,1.10903,1.11031,1.11026
2016-11-04 12:00:00,1.11026,1.10792,1.11142,1.10942
2016-11-04 13:00:00,1.10943,1.10869,1.11054,1.1099
2016-11-04 14:00:00,1.10987,1.1097,1.11189,1.11141
2016-11-04 15:00:00,1.11143,1.11121,1.11242,1.11204
2016-11-04 16:00:00,1.11202,1.11177,1.11264,1.1119
2016-11-04 17:00:00,1.11192,1.11119,1.11208,1.11137
2016-11-04 18:00:00,1.11134,1.11133,1.11212,1.11183
2016-11-04 19:00:00,1.11184,1.11183,1.11373,1.11371
2016-11-04 20:00:00,1.1137,1.11293,1.11401,1.11352
2016-11-06 22:00:00,1.10556,1.1055,1.10961,1.1083
2016-11-06 23:00:00,1.1083,1.10829,1.10987,1.10941
2016-11-07 00:00:00,1.10941,1.10931,1.11099,1.10984
2016-11-07 01:00:00,1.10985,1.10901,1.11058,1.10938
2016-11-07 02:00:00,1.10939,1.10698,1.10976,1.10761
2016-11-07 03:00:00,1.10762,1.10722,1.10803,1.10792
2016-11-07 04:00:00,1.10791,1.10713,1.1085,1.10725
2016-11-07 05:00:00,1.10727,1.1066,1.10745,1.1073
2016-11-07 06:00:00,1.10729,1.10628,1.10736,1.10638
2016-11-07 07:00:00,1.10637,1.10545,1.10665,1.10585
2016-11-07 08:00:00,1.10583,1.10483,1.10613,1.10485
2016-11-07 09:00:00,1.10483,1.10477,1.10608,1.10599
2016-11-07 10:00:00,1.10597,1.10596,1.1073,1.10695
2016-11-07 11:00:00,1.10695,1.10592,1.10697,1.10632
2016-11-07 12:00:00,1.10631,1.1061,1.10723,1.10622
2016-11-07 13:00:00,1.10623,1.10546,1.10651,1.10571
2016-11-07 14:00:00,1.10574,1.10467,1.10601,1.105
2016-11-07 15:00:00,1.10499,1.10302,1.10501,1.10334
2016-11-07 16:00:00,1.10333,1.10292,1.10418,1.10368
2016-11-07 17:00:00,1.10366,1.10266,1.10428,1.10424
2016-11-07 18:00:00,1.10422,1.10311,1.10422,1.10379
2016-11-07 19:00:00,1.10381,1.10344,1.10405,1.10373
2016-11-07 20:00:00,1.10375,1.1036,1.10467,1.10441
2016-11-07 21:00:00,1.1044,1.10378,1.1044,1.10394
2016-11-07 22:00:00,1.10397,1.10369,1.10467,1.10415
2016-11-07 23:00:00,1.10416,1.10413,1.10493,1.10485
2016-11-08 00:00:00,1.10482,1.10394,1.10484,1.10409
2016-11-08 01:00:00,1.10408,1.10323,1.10432,1.10379
2016-11-08 02:00:00,1.10377,1.10292,1.1038,1.10321
2016-11-08 03:00:00,1.10318,1.10305,1.10393,1.10381
2016-11-08 04:00:00,1.1038,1.10377,1.10414,1.10413
2016-11-08 05:00:00,1.10416,1.10406,1.10436,1.10419
2016-11-08 06:00:00,1.1042,1.1042,1.10455,1.10437
2016-11-08 07:00:00,1.10439,1.10438,1.1056,1.10546
2016-11-08 08:00:00,1.10547,1.10546,1.10664,1.10603
2016-11-08 09:00:00,1.10606,1.10494,1.10606,1.10496
2016-11-08 10:00:00,1.10494,1.10439,1.10509,1.10449
2016-11-08 11:00:00,1.10449,1.10408,1.10487,1.10423
2016-11-08 12:00:00,1.1042,1.10352,1.1042,1.10372
2016-11-08 13:00:00,1.10373,1.10351,1.10467,1.10467
2016-11-08 14:00:00,1.10468,1.1037,1.10491,1.1048
2016-11-08 15:00:00,1.10478,1.10454,1.10537,1.10459
2016-11-08 16:00:00,1.10461,1.10334,1.10509,1.10345
2016-11-08 17:00:00,1.10343,1.10194,1.10343,1.10222
2016-11-08 18:00:00,1.10223,1.1008,1.10304,1.10157
2016-11-08 19:00:00,1.10158,1.1012,1.10308,1.10289
2016-11-08 20:00:00,1.10288,1.10138,1.10337,1.10138
2016-11-08 21:00:00,1.10138,1.10124,1.10273,1.10236
2016-11-08 22:00:00,1.10245,1.10086,1.10254,1.10122
2016-11-08 23:00:00,1.10124,1.10039,1.10209,1.10171
2016-11-09 00:00:00,1.10173,1.09917,1.10515,1.09933
2016-11-09 01:00:00,1.09935,1.09887,1.10455,1.10399
2016-11-09 02:00:00,1.10401,1.10401,1.11704,1.1124
2016-11-09 03:00:00,1.11241,1.11182,1.12313,1.1229
2016-11-09 04:00:00,1.12291,1.11921,1.12822,1.12741
2016-11-09 05:00:00,1.12743,1.12579,1.12989,1.12738
2016-11-09 06:00:00,1.12737,1.11984,1.12759,1.12192
2016-11-09 07:00:00,1.12192,1.1105,1.1226,1.11164
2016-11-09 08:00:00,1.1117,1.10795,1.11342,1.11051
2016-11-09 09:00:00,1.11053,1.10286,1.11062,1.10508
2016-11-09 10:00:00,1.10507,1.10424,1.1104,1.10908
2016-11-09 11:00:00,1.1091,1.1089,1.11078,1.109
2016-11-09 12:00:00,1.10901,1.10217,1.10908,1.10263
2016-11-09 13:00:00,1.10263,1.09974,1.1036,1.10089
2016-11-09 14:00:00,1.1009,1.09497,1.10122,1.09502
2016-11-09 15:00:00,1.09504,1.09297,1.09658,1.09477
2016-11-09 16:00:00,1.09478,1.09364,1.09572,1.09501
2016-11-09 17:00:00,1.09503,1.09224,1.09515,1.09375
2016-11-09 18:00:00,1.09376,1.09287,1.09481,1.09306
2016-11-09 19:00:00,1.09308,1.09193,1.09372,1.09315
2016-11-09 20:00:00,1.09318,1.09084,1.09411,1.09086
2016-11-09 21:00:00,1.09086,1.09062,1.09166,1.09074
2016-11-09 22:00:00,1.09074,1.09074,1.09218,1.09193
2016-11-09 23:00:00,1.09196,1.09148,1.09233,1.09189
2016-11-10 00:00:00,1.09189,1.09149,1.09316,1.09258
2016-11-10 01:00:00,1.09256,1.09133,1.09364,1.09341
2016-11-10 02:00:00,1.09339,1.09323,1.09528,1.09412
2016-11-10 03:00:00,1.09413,1.0936,1.09457,1.09365
2016-11-10 04:00:00,1.09364,1.09215,1.09366,1.09254
2016-11-10 05:00:00,1.09256,1.0925,1.09438,1.09416
2016-11-10 06:00:00,1.09417,1.0935,1.09471,1.09437
2016-11-10 07:00:00,1.09439,1.09249,1.09441,1.09286
2016-11-10 08:00:00,1.09286,1.09168,1.0946,1.09272
2016-11-10 09:00:00,1.09273,1.08868,1.09279,1.0894
2016-11-10 10:00:00,1.08939,1.08869,1.09063,1.08993
2016-11-10 11:00:00,1.08993,1.08937,1.092,1.08979
2016-11-10 12:00:00,1.08983,1.0869,1.09101,1.08914
2016-11-10 13:00:00,1.08912,1.0887,1.09071,1.08978
2016-11-10 14:00:00,1.08977,1.08684,1.09008,1.08711
2016-11-10 15:00:00,1.0871,1.08643,1.09058,1.08783
2016-11-10 16:00:00,1.08784,1.08669,1.0886,1.08813
2016-11-10 17:00:00,1.08811,1.08759,1.08903,1.08897
2016-11-10 18:00:00,1.08898,1.08839,1.09029,1.09004
2016-11-10 19:00:00,1.09005,1.08872,1.09027,1.08904
2016-11-10 20:00:00,1.08905,1.08854,1.08956,1.08854
2016-11-10 21:00:00,1.08857,1.08833,1.08944,1.08888
2016-11-10 22:00:00,1.08914,1.08785,1.08914,1.08851
2016-11-10 23:00:00,1.0885,1.08793,1.08898,1.08864
2016-11-11 00:00:00,1.08863,1.08808,1.08905,1.08849
2016-11-11 01:00:00,1.08851,1.0875,1.08889,1.08845
2016-11-11 02:00:00,1.08844,1.08824,1.09229,1.09097
2016-11-11 03:00:00,1.09097,1.08954,1.09149,1.09025
2016-11-11 04:00:00,1.09027,1.09008,1.09107,1.09051
2016-11-11 05:00:00,1.09054,1.09016,1.0912,1.09113
2016-11-11 06:00:00,1.09115,1.09057,1.09189,1.09141
2016-11-11 07:00:00,1.09136,1.09024,1.09166,1.09056
2016-11-11 08:00:00,1.09054,1.08705,1.09093,1.088
2016-11-11 09:00:00,1.08802,1.08674,1.08966,1.08688
2016-11-11 10:00:00,1.0869,1.08533,1.08842,1.08782
2016-11-11 11:00:00,1.08783,1.08662,1.08857,1.08738
2016-11-11 12:00:00,1.08739,1.08641,1.08793,1.08722
2016-11-11 13:00:00,1.08724,1.0872,1.09186,1.09016
2016-11-11 14:00:00,1.09017,1.08713,1.09095,1.08764
2016-11-11 15:00:00,1.08761,1.08495,1.08785,1.08503
2016-11-11 16:00:00,1.08505,1.08298,1.08614,1.08336
2016-11-11 17:00:00,1.08334,1.08317,1.08633,1.08592
2016-11-11 18:00:00,1.0859,1.08453,1.08595,1.08462
2016-11-11 19:00:00,1.0846,1.08408,1.08495,1.08434
2016-11-11 20:00:00,1.08436,1.08436,1.08504,1.08465
2016-11-11 21:00:00,1.08461,1.08449,1.08605,1.08516
2016-11-13 22:00:00,1.08304,1.08279,1.0839,1.08376
2016-11-13 23:00:00,1.08375,1.08185,1.08387,1.0822
2016-11-14 00:00:00,1.0822,1.07934,1.08253,1.0806
2016-11-14 01:00:00,1.08061,1.07723,1.08077,1.07959
2016-11-14 02:00:00,1.07958,1.07883,1.08067,1.08043
2016-11-14 03:00:00,1.08042,1.07954,1.08083,1.07971
2016-11-14 04:00:00,1.07972,1.0794,1.08006,1.07972
2016-11-14 05:00:00,1.07973,1.07777,1.07982,1.07915
2016-11-14 06:00:00,1.07914,1.07808,1.0799,1.07896
2016-11-14 07:00:00,1.07894,1.07814,1.08054,1.07826
2016-11-14 08:00:00,1.07823,1.07275,1.07919,1.07332
2016-11-14 09:00:00,1.07333,1.07325,1.07593,1.07569
2016-11-14 10:00:00,1.07567,1.07531,1.07646,1.07617
2016-11-14 11:00:00,1.07617,1.0758,1.07883,1.07836
2016-11-14 12:00:00,1.07837,1.07597,1.07848,1.07627
2016-11-14 13:00:00,1.07629,1.0759,1.07849,1.07673
2016-11-14 14:00:00,1.07675,1.0712,1.07698,1.07132
2016-11-14 15:00:00,1.07134,1.07086,1.07266,1.07217
2016-11-14 16:00:00,1.07219,1.07113,1.07252,1.07217
2016-11-14 17:00:00,1.07218,1.07174,1.07533,1.07478
2016-11-14 18:00:00,1.07477,1.07359,1.07583,1.07441
2016-11-14 19:00:00,1.07441,1.07218,1.07451,1.0724
2016-11-14 20:00:00,1.07242,1.0723,1.07396,1.0734
2016-11-14 21:00:00,1.07342,1.07312,1.07438,1.07356
2016-11-14 22:00:00,1.07359,1.07339,1.07434,1.07431
2016-11-14 23:00:00,1.07428,1.07397,1.07496,1.07449
2016-11-15 00:00:00,1.07446,1.0744,1.07706,1.07612
2016-11-15 01:00:00,1.07614,1.07552,1.07703,1.07559
2016-11-15 02:00:00,1.07558,1.07455,1.076,1.07482
2016-11-15 03:00:00,1.07482,1.07482,1.07548,1.07524
2016-11-15 04:00:00,1.07525,1.07448,1.0754,1.07483
2016-11-15 05:00:00,1.07482,1.07469,1.07534,1.07481
2016-11-15 06:00:00,1.0748,1.0747,1.07535,1.07508
2016-11-15 07:00:00,1.07506,1.07467,1.07806,1.07741
2016-11-15 08:00:00,1.07737,1.07683,1.08159,1.08038
2016-11-15 09:00:00,1.08035,1.07847,1.08118,1.07972
2016-11-15 10:00:00,1.07977,1.07782,1.08027,1.07799
2016-11-15 11:00:00,1.078,1.07655,1.07802,1.07657
2016-11-15 12:00:00,1.07657,1.0757,1.07725,1.0769
2016-11-15 13:00:00,1.07689,1.07272,1.07691,1.07338
2016-11-15 14:00:00,1.0734,1.07203,1.0743,1.07264
2016-11-15 15:00:00,1.07263,1.07222,1.07509,1.07272
2016-11-15 16:00:00,1.07272,1.07185,1.074,1.07247
2016-11-15 17:00:00,1.07246,1.07178,1.07321,1.07321
2016-11-15 18:00:00,1.07321,1.07135,1.07363,1.07163
2016-11-15 19:00:00,1.07166,1.07134,1.07256,1.07159
2016-11-15 20:00:00,1.07158,1.07141,1.07298,1.07282
2016-11-15 21:00:00,1.07281,1.07196,1.07322,1.07211
2016-11-15 22:00:00,1.07219,1.0717,1.07283,1.07231
2016-11-15 23:00:00,1.07229,1.07178,1.07267,1.07237
2016-11-16 00:00:00,1.07234,1.072,1.07409,1.07376
2016-11-16 01:00:00,1.07378,1.07364,1.07499,1.07381
2016-11-16 02:00:00,1.07378,1.07365,1.0759,1.07563
2016-11-16 03:00:00,1.07564,1.07466,1.0759,1.07472
2016-11-16 04:00:00,1.07473,1.07365,1.07485,1.07405
2016-11-16 05:00:00,1.07404,1.074,1.07478,1.07462
2016-11-16 06:00:00,1.07462,1.07448,1.07543,1.07505
2016-11-16 07:00:00,1.07504,1.06992,1.07561,1.07051
2016-11-16 08:00:00,1.0705,1.07028,1.07245,1.07149
2016-11-16 09:00:00,1.07149,1.07134,1.07292,1.07141
2016-11-16 10:00:00,1.07141,1.06964,1.07141,1.07102
2016-11-16 11:00:00,1.07105,1.06941,1.07105,1.06952
2016-11-16 12:00:00,1.06954,1.0687,1.07118,1.06985
2016-11-16 13:00:00,1.06984,1.06932,1.07223,1.07117
2016-11-16 14:00:00,1.07116,1.06946,1.07181,1.06999
2016-11-16 15:00:00,1.07001,1.06687,1.0714,1.06714
2016-11-16 16:00:00,1.06713,1.06655,1.06994,1.06984
2016-11-16 17:00:00,1.06984,1.06932,1.07138,1.06949
2016-11-16 18:00:00,1.06948,1.06697,1.0697,1.06715
2016-11-16 19:00:00,1.06714,1.06666,1.06821,1.06801
2016-11-16 20:00:00,1.06801,1.06779,1.06907,1.06828
2016-11-16 21:00:00,1.06824,1.068,1.06906,1.06897
2016-11-16 22:00:00,1.06891,1.06876,1.07022,1.06988
2016-11-16 23:00:00,1.06994,1.0698,1.07111,1.07057
2016-11-17 00:00:00,1.07056,1.06975,1.07087,1.07021
2016-11-17 01:00:00,1.07018,1.06913,1.07142,1.07066
2016-11-17 02:00:00,1.07064,1.06957,1.07065,1.07002
2016-11-17 03:00:00,1.07003,1.06911,1.07058,1.06931
2016-11-17 04:00:00,1.06928,1.06919,1.06998,1.06974
2016-11-17 05:00:00,1.06975,1.06956,1.07024,1.0699
2016-11-17 06:00:00,1.06989,1.06826,1.0701,1.06938
2016-11-17 07:00:00,1.06937,1.06866,1.07187,1.07141
2016-11-17 08:00:00,1.07139,1.07076,1.07356,1.07352
2016-11-17 09:00:00,1.07354,1.07195,1.07359,1.07232
2016-11-17 10:00:00,1.07229,1.07151,1.07314,1.07295
2016-11-17 11:00:00,1.07294,1.07266,1.07382,1.07346
2016-11-17 12:00:00,1.07345,1.07154,1.07449,1.07154
2016-11-17 13:00:00,1.07152,1.06806,1.07332,1.06875
2016-11-17 14:00:00,1.06874,1.06845,1.07143,1.0688
2016-11-17 15:00:00,1.06881,1.06616,1.06976,1.06726
2016-11-17 16:00:00,1.06728,1.06513,1.06813,1.06549
2016-11-17 17:00:00,1.0655,1.06289,1.0657,1.06351
2016-11-17 18:00:00,1.0635,1.06271,1.06438,1.06273
2016-11-17 19:00:00,1.06274,1.06225,1.06344,1.06258
2016-11-17 20:00:00,1.06256,1.06193,1.06261,1.06242
2016-11-17 21:00:00,1.06241,1.06202,1.06292,1.06216
2016-11-17 22:00:00,1.06219,1.06187,1.06264,1.06253
2016-11-17 23:00:00,1.06257,1.06198,1.06287,1.06216
2016-11-18 00:00:00,1.06212,1.06041,1.06277,1.06138
2016-11-18 01:00:00,1.06137,1.05811,1.06148,1.05934
2016-11-18 02:00:00,1.05935,1.05896,1.06051,1.05981
2016-11-18 03:00:00,1.05979,1.05937,1.06037,1.06036
2016-11-18 04:00:00,1.06035,1.05982,1.06096,1.06063
2016-11-18 05:00:00,1.06065,1.05844,1.06075,1.05845
2016-11-18 06:00:00,1.05845,1.05833,1.06061,1.05976
2016-11-18 07:00:00,1.05975,1.05836,1.06113,1.0604
2016-11-18 08:00:00,1.06039,1.05832,1.06133,1.06079
2016-11-18 09:00:00,1.06079,1.05968,1.06122,1.05982
2016-11-18 10:00:00,1.05982,1.0597,1.06241,1.062
2016-11-18 11:00:00,1.06199,1.06131,1.06288,1.06271
2016-11-18 12:00:00,1.0627,1.0612,1.06424,1.06292
2016-11-18 13:00:00,1.06295,1.06024,1.06359,1.06102
2016-11-18 14:00:00,1.06101,1.05966,1.06246,1.05976
2016-11-18 15:00:00,1.05978,1.05685,1.06054,1.05731
2016-11-18 16:00:00,1.05732,1.05698,1.05994,1.05991
2016-11-18 17:00:00,1.05989,1.05827,1.0599,1.05857
2016-11-18 18:00:00,1.05858,1.05837,1.06053,1.05968
2016-11-18 19:00:00,1.05967,1.05949,1.06065,1.05992
2016-11-18 20:00:00,1.05991,1.0585,1.05997,1.05923
2016-11-18 21:00:00,1.05921,1.0584,1.05967,1.05868
2016-11-20 22:00:00,1.05895,1.05842,1.05929,1.05856
2016-11-20 23:00:00,1.05854,1.05771,1.05874,1.05822
2016-11-21 00:00:00,1.05819,1.05819,1.06098,1.05969
2016-11-21 01:00:00,1.05971,1.05956,1.06129,1.06046
2016-11-21 02:00:00,1.06047,1.06002,1.06112,1.06064
2016-11-21 03:00:00,1.06061,1.05874,1.06062,1.05954
2016-11-21 04:00:00,1.05952,1.05903,1.05983,1.05946
2016-11-21 05:00:00,1.05946,1.05939,1.0604,1.06005
2016-11-21 06:00:00,1.06006,1.05968,1.06105,1.06068
2016-11-21 07:00:00,1.06068,1.0603,1.06352,1.06306
2016-11-21 08:00:00,1.06309,1.06242,1.06445,1.0643
2016-11-21 09:00:00,1.06429,1.0627,1.06484,1.06312
2016-11-21 10:00:00,1.06311,1.06189,1.06392,1.06306
2016-11-21 11:00:00,1.06304,1.06171,1.06366,1.06317
2016-11-21 12:00:00,1.06318,1.06283,1.06459,1.06315
2016-11-21 13:00:00,1.06315,1.06214,1.06451,1.06385
2016-11-21 14:00:00,1.06382,1.061,1.06382,1.06205
2016-11-21 15:00:00,1.06204,1.06148,1.06358,1.06212
2016-11-21 16:00:00,1.06213,1.05922,1.06278,1.05957
2016-11-21 17:00:00,1.05959,1.05957,1.06131,1.06052
2016-11-21 18:00:00,1.06053,1.05891,1.06072,1.06002
2016-11-21 19:00:00,1.06001,1.05987,1.06105,1.0609
2016-11-21 20:00:00,1.06093,1.06091,1.06272,1.06247
2016-11-21 21:00:00,1.06244,1.06242,1.06395,1.06244
2016-11-21 22:00:00,1.06228,1.06205,1.06348,1.063
2016-11-21 23:00:00,1.063,1.0625,1.06378,1.06372
2016-11-22 00:00:00,1.06369,1.0633,1.06489,1.06376
2016-11-22 01:00:00,1.06375,1.06328,1.06452,1.06346
2016-11-22 02:00:00,1.06348,1.06256,1.06375,1.06279
2016-11-22 03:00:00,1.06279,1.06244,1.06333,1.0631
2016-11-22 04:00:00,1.0631,1.06259,1.06316,1.06274
2016-11-22 05:00:00,1.06274,1.06239,1.06324,1.06297
2016-11-22 06:00:00,1.06297,1.06143,1.06326,1.06143
2016-11-22 07:00:00,1.06141,1.0604,1.06211,1.06187
2016-11-22 08:00:00,1.06188,1.06115,1.06394,1.06385
2016-11-22 09:00:00,1.06387,1.06351,1.06572,1.06467
2016-11-22 10:00:00,1.06466,1.06287,1.06489,1.0632
2016-11-22 11:00:00,1.06318,1.06256,1.0643,1.06299
2016-11-22 12:00:00,1.06302,1.06039,1.06305,1.06103
2016-11-22 13:00:00,1.06101,1.06032,1.06204,1.06108
2016-11-22 14:00:00,1.06109,1.06093,1.06261,1.06215
2016-11-22 15:00:00,1.06214,1.0583,1.06224,1.0583
2016-11-22 16:00:00,1.05829,1.05829,1.06248,1.06178
2016-11-22 17:00:00,1.06175,1.06161,1.06383,1.06238
2016-11-22 18:00:00,1.06239,1.06099,1.06252,1.06186
2016-11-22 19:00:00,1.06187,1.06135,1.0626,1.06234
2016-11-22 20:00:00,1.06231,1.06179,1.06281,1.06238
2016-11-22 21:00:00,1.06237,1.06229,1.06291,1.06264
2016-11-22 22:00:00,1.06199,1.06199,1.06291,1.06263
2016-11-22 23:00:00,1.06258,1.06254,1.06336,1.06325
2016-11-23 00:00:00,1.06324,1.06239,1.06339,1.06239
2016-11-23 01:00:00,1.0624,1.06212,1.06304,1.06235
2016-11-23 02:00:00,1.06237,1.06236,1.06307,1.06302
2016-11-23 03:00:00,1.06303,1.06191,1.06308,1.06254
2016-11-23 04:00:00,1.06255,1.06201,1.0626,1.06256
2016-11-23 05:00:00,1.06258,1.06254,1.06293,1.06291
2016-11-23 06:00:00,1.06292,1.06265,1.06423,1.0639
2016-11-23 07:00:00,1.06385,1.06221,1.06431,1.06237
2016-11-23 08:00:00,1.06237,1.0606,1.06257,1.06076
2016-11-23 09:00:00,1.06077,1.05995,1.06157,1.06117
2016-11-23 10:00:00,1.06115,1.06036,1.06305,1.06265
2016-11-23 11:00:00,1.06264,1.06193,1.0636,1.06217
2016-11-23 12:00:00,1.06216,1.06108,1.0623,1.06119
2016-11-23 13:00:00,1.06119,1.05556,1.06129,1.05567
2016-11-23 14:00:00,1.05566,1.05405,1.05599,1.05531
2016-11-23 15:00:00,1.05528,1.05255,1.056,1.05321
2016-11-23 16:00:00,1.05319,1.05291,1.05654,1.0558
2016-11-23 17:00:00,1.0558,1.05489,1.05655,1.05564
2016-11-23 18:00:00,1.05562,1.0547,1.05634,1.05507
2016-11-23 19:00:00,1.05512,1.05368,1.05594,1.05477
2016-11-23 20:00:00,1.05474,1.0547,1.05567,1.05522
2016-11-23 21:00:00,1.05526,1.05473,1.05534,1.05513
2016-11-23 22:00:00,1.05488,1.05426,1.05545,1.05507
2016-11-23 23:00:00,1.05503,1.05375,1.05503,1.05412
2016-11-24 00:00:00,1.05413,1.05322,1.05447,1.05389
2016-11-24 01:00:00,1.05389,1.05313,1.0543,1.05342
2016-11-24 02:00:00,1.05345,1.05275,1.0538,1.05289
2016-11-24 03:00:00,1.05286,1.05245,1.0536,1.05323
2016-11-24 04:00:00,1.05322,1.05318,1.05438,1.05428
2016-11-24 05:00:00,1.0543,1.05405,1.05499,1.05464
2016-11-24 06:00:00,1.05463,1.05378,1.05467,1.05389
2016-11-24 07:00:00,1.0539,1.05195,1.05488,1.05359
2016-11-24 08:00:00,1.0536,1.0517,1.05685,1.05532
2016-11-24 09:00:00,1.05537,1.05507,1.05777,1.0566
2016-11-24 10:00:00,1.05661,1.05485,1.05731,1.05676
2016-11-24 11:00:00,1.05679,1.05595,1.05847,1.0564
2016-11-24 12:00:00,1.05639,1.05472,1.05746,1.05506
2016-11-24 13:00:00,1.05503,1.05423,1.05685,1.05621
2016-11-24 14:00:00,1.0562,1.05557,1.05737,1.05714
2016-11-24 15:00:00,1.05716,1.05606,1.05775,1.05609
2016-11-24 16:00:00,1.05607,1.05548,1.0579,1.05563
2016-11-24 17:00:00,1.05564,1.05534,1.05614,1.0554
2016-11-24 18:00:00,1.0554,1.05475,1.05566,1.05537
2016-11-24 19:00:00,1.05531,1.05477,1.05546,1.05525
2016-11-24 20:00:00,1.05521,1.05465,1.05555,1.05511
2016-11-24 21:00:00,1.05517,1.05464,1.05549,1.05502
2016-11-24 22:00:00,1.0548,1.05458,1.05573,1.05546
2016-11-24 23:00:00,1.0554,1.0553,1.056,1.05592
2016-11-25 00:00:00,1.05591,1.054,1.05607,1.05533
2016-11-25 01:00:00,1.05533,1.05378,1.05566,1.05566
2016-11-25 02:00:00,1.05566,1.05493,1.05652,1.05619
2016-11-25 03:00:00,1.05618,1.05606,1.0576,1.05747
2016-11-25 04:00:00,1.05747,1.05644,1.05774,1.05699
2016-11-25 05:00:00,1.05697,1.05672,1.05771,1.05688
2016-11-25 06:00:00,1.05687,1.05673,1.05826,1.05787
2016-11-25 07:00:00,1.05784,1.05749,1.06075,1.05871
2016-11-25 08:00:00,1.05871,1.05832,1.06142,1.05975
2016-11-25 09:00:00,1.05973,1.05806,1.06074,1.05949
2016-11-25 10:00:00,1.05951,1.05829,1.06009,1.05961
2016-11-25 11:00:00,1.05961,1.05819,1.06028,1.05853
2016-11-25 12:00:00,1.05852,1.05839,1.05965,1.05874
2016-11-25 13:00:00,1.05874,1.05863,1.06042,1.06031
2016-11-25 14:00:00,1.0603,1.06009,1.06269,1.06102
2016-11-25 15:00:00,1.06098,1.05995,1.06126,1.06038
2016-11-25 16:00:00,1.0604,1.05925,1.06064,1.05942
2016-11-25 17:00:00,1.05942,1.05888,1.0601,1.05921
2016-11-25 18:00:00,1.05922,1.05876,1.06063,1.05997
2016-11-25 19:00:00,1.05997,1.05824,1.06015,1.05825
2016-11-25 20:00:00,1.05827,1.05827,1.05941,1.0592
2016-11-25 21:00:00,1.05918,1.05823,1.05981,1.05886
2016-11-27 22:00:00,1.06078,1.05924,1.06078,1.0597
2016-11-27 23:00:00,1.05963,1.05938,1.06097,1.06082
2016-11-28 00:00:00,1.06078,1.06058,1.06335,1.06294
2016-11-28 01:00:00,1.06293,1.06213,1.06469,1.06448
2016-11-28 02:00:00,1.06446,1.06437,1.06847,1.06616
2016-11-28 03:00:00,1.06617,1.06489,1.06643,1.06502
2016-11-28 04:00:00,1.06503,1.06477,1.06625,1.0658
2016-11-28 05:00:00,1.0658,1.06504,1.06647,1.06534
2016-11-28 06:00:00,1.06536,1.06456,1.06558,1.06473
2016-11-28 07:00:00,1.06471,1.06405,1.06621,1.06564
2016-11-28 08:00:00,1.06562,1.06499,1.06691,1.06618
2016-11-28 09:00:00,1.06619,1.0638,1.06652,1.06414
2016-11-28 10:00:00,1.06411,1.06308,1.06419,1.06308
2016-11-28 11:00:00,1.06308,1.05938,1.06316,1.0603
2016-11-28 12:00:00,1.06031,1.05807,1.06102,1.05817
2016-11-28 13:00:00,1.05819,1.05645,1.05943,1.05677
2016-11-28 14:00:00,1.05678,1.0563,1.05898,1.05846
2016-11-28 15:00:00,1.05844,1.05769,1.0604,1.05817
2016-11-28 16:00:00,1.05817,1.05722,1.06043,1.05744
2016-11-28 17:00:00,1.05745,1.05707,1.05848,1.05843
2016-11-28 18:00:00,1.05842,1.05815,1.05952,1.05938
2016-11-28 19:00:00,1.0594,1.05917,1.05991,1.05942
2016-11-28 20:00:00,1.05938,1.0593,1.06069,1.06068
2016-11-28 21:00:00,1.06067,1.06033,1.06167,1.06102
2016-11-28 22:00:00,1.06055,1.0605,1.06134,1.06121
2016-11-28 23:00:00,1.06119,1.0609,1.06212,1.06181
2016-11-29 00:00:00,1.06179,1.06066,1.06194,1.06097
2016-11-29 01:00:00,1.06093,1.06003,1.06127,1.06096
2016-11-29 02:00:00,1.06095,1.05923,1.061,1.05968
2016-11-29 03:00:00,1.05967,1.05878,1.05996,1.05932
2016-11-29 04:00:00,1.0593,1.05919,1.06016,1.06002
2016-11-29 05:00:00,1.06001,1.05974,1.06061,1.0602
2016-11-29 06:00:00,1.06021,1.06018,1.06087,1.06037
2016-11-29 07:00:00,1.06038,1.05889,1.06038,1.06023
2016-11-29 08:00:00,1.06024,1.05874,1.06135,1.05922
2016-11-29 09:00:00,1.0592,1.05815,1.06004,1.05955
2016-11-29 10:00:00,1.05954,1.0592,1.0606,1.06048
2016-11-29 11:00:00,1.06047,1.05946,1.06088,1.05969
2016-11-29 12:00:00,1.05971,1.05785,1.06001,1.05874
2016-11-29 13:00:00,1.05875,1.05643,1.05939,1.05751
2016-11-29 14:00:00,1.05753,1.05711,1.06107,1.0599
2016-11-29 15:00:00,1.05995,1.05931,1.06334,1.06166
2016-11-29 16:00:00,1.06169,1.06062,1.06254,1.06254
2016-11-29 17:00:00,1.06258,1.06202,1.06349,1.06267
2016-11-29 18:00:00,1.06268,1.06268,1.06471,1.06467
2016-11-29 19:00:00,1.06464,1.06389,1.06491,1.06468
2016-11-29 20:00:00,1.06467,1.06403,1.06468,1.06446
2016-11-29 21:00:00,1.06447,1.06447,1.06538,1.06482
2016-11-29 22:00:00,1.06462,1.06451,1.06534,1.06474
2016-11-29 23:00:00,1.06471,1.06453,1.06505,1.06466
2016-11-30 00:00:00,1.06463,1.06451,1.06598,1.06469
2016-11-30 01:00:00,1.06467,1.06404,1.06506,1.06492
2016-11-30 02:00:00,1.06489,1.06355,1.0655,1.06379
2016-11-30 03:00:00,1.06378,1.06275,1.0638,1.06312
2016-11-30 04:00:00,1.06312,1.06269,1.06358,1.06329
2016-11-30 05:00:00,1.06326,1.06293,1.06359,1.06312
2016-11-30 06:00:00,1.06311,1.0628,1.0641,1.06309
2016-11-30 07:00:00,1.06309,1.0621,1.06343,1.06226
2016-11-30 08:00:00,1.06225,1.06186,1.06587,1.06556
2016-11-30 09:00:00,1.06557,1.06347,1.06638,1.06361
2016-11-30 10:00:00,1.06359,1.06339,1.06555,1.06516
2016-11-30 11:00:00,1.06516,1.06443,1.0666,1.06461
2016-11-30 12:00:00,1.06463,1.06246,1.06491,1.06348
2016-11-30 13:00:00,1.06346,1.06095,1.06533,1.0629
2016-11-30 14:00:00,1.06292,1.05872,1.0633,1.05984
2016-11-30 15:00:00,1.05989,1.05821,1.06157,1.06085
2016-11-30 16:00:00,1.06082,1.05518,1.06105,1.05774
2016-11-30 17:00:00,1.05772,1.05754,1.05985,1.05985
2016-11-30 18:00:00,1.05981,1.05862,1.0599,1.05906
2016-11-30 19:00:00,1.05907,1.0587,1.06014,1.05966
2016-11-30 20:00:00,1.05964,1.05946,1.06016,1.05964
2016-11-30 21:00:00,1.05966,1.05868,1.05994,1.05881
2016-11-30 22:00:00,1.05889,1.0588,1.05961,1.05948
2016-11-30 23:00:00,1.05948,1.05849,1.05976,1.05894
2016-12-01 00:00:00,1.05894,1.05875,1.06008,1.05933
2016-12-01 01:00:00,1.05935,1.05886,1.06037,1.05951
2016-12-01 02:00:00,1.05951,1.05893,1.06004,1.06004
2016-12-01 03:00:00,1.06004,1.05951,1.06039,1.0599
2016-12-01 04:00:00,1.05989,1.05949,1.06023,1.06017
2016-12-01 05:00:00,1.06016,1.0601,1.06166,1.06136
2016-12-01 06:00:00,1.06136,1.06107,1.06293,1.06234
2016-12-01 07:00:00,1.06232,1.06107,1.06253,1.06139
2016-12-01 08:00:00,1.06137,1.06022,1.06211,1.06087
2016-12-01 09:00:00,1.06087,1.06052,1.06386,1.06276
2016-12-01 10:00:00,1.06277,1.06147,1.06351,1.06148
2016-12-01 11:00:00,1.06149,1.06147,1.06322,1.06223
2016-12-01 12:00:00,1.06221,1.06139,1.06343,1.06145
2016-12-01 13:00:00,1.06145,1.06133,1.06334,1.06277
2016-12-01 14:00:00,1.06277,1.05907,1.06278,1.05949
2016-12-01 15:00:00,1.05938,1.05838,1.06143,1.06116
2016-12-01 16:00:00,1.06118,1.06045,1.06344,1.06339
2016-12-01 17:00:00,1.06337,1.06194,1.06356,1.06246
2016-12-01 18:00:00,1.06247,1.0624,1.06468,1.06448
2016-12-01 19:00:00,1.06449,1.06407,1.06592,1.06455
2016-12-01 20:00:00,1.06453,1.06436,1.06624,1.06593
2016-12-01 21:00:00,1.06592,1.06546,1.06682,1.066
2016-12-01 22:00:00,1.06574,1.06536,1.06637,1.06579
2016-12-01 23:00:00,1.06585,1.06567,1.06658,1.06618
2016-12-02 00:00:00,1.06615,1.06601,1.06688,1.06639
2016-12-02 01:00:00,1.0664,1.06611,1.06764,1.06696
2016-12-02 02:00:00,1.06694,1.06655,1.06726,1.06709
2016-12-02 03:00:00,1.06708,1.06662,1.06824,1.06804
2016-12-02 04:00:00,1.06807,1.06781,1.06895,1.06783
2016-12-02 05:00:00,1.06781,1.06779,1.06879,1.06829
2016-12-02 06:00:00,1.0683,1.06777,1.06875,1.0679
2016-12-02 07:00:00,1.06788,1.06648,1.068,1.06696
2016-12-02 08:00:00,1.06694,1.06535,1.06769,1.06628
2016-12-02 09:00:00,1.06628,1.06451,1.06663,1.06454
2016-12-02 10:00:00,1.06453,1.06356,1.06492,1.06444
2016-12-02 11:00:00,1.06443,1.06393,1.06491,1.06462
2016-12-02 12:00:00,1.06463,1.063,1.06512,1.063
2016-12-02 13:00:00,1.06301,1.06245,1.06713,1.0634
2016-12-02 14:00:00,1.0634,1.06323,1.06599,1.06494
2016-12-02 15:00:00,1.06495,1.0644,1.06739,1.066
2016-12-02 16:00:00,1.06602,1.06601,1.06804,1.06655
2016-12-02 17:00:00,1.06655,1.06645,1.06785,1.06741
2016-12-02 18:00:00,1.06738,1.06548,1.06786,1.06571
2016-12-02 19:00:00,1.06572,1.06552,1.06624,1.06581
2016-12-02 20:00:00,1.06579,1.06555,1.06668,1.06624
2016-12-02 21:00:00,1.06623,1.06577,1.06747,1.06613
2016-12-04 22:00:00,1.06246,1.05304,1.06676,1.05319
2016-12-04 23:00:00,1.05316,1.05032,1.05874,1.05665
2016-12-05 00:00:00,1.0566,1.05547,1.05939,1.05658
2016-12-05 01:00:00,1.0566,1.05524,1.05793,1.05598
2016-12-05 02:00:00,1.056,1.05495,1.05649,1.05549
2016-12-05 03:00:00,1.05549,1.05368,1.05549,1.05483
2016-12-05 04:00:00,1.05484,1.05368,1.05526,1.05513
2016-12-05 05:00:00,1.05514,1.05505,1.05661,1.05658
2016-12-05 06:00:00,1.05654,1.05539,1.05747,1.05673
2016-12-05 07:00:00,1.0567,1.0557,1.06186,1.06027
2016-12-05 08:00:00,1.06023,1.05949,1.06615,1.06367
2016-12-05 09:00:00,1.06368,1.06315,1.06543,1.06325
2016-12-05 10:00:00,1.06323,1.06293,1.06566,1.06536
2016-12-05 11:00:00,1.06538,1.06465,1.07288,1.06964
2016-12-05 12:00:00,1.06965,1.06819,1.07105,1.06917
2016-12-05 13:00:00,1.06915,1.0684,1.07082,1.06862
2016-12-05 14:00:00,1.06863,1.06863,1.07345,1.07305
2016-12-05 15:00:00,1.07298,1.07193,1.07394,1.0724
2016-12-05 16:00:00,1.07241,1.0717,1.07301,1.07219
2016-12-05 17:00:00,1.07218,1.07218,1.07695,1.07667
2016-12-05 18:00:00,1.07665,1.07587,1.07956,1.07784
2016-12-05 19:00:00,1.07786,1.07671,1.07883,1.07678
2016-12-05 20:00:00,1.0768,1.07594,1.07702,1.07617
2016-12-05 21:00:00,1.07616,1.07596,1.0766,1.07628
2016-12-05 22:00:00,1.07621,1.07566,1.07668,1.07572
2016-12-05 23:00:00,1.07575,1.07534,1.07627,1.07561
2016-12-06 00:00:00,1.0756,1.07494,1.0763,1.07549
2016-12-06 01:00:00,1.07549,1.07534,1.0762,1.0761
2016-12-06 02:00:00,1.07609,1.07588,1.07695,1.07626
2016-12-06 03:00:00,1.07625,1.07503,1.0764,1.07545
2016-12-06 04:00:00,1.07546,1.07513,1.07582,1.07547
2016-12-06 05:00:00,1.07544,1.0752,1.07596,1.07543
2016-12-06 06:00:00,1.0754,1.07396,1.0754,1.07407
2016-12-06 07:00:00,1.07406,1.07363,1.07669,1.07618
2016-12-06 08:00:00,1.07619,1.07555,1.07847,1.07696
2016-12-06 09:00:00,1.07694,1.07605,1.07822,1.07658
2016-12-06 10:00:00,1.07656,1.07619,1.07759,1.07693
2016-12-06 11:00:00,1.07695,1.07282,1.07733,1.0737
2016-12-06 12:00:00,1.07369,1.07296,1.07527,1.07328
2016-12-06 13:00:00,1.07329,1.07262,1.07468,1.07325
2016-12-06 14:00:00,1.07323,1.07218,1.07433,1.07326
2016-12-06 15:00:00,1.07326,1.07226,1.07487,1.07315
2016-12-06 16:00:00,1.07317,1.07157,1.07383,1.0716
2016-12-06 17:00:00,1.0716,1.06977,1.07169,1.07108
2016-12-06 18:00:00,1.07106,1.07034,1.07172,1.0708
2016-12-06 19:00:00,1.07078,1.07078,1.07172,1.07156
2016-12-06 20:00:00,1.07153,1.0713,1.07216,1.07208
2016-12-06 21:00:00,1.07204,1.07148,1.0721,1.07163
2016-12-06 22:00:00,1.0716,1.07141,1.07203,1.07164
2016-12-06 23:00:00,1.07164,1.07164,1.07229,1.07182
2016-12-07 00:00:00,1.07181,1.07119,1.07196,1.07146
2016-12-07 01:00:00,1.07145,1.07119,1.07261,1.07194
2016-12-07 02:00:00,1.07195,1.07165,1.07212,1.072
2016-12-07 03:00:00,1.072,1.07188,1.07231,1.07219
2016-12-07 04:00:00,1.07219,1.0717,1.07237,1.07217
2016-12-07 05:00:00,1.07219,1.07162,1.07232,1.07179
2016-12-07 06:00:00,1.0718,1.07123,1.07264,1.07168
2016-12-07 07:00:00,1.07169,1.07103,1.07242,1.07124
2016-12-07 08:00:00,1.07122,1.07114,1.07319,1.07252
2016-12-07 09:00:00,1.0725,1.0719,1.07314,1.0719
2016-12-07 10:00:00,1.0719,1.07092,1.07279,1.07146
2016-12-07 11:00:00,1.07145,1.07129,1.07273,1.07237
2016-12-07 12:00:00,1.07235,1.07197,1.0737,1.07311
2016-12-07 13:00:00,1.07312,1.0725,1.07366,1.07351
2016-12-07 14:00:00,1.07352,1.07296,1.07463,1.07422
2016-12-07 15:00:00,1.07422,1.07392,1.07675,1.0766
2016-12-07 16:00:00,1.07661,1.07462,1.07672,1.07571
2016-12-07 17:00:00,1.07568,1.07409,1.07571,1.07433
2016-12-07 18:00:00,1.07432,1.07427,1.07586,1.07526
2016-12-07 19:00:00,1.07529,1.07472,1.07594,1.07572
2016-12-07 20:00:00,1.07571,1.07571,1.07665,1.07622
2016-12-07 21:00:00,1.07619,1.07485,1.07633,1.07516
2016-12-07 22:00:00,1.07526,1.0749,1.0757,1.07565
2016-12-07 23:00:00,1.0756,1.07517,1.07594,1.07582
2016-12-08 00:00:00,1.07582,1.07522,1.07683,1.07539
2016-12-08 01:00:00,1.07541,1.07479,1.0766,1.07655
2016-12-08 02:00:00,1.07657,1.07619,1.07736,1.07701
2016-12-08 03:00:00,1.07702,1.07692,1.07837,1.07756
2016-12-08 04:00:00,1.07756,1.07682,1.07774,1.07732
2016-12-08 05:00:00,1.07732,1.07691,1.07795,1.07725
2016-12-08 06:00:00,1.07726,1.07624,1.07726,1.07636
2016-12-08 07:00:00,1.07635,1.07576,1.077,1.07637
2016-12-08 08:00:00,1.07635,1.07596,1.07892,1.07876
2016-12-08 09:00:00,1.07876,1.07876,1.08048,1.08012
2016-12-08 10:00:00,1.08013,1.07874,1.0804,1.07926
2016-12-08 11:00:00,1.07924,1.07815,1.07949,1.07835
2016-12-08 12:00:00,1.07833,1.07432,1.08724,1.07515
2016-12-08 13:00:00,1.07518,1.06385,1.07655,1.06669
2016-12-08 14:00:00,1.06666,1.06199,1.06786,1.06294
2016-12-08 15:00:00,1.06293,1.06054,1.06357,1.06144
2016-12-08 16:00:00,1.06144,1.06013,1.06304,1.06256
2016-12-08 17:00:00,1.06255,1.05968,1.06287,1.06087
2016-12-08 18:00:00,1.06085,1.06002,1.06163,1.06036
2016-12-08 19:00:00,1.06037,1.05983,1.06177,1.06124
2016-12-08 20:00:00,1.06122,1.06111,1.06232,1.0615
2016-12-08 21:00:00,1.06152,1.06106,1.0617,1.06128
2016-12-08 22:00:00,1.06114,1.06051,1.0615,1.06125
2016-12-08 23:00:00,1.06125,1.06117,1.06209,1.06205
2016-12-09 00:00:00,1.062,1.06091,1.06201,1.0616
2016-12-09 01:00:00,1.06162,1.05882,1.06181,1.05897
2016-12-09 02:00:00,1.059,1.05884,1.06037,1.05989
2016-12-09 03:00:00,1.0599,1.05943,1.06095,1.06054
2016-12-09 04:00:00,1.06052,1.06034,1.06082,1.06069
2016-12-09 05:00:00,1.06071,1.06059,1.06158,1.06158
2016-12-09 06:00:00,1.06157,1.061,1.06181,1.06134
2016-12-09 07:00:00,1.06135,1.06117,1.06292,1.062
2016-12-09 08:00:00,1.06199,1.06068,1.06232,1.06181
2016-12-09 09:00:00,1.06179,1.06099,1.06283,1.06252
2016-12-09 10:00:00,1.0625,1.06082,1.06293,1.06101
2016-12-09 11:00:00,1.061,1.05687,1.06122,1.05749
2016-12-09 12:00:00,1.0575,1.05499,1.05792,1.05513
2016-12-09 13:00:00,1.0551,1.05502,1.05801,1.05744
2016-12-09 14:00:00,1.05746,1.05518,1.05787,1.05524
2016-12-09 15:00:00,1.05522,1.0534,1.05547,1.05343
2016-12-09 16:00:00,1.05346,1.05329,1.05473,1.05396
2016-12-09 17:00:00,1.05394,1.05303,1.05438,1.05393
2016-12-09 18:00:00,1.05394,1.05387,1.05494,1.05457
2016-12-09 19:00:00,1.05458,1.0541,1.05538,1.05526
2016-12-09 20:00:00,1.05524,1.0548,1.05593,1.05591
2016-12-09 21:00:00,1.0559,1.05511,1.05605,1.05581
2016-12-16 05:00:00,1.04287,1.04247,1.04379,1.04326
2016-12-16 06:00:00,1.04328,1.04328,1.04476,1.04422
2016-12-16 07:00:00,1.04424,1.04361,1.04545,1.04509
2016-12-16 08:00:00,1.04506,1.04304,1.04532,1.04338
2016-12-16 09:00:00,1.0434,1.04267,1.04653,1.04621
2016-12-16 10:00:00,1.04625,1.04476,1.04718,1.04529
2016-12-16 11:00:00,1.04528,1.04396,1.04586,1.04478
2016-12-16 12:00:00,1.04476,1.04336,1.04689,1.04351
2016-12-16 13:00:00,1.0435,1.04307,1.04574,1.0445
2016-12-16 14:00:00,1.04451,1.04085,1.04452,1.04253
2016-12-16 15:00:00,1.04255,1.04,1.04364,1.04093
2016-12-16 16:00:00,1.04092,1.04085,1.04737,1.04528
2016-12-16 17:00:00,1.04532,1.0445,1.04657,1.0445
2016-12-16 18:00:00,1.04452,1.04394,1.04539,1.04464
2016-12-16 19:00:00,1.04465,1.04296,1.04501,1.04331
2016-12-16 20:00:00,1.0433,1.04289,1.04424,1.04418
2016-12-16 21:00:00,1.04416,1.0441,1.04518,1.04462
2016-12-18 22:00:00,1.04375,1.04348,1.04472,1.04457
2016-12-18 23:00:00,1.04457,1.04453,1.04563,1.0446
2016-12-19 00:00:00,1.04456,1.0442,1.04661,1.04547
2016-12-19 01:00:00,1.04544,1.04544,1.04686,1.04596
2016-12-19 02:00:00,1.04595,1.0455,1.04668,1.0457
2016-12-19 03:00:00,1.04572,1.0452,1.04591,1.04576
2016-12-19 04:00:00,1.04577,1.0455,1.04614,1.04606
2016-12-19 05:00:00,1.04605,1.04568,1.04652,1.04652
2016-12-19 06:00:00,1.04655,1.04572,1.0479,1.04754
2016-12-19 07:00:00,1.04752,1.04597,1.04762,1.04646
2016-12-19 08:00:00,1.04643,1.04559,1.04682,1.04632
2016-12-19 09:00:00,1.04631,1.04475,1.04699,1.04475
2016-12-19 10:00:00,1.04474,1.04366,1.04494,1.04439
2016-12-19 11:00:00,1.04437,1.04236,1.04449,1.04277
2016-12-19 12:00:00,1.04276,1.04244,1.04393,1.04276
2016-12-19 13:00:00,1.04278,1.04107,1.04346,1.04283
2016-12-19 14:00:00,1.04282,1.0423,1.04407,1.04289
2016-12-19 15:00:00,1.04288,1.04276,1.04514,1.04345
2016-12-19 16:00:00,1.04346,1.04329,1.04514,1.04442
2016-12-19 17:00:00,1.0444,1.04378,1.04459,1.04435
2016-12-19 18:00:00,1.04435,1.0413,1.04502,1.04246
2016-12-19 19:00:00,1.04249,1.03945,1.04282,1.04035
2016-12-19 20:00:00,1.04034,1.03978,1.04066,1.03996
2016-12-19 21:00:00,1.03997,1.03919,1.04035,1.0401
2016-12-19 22:00:00,1.03981,1.03922,1.04018,1.04007
2016-12-19 23:00:00,1.04009,1.03976,1.04056,1.04019
2016-12-20 00:00:00,1.04017,1.03956,1.04121,1.0402
2016-12-20 01:00:00,1.0402,1.03977,1.0412,1.04098
2016-12-20 02:00:00,1.04099,1.0405,1.04174,1.04094
2016-12-20 03:00:00,1.04092,1.04037,1.04159,1.04142
2016-12-20 04:00:00,1.04141,1.03982,1.04145,1.04018
2016-12-20 05:00:00,1.04018,1.03918,1.04022,1.03961
2016-12-20 06:00:00,1.0396,1.03751,1.0396,1.03836
2016-12-20 07:00:00,1.03834,1.038,1.03938,1.03909
2016-12-20 08:00:00,1.03911,1.03791,1.03974,1.03849
2016-12-20 09:00:00,1.03847,1.03802,1.03904,1.0383
2016-12-20 10:00:00,1.03831,1.0375,1.03909,1.03889
2016-12-20 11:00:00,1.03888,1.03768,1.03906,1.03781
2016-12-20 12:00:00,1.03783,1.03517,1.03834,1.03555
2016-12-20 13:00:00,1.03553,1.0353,1.03697,1.03691
2016-12-20 14:00:00,1.03691,1.03595,1.03785,1.03708
2016-12-20 15:00:00,1.03707,1.03658,1.03889,1.0376
2016-12-20 16:00:00,1.03762,1.03709,1.03954,1.03893
2016-12-20 17:00:00,1.03893,1.03878,1.03989,1.03968
2016-12-20 18:00:00,1.03968,1.03904,1.04074,1.03934
2016-12-20 19:00:00,1.03936,1.03856,1.03947,1.03882
2016-12-20 20:00:00,1.03881,1.03849,1.03921,1.0389
2016-12-20 21:00:00,1.03891,1.03855,1.03916,1.03864
2016-12-20 22:00:00,1.03855,1.03823,1.03926,1.0389
2016-12-20 23:00:00,1.03893,1.03863,1.03974,1.03902
2016-12-21 00:00:00,1.03901,1.0389,1.04018,1.039
2016-12-21 01:00:00,1.039,1.03818,1.03967,1.03958
2016-12-21 02:00:00,1.03956,1.03951,1.04184,1.04088
2016-12-21 03:00:00,1.04087,1.0406,1.04138,1.04094
2016-12-21 04:00:00,1.04091,1.04073,1.04151,1.04119
2016-12-21 05:00:00,1.04115,1.04016,1.04143,1.04032
2016-12-21 06:00:00,1.04034,1.04005,1.04167,1.04125
2016-12-21 07:00:00,1.04123,1.04052,1.04149,1.04065
2016-12-21 08:00:00,1.04068,1.03936,1.04088,1.04007
2016-12-21 09:00:00,1.04006,1.03952,1.04055,1.03976
2016-12-21 10:00:00,1.03974,1.03879,1.04082,1.04079
2016-12-21 11:00:00,1.04078,1.04024,1.041,1.04057
2016-12-21 12:00:00,1.04058,1.04058,1.04326,1.04184
2016-12-21 13:00:00,1.04182,1.04174,1.04414,1.04407
2016-12-21 14:00:00,1.04406,1.04356,1.04505,1.0441
2016-12-21 15:00:00,1.04411,1.04316,1.04501,1.04321
2016-12-21 16:00:00,1.0432,1.04205,1.04342,1.04246
2016-12-21 17:00:00,1.04247,1.0423,1.04383,1.04268
2016-12-21 18:00:00,1.0427,1.04189,1.04289,1.0426
2016-12-21 19:00:00,1.04259,1.04231,1.0428,1.04252
2016-12-21 20:00:00,1.04252,1.04252,1.04316,1.04301
2016-12-21 21:00:00,1.043,1.04208,1.04332,1.04228
2016-12-21 22:00:00,1.04226,1.04197,1.04301,1.04255
2016-12-21 23:00:00,1.04256,1.04236,1.0428,1.04257
2016-12-22 00:00:00,1.04252,1.04246,1.04379,1.04344
2016-12-22 01:00:00,1.04346,1.04346,1.04473,1.04418
2016-12-22 02:00:00,1.04417,1.04341,1.04429,1.04388
2016-12-22 03:00:00,1.04389,1.04344,1.04441,1.04402
2016-12-22 04:00:00,1.04399,1.04331,1.04406,1.0437
2016-12-22 05:00:00,1.04369,1.04309,1.04382,1.04368
2016-12-22 06:00:00,1.04365,1.04317,1.04465,1.04436
2016-12-22 07:00:00,1.04434,1.04364,1.04557,1.04374
2016-12-22 08:00:00,1.04372,1.04326,1.04532,1.04409
2016-12-22 09:00:00,1.04412,1.04408,1.0455,1.04422
2016-12-22 10:00:00,1.04423,1.044,1.04694,1.04643
2016-12-22 11:00:00,1.04642,1.04456,1.04696,1.04484
2016-12-22 12:00:00,1.04483,1.0439,1.04531,1.04479
2016-12-22 13:00:00,1.04476,1.04287,1.04523,1.04382
2016-12-22 14:00:00,1.04381,1.04361,1.04628,1.0458
2016-12-22 15:00:00,1.04579,1.04546,1.04987,1.04581
2016-12-22 16:00:00,1.0458,1.04452,1.04615,1.04521
2016-12-22 17:00:00,1.04522,1.04364,1.04532,1.04411
2016-12-22 18:00:00,1.04406,1.04343,1.0447,1.04377
2016-12-22 19:00:00,1.04379,1.04317,1.04383,1.04346
2016-12-22 20:00:00,1.04347,1.04313,1.0438,1.04334
2016-12-22 21:00:00,1.04337,1.04337,1.0438,1.04356
2016-12-22 22:00:00,1.0431,1.04297,1.0438,1.04334
2016-12-22 23:00:00,1.04335,1.04329,1.04391,1.0437
2016-12-23 00:00:00,1.04372,1.04347,1.04404,1.0436
2016-12-23 01:00:00,1.0436,1.0436,1.0444,1.04438
2016-12-23 02:00:00,1.04441,1.04395,1.04445,1.04398
2016-12-23 03:00:00,1.044,1.04388,1.04435,1.04433
2016-12-23 04:00:00,1.04435,1.04405,1.04496,1.04479
2016-12-23 05:00:00,1.04477,1.04446,1.04498,1.0449
2016-12-23 06:00:00,1.04488,1.044,1.04519,1.04432
2016-12-23 07:00:00,1.0443,1.04368,1.04471,1.04386
2016-12-23 08:00:00,1.04385,1.04353,1.04485,1.04475
2016-12-23 09:00:00,1.04471,1.04429,1.04629,1.04544
2016-12-23 10:00:00,1.04544,1.04439,1.04594,1.04446
2016-12-23 11:00:00,1.04444,1.04388,1.04536,1.04521
2016-12-23 12:00:00,1.04521,1.0446,1.0456,1.04471
2016-12-23 13:00:00,1.04472,1.04312,1.04484,1.04335
2016-12-23 14:00:00,1.04336,1.04259,1.04416,1.04336
2016-12-23 15:00:00,1.04332,1.04319,1.04685,1.04611
2016-12-23 16:00:00,1.04611,1.04456,1.04624,1.04479
2016-12-23 17:00:00,1.04478,1.04429,1.04509,1.04467
2016-12-23 18:00:00,1.04466,1.04433,1.04502,1.04476
2016-12-23 19:00:00,1.04475,1.04452,1.04533,1.04511
2016-12-23 20:00:00,1.0451,1.04469,1.04536,1.04479
2016-12-23 21:00:00,1.04478,1.04469,1.0457,1.04502
2016-12-26 23:00:00,1.04491,1.04489,1.04555,1.04531
2016-12-27 00:00:00,1.04535,1.04444,1.04544,1.04448
2016-12-27 01:00:00,1.04446,1.04315,1.04509,1.04333
2016-12-27 02:00:00,1.04334,1.04321,1.0437,1.0437
2016-12-27 03:00:00,1.0437,1.04333,1.04391,1.04354
2016-12-27 04:00:00,1.04353,1.04341,1.04411,1.04402
2016-12-27 05:00:00,1.04405,1.04375,1.0445,1.0445
2016-12-27 06:00:00,1.04447,1.04426,1.04502,1.04469
2016-12-27 07:00:00,1.04471,1.04385,1.04525,1.04425
2016-12-27 08:00:00,1.04427,1.04426,1.04532,1.045
2016-12-27 09:00:00,1.045,1.0446,1.04549,1.04501
2016-12-27 10:00:00,1.045,1.04459,1.0455,1.04517
2016-12-27 11:00:00,1.04519,1.04472,1.04539,1.04492
2016-12-27 12:00:00,1.04491,1.04396,1.045,1.04416
2016-12-27 13:00:00,1.04417,1.04405,1.04463,1.04426
2016-12-27 14:00:00,1.04425,1.04415,1.04535,1.04516
2016-12-27 15:00:00,1.04515,1.04487,1.04596,1.0457
2016-12-27 16:00:00,1.04569,1.04542,1.04628,1.04564
2016-12-27 17:00:00,1.04562,1.04524,1.04584,1.04555
2016-12-27 18:00:00,1.04556,1.045,1.04561,1.04515
2016-12-27 19:00:00,1.04516,1.04514,1.04577,1.04559
2016-12-27 20:00:00,1.0456,1.04534,1.04579,1.04546
2016-12-27 21:00:00,1.04548,1.04541,1.04575,1.04558
2016-12-27 22:00:00,1.04516,1.04516,1.04598,1.04574
2016-12-27 23:00:00,1.04574,1.0456,1.04611,1.04604
2016-12-28 00:00:00,1.04604,1.04576,1.04665,1.04636
2016-12-28 01:00:00,1.04635,1.0462,1.04742,1.04689
2016-12-28 02:00:00,1.04687,1.04636,1.04713,1.04641
2016-12-28 03:00:00,1.04637,1.04637,1.04696,1.04689
2016-12-28 04:00:00,1.04689,1.04675,1.04723,1.04697
2016-12-28 05:00:00,1.04696,1.04686,1.04794,1.04775
2016-12-28 06:00:00,1.04773,1.04706,1.04789,1.04708
2016-12-28 07:00:00,1.04707,1.04636,1.04714,1.04662
2016-12-28 08:00:00,1.0466,1.04402,1.04664,1.04411
2016-12-28 09:00:00,1.04408,1.04335,1.04457,1.04393
2016-12-28 10:00:00,1.04394,1.04311,1.04447,1.04315
2016-12-28 11:00:00,1.04312,1.0409,1.04356,1.04167
2016-12-28 12:00:00,1.04168,1.03931,1.0418,1.03967
2016-12-28 13:00:00,1.03969,1.0386,1.04015,1.03929
2016-12-28 14:00:00,1.0393,1.03858,1.03998,1.03868
2016-12-28 15:00:00,1.03871,1.03843,1.04029,1.03927
2016-12-28 16:00:00,1.03929,1.03876,1.03984,1.03882
2016-12-28 17:00:00,1.03883,1.03715,1.03894,1.03832
2016-12-28 18:00:00,1.03831,1.03819,1.03984,1.03971
2016-12-28 19:00:00,1.0397,1.03935,1.04127,1.04083
2016-12-28 20:00:00,1.04084,1.04052,1.04177,1.04069
2016-12-28 21:00:00,1.04066,1.04054,1.04161,1.04118
2016-12-28 22:00:00,1.04114,1.04051,1.04179,1.04169
2016-12-28 23:00:00,1.04167,1.04131,1.04221,1.04135
2016-12-29 00:00:00,1.04138,1.04134,1.04316,1.04252
2016-12-29 01:00:00,1.04247,1.04244,1.04373,1.04335
2016-12-29 02:00:00,1.04337,1.04287,1.04391,1.04339
2016-12-29 03:00:00,1.04341,1.04318,1.04418,1.04412
2016-12-29 04:00:00,1.04415,1.04411,1.04595,1.04547
2016-12-29 05:00:00,1.04548,1.04531,1.04643,1.04597
2016-12-29 06:00:00,1.04595,1.04524,1.04621,1.046
2016-12-29 07:00:00,1.046,1.04506,1.04624,1.04511
2016-12-29 08:00:00,1.04508,1.04419,1.04547,1.0445
2016-12-29 09:00:00,1.04447,1.04447,1.04794,1.04682
2016-12-29 10:00:00,1.04683,1.04659,1.04761,1.04702
2016-12-29 11:00:00,1.04704,1.0449,1.04746,1.04537
2016-12-29 12:00:00,1.04539,1.04463,1.04624,1.04472
2016-12-29 13:00:00,1.04472,1.0445,1.04672,1.04644
2016-12-29 14:00:00,1.04645,1.04466,1.04645,1.04569
2016-12-29 15:00:00,1.04568,1.04555,1.04911,1.04873
2016-12-29 16:00:00,1.04875,1.04718,1.04918,1.04831
2016-12-29 17:00:00,1.0483,1.04668,1.04889,1.04717
2016-12-29 18:00:00,1.04716,1.04701,1.04882,1.04855
2016-12-29 19:00:00,1.04854,1.04768,1.04933,1.04834
2016-12-29 20:00:00,1.04832,1.04792,1.04871,1.04831
2016-12-29 21:00:00,1.0483,1.04804,1.04917,1.04896
2016-12-29 22:00:00,1.04867,1.04807,1.04915,1.04911
2016-12-29 23:00:00,1.04917,1.04835,1.06515,1.05644
2016-12-30 00:00:00,1.05639,1.05418,1.05785,1.05511
2016-12-30 01:00:00,1.05509,1.05432,1.05718,1.05446
2016-12-30 02:00:00,1.05444,1.05292,1.05464,1.05334
2016-12-30 03:00:00,1.05334,1.05195,1.05369,1.05292
2016-12-30 04:00:00,1.05294,1.05211,1.05327,1.05286
2016-12-30 05:00:00,1.05282,1.05273,1.05387,1.05357
2016-12-30 06:00:00,1.05359,1.05212,1.05458,1.05255
2016-12-30 07:00:00,1.05257,1.05051,1.05355,1.05066
2016-12-30 08:00:00,1.05062,1.05059,1.05278,1.0521
2016-12-30 09:00:00,1.05212,1.05201,1.05906,1.05885
2016-12-30 10:00:00,1.05882,1.05435,1.05899,1.05469
2016-12-30 11:00:00,1.05469,1.0539,1.05611,1.05591
2016-12-30 12:00:00,1.0559,1.05354,1.05702,1.05373
2016-12-30 13:00:00,1.05375,1.0534,1.05533,1.0543
2016-12-30 14:00:00,1.05432,1.05244,1.05522,1.05496
2016-12-30 15:00:00,1.05495,1.05373,1.05767,1.05464
2016-12-30 16:00:00,1.05465,1.05425,1.05637,1.0551
2016-12-30 17:00:00,1.05508,1.05281,1.05535,1.05458
2016-12-30 18:00:00,1.05458,1.05249,1.05468,1.05266
2017-01-02 23:00:00,1.0466,1.0455,1.04697,1.04568
2017-01-03 00:00:00,1.04566,1.04563,1.04706,1.04656
2017-01-03 01:00:00,1.04657,1.04639,1.04803,1.0475
2017-01-03 02:00:00,1.04748,1.047,1.04776,1.04715
2017-01-03 03:00:00,1.04715,1.04708,1.04843,1.04842
2017-01-03 04:00:00,1.0484,1.04812,1.04892,1.04876
2017-01-03 05:00:00,1.04876,1.0481,1.04896,1.04816
2017-01-03 06:00:00,1.04815,1.04804,1.04887,1.04875
2017-01-03 07:00:00,1.04876,1.04529,1.04881,1.04599
2017-01-03 08:00:00,1.04596,1.04198,1.04651,1.04343
2017-01-03 09:00:00,1.04345,1.03995,1.04358,1.04011
2017-01-03 10:00:00,1.04007,1.0395,1.0416,1.03957
2017-01-03 11:00:00,1.03955,1.03805,1.03991,1.03937
2017-01-03 12:00:00,1.03937,1.03745,1.03939,1.03886
2017-01-03 13:00:00,1.03888,1.03811,1.03913,1.03909
2017-01-03 14:00:00,1.03908,1.03841,1.04075,1.03873
2017-01-03 15:00:00,1.03867,1.03395,1.0389,1.03837
2017-01-03 16:00:00,1.03838,1.03778,1.04332,1.04147
2017-01-03 17:00:00,1.04146,1.04093,1.04276,1.04263
2017-01-03 18:00:00,1.04262,1.04127,1.04313,1.04142
2017-01-03 19:00:00,1.04143,1.04047,1.04144,1.04099
2017-01-03 20:00:00,1.04101,1.04012,1.04165,1.04014
2017-01-03 21:00:00,1.04013,1.04009,1.04064,1.04038
2017-01-03 22:00:00,1.04045,1.04021,1.04113,1.04079
2017-01-03 23:00:00,1.04081,1.04079,1.04231,1.04167
2017-01-04 00:00:00,1.04166,1.03915,1.04172,1.03939
2017-01-04 01:00:00,1.03941,1.03891,1.04015,1.03929
2017-01-04 02:00:00,1.03928,1.03926,1.04057,1.0405
2017-01-04 03:00:00,1.0405,1.03969,1.04076,1.04045
2017-01-04 04:00:00,1.04046,1.0402,1.04089,1.04021
2017-01-04 05:00:00,1.0402,1.04011,1.04086,1.0406
2017-01-04 06:00:00,1.04059,1.03985,1.0414,1.04055
2017-01-04 07:00:00,1.04053,1.04048,1.04209,1.04165
2017-01-04 08:00:00,1.04162,1.04144,1.04396,1.04329
2017-01-04 09:00:00,1.04333,1.04277,1.0445,1.04371
2017-01-04 10:00:00,1.0437,1.04266,1.04434,1.04319
2017-01-04 11:00:00,1.04321,1.04268,1.04445,1.04307
2017-01-04 12:00:00,1.04306,1.0423,1.0441,1.04333
2017-01-04 13:00:00,1.04336,1.04273,1.04457,1.04386
2017-01-04 14:00:00,1.04385,1.04359,1.0463,1.04615
2017-01-04 15:00:00,1.04617,1.0453,1.04806,1.04756
2017-01-04 16:00:00,1.04757,1.0471,1.04909,1.04748
2017-01-04 17:00:00,1.04748,1.04687,1.04834,1.04712
2017-01-04 18:00:00,1.04711,1.04668,1.04818,1.04773
2017-01-04 19:00:00,1.04771,1.04513,1.04994,1.04655
2017-01-04 20:00:00,1.04655,1.04631,1.04861,1.04854
2017-01-04 21:00:00,1.04851,1.04799,1.04946,1.04878
2017-01-04 22:00:00,1.04879,1.04806,1.04901,1.04857
2017-01-04 23:00:00,1.04863,1.04799,1.05006,1.04963
2017-01-05 00:00:00,1.04962,1.04955,1.05399,1.05399
2017-01-05 01:00:00,1.054,1.0509,1.05401,1.05187
2017-01-05 02:00:00,1.05187,1.05106,1.05282,1.0514
2017-01-05 03:00:00,1.05136,1.0513,1.05266,1.05196
2017-01-05 04:00:00,1.05199,1.05169,1.05282,1.05256
2017-01-05 05:00:00,1.05256,1.05232,1.05627,1.05411
2017-01-05 06:00:00,1.05409,1.05399,1.05741,1.05657
2017-01-05 07:00:00,1.05656,1.05424,1.05678,1.05587
2017-01-05 08:00:00,1.05586,1.05041,1.05697,1.05146
2017-01-05 09:00:00,1.05148,1.0501,1.05228,1.05041
2017-01-05 10:00:00,1.0504,1.04869,1.05129,1.04881
2017-01-05 11:00:00,1.0488,1.04818,1.05007,1.04928
2017-01-05 12:00:00,1.04926,1.04913,1.05177,1.05007
2017-01-05 13:00:00,1.05006,1.04929,1.05421,1.05299
2017-01-05 14:00:00,1.05297,1.05273,1.05506,1.05445
2017-01-05 15:00:00,1.05444,1.05355,1.06083,1.06019
2017-01-05 16:00:00,1.06018,1.05852,1.06146,1.05982
2017-01-05 17:00:00,1.05983,1.05907,1.06008,1.05979
2017-01-05 18:00:00,1.0598,1.05901,1.06068,1.05993
2017-01-05 19:00:00,1.05994,1.05863,1.06004,1.05911
2017-01-05 20:00:00,1.05912,1.05878,1.05987,1.05983
2017-01-05 21:00:00,1.05983,1.05983,1.0609,1.06053
2017-01-05 22:00:00,1.05994,1.05952,1.06068,1.06004
2017-01-05 23:00:00,1.06006,1.06005,1.06124,1.0603
2017-01-06 00:00:00,1.06027,1.05844,1.0606,1.05895
2017-01-06 01:00:00,1.05897,1.0575,1.05911,1.05828
2017-01-06 02:00:00,1.05827,1.05788,1.05929,1.05868
2017-01-06 03:00:00,1.05866,1.05794,1.05915,1.05881
2017-01-06 04:00:00,1.05879,1.05774,1.05905,1.05798
2017-01-06 05:00:00,1.05799,1.05762,1.05828,1.0582
2017-01-06 06:00:00,1.05819,1.05743,1.05876,1.05785
2017-01-06 07:00:00,1.0578,1.05735,1.05902,1.05836
2017-01-06 08:00:00,1.05837,1.05804,1.05974,1.05928
2017-01-06 09:00:00,1.0593,1.05859,1.06078,1.05998
2017-01-06 10:00:00,1.05999,1.05889,1.06071,1.06053
2017-01-06 11:00:00,1.06054,1.0583,1.06055,1.05856
2017-01-06 12:00:00,1.05854,1.057,1.05861,1.05795
2017-01-06 13:00:00,1.05795,1.05385,1.06192,1.05436
2017-01-06 14:00:00,1.05437,1.05348,1.05686,1.05551
2017-01-06 15:00:00,1.05551,1.05482,1.05822,1.05724
2017-01-06 16:00:00,1.05725,1.05504,1.0582,1.05581
2017-01-06 17:00:00,1.05579,1.05349,1.05611,1.0549
2017-01-06 18:00:00,1.05492,1.05247,1.05514,1.05252
2017-01-06 19:00:00,1.0525,1.05245,1.05338,1.05307
2017-01-06 20:00:00,1.05309,1.0527,1.05349,1.05336
2017-01-06 21:00:00,1.05334,1.05267,1.05348,1.05267
2017-01-08 22:00:00,1.05278,1.05264,1.0533,1.05316
2017-01-08 23:00:00,1.05317,1.05252,1.05352,1.05289
2017-01-09 00:00:00,1.05291,1.05211,1.05354,1.05343
2017-01-09 01:00:00,1.05344,1.05338,1.05439,1.05414
2017-01-09 02:00:00,1.05414,1.0532,1.0542,1.05321
2017-01-09 03:00:00,1.0532,1.05257,1.05343,1.05291
2017-01-09 04:00:00,1.05292,1.05231,1.05295,1.05257
2017-01-09 05:00:00,1.05258,1.05156,1.05317,1.05233
2017-01-09 06:00:00,1.05234,1.05185,1.0536,1.05318
2017-01-09 07:00:00,1.05317,1.05286,1.05405,1.05366
2017-01-09 08:00:00,1.05368,1.05337,1.05556,1.05474
2017-01-09 09:00:00,1.05472,1.05223,1.05516,1.05235
2017-01-09 10:00:00,1.05233,1.05101,1.0525,1.05178
2017-01-09 11:00:00,1.0518,1.05118,1.05322,1.05239
2017-01-09 12:00:00,1.05237,1.05195,1.05306,1.05214
2017-01-09 13:00:00,1.05214,1.0512,1.05415,1.05338
2017-01-09 14:00:00,1.05338,1.05237,1.05481,1.05302
2017-01-09 15:00:00,1.05301,1.05278,1.05631,1.05543
2017-01-09 16:00:00,1.05545,1.05537,1.05821,1.05747
2017-01-09 17:00:00,1.0575,1.05609,1.0578,1.057
2017-01-09 18:00:00,1.05697,1.05628,1.05768,1.05633
2017-01-09 19:00:00,1.05633,1.05616,1.05775,1.0577
2017-01-09 20:00:00,1.05772,1.05572,1.05776,1.05683
2017-01-09 21:00:00,1.05685,1.05663,1.05734,1.05704
2017-01-09 22:00:00,1.0574,1.05682,1.05878,1.05831
2017-01-09 23:00:00,1.05833,1.05815,1.05884,1.05852
2017-01-10 00:00:00,1.0585,1.05833,1.05987,1.05895
2017-01-10 01:00:00,1.05895,1.0575,1.05943,1.0578
2017-01-10 02:00:00,1.05783,1.05752,1.06112,1.06062
2017-01-10 03:00:00,1.06062,1.06038,1.06267,1.06149
2017-01-10 04:00:00,1.06149,1.06066,1.06188,1.06076
2017-01-10 05:00:00,1.06078,1.06022,1.06136,1.06091
2017-01-10 06:00:00,1.0609,1.05931,1.06152,1.05945
2017-01-10 07:00:00,1.05948,1.05887,1.06027,1.05973
2017-01-10 08:00:00,1.0597,1.05863,1.06197,1.06031
2017-01-10 09:00:00,1.06033,1.05896,1.06063,1.05958
2017-01-10 10:00:00,1.05959,1.05794,1.05993,1.05907
2017-01-10 11:00:00,1.05907,1.05763,1.05907,1.05778
2017-01-10 12:00:00,1.05777,1.05615,1.05844,1.05682
2017-01-10 13:00:00,1.05679,1.05578,1.05762,1.05742
2017-01-10 14:00:00,1.05738,1.05688,1.06042,1.05948
2017-01-10 15:00:00,1.05948,1.05707,1.06018,1.05928
2017-01-10 16:00:00,1.05927,1.05673,1.05976,1.05711
2017-01-10 17:00:00,1.05712,1.05503,1.05746,1.05606
2017-01-10 18:00:00,1.05605,1.05555,1.05641,1.0558
2017-01-10 19:00:00,1.0558,1.05547,1.05628,1.05578
2017-01-10 20:00:00,1.05576,1.05554,1.05616,1.05611
2017-01-10 21:00:00,1.05607,1.0553,1.05612,1.0553
2017-01-10 22:00:00,1.05534,1.05523,1.05591,1.05553
2017-01-10 23:00:00,1.0555,1.05502,1.05551,1.05516
2017-01-11 00:00:00,1.05515,1.05507,1.05626,1.05572
2017-01-11 01:00:00,1.05574,1.05489,1.05656,1.05574
2017-01-11 02:00:00,1.05576,1.05421,1.05601,1.05455
2017-01-11 03:00:00,1.05456,1.05357,1.05495,1.05448
2017-01-11 04:00:00,1.05449,1.054,1.05501,1.05499
2017-01-11 05:00:00,1.05496,1.0545,1.05519,1.05491
2017-01-11 06:00:00,1.05493,1.05493,1.05663,1.05617
2017-01-11 07:00:00,1.05616,1.05524,1.05628,1.05577
2017-01-11 08:00:00,1.05576,1.05455,1.05591,1.05572
2017-01-11 09:00:00,1.05573,1.05296,1.05581,1.05348
2017-01-11 10:00:00,1.05348,1.05153,1.05355,1.05217
2017-01-11 11:00:00,1.05218,1.05127,1.05245,1.05187
2017-01-11 12:00:00,1.05185,1.04994,1.05203,1.05011
2017-01-11 13:00:00,1.05013,1.04932,1.05149,1.05127
2017-01-11 14:00:00,1.05127,1.04774,1.05153,1.04803
2017-01-11 15:00:00,1.04804,1.04533,1.04815,1.04735
2017-01-11 16:00:00,1.04737,1.04577,1.05402,1.04984
2017-01-11 17:00:00,1.04986,1.04717,1.05717,1.05577
2017-01-11 18:00:00,1.05579,1.05539,1.06222,1.0603
2017-01-11 19:00:00,1.0603,1.057,1.06134,1.0576
2017-01-11 20:00:00,1.05762,1.05634,1.05771,1.05725
2017-01-11 21:00:00,1.05724,1.05723,1.05841,1.05811
2017-01-11 22:00:00,1.0579,1.05749,1.05832,1.05822
2017-01-11 23:00:00,1.05822,1.05769,1.05985,1.05937
2017-01-12 00:00:00,1.05937,1.05709,1.05965,1.0581
2017-01-12 01:00:00,1.05811,1.05752,1.05924,1.05832
2017-01-12 02:00:00,1.05831,1.05821,1.06093,1.0598
2017-01-12 03:00:00,1.05982,1.05932,1.06132,1.06105
2017-01-12 04:00:00,1.06104,1.05978,1.06121,1.05991
2017-01-12 05:00:00,1.05992,1.05943,1.06109,1.06109
2017-01-12 06:00:00,1.06108,1.06044,1.06378,1.06371
2017-01-12 07:00:00,1.06368,1.06267,1.06424,1.06289
2017-01-12 08:00:00,1.0629,1.06269,1.06641,1.06426
2017-01-12 09:00:00,1.06425,1.06271,1.06446,1.06401
2017-01-12 10:00:00,1.06402,1.0619,1.06421,1.06376
2017-01-12 11:00:00,1.06377,1.06367,1.0652,1.06516
2017-01-12 12:00:00,1.06515,1.06509,1.06841,1.06739
2017-01-12 13:00:00,1.06738,1.06428,1.06821,1.06519
2017-01-12 14:00:00,1.0652,1.0632,1.06586,1.0658
2017-01-12 15:00:00,1.06579,1.06367,1.0675,1.06518
2017-01-12 16:00:00,1.06519,1.06473,1.0667,1.06649
2017-01-12 17:00:00,1.06648,1.06449,1.06681,1.06478
2017-01-12 18:00:00,1.06477,1.06295,1.06513,1.0641
2017-01-12 19:00:00,1.06408,1.0621,1.0642,1.06256
2017-01-12 20:00:00,1.06256,1.06097,1.06284,1.06227
2017-01-12 21:00:00,1.06226,1.06106,1.06243,1.0611
2017-01-12 22:00:00,1.0611,1.06101,1.06178,1.06112
2017-01-12 23:00:00,1.06116,1.06057,1.06161,1.06151
2017-01-13 00:00:00,1.06147,1.06043,1.06173,1.06089
2017-01-13 01:00:00,1.06088,1.06077,1.06191,1.06155
2017-01-13 02:00:00,1.06156,1.06031,1.06184,1.06048
2017-01-13 03:00:00,1.06049,1.06033,1.06116,1.06073
2017-01-13 04:00:00,1.0607,1.06049,1.06168,1.06168
2017-01-13 05:00:00,1.06167,1.06117,1.06169,1.06166
2017-01-13 06:00:00,1.06166,1.06135,1.06294,1.06288
2017-01-13 07:00:00,1.06286,1.06235,1.06404,1.06307
2017-01-13 08:00:00,1.06307,1.06245,1.06431,1.06336
2017-01-13 09:00:00,1.06338,1.0627,1.06505,1.06437
2017-01-13 10:00:00,1.06438,1.06399,1.06537,1.06434
2017-01-13 11:00:00,1.06437,1.06429,1.0657,1.06451
2017-01-13 12:00:00,1.06453,1.06425,1.06582,1.06441
2017-01-13 13:00:00,1.06442,1.06195,1.06695,1.06448
2017-01-13 14:00:00,1.06451,1.06001,1.06519,1.06041
2017-01-13 15:00:00,1.06035,1.05954,1.06291,1.06224
2017-01-13 16:00:00,1.06227,1.06111,1.06305,1.06238
2017-01-13 17:00:00,1.0624,1.06214,1.06414,1.06367
2017-01-13 18:00:00,1.06368,1.06289,1.06436,1.06316
2017-01-13 19:00:00,1.06314,1.06294,1.06522,1.06433
2017-01-13 20:00:00,1.06432,1.06348,1.06467,1.06362
2017-01-13 21:00:00,1.06361,1.0636,1.06445,1.06383
2017-01-15 22:00:00,1.06012,1.06007,1.06275,1.06211
2017-01-15 23:00:00,1.06211,1.062,1.0635,1.06265
2017-01-16 00:00:00,1.06266,1.06235,1.06336,1.06283
2017-01-16 01:00:00,1.06281,1.06156,1.06299,1.06199
2017-01-16 02:00:00,1.06198,1.06101,1.06267,1.06211
2017-01-16 03:00:00,1.06213,1.06056,1.06224,1.06102
2017-01-16 04:00:00,1.06101,1.06042,1.06146,1.06145
2017-01-16 05:00:00,1.06144,1.06105,1.0622,1.062
2017-01-16 06:00:00,1.06203,1.06165,1.06291,1.06176
2017-01-16 07:00:00,1.06175,1.06039,1.06219,1.06129
2017-01-16 08:00:00,1.06128,1.05792,1.06169,1.05822
2017-01-16 09:00:00,1.05824,1.05798,1.05973,1.05893
2017-01-16 10:00:00,1.05891,1.05826,1.05951,1.05855
2017-01-16 11:00:00,1.05853,1.05786,1.05977,1.05931
2017-01-16 12:00:00,1.05932,1.05849,1.05981,1.05902
2017-01-16 13:00:00,1.05902,1.05893,1.06004,1.0592
2017-01-16 14:00:00,1.05922,1.05889,1.06082,1.0606
2017-01-16 15:00:00,1.06058,1.05918,1.06077,1.06055
2017-01-16 16:00:00,1.06057,1.05901,1.06079,1.05996
2017-01-16 17:00:00,1.05994,1.05967,1.06078,1.06038
2017-01-16 18:00:00,1.06037,1.05966,1.06044,1.05984
2017-01-16 19:00:00,1.05979,1.05967,1.06043,1.06015
2017-01-16 20:00:00,1.06017,1.0595,1.06037,1.05982
2017-01-16 21:00:00,1.05978,1.05944,1.06035,1.05954
2017-01-16 22:00:00,1.05977,1.05958,1.06032,1.05977
2017-01-16 23:00:00,1.05977,1.05973,1.06066,1.06016
2017-01-17 00:00:00,1.06016,1.06013,1.0618,1.06056
2017-01-17 01:00:00,1.06055,1.06001,1.06101,1.0602
2017-01-17 02:00:00,1.06019,1.06019,1.06209,1.06197
2017-01-17 03:00:00,1.06196,1.06138,1.06296,1.06239
2017-01-17 04:00:00,1.06236,1.0622,1.06427,1.06394
2017-01-17 05:00:00,1.06395,1.06395,1.06583,1.06568
2017-01-17 06:00:00,1.06565,1.06462,1.0665,1.06543
2017-01-17 07:00:00,1.06541,1.06397,1.0658,1.06541
2017-01-17 08:00:00,1.0654,1.06535,1.0671,1.06623
2017-01-17 09:00:00,1.0662,1.06543,1.06813,1.06759
2017-01-17 10:00:00,1.06755,1.06569,1.06814,1.06792
2017-01-17 11:00:00,1.06793,1.06789,1.07188,1.07086
2017-01-17 12:00:00,1.07086,1.06826,1.07119,1.06826
2017-01-17 13:00:00,1.06828,1.06665,1.06931,1.0691
2017-01-17 14:00:00,1.06911,1.06889,1.07159,1.07143
2017-01-17 15:00:00,1.07146,1.06904,1.07156,1.06939
2017-01-17 16:00:00,1.06936,1.06889,1.07124,1.0694
2017-01-17 17:00:00,1.0694,1.06927,1.07063,1.06987
2017-01-17 18:00:00,1.06989,1.06937,1.0703,1.07027
2017-01-17 19:00:00,1.07028,1.07025,1.07126,1.07082
2017-01-17 20:00:00,1.07081,1.07003,1.07101,1.07042
2017-01-17 21:00:00,1.0704,1.0704,1.07129,1.07125
2017-01-17 22:00:00,1.07089,1.07058,1.07133,1.07099
2017-01-17 23:00:00,1.07097,1.06954,1.07123,1.0696
2017-01-18 00:00:00,1.0696,1.06945,1.07087,1.07087
2017-01-18 01:00:00,1.07088,1.0691,1.07119,1.06983
2017-01-18 02:00:00,1.0698,1.06876,1.0698,1.06928
2017-01-18 03:00:00,1.06929,1.06922,1.06997,1.0697
2017-01-18 04:00:00,1.06969,1.06925,1.06995,1.0697
2017-01-18 05:00:00,1.06969,1.06805,1.06997,1.0684
2017-01-18 06:00:00,1.06841,1.06779,1.06911,1.06792
2017-01-18 07:00:00,1.06791,1.06753,1.0685,1.06774
2017-01-18 08:00:00,1.06775,1.06757,1.0704,1.06907
2017-01-18 09:00:00,1.06905,1.0684,1.06955,1.06948
2017-01-18 10:00:00,1.06947,1.06789,1.0696,1.06851
2017-01-18 11:00:00,1.06848,1.06785,1.06881,1.06863
2017-01-18 12:00:00,1.06864,1.06642,1.06879,1.06651
2017-01-18 13:00:00,1.06653,1.06541,1.06729,1.06679
2017-01-18 14:00:00,1.06679,1.06628,1.06888,1.06834
2017-01-18 15:00:00,1.06832,1.06799,1.07025,1.06943
2017-01-18 16:00:00,1.06942,1.06761,1.06953,1.06819
2017-01-18 17:00:00,1.06816,1.06747,1.06915,1.06822
2017-01-18 18:00:00,1.06823,1.06628,1.06827,1.0666
2017-01-18 19:00:00,1.06658,1.06598,1.06714,1.06706
2017-01-18 20:00:00,1.06711,1.06295,1.06716,1.06376
2017-01-18 21:00:00,1.06375,1.06277,1.06383,1.06282
2017-01-18 22:00:00,1.06269,1.06269,1.06341,1.06325
2017-01-18 23:00:00,1.06326,1.06234,1.06347,1.06273
2017-01-19 00:00:00,1.0627,1.06215,1.06336,1.0625
2017-01-19 01:00:00,1.06251,1.06224,1.06323,1.06272
2017-01-19 02:00:00,1.06272,1.06263,1.06414,1.06369
2017-01-19 03:00:00,1.0637,1.06343,1.06448,1.06381
2017-01-19 04:00:00,1.06382,1.06364,1.06427,1.064
2017-01-19 05:00:00,1.06398,1.06317,1.06404,1.06386
2017-01-19 06:00:00,1.06385,1.06327,1.06431,1.06415
2017-01-19 07:00:00,1.06413,1.06317,1.06465,1.06413
2017-01-19 08:00:00,1.06414,1.0637,1.06548,1.06543
2017-01-19 09:00:00,1.06543,1.06516,1.06698,1.06603
2017-01-19 10:00:00,1.06601,1.06527,1.06622,1.06552
2017-01-19 11:00:00,1.06553,1.06527,1.06646,1.06634
2017-01-19 12:00:00,1.06631,1.06568,1.06686,1.06686
2017-01-19 13:00:00,1.06685,1.06022,1.06761,1.06187
2017-01-19 14:00:00,1.06188,1.05882,1.06223,1.05903
2017-01-19 15:00:00,1.05905,1.05884,1.06213,1.06085
2017-01-19 16:00:00,1.06088,1.06088,1.06363,1.06293
2017-01-19 17:00:00,1.0629,1.06141,1.06328,1.06316
2017-01-19 18:00:00,1.06314,1.06175,1.06408,1.06259
2017-01-19 19:00:00,1.06257,1.06249,1.06597,1.0659
2017-01-19 20:00:00,1.06592,1.06544,1.06686,1.06601
2017-01-19 21:00:00,1.06598,1.06565,1.06651,1.06626
2017-01-19 22:00:00,1.06609,1.0655,1.06637,1.06568
2017-01-19 23:00:00,1.06573,1.06554,1.06612,1.06586
2017-01-20 00:00:00,1.06583,1.06516,1.06612,1.0653
2017-01-20 01:00:00,1.06528,1.06528,1.06871,1.06808
2017-01-20 02:00:00,1.06807,1.06742,1.06834,1.06767
2017-01-20 03:00:00,1.06765,1.06765,1.06929,1.06847
2017-01-20 04:00:00,1.06846,1.06774,1.06853,1.06797
2017-01-20 05:00:00,1.06796,1.06708,1.06809,1.06716
2017-01-20 06:00:00,1.06716,1.06715,1.06856,1.0682
2017-01-20 07:00:00,1.06819,1.06705,1.06915,1.06715
2017-01-20 08:00:00,1.06713,1.06603,1.06831,1.06626
2017-01-20 09:00:00,1.06627,1.06416,1.06665,1.06459
2017-01-20 10:00:00,1.06458,1.06271,1.06468,1.06365
2017-01-20 11:00:00,1.06367,1.0628,1.06409,1.06382
2017-01-20 12:00:00,1.06383,1.0625,1.06461,1.06268
2017-01-20 13:00:00,1.06269,1.06245,1.06568,1.06558
2017-01-20 14:00:00,1.06557,1.0651,1.06663,1.06544
2017-01-20 15:00:00,1.06545,1.06543,1.0683,1.06783
2017-01-20 16:00:00,1.0678,1.06635,1.06824,1.06784
2017-01-20 17:00:00,1.06782,1.06625,1.06944,1.06742
2017-01-20 18:00:00,1.06741,1.06651,1.06827,1.06807
2017-01-20 19:00:00,1.06806,1.06797,1.07087,1.07043
2017-01-20 20:00:00,1.07044,1.06889,1.07053,1.06957
2017-01-20 21:00:00,1.0696,1.06911,1.07041,1.06973
2017-01-22 22:00:00,1.06988,1.06919,1.0705,1.07025
2017-01-22 23:00:00,1.07026,1.07026,1.07158,1.07121
2017-01-23 00:00:00,1.0712,1.07087,1.07291,1.07232
2017-01-23 01:00:00,1.07233,1.07206,1.07442,1.07436
2017-01-23 02:00:00,1.07437,1.07381,1.07457,1.0745
2017-01-23 03:00:00,1.07451,1.07419,1.07494,1.07433
2017-01-23 04:00:00,1.07432,1.07362,1.07453,1.07366
2017-01-23 05:00:00,1.07363,1.07343,1.07477,1.07476
2017-01-23 06:00:00,1.07475,1.07394,1.07544,1.07413
2017-01-23 07:00:00,1.0741,1.07392,1.07536,1.07417
2017-01-23 08:00:00,1.07416,1.07252,1.07488,1.07274
2017-01-23 09:00:00,1.07273,1.07222,1.07326,1.07254
2017-01-23 10:00:00,1.07253,1.07252,1.07443,1.07372
2017-01-23 11:00:00,1.07374,1.07258,1.07385,1.07288
2017-01-23 12:00:00,1.07287,1.07268,1.07433,1.0734
2017-01-23 13:00:00,1.07338,1.07087,1.07373,1.07297
2017-01-23 14:00:00,1.07297,1.07052,1.07329,1.07248
2017-01-23 15:00:00,1.07248,1.07248,1.07515,1.07472
2017-01-23 16:00:00,1.07469,1.07262,1.0748,1.07392
2017-01-23 17:00:00,1.07391,1.07192,1.07416,1.07264
2017-01-23 18:00:00,1.07266,1.07245,1.07363,1.07355
2017-01-23 19:00:00,1.07356,1.07353,1.07492,1.07455
2017-01-23 20:00:00,1.07453,1.07406,1.07512,1.07429
2017-01-23 21:00:00,1.07427,1.07423,1.07682,1.07621
2017-01-23 22:00:00,1.07645,1.07602,1.07715,1.07715
2017-01-23 23:00:00,1.07714,1.07575,1.07714,1.07586
2017-01-24 00:00:00,1.07585,1.07534,1.07613,1.07594
2017-01-24 01:00:00,1.07591,1.07445,1.07596,1.07536
2017-01-24 02:00:00,1.07536,1.07533,1.07665,1.0758
2017-01-24 03:00:00,1.07579,1.07551,1.07702,1.07591
2017-01-24 04:00:00,1.07592,1.07488,1.07621,1.07507
2017-01-24 05:00:00,1.07506,1.07477,1.07595,1.07546
2017-01-24 06:00:00,1.07544,1.07368,1.07563,1.07405
2017-01-24 07:00:00,1.07404,1.07332,1.07494,1.07369
2017-01-24 08:00:00,1.07367,1.07364,1.07523,1.07469
2017-01-24 09:00:00,1.07463,1.07344,1.07514,1.07396
2017-01-24 10:00:00,1.07395,1.07279,1.07434,1.07292
2017-01-24 11:00:00,1.07291,1.07247,1.07438,1.07427
2017-01-24 12:00:00,1.07426,1.07387,1.07472,1.07413
2017-01-24 13:00:00,1.07414,1.07398,1.07563,1.0747
2017-01-24 14:00:00,1.07469,1.07428,1.07659,1.07602
2017-01-24 15:00:00,1.07603,1.07483,1.07745,1.07518
2017-01-24 16:00:00,1.07521,1.07457,1.07576,1.07481
2017-01-24 17:00:00,1.07482,1.07475,1.07606,1.0756
2017-01-24 18:00:00,1.0756,1.0733,1.07577,1.07342
2017-01-24 19:00:00,1.07341,1.07211,1.07341,1.07217
2017-01-24 20:00:00,1.07219,1.07197,1.07329,1.07322
2017-01-24 21:00:00,1.07324,1.07291,1.07329,1.07298
2017-01-24 22:00:00,1.07256,1.07233,1.07327,1.07305
2017-01-24 23:00:00,1.07303,1.07231,1.07325,1.07277
2017-01-25 00:00:00,1.0728,1.07229,1.07332,1.07306
2017-01-25 01:00:00,1.07306,1.07212,1.07345,1.07287
2017-01-25 02:00:00,1.07288,1.07263,1.07373,1.07305
2017-01-25 03:00:00,1.07304,1.07267,1.07323,1.07307
2017-01-25 04:00:00,1.07306,1.07299,1.07366,1.07302
2017-01-25 05:00:00,1.07302,1.07231,1.07302,1.07256
2017-01-25 06:00:00,1.07257,1.07209,1.07258,1.0721
2017-01-25 07:00:00,1.07208,1.07106,1.07265,1.07129
2017-01-25 08:00:00,1.07129,1.07123,1.07322,1.07286
2017-01-25 09:00:00,1.07291,1.07232,1.07542,1.07489
2017-01-25 10:00:00,1.07491,1.07412,1.07539,1.07529
2017-01-25 11:00:00,1.07528,1.07471,1.07556,1.07518
2017-01-25 12:00:00,1.07519,1.07442,1.07693,1.07451
2017-01-25 13:00:00,1.07448,1.07349,1.07479,1.07443
2017-01-25 14:00:00,1.07442,1.07194,1.07449,1.07262
2017-01-25 15:00:00,1.0726,1.07248,1.07446,1.07402
2017-01-25 16:00:00,1.07404,1.0731,1.07528,1.07424
2017-01-25 17:00:00,1.07425,1.07247,1.07444,1.07369
2017-01-25 18:00:00,1.0737,1.07243,1.07395,1.07257
2017-01-25 19:00:00,1.07256,1.07195,1.07407,1.07404
2017-01-25 20:00:00,1.07402,1.07357,1.07521,1.07516
2017-01-25 21:00:00,1.07517,1.07455,1.07537,1.0747
2017-01-25 22:00:00,1.0746,1.0743,1.07535,1.07487
2017-01-25 23:00:00,1.07484,1.07458,1.07531,1.07518
2017-01-26 00:00:00,1.0752,1.07513,1.07643,1.07622
2017-01-26 01:00:00,1.07623,1.07568,1.07648,1.07583
2017-01-26 02:00:00,1.07586,1.07535,1.07604,1.07567
2017-01-26 03:00:00,1.07569,1.07534,1.07618,1.07563
2017-01-26 04:00:00,1.0756,1.0753,1.07587,1.07565
2017-01-26 05:00:00,1.07567,1.07523,1.076,1.07552
2017-01-26 06:00:00,1.07551,1.0739,1.07563,1.07415
2017-01-26 07:00:00,1.07411,1.07286,1.07467,1.07303
2017-01-26 08:00:00,1.07302,1.07258,1.07433,1.07388
2017-01-26 09:00:00,1.07389,1.07152,1.07432,1.07205
2017-01-26 10:00:00,1.07207,1.07121,1.07265,1.07204
2017-01-26 11:00:00,1.07204,1.07188,1.07329,1.07307
2017-01-26 12:00:00,1.07307,1.07068,1.07323,1.071
2017-01-26 13:00:00,1.07103,1.0688,1.0712,1.06964
2017-01-26 14:00:00,1.06965,1.0672,1.0704,1.06849
2017-01-26 15:00:00,1.06848,1.06693,1.06922,1.06708
2017-01-26 16:00:00,1.0671,1.06569,1.06733,1.06686
2017-01-26 17:00:00,1.06687,1.06666,1.06878,1.0686
2017-01-26 18:00:00,1.06861,1.06845,1.07,1.06954
2017-01-26 19:00:00,1.06951,1.06907,1.07034,1.06978
2017-01-26 20:00:00,1.06977,1.0674,1.06977,1.06752
2017-01-26 21:00:00,1.06751,1.06618,1.06811,1.06811
2017-01-26 22:00:00,1.06771,1.06695,1.06829,1.06787
2017-01-26 23:00:00,1.06791,1.06739,1.06832,1.06827
2017-01-27 00:00:00,1.06827,1.0679,1.06862,1.06823
2017-01-27 01:00:00,1.06824,1.06719,1.0686,1.06819
2017-01-27 02:00:00,1.06821,1.0678,1.06881,1.06801
2017-01-27 03:00:00,1.06803,1.06723,1.06812,1.06743
2017-01-27 04:00:00,1.06742,1.06713,1.06766,1.06737
2017-01-27 05:00:00,1.06738,1.06675,1.06745,1.06711
2017-01-27 06:00:00,1.0671,1.06602,1.06724,1.0664
2017-01-27 07:00:00,1.06639,1.06576,1.06749,1.06732
2017-01-27 08:00:00,1.06728,1.0671,1.06839,1.06803
2017-01-27 09:00:00,1.06806,1.06797,1.06978,1.06921
2017-01-27 10:00:00,1.0692,1.06748,1.06944,1.06819
2017-01-27 11:00:00,1.06817,1.06802,1.06966,1.0693
2017-01-27 12:00:00,1.06928,1.06703,1.06947,1.06742
2017-01-27 13:00:00,1.06743,1.06729,1.0708,1.06978
2017-01-27 14:00:00,1.0698,1.0697,1.07246,1.07016
2017-01-27 15:00:00,1.07013,1.06991,1.07145,1.07055
2017-01-27 16:00:00,1.07055,1.06887,1.07081,1.06892
2017-01-27 17:00:00,1.06891,1.06787,1.0692,1.06821
2017-01-27 18:00:00,1.0682,1.06781,1.06924,1.06891
2017-01-27 19:00:00,1.06893,1.06884,1.06989,1.06983
2017-01-27 20:00:00,1.06982,1.0691,1.06987,1.06953
2017-01-27 21:00:00,1.06952,1.0691,1.06984,1.06928
2017-01-29 22:00:00,1.07177,1.07067,1.07186,1.07119
2017-01-29 23:00:00,1.07119,1.07069,1.07175,1.07163
2017-01-30 00:00:00,1.07165,1.0715,1.07264,1.07221
2017-01-30 01:00:00,1.0722,1.0722,1.07396,1.0736
2017-01-30 02:00:00,1.07358,1.07296,1.07362,1.07327
2017-01-30 03:00:00,1.07329,1.07299,1.07378,1.07313
2017-01-30 04:00:00,1.07314,1.07283,1.07346,1.07287
2017-01-30 05:00:00,1.07286,1.07227,1.07313,1.07234
2017-01-30 06:00:00,1.07233,1.07188,1.07248,1.07201
2017-01-30 07:00:00,1.07199,1.0698,1.07204,1.06994
2017-01-30 08:00:00,1.06996,1.06922,1.07014,1.06958
2017-01-30 09:00:00,1.06957,1.06865,1.06968,1.06949
2017-01-30 10:00:00,1.06949,1.06895,1.06992,1.06922
2017-01-30 11:00:00,1.06923,1.06551,1.06935,1.06607
2017-01-30 12:00:00,1.06607,1.06256,1.0665,1.06286
2017-01-30 13:00:00,1.06289,1.06195,1.06444,1.06441
2017-01-30 14:00:00,1.06439,1.06394,1.06588,1.06585
2017-01-30 15:00:00,1.06583,1.06527,1.06921,1.06871
2017-01-30 16:00:00,1.06872,1.06788,1.06985,1.06794
2017-01-30 17:00:00,1.06795,1.06774,1.07087,1.06924
2017-01-30 18:00:00,1.06923,1.06842,1.06976,1.06915
2017-01-30 19:00:00,1.06916,1.06854,1.06945,1.06936
2017-01-30 20:00:00,1.06938,1.06896,1.06995,1.06938
2017-01-30 21:00:00,1.06938,1.06928,1.06989,1.06942
2017-01-30 22:00:00,1.06935,1.06877,1.07014,1.06997
2017-01-30 23:00:00,1.06998,1.06993,1.07079,1.07068
2017-01-31 00:00:00,1.07069,1.06944,1.07083,1.06967
2017-01-31 01:00:00,1.06968,1.06922,1.06993,1.06926
2017-01-31 02:00:00,1.06925,1.06903,1.07051,1.07048
2017-01-31 03:00:00,1.07047,1.06941,1.07119,1.0697
2017-01-31 04:00:00,1.06969,1.0692,1.07035,1.06955
2017-01-31 05:00:00,1.06956,1.06946,1.07025,1.06994
2017-01-31 06:00:00,1.06993,1.06907,1.07041,1.06922
2017-01-31 07:00:00,1.06921,1.06837,1.06998,1.06993
2017-01-31 08:00:00,1.06992,1.06965,1.07246,1.06981
2017-01-31 09:00:00,1.06983,1.06904,1.07112,1.07101
2017-01-31 10:00:00,1.071,1.06989,1.07185,1.07009
2017-01-31 11:00:00,1.07007,1.06986,1.07517,1.07501
2017-01-31 12:00:00,1.07498,1.07468,1.07647,1.07475
2017-01-31 13:00:00,1.07475,1.0742,1.0762,1.07546
2017-01-31 14:00:00,1.07548,1.07481,1.07943,1.07902
2017-01-31 15:00:00,1.07894,1.07787,1.08101,1.08093
2017-01-31 16:00:00,1.08093,1.07815,1.08117,1.07926
2017-01-31 17:00:00,1.07928,1.07716,1.07963,1.0783
2017-01-31 18:00:00,1.07831,1.07821,1.07953,1.07922
2017-01-31 19:00:00,1.07921,1.07893,1.08093,1.08037
2017-01-31 20:00:00,1.08034,1.07858,1.0804,1.07957
2017-01-31 21:00:00,1.07955,1.07917,1.07994,1.07965
2017-01-31 22:00:00,1.07953,1.07881,1.07968,1.07948
2017-01-31 23:00:00,1.07954,1.07951,1.08041,1.08004
2017-02-01 00:00:00,1.08001,1.07888,1.08001,1.07953
2017-02-01 01:00:00,1.07949,1.07873,1.07958,1.07925
2017-02-01 02:00:00,1.07924,1.07889,1.07976,1.07954
2017-02-01 03:00:00,1.07952,1.0791,1.07978,1.0792
2017-02-01 04:00:00,1.07919,1.07872,1.07933,1.07898
2017-02-01 05:00:00,1.079,1.07868,1.0792,1.07899
2017-02-01 06:00:00,1.079,1.07766,1.07906,1.07786
2017-02-01 07:00:00,1.07786,1.07738,1.07868,1.07803
2017-02-01 08:00:00,1.078,1.07785,1.07979,1.07968
2017-02-01 09:00:00,1.07969,1.07837,1.07988,1.0784
2017-02-01 10:00:00,1.07839,1.07808,1.08026,1.08023
2017-02-01 11:00:00,1.08022,1.07903,1.08023,1.08015
2017-02-01 12:00:00,1.08012,1.07879,1.08069,1.07879
2017-02-01 13:00:00,1.0788,1.07594,1.0793,1.07599
2017-02-01 14:00:00,1.07597,1.07497,1.07624,1.0757
2017-02-01 15:00:00,1.0756,1.07359,1.07609,1.07577
2017-02-01 16:00:00,1.07577,1.0747,1.07591,1.07556
2017-02-01 17:00:00,1.07554,1.07465,1.07596,1.07523
2017-02-01 18:00:00,1.07522,1.07327,1.07535,1.07343
2017-02-01 19:00:00,1.07348,1.07269,1.07888,1.07758
2017-02-01 20:00:00,1.07757,1.07642,1.07793,1.07695
2017-02-01 21:00:00,1.07694,1.0762,1.07717,1.07674
2017-02-01 22:00:00,1.07675,1.0761,1.07692,1.07664
2017-02-01 23:00:00,1.07663,1.07618,1.07703,1.07627
2017-02-02 00:00:00,1.07631,1.07627,1.07826,1.0782
2017-02-02 01:00:00,1.07823,1.07751,1.07875,1.07825
2017-02-02 02:00:00,1.07825,1.07757,1.07838,1.07807
2017-02-02 03:00:00,1.07809,1.07804,1.07926,1.07882
2017-02-02 04:00:00,1.07884,1.07823,1.07924,1.07836
2017-02-02 05:00:00,1.07837,1.07837,1.07948,1.07922
2017-02-02 06:00:00,1.07921,1.07813,1.07948,1.07814
2017-02-02 07:00:00,1.07813,1.07771,1.07976,1.07922
2017-02-02 08:00:00,1.07921,1.07875,1.08179,1.08127
2017-02-02 09:00:00,1.08125,1.08022,1.08161,1.08147
2017-02-02 10:00:00,1.08149,1.08044,1.0818,1.08092
2017-02-02 11:00:00,1.08091,1.07934,1.08185,1.08104
2017-02-02 12:00:00,1.08103,1.07981,1.08142,1.08038
2017-02-02 13:00:00,1.0804,1.08016,1.08283,1.08139
2017-02-02 14:00:00,1.08141,1.0804,1.08231,1.08168
2017-02-02 15:00:00,1.08167,1.08014,1.08187,1.08053
2017-02-02 16:00:00,1.08055,1.07935,1.08117,1.08018
2017-02-02 17:00:00,1.08019,1.0784,1.08025,1.07872
2017-02-02 18:00:00,1.07873,1.07747,1.07939,1.0775
2017-02-02 19:00:00,1.07748,1.07578,1.0777,1.07641
2017-02-02 20:00:00,1.0764,1.07554,1.07641,1.0762
2017-02-02 21:00:00,1.07619,1.07557,1.07634,1.07573
2017-02-02 22:00:00,1.0756,1.0753,1.07652,1.07609
2017-02-02 23:00:00,1.0761,1.0756,1.07624,1.07613
2017-02-03 00:00:00,1.07615,1.07568,1.07646,1.07603
2017-02-03 01:00:00,1.07606,1.07542,1.07712,1.07689
2017-02-03 02:00:00,1.07691,1.07552,1.07705,1.07595
2017-02-03 03:00:00,1.07597,1.07448,1.07607,1.07546
2017-02-03 04:00:00,1.07544,1.07542,1.07606,1.07572
2017-02-03 05:00:00,1.07573,1.07488,1.07578,1.07571
2017-02-03 06:00:00,1.07573,1.07481,1.0759,1.07585
2017-02-03 07:00:00,1.07582,1.07525,1.07652,1.07572
2017-02-03 08:00:00,1.07573,1.07407,1.07622,1.07436
2017-02-03 09:00:00,1.07432,1.07385,1.07486,1.07411
2017-02-03 10:00:00,1.07409,1.07359,1.07456,1.0738
2017-02-03 11:00:00,1.07379,1.07268,1.07413,1.07302
2017-02-03 12:00:00,1.07301,1.07272,1.07424,1.07342
2017-02-03 13:00:00,1.07344,1.07075,1.07745,1.07553
2017-02-03 14:00:00,1.07553,1.07552,1.07817,1.07632
2017-02-03 15:00:00,1.07633,1.07616,1.0797,1.07876
2017-02-03 16:00:00,1.07877,1.0776,1.07922,1.07902
2017-02-03 17:00:00,1.07901,1.07788,1.07937,1.07833
2017-02-03 18:00:00,1.07832,1.07638,1.07856,1.07678
2017-02-03 19:00:00,1.07679,1.07583,1.07684,1.07658
2017-02-03 20:00:00,1.07655,1.07645,1.07806,1.07794
2017-02-03 21:00:00,1.07792,1.07771,1.07859,1.07806
2017-02-05 22:00:00,1.07855,1.07807,1.07883,1.07831
2017-02-05 23:00:00,1.07837,1.07773,1.07872,1.07817
2017-02-06 00:00:00,1.07818,1.07731,1.07839,1.07836
2017-02-06 01:00:00,1.07833,1.0779,1.0788,1.07792
2017-02-06 02:00:00,1.07794,1.07759,1.07843,1.07772
2017-02-06 03:00:00,1.07771,1.07771,1.07824,1.07819
2017-02-06 04:00:00,1.0782,1.0773,1.07827,1.07751
2017-02-06 05:00:00,1.0775,1.07726,1.07779,1.07741
2017-02-06 06:00:00,1.07739,1.07673,1.07771,1.07673
2017-02-06 07:00:00,1.07674,1.0747,1.07676,1.07519
2017-02-06 08:00:00,1.07517,1.07427,1.07574,1.075
2017-02-06 09:00:00,1.07499,1.07417,1.07552,1.07459
2017-02-06 10:00:00,1.0746,1.07334,1.07462,1.07397
2017-02-06 11:00:00,1.07399,1.07327,1.07445,1.07364
2017-02-06 12:00:00,1.07364,1.07296,1.07434,1.07329
2017-02-06 13:00:00,1.0733,1.07076,1.07336,1.07125
2017-02-06 14:00:00,1.07126,1.07046,1.07317,1.07282
2017-02-06 15:00:00,1.07283,1.07125,1.07396,1.07383
2017-02-06 16:00:00,1.07384,1.07284,1.07421,1.07301
2017-02-06 17:00:00,1.07302,1.07286,1.07424,1.07344
2017-02-06 18:00:00,1.07342,1.07283,1.07456,1.07424
2017-02-06 19:00:00,1.07424,1.07412,1.07526,1.07468
2017-02-06 20:00:00,1.07467,1.07425,1.07546,1.07499
2017-02-06 21:00:00,1.075,1.07488,1.07535,1.07491
2017-02-06 22:00:00,1.0745,1.07397,1.07484,1.07467
2017-02-06 23:00:00,1.07462,1.07406,1.07484,1.07426
2017-02-07 00:00:00,1.07425,1.07256,1.07439,1.07298
2017-02-07 01:00:00,1.07297,1.07204,1.07325,1.07295
2017-02-07 02:00:00,1.07297,1.07221,1.07351,1.07221
2017-02-07 03:00:00,1.07221,1.07032,1.07236,1.07073
2017-02-07 04:00:00,1.07071,1.07048,1.07127,1.07091
2017-02-07 05:00:00,1.0709,1.07067,1.07133,1.07121
2017-02-07 06:00:00,1.0712,1.06906,1.07124,1.06926
2017-02-07 07:00:00,1.06928,1.068,1.06992,1.06812
2017-02-07 08:00:00,1.06809,1.06607,1.06836,1.06737
2017-02-07 09:00:00,1.06738,1.06554,1.06742,1.06592
2017-02-07 10:00:00,1.06591,1.06571,1.06721,1.06674
2017-02-07 11:00:00,1.06672,1.06611,1.06735,1.06712
2017-02-07 12:00:00,1.06712,1.06712,1.06856,1.0676
2017-02-07 13:00:00,1.06761,1.06634,1.0678,1.06752
2017-02-07 14:00:00,1.06751,1.06675,1.06792,1.06714
2017-02-07 15:00:00,1.06717,1.06622,1.06871,1.06849
2017-02-07 16:00:00,1.06852,1.06795,1.06935,1.06892
2017-02-07 17:00:00,1.06891,1.06866,1.07031,1.06916
2017-02-07 18:00:00,1.06919,1.06906,1.07057,1.06937
2017-02-07 19:00:00,1.06934,1.06879,1.06956,1.06956
2017-02-07 20:00:00,1.06956,1.06865,1.06968,1.06879
2017-02-07 21:00:00,1.06875,1.06765,1.06882,1.06822
2017-02-07 22:00:00,1.06769,1.06745,1.06823,1.06792
2017-02-07 23:00:00,1.06796,1.06747,1.06818,1.06781
2017-02-08 00:00:00,1.0678,1.0667,1.06791,1.06774
2017-02-08 01:00:00,1.06776,1.06705,1.06903,1.06846
2017-02-08 02:00:00,1.06847,1.06815,1.06902,1.06853
2017-02-08 03:00:00,1.06854,1.06818,1.06888,1.06884
2017-02-08 04:00:00,1.06883,1.0673,1.0689,1.06769
2017-02-08 05:00:00,1.06769,1.06751,1.06808,1.06762
2017-02-08 06:00:00,1.06762,1.06654,1.068,1.06658
2017-02-08 07:00:00,1.06658,1.06544,1.06714,1.06579
2017-02-08 08:00:00,1.06578,1.06422,1.06634,1.06593
2017-02-08 09:00:00,1.0659,1.06399,1.06611,1.06437
2017-02-08 10:00:00,1.06438,1.06419,1.06542,1.06457
2017-02-08 11:00:00,1.06456,1.06411,1.0649,1.06487
2017-02-08 12:00:00,1.06486,1.06455,1.06586,1.06581
2017-02-08 13:00:00,1.06583,1.06531,1.06761,1.06697
2017-02-08 14:00:00,1.06698,1.06697,1.07081,1.06989
2017-02-08 15:00:00,1.06988,1.06859,1.07075,1.07065
2017-02-08 16:00:00,1.07067,1.06979,1.07135,1.07062
2017-02-08 17:00:00,1.07064,1.06937,1.07075,1.06961
2017-02-08 18:00:00,1.0696,1.06782,1.06964,1.06802
2017-02-08 19:00:00,1.06801,1.06781,1.0687,1.06857
2017-02-08 20:00:00,1.06856,1.06835,1.06892,1.06874
2017-02-08 21:00:00,1.06873,1.06863,1.06981,1.06974
2017-02-08 22:00:00,1.06957,1.06884,1.0698,1.06942
2017-02-08 23:00:00,1.06942,1.069,1.06961,1.06906
2017-02-09 00:00:00,1.06906,1.06826,1.06952,1.06872
2017-02-09 01:00:00,1.06871,1.06807,1.06881,1.06843
2017-02-09 02:00:00,1.06842,1.0677,1.06852,1.06849
2017-02-09 03:00:00,1.06851,1.06836,1.06944,1.0689
2017-02-09 04:00:00,1.06889,1.06844,1.06892,1.06871
2017-02-09 05:00:00,1.0687,1.06758,1.0689,1.06802
2017-02-09 06:00:00,1.06801,1.06712,1.06831,1.06717
2017-02-09 07:00:00,1.06718,1.06694,1.06803,1.06785
2017-02-09 08:00:00,1.06784,1.06776,1.07064,1.06988
2017-02-09 09:00:00,1.0699,1.0695,1.0709,1.07015
2017-02-09 10:00:00,1.07013,1.06902,1.07014,1.06912
2017-02-09 11:00:00,1.06911,1.06737,1.06932,1.06801
2017-02-09 12:00:00,1.06802,1.06765,1.06868,1.06838
2017-02-09 13:00:00,1.0684,1.06726,1.06952,1.06812
2017-02-09 14:00:00,1.06809,1.06613,1.06936,1.06648
2017-02-09 15:00:00,1.06645,1.06554,1.068,1.06639
2017-02-09 16:00:00,1.06641,1.06529,1.06712,1.06565
2017-02-09 17:00:00,1.06566,1.06551,1.06639,1.06564
2017-02-09 18:00:00,1.06561,1.06503,1.0661,1.06597
2017-02-09 19:00:00,1.06597,1.06553,1.06628,1.06576
2017-02-09 20:00:00,1.06573,1.06549,1.06642,1.0662
2017-02-09 21:00:00,1.06619,1.06539,1.06641,1.06545
2017-02-09 22:00:00,1.06535,1.06522,1.06593,1.06533
2017-02-09 23:00:00,1.06533,1.06531,1.06582,1.06567
2017-02-10 00:00:00,1.06564,1.06488,1.06621,1.06548
2017-02-10 01:00:00,1.0655,1.0655,1.06668,1.06603
2017-02-10 02:00:00,1.06602,1.06566,1.06631,1.0659
2017-02-10 03:00:00,1.0659,1.06587,1.06672,1.06617
2017-02-10 04:00:00,1.0662,1.06578,1.06623,1.06615
2017-02-10 05:00:00,1.06616,1.06509,1.06617,1.06525
2017-02-10 06:00:00,1.06525,1.06499,1.0659,1.06588
2017-02-10 07:00:00,1.06587,1.06384,1.0663,1.06394
2017-02-10 08:00:00,1.06393,1.06353,1.06452,1.0639
2017-02-10 09:00:00,1.06391,1.06374,1.06455,1.06416
2017-02-10 10:00:00,1.06417,1.0637,1.06478,1.06443
2017-02-10 11:00:00,1.06444,1.06385,1.06494,1.06391
2017-02-10 12:00:00,1.06389,1.06255,1.06423,1.06259
2017-02-10 13:00:00,1.06259,1.06157,1.06295,1.06188
2017-02-10 14:00:00,1.06186,1.0607,1.06239,1.06217
2017-02-10 15:00:00,1.06217,1.06181,1.06388,1.06239
2017-02-10 16:00:00,1.06239,1.06212,1.06516,1.06484
2017-02-10 17:00:00,1.06485,1.06321,1.06513,1.06336
2017-02-10 18:00:00,1.06339,1.06267,1.06522,1.06309
2017-02-10 19:00:00,1.06308,1.0625,1.06332,1.06319
2017-02-10 20:00:00,1.06319,1.06296,1.0638,1.06371
2017-02-10 21:00:00,1.06369,1.06323,1.06395,1.06377
2017-02-12 22:00:00,1.06266,1.06253,1.06362,1.06305
2017-02-12 23:00:00,1.06305,1.06168,1.06305,1.06182
2017-02-13 00:00:00,1.0618,1.06113,1.06226,1.06208
2017-02-13 01:00:00,1.0621,1.06195,1.06264,1.06202
2017-02-13 02:00:00,1.06201,1.06144,1.06211,1.0615
2017-02-13 03:00:00,1.06149,1.06133,1.06212,1.06183
2017-02-13 04:00:00,1.06185,1.06168,1.06227,1.06221
2017-02-13 05:00:00,1.0622,1.06202,1.06296,1.06275
2017-02-13 06:00:00,1.06276,1.06259,1.06345,1.06298
2017-02-13 07:00:00,1.06295,1.06274,1.06434,1.06424
2017-02-13 08:00:00,1.06423,1.06414,1.06578,1.06484
2017-02-13 09:00:00,1.06482,1.06367,1.06494,1.06367
2017-02-13 10:00:00,1.06365,1.06329,1.06456,1.0639
2017-02-13 11:00:00,1.06391,1.06349,1.06464,1.06408
2017-02-13 12:00:00,1.06409,1.06294,1.06463,1.06319
2017-02-13 13:00:00,1.0632,1.06202,1.06329,1.06232
2017-02-13 14:00:00,1.06232,1.0599,1.06244,1.06013
2017-02-13 15:00:00,1.06012,1.05914,1.06072,1.06037
2017-02-13 16:00:00,1.06038,1.05936,1.06087,1.06017
2017-02-13 17:00:00,1.06016,1.05948,1.06067,1.05952
2017-02-13 18:00:00,1.05953,1.05947,1.06047,1.06028
2017-02-13 19:00:00,1.06028,1.05961,1.06053,1.05985
2017-02-13 20:00:00,1.05984,1.05947,1.0601,1.05952
2017-02-13 21:00:00,1.05953,1.05948,1.05982,1.05955
2017-02-13 22:00:00,1.05948,1.05915,1.0597,1.05953
2017-02-13 23:00:00,1.0595,1.05921,1.05985,1.05984
2017-02-14 00:00:00,1.05982,1.05956,1.06085,1.05998
2017-02-14 01:00:00,1.05996,1.05925,1.06055,1.05951
2017-02-14 02:00:00,1.05952,1.05908,1.05982,1.05979
2017-02-14 03:00:00,1.0598,1.05979,1.06035,1.06035
2017-02-14 04:00:00,1.06037,1.06033,1.06115,1.06102
2017-02-14 05:00:00,1.06103,1.06092,1.06224,1.06187
2017-02-14 06:00:00,1.06189,1.06141,1.06233,1.06219
2017-02-14 07:00:00,1.06216,1.0606,1.0622,1.06066
2017-02-14 08:00:00,1.06066,1.06064,1.06329,1.06305
2017-02-14 09:00:00,1.06305,1.06134,1.06314,1.06155
2017-02-14 10:00:00,1.0615,1.06073,1.06202,1.06166
2017-02-14 11:00:00,1.06164,1.06147,1.06326,1.06279
2017-02-14 12:00:00,1.06278,1.06202,1.06299,1.06213
2017-02-14 13:00:00,1.06214,1.06103,1.06248,1.06125
2017-02-14 14:00:00,1.06127,1.06012,1.06143,1.06092
2017-02-14 15:00:00,1.06092,1.05606,1.06134,1.05633
2017-02-14 16:00:00,1.05634,1.05605,1.05804,1.05763
2017-02-14 17:00:00,1.05762,1.05635,1.05765,1.05645
2017-02-14 18:00:00,1.05644,1.05611,1.05733,1.05693
2017-02-14 19:00:00,1.05694,1.05667,1.05755,1.05728
2017-02-14 20:00:00,1.0573,1.05696,1.05754,1.05751
2017-02-14 21:00:00,1.05752,1.05742,1.05794,1.05766
2017-02-14 22:00:00,1.05734,1.05724,1.0579,1.05765
2017-02-14 23:00:00,1.05763,1.05736,1.05787,1.05777
2017-02-15 00:00:00,1.05776,1.05662,1.05777,1.0568
2017-02-15 01:00:00,1.05679,1.05646,1.05764,1.05729
2017-02-15 02:00:00,1.05728,1.05677,1.05758,1.05739
2017-02-15 03:00:00,1.0574,1.05732,1.05834,1.05829
2017-02-15 04:00:00,1.05831,1.05748,1.05856,1.05758
2017-02-15 05:00:00,1.0576,1.05755,1.05816,1.05783
2017-02-15 06:00:00,1.05782,1.05758,1.05817,1.05796
2017-02-15 07:00:00,1.05794,1.05683,1.05798,1.05739
2017-02-15 08:00:00,1.05738,1.05519,1.05742,1.0562
2017-02-15 09:00:00,1.05619,1.0547,1.05619,1.05551
2017-02-15 10:00:00,1.0555,1.05421,1.05577,1.05524
2017-02-15 11:00:00,1.05522,1.05473,1.05605,1.05563
2017-02-15 12:00:00,1.05565,1.05496,1.05603,1.05526
2017-02-15 13:00:00,1.05529,1.05208,1.05577,1.05335
2017-02-15 14:00:00,1.05337,1.05309,1.05644,1.05604
2017-02-15 15:00:00,1.05605,1.05593,1.05799,1.0573
2017-02-15 16:00:00,1.0573,1.0572,1.06087,1.05961
2017-02-15 17:00:00,1.05958,1.05801,1.0605,1.05831
2017-02-15 18:00:00,1.05832,1.05802,1.05908,1.0589
2017-02-15 19:00:00,1.05888,1.05816,1.05918,1.05887
2017-02-15 20:00:00,1.05888,1.05872,1.06036,1.06017
2017-02-15 21:00:00,1.06016,1.05974,1.06063,1.05988
2017-02-15 22:00:00,1.05984,1.05889,1.06013,1.05904
2017-02-15 23:00:00,1.05904,1.05902,1.06064,1.06025
2017-02-16 00:00:00,1.06022,1.06,1.06223,1.06205
2017-02-16 01:00:00,1.06204,1.06101,1.0623,1.06206
2017-02-16 02:00:00,1.06207,1.06112,1.06225,1.06126
2017-02-16 03:00:00,1.06127,1.06126,1.0618,1.06127
2017-02-16 04:00:00,1.06128,1.06122,1.06162,1.06147
2017-02-16 05:00:00,1.06146,1.06127,1.06237,1.06203
2017-02-16 06:00:00,1.06201,1.06057,1.06208,1.06072
2017-02-16 07:00:00,1.06074,1.05993,1.06118,1.06112
2017-02-16 08:00:00,1.06111,1.06099,1.0637,1.06345
2017-02-16 09:00:00,1.06344,1.06295,1.06408,1.06389
2017-02-16 10:00:00,1.0639,1.06236,1.06393,1.06309
2017-02-16 11:00:00,1.06308,1.06248,1.06383,1.06333
2017-02-16 12:00:00,1.06331,1.06296,1.06445,1.06403
2017-02-16 13:00:00,1.06401,1.06339,1.06551,1.06361
2017-02-16 14:00:00,1.06362,1.06324,1.06601,1.06582
2017-02-16 15:00:00,1.06581,1.06543,1.0676,1.06675
2017-02-16 16:00:00,1.06677,1.0658,1.06788,1.06593
2017-02-16 17:00:00,1.06592,1.06469,1.06643,1.06522
2017-02-16 18:00:00,1.06524,1.06491,1.06649,1.06624
2017-02-16 19:00:00,1.06623,1.06585,1.0676,1.06756
2017-02-16 20:00:00,1.06754,1.06688,1.06771,1.0673
2017-02-16 21:00:00,1.06729,1.06707,1.06761,1.06726
2017-02-16 22:00:00,1.06715,1.06644,1.06741,1.06671
2017-02-16 23:00:00,1.06672,1.06672,1.06728,1.06704
2017-02-17 00:00:00,1.06703,1.06607,1.06741,1.06675
2017-02-17 01:00:00,1.06674,1.06666,1.06738,1.06707
2017-02-17 02:00:00,1.06706,1.0669,1.0674,1.06717
2017-02-17 03:00:00,1.06715,1.06697,1.06761,1.06737
2017-02-17 04:00:00,1.06734,1.06716,1.06741,1.06739
2017-02-17 05:00:00,1.0674,1.06687,1.0675,1.06708
2017-02-17 06:00:00,1.06707,1.06647,1.06728,1.06661
2017-02-17 07:00:00,1.0666,1.0654,1.06729,1.06547
2017-02-17 08:00:00,1.06546,1.06401,1.06583,1.06478
2017-02-17 09:00:00,1.06477,1.06367,1.06528,1.06428
2017-02-17 10:00:00,1.06427,1.06394,1.06518,1.06444
2017-02-17 11:00:00,1.06443,1.06412,1.06496,1.06462
2017-02-17 12:00:00,1.06461,1.06442,1.06573,1.06464
2017-02-17 13:00:00,1.06465,1.06441,1.06575,1.06546
2017-02-17 14:00:00,1.06547,1.06438,1.06665,1.06457
2017-02-17 15:00:00,1.06457,1.06231,1.06501,1.06257
2017-02-17 16:00:00,1.06258,1.06114,1.06332,1.06136
2017-02-17 17:00:00,1.06137,1.06119,1.06196,1.06137
2017-02-17 18:00:00,1.06135,1.06067,1.06161,1.06107
2017-02-17 19:00:00,1.06106,1.06049,1.06137,1.06056
2017-02-17 20:00:00,1.06057,1.06052,1.06114,1.06077
2017-02-17 21:00:00,1.06079,1.06043,1.06151,1.06112
2017-02-19 22:00:00,1.06051,1.0605,1.06242,1.062
2017-02-19 23:00:00,1.06196,1.06174,1.06324,1.06246
2017-02-20 00:00:00,1.06245,1.06145,1.06261,1.06188
2017-02-20 01:00:00,1.06186,1.06021,1.06195,1.06087
2017-02-20 02:00:00,1.06088,1.06049,1.06113,1.06099
2017-02-20 03:00:00,1.06101,1.06087,1.0614,1.06124
2017-02-20 04:00:00,1.06125,1.06111,1.06177,1.06177
2017-02-20 05:00:00,1.06176,1.06126,1.06192,1.06136
2017-02-20 06:00:00,1.06135,1.06039,1.06145,1.06145
2017-02-20 07:00:00,1.06144,1.06115,1.06266,1.06161
2017-02-20 08:00:00,1.06159,1.06121,1.06244,1.0622
2017-02-20 09:00:00,1.06219,1.06191,1.06295,1.06219
2017-02-20 10:00:00,1.06218,1.06132,1.06243,1.06195
2017-02-20 11:00:00,1.06197,1.06168,1.06242,1.0623
2017-02-20 12:00:00,1.06231,1.06063,1.06283,1.06093
2017-02-20 13:00:00,1.06094,1.06081,1.06219,1.06202
2017-02-20 14:00:00,1.06203,1.06127,1.06242,1.06216
2017-02-20 15:00:00,1.06214,1.06168,1.06267,1.06202
2017-02-20 16:00:00,1.06203,1.06179,1.06243,1.06191
2017-02-20 17:00:00,1.0619,1.06068,1.06201,1.06091
2017-02-20 18:00:00,1.06092,1.06077,1.0612,1.06103
2017-02-20 19:00:00,1.06105,1.06102,1.06167,1.06133
2017-02-20 20:00:00,1.06132,1.06103,1.06157,1.06135
2017-02-20 21:00:00,1.06131,1.06074,1.0615,1.06105
2017-02-20 22:00:00,1.06084,1.06083,1.0614,1.06131
2017-02-20 23:00:00,1.06128,1.0608,1.06137,1.06081
2017-02-21 00:00:00,1.06081,1.05851,1.06122,1.05896
2017-02-21 01:00:00,1.05898,1.05804,1.05904,1.05841
2017-02-21 02:00:00,1.05843,1.0578,1.05876,1.05817
2017-02-21 03:00:00,1.05819,1.05777,1.05829,1.05789
2017-02-21 04:00:00,1.05788,1.05765,1.05822,1.05804
2017-02-21 05:00:00,1.05806,1.058,1.05864,1.05843
2017-02-21 06:00:00,1.05844,1.05834,1.05886,1.0588
2017-02-21 07:00:00,1.05881,1.05735,1.05882,1.05768
2017-02-21 08:00:00,1.05771,1.05571,1.05772,1.05646
2017-02-21 09:00:00,1.05647,1.05412,1.05672,1.0542
2017-02-21 10:00:00,1.05419,1.05326,1.0545,1.0538
2017-02-21 11:00:00,1.05379,1.05317,1.05452,1.05421
2017-02-21 12:00:00,1.05422,1.05308,1.0543,1.05312
2017-02-21 13:00:00,1.05314,1.05293,1.05405,1.05365
2017-02-21 14:00:00,1.05364,1.05251,1.05494,1.05412
2017-02-21 15:00:00,1.05412,1.05318,1.05455,1.05365
2017-02-21 16:00:00,1.05366,1.0527,1.05515,1.055
2017-02-21 17:00:00,1.05497,1.05425,1.05508,1.05433
2017-02-21 18:00:00,1.05432,1.05382,1.05488,1.05411
2017-02-21 19:00:00,1.05413,1.05402,1.0551,1.05472
2017-02-21 20:00:00,1.05471,1.05439,1.05492,1.05443
2017-02-21 21:00:00,1.05443,1.05332,1.05444,1.05351
2017-02-21 22:00:00,1.05351,1.05328,1.05426,1.05338
2017-02-21 23:00:00,1.05346,1.05342,1.05431,1.05406
2017-02-22 00:00:00,1.05407,1.05403,1.05491,1.05431
2017-02-22 01:00:00,1.05429,1.05427,1.05558,1.05485
2017-02-22 02:00:00,1.05484,1.05459,1.05527,1.05518
2017-02-22 03:00:00,1.0552,1.05436,1.0552,1.05465
2017-02-22 04:00:00,1.05464,1.0543,1.05468,1.05448
2017-02-22 05:00:00,1.05447,1.05422,1.0545,1.0544
2017-02-22 06:00:00,1.05438,1.05191,1.05443,1.05258
2017-02-22 07:00:00,1.05257,1.05046,1.05281,1.05077
2017-02-22 08:00:00,1.05076,1.04971,1.05114,1.05011
2017-02-22 09:00:00,1.0501,1.05008,1.05192,1.05083
2017-02-22 10:00:00,1.05084,1.04935,1.05101,1.05055
2017-02-22 11:00:00,1.05057,1.04932,1.05074,1.04987
2017-02-22 12:00:00,1.04986,1.0495,1.05134,1.05134
2017-02-22 13:00:00,1.05132,1.05071,1.05165,1.05139
2017-02-22 14:00:00,1.05138,1.05055,1.05204,1.05066
2017-02-22 15:00:00,1.05061,1.04953,1.05487,1.0548
2017-02-22 16:00:00,1.05478,1.05318,1.0559,1.0554
2017-02-22 17:00:00,1.05538,1.05425,1.0565,1.05458
2017-02-22 18:00:00,1.05457,1.05329,1.0548,1.05353
2017-02-22 19:00:00,1.05364,1.0526,1.05718,1.05702
2017-02-22 20:00:00,1.05704,1.05654,1.05735,1.05655
2017-02-22 21:00:00,1.05654,1.05556,1.05695,1.05569
2017-02-22 22:00:00,1.0552,1.05376,1.05613,1.05554
2017-02-22 23:00:00,1.05552,1.05446,1.05573,1.055
2017-02-23 00:00:00,1.05497,1.05436,1.05527,1.0551
2017-02-23 01:00:00,1.05512,1.05486,1.05554,1.05519
2017-02-23 02:00:00,1.05521,1.05471,1.05541,1.05534
2017-02-23 03:00:00,1.05534,1.05516,1.05663,1.05658
2017-02-23 04:00:00,1.05657,1.05595,1.05665,1.05618
2017-02-23 05:00:00,1.05615,1.05613,1.05717,1.05653
2017-02-23 06:00:00,1.05654,1.05521,1.05667,1.05573
2017-02-23 07:00:00,1.05571,1.05372,1.05602,1.05537
2017-02-23 08:00:00,1.05538,1.0549,1.0564,1.05527
2017-02-23 09:00:00,1.05528,1.05387,1.05587,1.05461
2017-02-23 10:00:00,1.05461,1.05372,1.05501,1.05456
2017-02-23 11:00:00,1.05457,1.05397,1.05557,1.05519
2017-02-23 12:00:00,1.05519,1.0547,1.05691,1.0568
2017-02-23 13:00:00,1.05681,1.05613,1.05849,1.05791
2017-02-23 14:00:00,1.0579,1.05708,1.05874,1.05807
2017-02-23 15:00:00,1.05808,1.05754,1.05948,1.05936
2017-02-23 16:00:00,1.05938,1.05745,1.05938,1.05849
2017-02-23 17:00:00,1.05846,1.05631,1.05882,1.05664
2017-02-23 18:00:00,1.05665,1.05635,1.05731,1.05692
2017-02-23 19:00:00,1.05691,1.05663,1.05756,1.05719
2017-02-23 20:00:00,1.05718,1.05718,1.05818,1.05816
2017-02-23 21:00:00,1.05814,1.05768,1.05851,1.05802
2017-02-23 22:00:00,1.05761,1.05741,1.05815,1.05767
2017-02-23 23:00:00,1.05766,1.05766,1.05856,1.05834
2017-02-24 00:00:00,1.05835,1.05731,1.05844,1.05735
2017-02-24 01:00:00,1.05734,1.05714,1.0576,1.05741
2017-02-24 02:00:00,1.0574,1.0569,1.05743,1.05741
2017-02-24 03:00:00,1.05742,1.0574,1.05821,1.0581
2017-02-24 04:00:00,1.05809,1.058,1.0585,1.05803
2017-02-24 05:00:00,1.05802,1.05762,1.05827,1.05801
2017-02-24 06:00:00,1.05802,1.05761,1.05891,1.05884
2017-02-24 07:00:00,1.05883,1.0584,1.05983,1.0595
2017-02-24 08:00:00,1.05949,1.05736,1.06034,1.05758
2017-02-24 09:00:00,1.05757,1.057,1.05948,1.05929
2017-02-24 10:00:00,1.05927,1.05826,1.0594,1.05919
2017-02-24 11:00:00,1.0592,1.05882,1.06097,1.06073
2017-02-24 12:00:00,1.06074,1.06029,1.06175,1.06082
2017-02-24 13:00:00,1.06083,1.06047,1.06171,1.06132
2017-02-24 14:00:00,1.06134,1.05651,1.06146,1.05707
2017-02-24 15:00:00,1.05706,1.05661,1.05894,1.05661
2017-02-24 16:00:00,1.05661,1.05655,1.05834,1.05792
2017-02-24 17:00:00,1.05793,1.05649,1.05964,1.05679
2017-02-24 18:00:00,1.05681,1.0568,1.05769,1.05702
2017-02-24 19:00:00,1.05701,1.05565,1.0571,1.05639
2017-02-24 20:00:00,1.0564,1.0557,1.05675,1.05611
2017-02-24 21:00:00,1.0561,1.05544,1.05617,1.05563
2017-02-26 22:00:00,1.05616,1.05585,1.05634,1.05591
2017-02-26 23:00:00,1.05597,1.05511,1.0564,1.05516
2017-02-27 00:00:00,1.05517,1.0551,1.05669,1.05645
2017-02-27 01:00:00,1.05644,1.05617,1.05746,1.0571
2017-02-27 02:00:00,1.05711,1.05647,1.05739,1.05647
2017-02-27 03:00:00,1.05648,1.0561,1.05669,1.05611
2017-02-27 04:00:00,1.05613,1.05612,1.05702,1.05657
2017-02-27 05:00:00,1.05658,1.05625,1.05685,1.05672
2017-02-27 06:00:00,1.05673,1.05632,1.05694,1.05678
2017-02-27 07:00:00,1.05679,1.05639,1.05817,1.0581
2017-02-27 08:00:00,1.0581,1.05663,1.05871,1.05782
2017-02-27 09:00:00,1.05783,1.05762,1.05873,1.05855
2017-02-27 10:00:00,1.05855,1.05782,1.05911,1.05819
2017-02-27 11:00:00,1.05817,1.05774,1.05864,1.05826
2017-02-27 12:00:00,1.05825,1.058,1.05864,1.05802
2017-02-27 13:00:00,1.05801,1.05801,1.06009,1.05981
2017-02-27 14:00:00,1.05982,1.05926,1.06073,1.0597
2017-02-27 15:00:00,1.05972,1.05874,1.06137,1.06128
2017-02-27 16:00:00,1.06129,1.06109,1.06302,1.06247
2017-02-27 17:00:00,1.06245,1.06028,1.06286,1.06037
2017-02-27 18:00:00,1.06038,1.05883,1.06065,1.05911
2017-02-27 19:00:00,1.05912,1.05802,1.0595,1.0588
2017-02-27 20:00:00,1.05879,1.05836,1.05912,1.05895
2017-02-27 21:00:00,1.05896,1.0584,1.05901,1.05858
2017-02-27 22:00:00,1.05848,1.05818,1.05895,1.0586
2017-02-27 23:00:00,1.0586,1.05801,1.05866,1.05834
2017-02-28 00:00:00,1.05832,1.05643,1.0585,1.05787
2017-02-28 01:00:00,1.05784,1.0577,1.05855,1.05831
2017-02-28 02:00:00,1.0583,1.05821,1.05858,1.05848
2017-02-28 03:00:00,1.05847,1.05808,1.05901,1.05852
2017-02-28 04:00:00,1.05853,1.05849,1.05917,1.0588
2017-02-28 05:00:00,1.05881,1.05862,1.05952,1.0594
2017-02-28 06:00:00,1.05939,1.05931,1.06031,1.05971
2017-02-28 07:00:00,1.05968,1.05837,1.06009,1.05944
2017-02-28 08:00:00,1.05942,1.05758,1.05943,1.05839
2017-02-28 09:00:00,1.05838,1.05796,1.05936,1.05884
2017-02-28 10:00:00,1.05885,1.05842,1.06041,1.0595
2017-02-28 11:00:00,1.05953,1.05935,1.06072,1.06019
2017-02-28 12:00:00,1.06017,1.0583,1.06054,1.05837
2017-02-28 13:00:00,1.05838,1.05836,1.06071,1.05948
2017-02-28 14:00:00,1.05947,1.0591,1.06061,1.0605
2017-02-28 15:00:00,1.06049,1.05994,1.06294,1.06249
2017-02-28 16:00:00,1.06252,1.0611,1.06297,1.06167
2017-02-28 17:00:00,1.06167,1.0604,1.06246,1.06068
2017-02-28 18:00:00,1.06068,1.0597,1.06101,1.0601
2017-02-28 19:00:00,1.06009,1.05904,1.06045,1.05916
2017-02-28 20:00:00,1.05914,1.05859,1.05975,1.05942
2017-02-28 21:00:00,1.05939,1.05701,1.0594,1.05753
2017-02-28 22:00:00,1.05742,1.05687,1.05771,1.05722
2017-02-28 23:00:00,1.05717,1.05661,1.05746,1.05686
2017-03-01 00:00:00,1.05684,1.05595,1.05688,1.05621
2017-03-01 01:00:00,1.05619,1.05544,1.05736,1.05713
2017-03-01 02:00:00,1.05714,1.05604,1.05889,1.05784
2017-03-01 03:00:00,1.05784,1.05536,1.05784,1.05585
2017-03-01 04:00:00,1.05586,1.05504,1.05594,1.05521
2017-03-01 05:00:00,1.05522,1.05511,1.05562,1.05551
2017-03-01 06:00:00,1.05553,1.05531,1.05598,1.05574
2017-03-01 07:00:00,1.05572,1.05369,1.05572,1.05394
2017-03-01 08:00:00,1.05396,1.0525,1.05457,1.05448
2017-03-01 09:00:00,1.05447,1.05337,1.05469,1.05392
2017-03-01 10:00:00,1.05389,1.05334,1.0545,1.05447
2017-03-01 11:00:00,1.05448,1.05259,1.05455,1.05351
2017-03-01 12:00:00,1.05351,1.05232,1.05358,1.05261
2017-03-01 13:00:00,1.0526,1.05135,1.0533,1.05249
2017-03-01 14:00:00,1.0525,1.05197,1.05369,1.05325
2017-03-01 15:00:00,1.0532,1.05238,1.05593,1.05549
2017-03-01 16:00:00,1.05551,1.05489,1.05693,1.05631
2017-03-01 17:00:00,1.0563,1.05615,1.05711,1.05628
2017-03-01 18:00:00,1.0563,1.05606,1.05706,1.0566
2017-03-01 19:00:00,1.05657,1.05424,1.05675,1.05436
2017-03-01 20:00:00,1.05437,1.05422,1.05543,1.05454
2017-03-01 21:00:00,1.05453,1.05412,1.05471,1.05455
2017-03-01 22:00:00,1.05443,1.05443,1.05506,1.05501
2017-03-01 23:00:00,1.055,1.05342,1.055,1.05354
2017-03-02 00:00:00,1.05354,1.0529,1.05425,1.05418
2017-03-02 01:00:00,1.05416,1.05326,1.05441,1.05339
2017-03-02 02:00:00,1.05338,1.05277,1.05339,1.05297
2017-03-02 03:00:00,1.05297,1.05294,1.05342,1.05314
2017-03-02 04:00:00,1.05314,1.0529,1.05343,1.0532
2017-03-02 05:00:00,1.05323,1.053,1.0533,1.05303
2017-03-02 06:00:00,1.05305,1.05256,1.05359,1.05256
2017-03-02 07:00:00,1.05255,1.05215,1.05404,1.0539
2017-03-02 08:00:00,1.0539,1.05306,1.05452,1.05415
2017-03-02 09:00:00,1.05417,1.05232,1.05432,1.05256
2017-03-02 10:00:00,1.05256,1.05222,1.05326,1.0527
2017-03-02 11:00:00,1.0527,1.05199,1.05306,1.0522
2017-03-02 12:00:00,1.05222,1.05076,1.05222,1.05189
2017-03-02 13:00:00,1.0519,1.05081,1.052,1.05135
2017-03-02 14:00:00,1.05135,1.04987,1.05136,1.05046
2017-03-02 15:00:00,1.05048,1.05043,1.05278,1.05242
2017-03-02 16:00:00,1.05243,1.05126,1.05277,1.05134
2017-03-02 17:00:00,1.05136,1.05045,1.05167,1.05057
2017-03-02 18:00:00,1.05058,1.05003,1.05112,1.05047
2017-03-02 19:00:00,1.05046,1.04943,1.05053,1.0501
2017-03-02 20:00:00,1.05008,1.04993,1.05082,1.05064
2017-03-02 21:00:00,1.05063,1.05039,1.05085,1.05053
2017-03-02 22:00:00,1.05052,1.04975,1.05086,1.05058
2017-03-02 23:00:00,1.05059,1.05028,1.0507,1.05063
2017-03-03 00:00:00,1.05063,1.05017,1.05162,1.05147
2017-03-03 01:00:00,1.05144,1.05114,1.05178,1.05177
2017-03-03 02:00:00,1.0518,1.0512,1.05227,1.05215
2017-03-03 03:00:00,1.05215,1.05168,1.05226,1.05203
2017-03-03 04:00:00,1.05202,1.05168,1.05223,1.05193
2017-03-03 05:00:00,1.05194,1.05125,1.05202,1.05171
2017-03-03 06:00:00,1.05168,1.05152,1.05266,1.05257
2017-03-03 07:00:00,1.05256,1.05171,1.05264,1.05204
2017-03-03 08:00:00,1.05204,1.05101,1.05211,1.05185
2017-03-03 09:00:00,1.05183,1.05152,1.05277,1.0516
2017-03-03 10:00:00,1.05159,1.05151,1.05404,1.05353
2017-03-03 11:00:00,1.05354,1.05339,1.05462,1.05384
2017-03-03 12:00:00,1.05381,1.05368,1.05643,1.05567
2017-03-03 13:00:00,1.05567,1.05538,1.05728,1.05681
2017-03-03 14:00:00,1.0568,1.05552,1.05697,1.05582
2017-03-03 15:00:00,1.05575,1.0546,1.05685,1.05618
2017-03-03 16:00:00,1.05619,1.05438,1.05621,1.05515
2017-03-03 17:00:00,1.05517,1.05474,1.05634,1.05611
2017-03-03 18:00:00,1.05611,1.05407,1.05821,1.05821
2017-03-03 19:00:00,1.0582,1.05799,1.06083,1.05978
2017-03-03 20:00:00,1.05979,1.05963,1.06169,1.06156
2017-03-03 21:00:00,1.06159,1.06114,1.06233,1.06171
2017-03-05 22:00:00,1.06075,1.05988,1.06156,1.06088
2017-03-05 23:00:00,1.06089,1.06088,1.0621,1.06202
2017-03-06 00:00:00,1.06203,1.06042,1.06206,1.06117
2017-03-06 01:00:00,1.0612,1.06052,1.06129,1.06069
2017-03-06 02:00:00,1.06069,1.06054,1.06123,1.06068
2017-03-06 03:00:00,1.06069,1.0603,1.06109,1.06048
2017-03-06 04:00:00,1.06049,1.06001,1.06062,1.06001
2017-03-06 05:00:00,1.06003,1.05997,1.06047,1.06035
2017-03-06 06:00:00,1.06036,1.05913,1.06042,1.05988
2017-03-06 07:00:00,1.05987,1.05959,1.0606,1.05983
2017-03-06 08:00:00,1.05984,1.0596,1.06395,1.06247
2017-03-06 09:00:00,1.0625,1.05898,1.06352,1.06013
2017-03-06 10:00:00,1.06014,1.05843,1.06027,1.05905
2017-03-06 11:00:00,1.05907,1.05795,1.05939,1.05798
2017-03-06 12:00:00,1.05797,1.05761,1.05904,1.05876
2017-03-06 13:00:00,1.05878,1.05861,1.06051,1.0597
2017-03-06 14:00:00,1.05969,1.05917,1.06043,1.05976
2017-03-06 15:00:00,1.05977,1.05938,1.06075,1.05976
2017-03-06 16:00:00,1.05977,1.05804,1.05986,1.05841
2017-03-06 17:00:00,1.05841,1.05762,1.05879,1.0577
2017-03-06 18:00:00,1.05769,1.05741,1.0583,1.0582
2017-03-06 19:00:00,1.05819,1.05818,1.05881,1.05865
2017-03-06 20:00:00,1.05864,1.05799,1.05898,1.0582
2017-03-06 21:00:00,1.05819,1.058,1.05858,1.05809
2017-03-06 22:00:00,1.05807,1.05757,1.05829,1.05808
2017-03-06 23:00:00,1.05807,1.05753,1.05807,1.05786
2017-03-07 00:00:00,1.05785,1.05724,1.05821,1.05743
2017-03-07 01:00:00,1.05742,1.05725,1.0583,1.05818
2017-03-07 02:00:00,1.05819,1.05814,1.05864,1.05852
2017-03-07 03:00:00,1.05852,1.05832,1.05929,1.05887
2017-03-07 04:00:00,1.05888,1.05808,1.05919,1.05809
2017-03-07 05:00:00,1.05806,1.05794,1.05867,1.05848
2017-03-07 06:00:00,1.05847,1.05826,1.05897,1.05846
2017-03-07 07:00:00,1.05848,1.05815,1.05987,1.05964
2017-03-07 08:00:00,1.05962,1.05835,1.06022,1.05843
2017-03-07 09:00:00,1.05844,1.05623,1.05873,1.05627
2017-03-07 10:00:00,1.05626,1.05577,1.05766,1.0575
2017-03-07 11:00:00,1.0575,1.05707,1.05787,1.0574
2017-03-07 12:00:00,1.05741,1.05666,1.05757,1.05686
2017-03-07 13:00:00,1.05688,1.05629,1.05796,1.05686
2017-03-07 14:00:00,1.05684,1.05603,1.05721,1.05626
2017-03-07 15:00:00,1.05627,1.05604,1.05804,1.05791
2017-03-07 16:00:00,1.05793,1.05703,1.05823,1.05803
2017-03-07 17:00:00,1.058,1.05727,1.05881,1.05743
2017-03-07 18:00:00,1.05742,1.0566,1.05754,1.05664
2017-03-07 19:00:00,1.05663,1.05646,1.0569,1.05666
2017-03-07 20:00:00,1.05663,1.05649,1.05725,1.05693
2017-03-07 21:00:00,1.05691,1.05648,1.05697,1.05653
2017-03-07 22:00:00,1.05647,1.05626,1.05689,1.05659
2017-03-07 23:00:00,1.05658,1.05627,1.05694,1.05687
2017-03-08 00:00:00,1.05687,1.05668,1.05729,1.05704
2017-03-08 01:00:00,1.05703,1.05659,1.05734,1.05671
2017-03-08 02:00:00,1.05669,1.05624,1.05688,1.0568
2017-03-08 03:00:00,1.05681,1.05635,1.05683,1.05656
2017-03-08 04:00:00,1.05658,1.05591,1.05677,1.05607
2017-03-08 05:00:00,1.05607,1.05578,1.05634,1.05627
2017-03-08 06:00:00,1.05627,1.05621,1.0569,1.0565
2017-03-08 07:00:00,1.05649,1.05554,1.05722,1.05596
2017-03-08 08:00:00,1.05597,1.05503,1.05635,1.05556
2017-03-08 09:00:00,1.05555,1.05468,1.05574,1.05553
2017-03-08 10:00:00,1.0555,1.05512,1.05618,1.05564
2017-03-08 11:00:00,1.05565,1.05534,1.05618,1.05601
2017-03-08 12:00:00,1.05599,1.05483,1.05618,1.05575
2017-03-08 13:00:00,1.05576,1.05334,1.05581,1.05534
2017-03-08 14:00:00,1.05536,1.05497,1.0562,1.05533
2017-03-08 15:00:00,1.05535,1.05523,1.05607,1.0556
2017-03-08 16:00:00,1.05559,1.0543,1.05573,1.05459
2017-03-08 17:00:00,1.0546,1.05354,1.0548,1.05358
2017-03-08 18:00:00,1.05355,1.05355,1.055,1.05481
2017-03-08 19:00:00,1.05481,1.05422,1.05511,1.05482
2017-03-08 20:00:00,1.05481,1.05409,1.05492,1.05433
2017-03-08 21:00:00,1.05432,1.05381,1.05439,1.05396
2017-03-08 22:00:00,1.05377,1.05371,1.05421,1.05396
2017-03-08 23:00:00,1.05394,1.05384,1.05468,1.05442
2017-03-09 00:00:00,1.05442,1.0536,1.05443,1.05372
2017-03-09 01:00:00,1.05371,1.05361,1.05436,1.05421
2017-03-09 02:00:00,1.05418,1.05365,1.0542,1.05371
2017-03-09 03:00:00,1.05369,1.05294,1.0538,1.05299
2017-03-09 04:00:00,1.05301,1.05282,1.05321,1.05305
2017-03-09 05:00:00,1.05302,1.05273,1.05321,1.05321
2017-03-09 06:00:00,1.05318,1.05302,1.0543,1.05362
2017-03-09 07:00:00,1.05361,1.05244,1.05424,1.05341
2017-03-09 08:00:00,1.0534,1.05327,1.05621,1.05562
2017-03-09 09:00:00,1.05562,1.05474,1.05691,1.05579
2017-03-09 10:00:00,1.05578,1.0554,1.05637,1.05569
2017-03-09 11:00:00,1.05568,1.05525,1.0565,1.05609
2017-03-09 12:00:00,1.05611,1.05442,1.05656,1.05573
2017-03-09 13:00:00,1.05576,1.05415,1.05922,1.0584
2017-03-09 14:00:00,1.05842,1.0579,1.06148,1.05929
2017-03-09 15:00:00,1.05927,1.05754,1.05934,1.05804
2017-03-09 16:00:00,1.05802,1.05658,1.05855,1.05846
2017-03-09 17:00:00,1.05848,1.05783,1.05871,1.05792
2017-03-09 18:00:00,1.05791,1.05774,1.0596,1.05902
2017-03-09 19:00:00,1.05901,1.05829,1.05941,1.05913
2017-03-09 20:00:00,1.05914,1.05816,1.05947,1.05818
2017-03-09 21:00:00,1.05816,1.05719,1.05847,1.0576
2017-03-09 22:00:00,1.05757,1.05719,1.05814,1.05729
2017-03-09 23:00:00,1.05732,1.05702,1.05791,1.0579
2017-03-10 00:00:00,1.05789,1.05778,1.05918,1.05877
2017-03-10 01:00:00,1.05877,1.05833,1.05885,1.05867
2017-03-10 02:00:00,1.05866,1.05866,1.05952,1.05932
2017-03-10 03:00:00,1.05933,1.05923,1.06001,1.05945
2017-03-10 04:00:00,1.05944,1.05926,1.05972,1.05962
2017-03-10 05:00:00,1.05961,1.05947,1.0602,1.05973
2017-03-10 06:00:00,1.05975,1.05895,1.06014,1.05897
2017-03-10 07:00:00,1.05896,1.05877,1.05983,1.05939
2017-03-10 08:00:00,1.05938,1.05923,1.06181,1.06104
2017-03-10 09:00:00,1.06105,1.06062,1.06187,1.06131
2017-03-10 10:00:00,1.0613,1.06085,1.06163,1.061
2017-03-10 11:00:00,1.061,1.06033,1.06118,1.0607
2017-03-10 12:00:00,1.06069,1.06018,1.06148,1.06028
2017-03-10 13:00:00,1.06027,1.05937,1.06461,1.06455
2017-03-10 14:00:00,1.06452,1.06192,1.06513,1.06334
2017-03-10 15:00:00,1.06335,1.06201,1.06699,1.06564
2017-03-10 16:00:00,1.06564,1.06478,1.06764,1.06664
2017-03-10 17:00:00,1.06665,1.06634,1.06767,1.06687
2017-03-10 18:00:00,1.0669,1.06682,1.0686,1.06797
2017-03-10 19:00:00,1.06796,1.06792,1.06916,1.0691
2017-03-10 20:00:00,1.0691,1.06855,1.06983,1.06856
2017-03-10 21:00:00,1.06857,1.06676,1.06887,1.06686
2017-03-12 21:00:00,1.06761,1.06734,1.06868,1.06848
2017-03-12 22:00:00,1.0685,1.06775,1.06857,1.06788
2017-03-12 23:00:00,1.06789,1.0678,1.06922,1.06889
2017-03-13 00:00:00,1.06887,1.06815,1.06915,1.06818
2017-03-13 01:00:00,1.06819,1.06799,1.06867,1.06847
2017-03-13 02:00:00,1.06848,1.06826,1.06959,1.06944
2017-03-13 03:00:00,1.06945,1.06936,1.06999,1.06963
2017-03-13 04:00:00,1.06962,1.06957,1.06999,1.06983
2017-03-13 05:00:00,1.06981,1.06966,1.07063,1.06973
2017-03-13 06:00:00,1.06975,1.06959,1.07126,1.07115
2017-03-13 07:00:00,1.07114,1.0693,1.07139,1.06953
2017-03-13 08:00:00,1.06952,1.06708,1.06966,1.06736
2017-03-13 09:00:00,1.06734,1.06639,1.0678,1.06647
2017-03-13 10:00:00,1.06646,1.06627,1.0674,1.0673
2017-03-13 11:00:00,1.06728,1.06667,1.06767,1.06673
2017-03-13 12:00:00,1.06674,1.06587,1.06756,1.06588
2017-03-13 13:00:00,1.06589,1.06557,1.06702,1.06699
2017-03-13 14:00:00,1.06698,1.0655,1.06714,1.06654
2017-03-13 15:00:00,1.06655,1.06635,1.06786,1.06685
2017-03-13 16:00:00,1.06682,1.06613,1.06729,1.06623
2017-03-13 17:00:00,1.06622,1.06551,1.06655,1.06585
2017-03-13 18:00:00,1.0658,1.06525,1.06607,1.06592
2017-03-13 19:00:00,1.06591,1.0653,1.06599,1.06531
2017-03-13 20:00:00,1.0653,1.06513,1.06545,1.06525
2017-03-13 21:00:00,1.06525,1.0651,1.06539,1.06533
2017-03-13 22:00:00,1.06534,1.0651,1.06558,1.06511
2017-03-13 23:00:00,1.06511,1.06442,1.06525,1.06504
2017-03-14 00:00:00,1.06505,1.06495,1.06579,1.06557
2017-03-14 01:00:00,1.06555,1.06511,1.06585,1.06562
2017-03-14 02:00:00,1.0656,1.06515,1.06574,1.06524
2017-03-14 03:00:00,1.06526,1.06495,1.06538,1.06536
2017-03-14 04:00:00,1.06535,1.06503,1.06541,1.06531
2017-03-14 05:00:00,1.06532,1.06529,1.06597,1.06592
2017-03-14 06:00:00,1.06591,1.06395,1.06621,1.0645
2017-03-14 07:00:00,1.0645,1.06365,1.06517,1.06369
2017-03-14 08:00:00,1.0637,1.06324,1.06477,1.06469
2017-03-14 09:00:00,1.06467,1.0636,1.06493,1.06387
2017-03-14 10:00:00,1.06379,1.06345,1.06441,1.06384
2017-03-14 11:00:00,1.06382,1.06282,1.0639,1.06316
2017-03-14 12:00:00,1.06315,1.06251,1.06373,1.06283
2017-03-14 13:00:00,1.06284,1.06263,1.06357,1.06281
2017-03-14 14:00:00,1.06282,1.06246,1.06427,1.06368
2017-03-14 15:00:00,1.06365,1.06325,1.06464,1.06445
2017-03-14 16:00:00,1.06444,1.0636,1.06463,1.06363
2017-03-14 17:00:00,1.0636,1.062,1.06365,1.06208
2017-03-14 18:00:00,1.06206,1.06039,1.06209,1.06106
2017-03-14 19:00:00,1.06106,1.06018,1.0613,1.06052
2017-03-14 20:00:00,1.06051,1.05992,1.0607,1.06038
2017-03-14 21:00:00,1.06035,1.06024,1.06083,1.06076
2017-03-14 22:00:00,1.06074,1.06036,1.06091,1.06083
2017-03-14 23:00:00,1.06083,1.0608,1.06124,1.06112
2017-03-15 00:00:00,1.06113,1.06102,1.06148,1.06122
2017-03-15 01:00:00,1.06122,1.06113,1.06184,1.06132
2017-03-15 02:00:00,1.06133,1.06121,1.06171,1.06159
2017-03-15 03:00:00,1.06158,1.06114,1.06164,1.06148
2017-03-15 04:00:00,1.06147,1.06128,1.06177,1.06146
2017-03-15 05:00:00,1.06146,1.06127,1.06203,1.06191
2017-03-15 06:00:00,1.06191,1.06164,1.06295,1.06278
2017-03-15 07:00:00,1.06276,1.06253,1.06388,1.06378
2017-03-15 08:00:00,1.06373,1.06261,1.06377,1.06317
2017-03-15 09:00:00,1.06318,1.06219,1.06365,1.06261
2017-03-15 10:00:00,1.06263,1.06174,1.0629,1.06238
2017-03-15 11:00:00,1.06237,1.06198,1.06272,1.0623
2017-03-15 12:00:00,1.06231,1.06183,1.06335,1.06199
2017-03-15 13:00:00,1.062,1.06066,1.06246,1.06148
2017-03-15 14:00:00,1.06147,1.06118,1.0627,1.0625
2017-03-15 15:00:00,1.06251,1.06244,1.06366,1.06308
2017-03-15 16:00:00,1.06307,1.06262,1.06443,1.06419
2017-03-15 17:00:00,1.06415,1.06215,1.06432,1.06238
2017-03-15 18:00:00,1.06245,1.06183,1.07102,1.07037
2017-03-15 19:00:00,1.07038,1.0685,1.0718,1.07073
2017-03-15 20:00:00,1.07072,1.07044,1.07397,1.07337
2017-03-15 21:00:00,1.07271,1.07189,1.0736,1.07356
2017-03-15 22:00:00,1.07353,1.07279,1.07363,1.07294
2017-03-15 23:00:00,1.07295,1.07295,1.0739,1.07368
2017-03-16 00:00:00,1.07367,1.07327,1.07461,1.07351
2017-03-16 01:00:00,1.07349,1.07225,1.07355,1.07245
2017-03-16 02:00:00,1.07247,1.07214,1.07308,1.07267
2017-03-16 03:00:00,1.07266,1.07186,1.07281,1.07207
2017-03-16 04:00:00,1.07208,1.07201,1.07247,1.07229
2017-03-16 05:00:00,1.07233,1.07226,1.07301,1.07256
2017-03-16 06:00:00,1.07259,1.07244,1.07401,1.0728
2017-03-16 07:00:00,1.07281,1.07206,1.0737,1.07251
2017-03-16 08:00:00,1.07248,1.0705,1.07258,1.07088
2017-03-16 09:00:00,1.07086,1.07056,1.07173,1.07107
2017-03-16 10:00:00,1.07107,1.07102,1.07241,1.07236
2017-03-16 11:00:00,1.07235,1.07222,1.07309,1.07238
2017-03-16 12:00:00,1.07237,1.07121,1.07352,1.07324
2017-03-16 13:00:00,1.07324,1.07201,1.07351,1.07258
2017-03-16 14:00:00,1.07258,1.07233,1.07429,1.07368
2017-03-16 15:00:00,1.07369,1.07256,1.07408,1.07358
2017-03-16 16:00:00,1.07359,1.07327,1.07397,1.07375
2017-03-16 17:00:00,1.07374,1.07114,1.07386,1.07142
2017-03-16 18:00:00,1.07144,1.07071,1.07497,1.07482
2017-03-16 19:00:00,1.07482,1.07407,1.07694,1.07685
2017-03-16 20:00:00,1.07687,1.07621,1.077,1.07643
2017-03-16 21:00:00,1.07636,1.07601,1.07732,1.07708
2017-03-16 22:00:00,1.07701,1.07656,1.07737,1.07708
2017-03-16 23:00:00,1.07712,1.0768,1.07735,1.0771
2017-03-17 00:00:00,1.07712,1.07649,1.07733,1.07661
2017-03-17 01:00:00,1.07663,1.07639,1.07699,1.07692
2017-03-17 02:00:00,1.07696,1.07688,1.07739,1.07736
2017-03-17 03:00:00,1.07734,1.07694,1.07742,1.07722
2017-03-17 04:00:00,1.07721,1.0769,1.07731,1.07705
2017-03-17 05:00:00,1.07704,1.07666,1.07717,1.07705
2017-03-17 06:00:00,1.07706,1.07702,1.0781,1.07805
2017-03-17 07:00:00,1.07804,1.07533,1.07821,1.07533
2017-03-17 08:00:00,1.07533,1.07528,1.07695,1.07692
2017-03-17 09:00:00,1.07691,1.07674,1.07795,1.07742
2017-03-17 10:00:00,1.07745,1.0765,1.07757,1.07665
2017-03-17 11:00:00,1.07663,1.07311,1.07666,1.07345
2017-03-17 12:00:00,1.07346,1.07269,1.07445,1.07352
2017-03-17 13:00:00,1.07353,1.07319,1.0747,1.0742
2017-03-17 14:00:00,1.07421,1.0742,1.0756,1.07435
2017-03-17 15:00:00,1.07436,1.07304,1.07475,1.07407
2017-03-17 16:00:00,1.07407,1.07389,1.07486,1.07397
2017-03-17 17:00:00,1.074,1.07392,1.07549,1.07448
2017-03-17 18:00:00,1.07447,1.07385,1.07518,1.07413
2017-03-17 19:00:00,1.07412,1.07366,1.07469,1.07419
2017-03-17 20:00:00,1.07418,1.07329,1.07419,1.07367
2017-03-19 21:00:00,1.07323,1.07316,1.07391,1.07366
2017-03-19 22:00:00,1.0737,1.07361,1.07441,1.07409
2017-03-19 23:00:00,1.0741,1.074,1.07449,1.07417
2017-03-20 00:00:00,1.07419,1.07416,1.0753,1.07499
2017-03-20 01:00:00,1.075,1.07489,1.07591,1.07572
2017-03-20 02:00:00,1.07571,1.07567,1.07626,1.07599
2017-03-20 03:00:00,1.07598,1.07584,1.07624,1.07594
2017-03-20 04:00:00,1.0759,1.07584,1.07644,1.07629
2017-03-20 05:00:00,1.07627,1.07605,1.07647,1.07636
2017-03-20 06:00:00,1.07637,1.07562,1.07721,1.07698
2017-03-20 07:00:00,1.07697,1.0766,1.07768,1.07688
2017-03-20 08:00:00,1.07687,1.07579,1.07709,1.07634
2017-03-20 09:00:00,1.07637,1.07514,1.07663,1.07546
2017-03-20 10:00:00,1.07542,1.07498,1.07618,1.07595
2017-03-20 11:00:00,1.07596,1.07488,1.07612,1.07488
2017-03-20 12:00:00,1.0749,1.0743,1.07553,1.07509
2017-03-20 13:00:00,1.07508,1.07447,1.07596,1.07518
2017-03-20 14:00:00,1.07517,1.07503,1.07576,1.07533
2017-03-20 15:00:00,1.07534,1.07465,1.07572,1.07527
2017-03-20 16:00:00,1.07527,1.0734,1.07549,1.07363
2017-03-20 17:00:00,1.07362,1.07243,1.07468,1.07278
2017-03-20 18:00:00,1.07279,1.07273,1.07377,1.07321
2017-03-20 19:00:00,1.0732,1.07306,1.07448,1.0743
2017-03-20 20:00:00,1.07429,1.07378,1.07444,1.07385
2017-03-20 21:00:00,1.0738,1.07352,1.0741,1.07358
2017-03-20 22:00:00,1.07357,1.07328,1.07389,1.07328
2017-03-20 23:00:00,1.07331,1.07187,1.07366,1.07361
2017-03-21 00:00:00,1.07363,1.07345,1.07659,1.07594
2017-03-21 01:00:00,1.07592,1.07577,1.07694,1.07639
2017-03-21 02:00:00,1.0764,1.07563,1.07648,1.07576
2017-03-21 03:00:00,1.07574,1.0752,1.07612,1.0755
2017-03-21 04:00:00,1.07552,1.07541,1.0758,1.07551
2017-03-21 05:00:00,1.0755,1.0754,1.07665,1.07601
2017-03-21 06:00:00,1.07603,1.07586,1.0774,1.07726
2017-03-21 07:00:00,1.07724,1.07682,1.07877,1.07804
2017-03-21 08:00:00,1.07806,1.07803,1.08019,1.07953
2017-03-21 09:00:00,1.07955,1.07881,1.08036,1.0792
2017-03-21 10:00:00,1.07921,1.079,1.08022,1.08003
2017-03-21 11:00:00,1.08002,1.07986,1.08119,1.08086
2017-03-21 12:00:00,1.08087,1.07924,1.08112,1.07956
2017-03-21 13:00:00,1.07958,1.07945,1.08154,1.0815
2017-03-21 14:00:00,1.08151,1.08049,1.08188,1.08124
2017-03-21 15:00:00,1.08123,1.07928,1.08134,1.0808
2017-03-21 16:00:00,1.08081,1.08054,1.08182,1.08146
2017-03-21 17:00:00,1.08148,1.08055,1.0818,1.08082
2017-03-21 18:00:00,1.0808,1.07949,1.08105,1.07997
2017-03-21 19:00:00,1.07996,1.07989,1.08129,1.08102
2017-03-21 20:00:00,1.08101,1.08082,1.08133,1.08087
2017-03-21 21:00:00,1.08077,1.08015,1.081,1.08063
2017-03-21 22:00:00,1.08063,1.08023,1.08173,1.08117
2017-03-21 23:00:00,1.08116,1.08076,1.08143,1.08119
2017-03-22 00:00:00,1.08118,1.07988,1.08124,1.07992
2017-03-22 01:00:00,1.07991,1.07924,1.08016,1.0797
2017-03-22 02:00:00,1.07969,1.07881,1.07988,1.07935
2017-03-22 03:00:00,1.07936,1.07908,1.07944,1.07936
2017-03-22 04:00:00,1.07933,1.07914,1.08023,1.08006
2017-03-22 05:00:00,1.08007,1.07979,1.0805,1.07994
2017-03-22 06:00:00,1.07995,1.07948,1.08183,1.08134
2017-03-22 07:00:00,1.08133,1.07911,1.08137,1.08014
2017-03-22 08:00:00,1.08012,1.07836,1.08092,1.07866
2017-03-22 09:00:00,1.07864,1.07752,1.07871,1.07852
2017-03-22 10:00:00,1.0785,1.07823,1.08,1.0795
2017-03-22 11:00:00,1.07949,1.07845,1.07958,1.07865
2017-03-22 12:00:00,1.07865,1.07842,1.08024,1.08023
2017-03-22 13:00:00,1.08024,1.07925,1.08079,1.0798
2017-03-22 14:00:00,1.07994,1.0799,1.08243,1.08163
2017-03-22 15:00:00,1.08161,1.0799,1.08208,1.07997
2017-03-22 16:00:00,1.07999,1.07975,1.08072,1.08052
2017-03-22 17:00:00,1.08054,1.08049,1.0816,1.08101
2017-03-22 18:00:00,1.08104,1.07938,1.08115,1.07963
2017-03-22 19:00:00,1.07963,1.07894,1.07975,1.07947
2017-03-22 20:00:00,1.07948,1.07938,1.08023,1.07961
2017-03-22 21:00:00,1.07921,1.07888,1.07976,1.07911
2017-03-22 22:00:00,1.07913,1.07891,1.07958,1.0793
2017-03-22 23:00:00,1.07929,1.07884,1.07941,1.07884
2017-03-23 00:00:00,1.07883,1.07843,1.07948,1.07857
2017-03-23 01:00:00,1.07856,1.07807,1.07877,1.07847
2017-03-23 02:00:00,1.07848,1.07816,1.07858,1.07846
2017-03-23 03:00:00,1.07845,1.07828,1.07918,1.07888
2017-03-23 04:00:00,1.07884,1.07874,1.07938,1.07917
2017-03-23 05:00:00,1.07916,1.07886,1.07945,1.07899
2017-03-23 06:00:00,1.079,1.07887,1.08046,1.07994
2017-03-23 07:00:00,1.07992,1.07911,1.08033,1.07935
2017-03-23 08:00:00,1.07933,1.07692,1.07939,1.07742
2017-03-23 09:00:00,1.07741,1.07689,1.07851,1.07711
2017-03-23 10:00:00,1.07709,1.07673,1.07925,1.07879
2017-03-23 11:00:00,1.07879,1.07819,1.07945,1.07839
2017-03-23 12:00:00,1.07841,1.0774,1.07871,1.07858
2017-03-23 13:00:00,1.07859,1.07752,1.07905,1.07848
2017-03-23 14:00:00,1.07847,1.07758,1.07916,1.07886
2017-03-23 15:00:00,1.07885,1.0773,1.07933,1.07864
2017-03-23 16:00:00,1.07863,1.07795,1.07882,1.07871
2017-03-23 17:00:00,1.07871,1.07754,1.07905,1.07807
2017-03-23 18:00:00,1.07807,1.07781,1.07856,1.07833
2017-03-23 19:00:00,1.07835,1.078,1.07893,1.07833
2017-03-23 20:00:00,1.07832,1.07822,1.07889,1.07822
2017-03-23 21:00:00,1.07808,1.07773,1.07849,1.07819
2017-03-23 22:00:00,1.07807,1.07784,1.0783,1.07815
2017-03-23 23:00:00,1.07817,1.07797,1.0785,1.07829
2017-03-24 00:00:00,1.07829,1.0762,1.07851,1.07662
2017-03-24 01:00:00,1.07661,1.07637,1.07715,1.07674
2017-03-24 02:00:00,1.07673,1.07594,1.07683,1.07615
2017-03-24 03:00:00,1.07616,1.07615,1.0768,1.0768
2017-03-24 04:00:00,1.07679,1.07617,1.07691,1.07632
2017-03-24 05:00:00,1.07632,1.07603,1.07675,1.07672
2017-03-24 06:00:00,1.07668,1.07606,1.07685,1.07627
2017-03-24 07:00:00,1.07629,1.07614,1.07742,1.07721
2017-03-24 08:00:00,1.07722,1.07719,1.08067,1.07982
2017-03-24 09:00:00,1.07978,1.07921,1.08049,1.08035
2017-03-24 10:00:00,1.08036,1.08017,1.08121,1.08033
2017-03-24 11:00:00,1.08031,1.07975,1.08088,1.08057
2017-03-24 12:00:00,1.08055,1.07964,1.08078,1.08055
2017-03-24 13:00:00,1.08055,1.07943,1.08078,1.07973
2017-03-24 14:00:00,1.07972,1.07899,1.08034,1.07977
2017-03-24 15:00:00,1.07979,1.0795,1.08121,1.08038
2017-03-24 16:00:00,1.08038,1.07989,1.08149,1.08068
2017-03-24 17:00:00,1.08064,1.0799,1.08117,1.08036
2017-03-24 18:00:00,1.08035,1.07999,1.08068,1.08052
2017-03-24 19:00:00,1.08052,1.07898,1.08177,1.07929
2017-03-24 20:00:00,1.07928,1.07915,1.08047,1.07933
2017-03-26 21:00:00,1.08376,1.0824,1.08378,1.08316
2017-03-26 22:00:00,1.08328,1.08283,1.08488,1.08469
2017-03-26 23:00:00,1.0847,1.08429,1.0849,1.08447
2017-03-27 00:00:00,1.08446,1.0837,1.08479,1.08448
2017-03-27 01:00:00,1.0845,1.0839,1.0849,1.08391
2017-03-27 02:00:00,1.08389,1.08387,1.08475,1.08442
2017-03-27 03:00:00,1.08445,1.08438,1.08491,1.08454
2017-03-27 04:00:00,1.08457,1.08416,1.08474,1.08434
2017-03-27 05:00:00,1.08432,1.08425,1.08494,1.08488
2017-03-27 06:00:00,1.08487,1.08446,1.0869,1.08622
2017-03-27 07:00:00,1.08623,1.08573,1.08731,1.0865
2017-03-27 08:00:00,1.08651,1.08568,1.08716,1.08593
2017-03-27 09:00:00,1.08593,1.08528,1.08692,1.08671
2017-03-27 10:00:00,1.08671,1.08602,1.08705,1.08649
2017-03-27 11:00:00,1.08652,1.0863,1.08816,1.08764
2017-03-27 12:00:00,1.08765,1.08745,1.08962,1.08937
2017-03-27 13:00:00,1.08935,1.08777,1.09057,1.08786
2017-03-27 14:00:00,1.08786,1.08758,1.08884,1.08842
2017-03-27 15:00:00,1.08843,1.08784,1.08905,1.0881
2017-03-27 16:00:00,1.08807,1.08617,1.08827,1.08633
2017-03-27 17:00:00,1.08636,1.08628,1.0872,1.08688
2017-03-27 18:00:00,1.0869,1.08652,1.08725,1.08669
2017-03-27 19:00:00,1.08669,1.08618,1.08674,1.08642
2017-03-27 20:00:00,1.08639,1.08606,1.08661,1.08618
2017-03-27 21:00:00,1.08611,1.08602,1.0865,1.08626
2017-03-27 22:00:00,1.08621,1.08602,1.08661,1.08638
2017-03-27 23:00:00,1.08637,1.08576,1.08637,1.08603
2017-03-28 00:00:00,1.08604,1.08545,1.08682,1.08558
2017-03-28 01:00:00,1.08559,1.08551,1.08661,1.08637
2017-03-28 02:00:00,1.08639,1.08581,1.08639,1.08588
2017-03-28 03:00:00,1.08591,1.08586,1.08648,1.08621
2017-03-28 04:00:00,1.08618,1.08618,1.08676,1.08656
2017-03-28 05:00:00,1.08657,1.08613,1.08719,1.08629
2017-03-28 06:00:00,1.08628,1.08477,1.08636,1.08528
2017-03-28 07:00:00,1.08529,1.08503,1.08691,1.0858
2017-03-28 08:00:00,1.08579,1.08449,1.08602,1.08582
2017-03-28 09:00:00,1.08583,1.08558,1.08643,1.08574
2017-03-28 10:00:00,1.08574,1.08521,1.08613,1.08533
2017-03-28 11:00:00,1.08532,1.08486,1.08593,1.08517
2017-03-28 12:00:00,1.08522,1.08484,1.08669,1.08587
2017-03-28 13:00:00,1.08586,1.08558,1.08702,1.08672
2017-03-28 14:00:00,1.08669,1.08572,1.08714,1.08677
2017-03-28 15:00:00,1.0868,1.08492,1.08689,1.08507
2017-03-28 16:00:00,1.08505,1.0829,1.08527,1.0833
2017-03-28 17:00:00,1.08331,1.08201,1.08386,1.08231
2017-03-28 18:00:00,1.08229,1.07982,1.08232,1.08072
2017-03-28 19:00:00,1.08073,1.0803,1.08124,1.08124
2017-03-28 20:00:00,1.08123,1.08077,1.08159,1.08128
2017-03-28 21:00:00,1.08072,1.08072,1.08139,1.08116
2017-03-28 22:00:00,1.08117,1.08117,1.08162,1.08139
2017-03-28 23:00:00,1.08134,1.08077,1.08235,1.08157
2017-03-29 00:00:00,1.08159,1.08081,1.08204,1.08169
2017-03-29 01:00:00,1.08168,1.08114,1.08197,1.08157
2017-03-29 02:00:00,1.08157,1.0814,1.08262,1.08195
2017-03-29 03:00:00,1.08195,1.08131,1.08195,1.08151
2017-03-29 04:00:00,1.08152,1.08117,1.08157,1.08144
2017-03-29 05:00:00,1.08146,1.08039,1.08146,1.08126
2017-03-29 06:00:00,1.08125,1.07854,1.08127,1.07934
2017-03-29 07:00:00,1.07935,1.07767,1.08001,1.07846
2017-03-29 08:00:00,1.07845,1.07818,1.07939,1.07877
2017-03-29 09:00:00,1.07873,1.07836,1.07923,1.07902
2017-03-29 10:00:00,1.07901,1.0786,1.07938,1.07868
2017-03-29 11:00:00,1.07868,1.07463,1.07928,1.0752
2017-03-29 12:00:00,1.0752,1.07394,1.07655,1.07628
2017-03-29 13:00:00,1.07629,1.07435,1.07634,1.07541
2017-03-29 14:00:00,1.07545,1.07454,1.07623,1.07491
2017-03-29 15:00:00,1.07492,1.07463,1.07603,1.07549
2017-03-29 16:00:00,1.0755,1.07504,1.07579,1.07512
2017-03-29 17:00:00,1.07512,1.07503,1.07651,1.07547
2017-03-29 18:00:00,1.07545,1.07485,1.07579,1.07575
2017-03-29 19:00:00,1.0757,1.07562,1.0773,1.07708
2017-03-29 20:00:00,1.07707,1.07604,1.07716,1.07644
2017-03-29 21:00:00,1.07634,1.07619,1.0769,1.07648
2017-03-29 22:00:00,1.07649,1.07621,1.07678,1.07644
2017-03-29 23:00:00,1.07643,1.07569,1.07643,1.07574
2017-03-30 00:00:00,1.07575,1.07493,1.0759,1.07511
2017-03-30 01:00:00,1.07512,1.07493,1.0757,1.07519
2017-03-30 02:00:00,1.07518,1.07405,1.07534,1.07455
2017-03-30 03:00:00,1.07455,1.07441,1.07517,1.07512
2017-03-30 04:00:00,1.07514,1.07501,1.07542,1.07527
2017-03-30 05:00:00,1.07528,1.07497,1.07558,1.07546
2017-03-30 06:00:00,1.07546,1.07522,1.07677,1.07613
2017-03-30 07:00:00,1.07614,1.07344,1.07629,1.07362
2017-03-30 08:00:00,1.07363,1.07298,1.07404,1.07326
2017-03-30 09:00:00,1.07327,1.07297,1.07419,1.0737
2017-03-30 10:00:00,1.07369,1.07322,1.07439,1.07395
2017-03-30 11:00:00,1.07394,1.07361,1.07468,1.07362
2017-03-30 12:00:00,1.07364,1.072,1.07441,1.07211
2017-03-30 13:00:00,1.07215,1.07211,1.0753,1.07337
2017-03-30 14:00:00,1.07338,1.0726,1.07387,1.07332
2017-03-30 15:00:00,1.07334,1.07227,1.07379,1.07257
2017-03-30 16:00:00,1.07257,1.07017,1.07273,1.07036
2017-03-30 17:00:00,1.07035,1.06845,1.07036,1.06926
2017-03-30 18:00:00,1.06927,1.06837,1.06936,1.06895
2017-03-30 19:00:00,1.06893,1.06794,1.06903,1.06796
2017-03-30 20:00:00,1.06797,1.06711,1.06839,1.06729
2017-03-30 21:00:00,1.06748,1.06704,1.06829,1.06806
2017-03-30 22:00:00,1.06803,1.06783,1.06848,1.06837
2017-03-30 23:00:00,1.06839,1.06829,1.06877,1.06873
2017-03-31 00:00:00,1.06871,1.06742,1.0688,1.06816
2017-03-31 01:00:00,1.06817,1.06781,1.06846,1.06805
2017-03-31 02:00:00,1.06803,1.06769,1.06827,1.06792
2017-03-31 03:00:00,1.06793,1.06737,1.0682,1.06751
2017-04-02 21:00:00,1.06581,1.06553,1.06639,1.06565
2017-04-02 22:00:00,1.0657,1.06546,1.06711,1.06703
2017-04-02 23:00:00,1.06701,1.06666,1.06734,1.06683
2017-04-03 00:00:00,1.06684,1.06663,1.06779,1.0672
2017-04-03 01:00:00,1.06721,1.0672,1.06781,1.06756
2017-04-03 02:00:00,1.06755,1.0675,1.06804,1.0678
2017-04-03 03:00:00,1.06779,1.06771,1.06801,1.06783
2017-04-03 04:00:00,1.06784,1.06758,1.06801,1.06788
2017-04-03 05:00:00,1.06787,1.06762,1.06806,1.06778
2017-04-03 06:00:00,1.06777,1.06627,1.06777,1.06694
2017-04-03 07:00:00,1.06695,1.0658,1.06749,1.06657
2017-04-03 08:00:00,1.06656,1.06647,1.06738,1.06707
2017-04-03 09:00:00,1.06708,1.06589,1.06725,1.0662
2017-04-03 10:00:00,1.06619,1.06523,1.06643,1.06548
2017-04-03 11:00:00,1.06547,1.06493,1.06594,1.06552
2017-04-03 12:00:00,1.06547,1.06531,1.06692,1.06619
2017-04-03 13:00:00,1.06618,1.06565,1.06663,1.06622
2017-04-03 14:00:00,1.06621,1.06505,1.06794,1.06536
2017-04-03 15:00:00,1.06536,1.06417,1.0657,1.06542
2017-04-03 16:00:00,1.06543,1.06535,1.06648,1.06603
2017-04-03 17:00:00,1.06602,1.06588,1.06705,1.06674
2017-04-03 18:00:00,1.06674,1.06622,1.06722,1.06661
2017-04-03 19:00:00,1.0666,1.06617,1.0672,1.06717
2017-04-03 20:00:00,1.06717,1.0668,1.06758,1.06693
2017-04-03 21:00:00,1.06681,1.06657,1.06697,1.06667
2017-04-03 22:00:00,1.06666,1.06599,1.06697,1.06661
2017-04-03 23:00:00,1.0666,1.06647,1.06699,1.06691
2017-04-04 00:00:00,1.06694,1.06663,1.06732,1.06688
2017-04-04 01:00:00,1.06686,1.0664,1.06713,1.06684
2017-04-04 02:00:00,1.06685,1.0663,1.06715,1.06631
2017-04-04 03:00:00,1.06632,1.06623,1.06692,1.06674
2017-04-04 04:00:00,1.06676,1.06657,1.06709,1.06704
2017-04-04 05:00:00,1.067,1.06633,1.06739,1.0664
2017-04-04 06:00:00,1.06639,1.06514,1.06642,1.06572
2017-04-04 07:00:00,1.06573,1.0644,1.06596,1.06503
2017-04-04 08:00:00,1.06503,1.06495,1.06613,1.06602
2017-04-04 09:00:00,1.06601,1.06493,1.06627,1.06557
2017-04-04 10:00:00,1.06556,1.06349,1.06595,1.06416
2017-04-04 11:00:00,1.06413,1.06412,1.06532,1.06472
2017-04-04 12:00:00,1.06471,1.06464,1.06583,1.06548
2017-04-04 13:00:00,1.06549,1.06463,1.06596,1.06509
2017-04-04 14:00:00,1.06508,1.06474,1.06643,1.06633
2017-04-04 15:00:00,1.06628,1.06584,1.06673,1.06626
2017-04-04 16:00:00,1.06626,1.06574,1.0668,1.06602
2017-04-04 17:00:00,1.06602,1.06476,1.06631,1.06597
2017-04-04 18:00:00,1.06597,1.06567,1.06682,1.06671
2017-04-04 19:00:00,1.06673,1.06656,1.06727,1.06663
2017-04-04 20:00:00,1.06662,1.06648,1.06768,1.06734
2017-04-04 21:00:00,1.06671,1.06671,1.0682,1.06783
2017-04-04 22:00:00,1.06785,1.06762,1.06846,1.06783
2017-04-04 23:00:00,1.06786,1.06755,1.06811,1.06774
2017-04-05 00:00:00,1.06775,1.06774,1.06827,1.06791
2017-04-05 01:00:00,1.0679,1.06776,1.06814,1.06788
2017-04-05 02:00:00,1.06789,1.06762,1.06801,1.06769
2017-04-05 03:00:00,1.06767,1.06745,1.06782,1.06766
2017-04-05 04:00:00,1.06768,1.06709,1.06774,1.06734
2017-04-05 05:00:00,1.06733,1.06714,1.06761,1.06725
2017-04-05 06:00:00,1.06725,1.06674,1.06783,1.06783
2017-04-05 07:00:00,1.06782,1.06737,1.06887,1.06747
2017-04-05 08:00:00,1.06748,1.06692,1.06796,1.06736
2017-04-05 09:00:00,1.06737,1.06615,1.06739,1.06681
2017-04-05 10:00:00,1.06678,1.06645,1.06711,1.06698
2017-04-05 11:00:00,1.06695,1.06639,1.06858,1.06801
2017-04-05 12:00:00,1.06803,1.06536,1.06812,1.0666
2017-04-05 13:00:00,1.06657,1.06569,1.06692,1.06627
2017-04-05 14:00:00,1.06625,1.06561,1.06736,1.06611
2017-04-05 15:00:00,1.06609,1.06512,1.06694,1.06597
2017-04-05 16:00:00,1.06598,1.06443,1.066,1.06466
2017-04-05 17:00:00,1.06466,1.06448,1.06519,1.06485
2017-04-05 18:00:00,1.06484,1.06337,1.06691,1.06665
2017-04-05 19:00:00,1.06664,1.06651,1.06787,1.06775
2017-04-05 20:00:00,1.06774,1.06611,1.06811,1.06626
2017-04-05 21:00:00,1.06623,1.06603,1.06698,1.06659
2017-04-05 22:00:00,1.06658,1.06606,1.06723,1.06684
2017-04-05 23:00:00,1.06679,1.0666,1.06736,1.06715
2017-04-06 00:00:00,1.06714,1.06708,1.06836,1.0676
2017-04-06 01:00:00,1.06759,1.06735,1.06801,1.06767
2017-04-06 02:00:00,1.06765,1.06728,1.06798,1.06734
2017-04-06 03:00:00,1.06736,1.06698,1.06755,1.06749
2017-04-06 04:00:00,1.06747,1.06708,1.0675,1.06743
2017-04-06 05:00:00,1.06745,1.06709,1.06752,1.06724
2017-04-06 06:00:00,1.06722,1.06691,1.06802,1.06764
2017-04-06 07:00:00,1.06762,1.06282,1.06785,1.06457
2017-04-06 08:00:00,1.06455,1.06427,1.0659,1.06576
2017-04-06 09:00:00,1.06574,1.06561,1.06704,1.06667
2017-04-06 10:00:00,1.06668,1.06601,1.06685,1.06632
2017-04-06 11:00:00,1.06631,1.06533,1.06753,1.0659
2017-04-06 12:00:00,1.0659,1.06547,1.06684,1.06599
2017-04-06 13:00:00,1.06598,1.06525,1.06624,1.06542
2017-04-06 14:00:00,1.06541,1.06538,1.06649,1.0658
2017-04-06 15:00:00,1.06579,1.06451,1.06585,1.06496
2017-04-06 16:00:00,1.06496,1.06463,1.06561,1.06489
2017-04-06 17:00:00,1.06491,1.06374,1.0656,1.06451
2017-04-06 18:00:00,1.0645,1.06408,1.06494,1.06461
2017-04-06 19:00:00,1.0646,1.0641,1.06478,1.06412
2017-04-06 20:00:00,1.06411,1.06393,1.06434,1.0643
2017-04-06 21:00:00,1.0642,1.06396,1.06459,1.06415
2017-04-06 22:00:00,1.06414,1.06401,1.06433,1.06424
2017-04-06 23:00:00,1.06423,1.0641,1.06452,1.06433
2017-04-07 00:00:00,1.06435,1.0641,1.06474,1.06436
2017-04-07 01:00:00,1.06433,1.06369,1.06546,1.06526
2017-04-07 02:00:00,1.06528,1.0642,1.066,1.0644
2017-04-07 03:00:00,1.0644,1.06412,1.06458,1.06424
2017-04-07 04:00:00,1.06425,1.06412,1.0648,1.06471
2017-04-07 05:00:00,1.06474,1.06424,1.06528,1.06518
2017-04-07 06:00:00,1.06517,1.06452,1.06537,1.06463
2017-04-07 07:00:00,1.06463,1.06313,1.06488,1.06355
2017-04-07 08:00:00,1.06356,1.06285,1.0641,1.06314
2017-04-07 09:00:00,1.06314,1.06297,1.06399,1.06374
2017-04-07 10:00:00,1.06372,1.0629,1.06386,1.06292
2017-04-07 11:00:00,1.06295,1.06226,1.06322,1.06227
2017-04-07 12:00:00,1.0623,1.06098,1.06636,1.06198
2017-04-07 13:00:00,1.06199,1.0613,1.06332,1.06294
2017-04-07 14:00:00,1.06295,1.0612,1.06328,1.06165
2017-04-07 15:00:00,1.06166,1.06106,1.06208,1.06139
2017-04-07 16:00:00,1.06139,1.05937,1.06179,1.05984
2017-04-07 17:00:00,1.05983,1.05809,1.05994,1.05842
2017-04-07 18:00:00,1.05845,1.05801,1.05894,1.05886
2017-04-07 19:00:00,1.05887,1.05864,1.05962,1.05934
2017-04-07 20:00:00,1.05935,1.0586,1.06017,1.05872
2017-04-09 21:00:00,1.0585,1.05808,1.05878,1.05827
2017-04-09 22:00:00,1.05826,1.05773,1.0585,1.05777
2017-04-09 23:00:00,1.0578,1.05722,1.05819,1.05801
2017-04-10 00:00:00,1.05802,1.05755,1.0583,1.05765
2017-04-10 01:00:00,1.05766,1.05755,1.05852,1.05781
2017-04-10 02:00:00,1.05781,1.05695,1.05785,1.05754
2017-04-10 03:00:00,1.05749,1.05746,1.05827,1.05817
2017-04-10 04:00:00,1.05816,1.05789,1.05868,1.0585
2017-04-10 05:00:00,1.05852,1.05832,1.0593,1.05929
2017-04-10 06:00:00,1.05929,1.05804,1.05935,1.05821
2017-04-10 07:00:00,1.05823,1.05803,1.05871,1.05863
2017-04-10 08:00:00,1.05866,1.05769,1.05891,1.05858
2017-04-10 09:00:00,1.05859,1.05768,1.05884,1.05787
2017-04-10 10:00:00,1.05788,1.05744,1.05803,1.05781
2017-04-10 11:00:00,1.05782,1.05691,1.05837,1.05749
2017-04-10 12:00:00,1.05748,1.05723,1.05814,1.0575
2017-04-10 13:00:00,1.05752,1.05751,1.05967,1.05963
2017-04-10 14:00:00,1.05963,1.05898,1.06034,1.0598
2017-04-10 15:00:00,1.05981,1.05956,1.06063,1.06041
2017-04-10 16:00:00,1.06039,1.05974,1.06058,1.05997
2017-04-10 17:00:00,1.05998,1.05958,1.06011,1.05984
2017-04-10 18:00:00,1.05984,1.05935,1.06053,1.05937
2017-04-10 19:00:00,1.05938,1.05909,1.05958,1.05921
2017-04-10 20:00:00,1.0592,1.05857,1.05966,1.05949
2017-04-10 21:00:00,1.05932,1.0591,1.05972,1.05917
2017-04-10 22:00:00,1.0592,1.05899,1.0598,1.0597
2017-04-10 23:00:00,1.0597,1.05949,1.06,1.05967
2017-04-11 00:00:00,1.05966,1.05894,1.06016,1.0591
2017-04-11 01:00:00,1.05911,1.05848,1.05918,1.05863
2017-04-11 02:00:00,1.05862,1.05803,1.05874,1.05849
2017-04-11 03:00:00,1.05847,1.05832,1.05889,1.05836
2017-04-11 04:00:00,1.05837,1.05824,1.05898,1.05878
2017-04-11 05:00:00,1.05879,1.05833,1.05891,1.05852
2017-04-11 06:00:00,1.05851,1.05807,1.05906,1.05892
2017-04-11 07:00:00,1.05891,1.0578,1.05947,1.05897
2017-04-11 08:00:00,1.05895,1.05892,1.06047,1.06003
2017-04-11 09:00:00,1.06001,1.05984,1.06094,1.06065
2017-04-11 10:00:00,1.06067,1.06049,1.06194,1.06113
2017-04-11 11:00:00,1.06115,1.06081,1.06169,1.06167
2017-04-11 12:00:00,1.06165,1.06072,1.06182,1.06116
2017-04-11 13:00:00,1.06121,1.0608,1.06145,1.06105
2017-04-11 14:00:00,1.06104,1.061,1.06292,1.06276
2017-04-11 15:00:00,1.06279,1.06122,1.06295,1.0613
2017-04-11 16:00:00,1.0613,1.06046,1.06143,1.06089
2017-04-11 17:00:00,1.06089,1.05998,1.06104,1.06035
2017-04-11 18:00:00,1.06034,1.0602,1.0608,1.06074
2017-04-11 19:00:00,1.06074,1.06041,1.06075,1.06048
2017-04-11 20:00:00,1.06047,1.06029,1.06068,1.06035
2017-04-11 21:00:00,1.06039,1.06014,1.0607,1.06047
2017-04-11 22:00:00,1.06042,1.05999,1.06072,1.06043
2017-04-11 23:00:00,1.06043,1.06032,1.06107,1.06097
2017-04-12 00:00:00,1.06096,1.06041,1.06112,1.06077
2017-04-12 01:00:00,1.06073,1.06043,1.06146,1.06099
2017-04-12 02:00:00,1.061,1.05957,1.06103,1.05997
2017-04-12 03:00:00,1.05996,1.05943,1.06018,1.06014
2017-04-12 04:00:00,1.06013,1.05998,1.06038,1.06036
2017-04-12 05:00:00,1.06035,1.0602,1.06116,1.06104
2017-04-12 06:00:00,1.06102,1.06072,1.06182,1.06146
2017-04-12 07:00:00,1.06148,1.06133,1.06219,1.06187
2017-04-12 08:00:00,1.06187,1.06135,1.06202,1.06182
2017-04-12 09:00:00,1.0618,1.06041,1.06236,1.06047
2017-04-12 10:00:00,1.0605,1.05989,1.06072,1.06016
2017-04-12 11:00:00,1.06017,1.05966,1.06039,1.06013
2017-04-12 12:00:00,1.06012,1.05964,1.06056,1.05996
2017-04-12 13:00:00,1.05997,1.05996,1.06134,1.06094
2017-04-12 14:00:00,1.06095,1.06058,1.06207,1.0618
2017-04-12 15:00:00,1.06181,1.06096,1.06215,1.06101
2017-04-12 16:00:00,1.06102,1.0601,1.06109,1.0602
2017-04-12 17:00:00,1.06019,1.05883,1.06057,1.05926
2017-04-12 18:00:00,1.05927,1.05923,1.06009,1.05952
2017-04-12 19:00:00,1.05953,1.05952,1.06721,1.06579
2017-04-12 20:00:00,1.0658,1.06568,1.06743,1.06641
2017-04-12 21:00:00,1.06603,1.0659,1.06728,1.06668
2017-04-12 22:00:00,1.06668,1.06593,1.06678,1.06659
2017-04-12 23:00:00,1.06663,1.06623,1.06714,1.06693
2017-04-13 00:00:00,1.06692,1.06599,1.06709,1.06649
2017-04-13 01:00:00,1.06648,1.06594,1.06693,1.06683
2017-04-13 02:00:00,1.06679,1.06657,1.06769,1.06728
2017-04-13 03:00:00,1.06728,1.06686,1.06735,1.06716
2017-04-13 04:00:00,1.06716,1.06686,1.06735,1.06727
2017-04-13 05:00:00,1.06724,1.06628,1.06726,1.06685
2017-04-13 06:00:00,1.06687,1.06509,1.0677,1.06512
2017-04-13 07:00:00,1.06514,1.06415,1.0658,1.0644
2017-04-13 08:00:00,1.06439,1.06379,1.06505,1.06417
2017-04-13 09:00:00,1.06416,1.06378,1.06472,1.0642
2017-04-13 10:00:00,1.06421,1.06337,1.06441,1.06376
2017-04-13 11:00:00,1.06375,1.06225,1.06407,1.06236
2017-04-13 12:00:00,1.06238,1.06219,1.06303,1.06272
2017-04-13 13:00:00,1.06271,1.061,1.06353,1.06172
2017-04-13 14:00:00,1.06175,1.06084,1.06295,1.06239
2017-04-13 15:00:00,1.06238,1.06206,1.06338,1.06293
2017-04-13 16:00:00,1.06296,1.06211,1.06306,1.06214
2017-04-13 17:00:00,1.06213,1.06146,1.06263,1.06171
2017-04-13 18:00:00,1.0617,1.06138,1.06179,1.0614
2017-04-13 19:00:00,1.06139,1.06115,1.062,1.06179
2017-04-13 20:00:00,1.06178,1.0611,1.06188,1.06123
2017-04-13 21:00:00,1.06157,1.06097,1.06187,1.0615
2017-04-13 22:00:00,1.06132,1.06122,1.06165,1.06157
2017-04-13 23:00:00,1.06154,1.06118,1.06159,1.06143
2017-04-14 00:00:00,1.06141,1.06084,1.06173,1.06122
2017-04-14 01:00:00,1.06121,1.06103,1.06208,1.06194
2017-04-14 02:00:00,1.06193,1.06123,1.0623,1.0614
2017-04-14 03:00:00,1.06141,1.06078,1.06176,1.0612
2017-04-14 04:00:00,1.06118,1.06082,1.06162,1.06148
2017-04-14 05:00:00,1.06143,1.0602,1.0618,1.06108
2017-04-14 06:00:00,1.06108,1.06053,1.06173,1.06153
2017-04-14 07:00:00,1.06156,1.06128,1.06208,1.06191
2017-04-14 08:00:00,1.06192,1.06188,1.06262,1.06219
2017-04-14 09:00:00,1.0622,1.06191,1.06238,1.06211
2017-04-14 10:00:00,1.06208,1.0619,1.06234,1.0622
2017-04-14 11:00:00,1.06219,1.0615,1.06245,1.06162
2017-04-14 12:00:00,1.06163,1.06068,1.06288,1.06287
2017-04-14 13:00:00,1.06284,1.06177,1.06292,1.06209
2017-04-14 14:00:00,1.06211,1.06206,1.06253,1.06249
2017-04-14 15:00:00,1.06249,1.06208,1.06279,1.06215
2017-04-14 16:00:00,1.06219,1.06137,1.0627,1.06166
2017-04-14 17:00:00,1.06166,1.06128,1.06206,1.06168
2017-04-14 18:00:00,1.0616,1.06113,1.06171,1.06129
2017-04-14 19:00:00,1.06127,1.06098,1.06127,1.06106
2017-04-14 20:00:00,1.0611,1.06055,1.06122,1.06089
2017-04-16 21:00:00,1.06125,1.06037,1.06146,1.06078
2017-04-16 22:00:00,1.06078,1.06015,1.06105,1.0604
2017-04-16 23:00:00,1.06041,1.06039,1.06112,1.06092
2017-04-17 00:00:00,1.06093,1.06082,1.06217,1.06195
2017-04-17 01:00:00,1.06194,1.06154,1.06225,1.06198
2017-04-17 02:00:00,1.06197,1.06197,1.06255,1.06222
2017-04-17 03:00:00,1.0622,1.06165,1.06224,1.06172
2017-04-17 04:00:00,1.06173,1.06162,1.06189,1.06182
2017-04-17 05:00:00,1.06183,1.06145,1.06191,1.06167
2017-04-17 06:00:00,1.06168,1.06141,1.06267,1.06241
2017-04-17 07:00:00,1.0624,1.0623,1.06508,1.06375
2017-04-17 08:00:00,1.06376,1.0624,1.06418,1.06249
2017-04-17 09:00:00,1.06245,1.06182,1.06278,1.06244
2017-04-17 10:00:00,1.06246,1.06242,1.06322,1.06296
2017-04-17 11:00:00,1.06297,1.06296,1.06425,1.06406
2017-04-17 12:00:00,1.06405,1.06403,1.06483,1.06446
2017-04-17 13:00:00,1.06444,1.06419,1.06573,1.06542
2017-04-17 14:00:00,1.06546,1.06542,1.0666,1.06627
2017-04-17 15:00:00,1.06627,1.06551,1.06698,1.06599
2017-04-17 16:00:00,1.06598,1.06512,1.06598,1.06531
2017-04-17 17:00:00,1.06532,1.06503,1.0655,1.06541
2017-04-17 18:00:00,1.06542,1.06408,1.0657,1.06418
2017-04-17 19:00:00,1.06417,1.06343,1.06433,1.06386
2017-04-17 20:00:00,1.06387,1.06381,1.06451,1.06406
2017-04-17 21:00:00,1.06397,1.06342,1.06495,1.06438
2017-04-17 22:00:00,1.06439,1.06371,1.06457,1.06406
2017-04-17 23:00:00,1.06407,1.06372,1.06446,1.06429
2017-04-18 00:00:00,1.06428,1.06364,1.06434,1.06433
2017-04-18 01:00:00,1.06434,1.06408,1.06518,1.06517
2017-04-18 02:00:00,1.06513,1.06469,1.06524,1.06507
2017-04-18 03:00:00,1.06502,1.0646,1.06522,1.06466
2017-04-18 04:00:00,1.06463,1.0643,1.06485,1.0643
2017-04-18 05:00:00,1.06433,1.0641,1.06495,1.0647
2017-04-18 06:00:00,1.06469,1.06418,1.06514,1.0649
2017-04-18 07:00:00,1.06489,1.06403,1.06553,1.06499
2017-04-18 08:00:00,1.065,1.06453,1.06532,1.06501
2017-04-18 09:00:00,1.06501,1.06471,1.06594,1.06564
2017-04-18 10:00:00,1.06562,1.06481,1.06658,1.06634
2017-04-18 11:00:00,1.06634,1.06633,1.0684,1.06774
2017-04-18 12:00:00,1.06772,1.06764,1.06997,1.06961
2017-04-18 13:00:00,1.06959,1.06823,1.06959,1.06843
2017-04-18 14:00:00,1.06844,1.06831,1.06993,1.06982
2017-04-18 15:00:00,1.06979,1.06954,1.07082,1.07052
2017-04-18 16:00:00,1.0705,1.06957,1.07078,1.07071
2017-04-18 17:00:00,1.0707,1.07017,1.0732,1.0722
2017-04-18 18:00:00,1.07219,1.07159,1.07319,1.073
2017-04-18 19:00:00,1.07301,1.07279,1.07356,1.07336
2017-04-18 20:00:00,1.07335,1.07287,1.07344,1.07297
2017-04-18 21:00:00,1.07293,1.07228,1.07311,1.07291
2017-04-18 22:00:00,1.07295,1.07277,1.07312,1.07291
2017-04-18 23:00:00,1.07293,1.07266,1.07349,1.07266
2017-04-19 00:00:00,1.07269,1.07249,1.0732,1.07255
2017-04-19 01:00:00,1.07255,1.07216,1.07278,1.07216
2017-04-19 02:00:00,1.07217,1.07171,1.07247,1.07199
2017-04-19 03:00:00,1.07198,1.07168,1.07213,1.07189
2017-04-19 04:00:00,1.07189,1.07161,1.072,1.0718
2017-04-19 05:00:00,1.07182,1.0715,1.07233,1.07177
2017-04-19 06:00:00,1.07177,1.07119,1.07262,1.07234
2017-04-19 07:00:00,1.07234,1.07181,1.07366,1.07304
2017-04-19 08:00:00,1.07302,1.07133,1.07305,1.07149
2017-04-19 09:00:00,1.07149,1.07074,1.07216,1.07212
2017-04-19 10:00:00,1.07213,1.07207,1.07288,1.07258
2017-04-19 11:00:00,1.07257,1.07163,1.07296,1.07183
2017-04-19 12:00:00,1.07186,1.07184,1.07279,1.07193
2017-04-19 13:00:00,1.07196,1.07034,1.07227,1.07048
2017-04-19 14:00:00,1.07048,1.0704,1.07197,1.07124
2017-04-19 15:00:00,1.07124,1.06993,1.07181,1.07059
2017-04-19 16:00:00,1.0706,1.07041,1.07144,1.07095
2017-04-19 17:00:00,1.07097,1.07089,1.07137,1.07112
2017-04-19 18:00:00,1.07111,1.0711,1.07226,1.07198
2017-04-19 19:00:00,1.07194,1.0709,1.07208,1.07157
2017-04-19 20:00:00,1.07156,1.07071,1.07162,1.07094
2017-04-19 21:00:00,1.07069,1.07057,1.07131,1.07103
2017-04-19 22:00:00,1.07101,1.07083,1.07165,1.0715
2017-04-19 23:00:00,1.07155,1.07111,1.07162,1.07141
2017-04-20 00:00:00,1.0714,1.07127,1.07183,1.0716
2017-04-20 01:00:00,1.07159,1.0709,1.07172,1.071
2017-04-20 02:00:00,1.07099,1.07096,1.0716,1.07148
2017-04-20 03:00:00,1.07147,1.07127,1.07211,1.072
2017-04-20 04:00:00,1.072,1.07175,1.0727,1.07265
2017-04-20 05:00:00,1.07263,1.07238,1.07274,1.07259
2017-04-20 06:00:00,1.07259,1.07203,1.0747,1.0741
2017-04-20 07:00:00,1.0741,1.07361,1.07493,1.07479
2017-04-20 08:00:00,1.0748,1.07473,1.07752,1.0769
2017-04-20 09:00:00,1.07691,1.07613,1.07768,1.07627
2017-04-20 10:00:00,1.07623,1.0753,1.07644,1.07545
2017-04-20 11:00:00,1.07547,1.07418,1.07548,1.07463
2017-04-20 12:00:00,1.07459,1.07401,1.07515,1.075
2017-04-20 13:00:00,1.075,1.0747,1.07691,1.07653
2017-04-20 14:00:00,1.07652,1.07511,1.07701,1.0765
2017-04-20 15:00:00,1.07651,1.07539,1.07765,1.0757
2017-04-20 16:00:00,1.07568,1.07418,1.07597,1.07452
2017-04-20 17:00:00,1.07451,1.07147,1.07471,1.07179
2017-04-20 18:00:00,1.07178,1.07156,1.07231,1.07206
2017-04-20 19:00:00,1.07207,1.07144,1.07271,1.07179
2017-04-20 20:00:00,1.07178,1.0714,1.07204,1.07158
2017-04-20 21:00:00,1.07151,1.07135,1.07181,1.07153
2017-04-20 22:00:00,1.07152,1.07062,1.0716,1.07143
2017-04-20 23:00:00,1.07137,1.07108,1.07156,1.07132
2017-04-21 00:00:00,1.0713,1.07117,1.07204,1.07175
2017-04-21 01:00:00,1.07174,1.07158,1.07195,1.07173
2017-04-21 02:00:00,1.07172,1.07123,1.07173,1.07134
2017-04-21 03:00:00,1.07135,1.07134,1.07194,1.07164
2017-04-21 04:00:00,1.0716,1.07158,1.07186,1.0716
2017-04-21 05:00:00,1.07158,1.07142,1.07183,1.07144
2017-04-21 06:00:00,1.07143,1.07096,1.07277,1.07263
2017-04-21 07:00:00,1.07266,1.07167,1.07373,1.07206
2017-04-21 08:00:00,1.07208,1.07159,1.07261,1.0718
2017-04-21 09:00:00,1.07182,1.06954,1.07196,1.07047
2017-04-21 10:00:00,1.07049,1.06875,1.07065,1.07004
2017-04-21 11:00:00,1.07004,1.06904,1.07044,1.06908
2017-04-21 12:00:00,1.06907,1.06894,1.07037,1.07002
2017-04-21 13:00:00,1.07003,1.06953,1.07104,1.06968
2017-04-21 14:00:00,1.06974,1.06852,1.07048,1.06873
2017-04-21 15:00:00,1.06874,1.06859,1.07002,1.06934
2017-04-21 16:00:00,1.06935,1.06818,1.06948,1.06919
2017-04-21 17:00:00,1.06922,1.0691,1.07094,1.06986
2017-04-21 18:00:00,1.06986,1.06866,1.06998,1.06945
2017-04-21 19:00:00,1.06946,1.06913,1.07048,1.07023
2017-04-21 20:00:00,1.07022,1.0698,1.07288,1.07216
2017-04-23 21:00:00,1.0888,1.08785,1.09032,1.08967
2017-04-23 22:00:00,1.08966,1.08692,1.08981,1.08833
2017-04-23 23:00:00,1.08832,1.0864,1.08893,1.08728
2017-04-24 00:00:00,1.0873,1.08371,1.08761,1.08497
2017-04-24 01:00:00,1.08498,1.08359,1.08548,1.08398
2017-04-24 02:00:00,1.08399,1.08201,1.08399,1.08374
2017-04-24 03:00:00,1.08376,1.08339,1.08507,1.08436
2017-04-24 04:00:00,1.08434,1.08411,1.08598,1.08581
2017-04-24 05:00:00,1.08579,1.08447,1.08768,1.08674
2017-04-24 06:00:00,1.08675,1.08312,1.08688,1.08425
2017-04-24 07:00:00,1.08422,1.08324,1.08659,1.08543
2017-04-24 08:00:00,1.08543,1.08485,1.08746,1.08577
2017-04-24 09:00:00,1.08578,1.08544,1.08765,1.08702
2017-04-24 10:00:00,1.08701,1.0851,1.08718,1.08577
2017-04-24 11:00:00,1.08578,1.08409,1.08627,1.08415
2017-04-24 12:00:00,1.08415,1.08413,1.08647,1.08567
2017-04-24 13:00:00,1.08567,1.08563,1.08731,1.08649
2017-04-24 14:00:00,1.08648,1.08545,1.08699,1.08597
2017-04-24 15:00:00,1.08598,1.08469,1.08677,1.08475
2017-04-24 16:00:00,1.08474,1.08348,1.08535,1.08408
2017-04-24 17:00:00,1.08407,1.08405,1.08494,1.08478
2017-04-24 18:00:00,1.08476,1.08455,1.08585,1.08578
2017-04-24 19:00:00,1.08577,1.08544,1.0869,1.08676
2017-04-24 20:00:00,1.08675,1.08641,1.08695,1.08658
2017-04-24 21:00:00,1.08673,1.08615,1.08681,1.08633
2017-04-24 22:00:00,1.08639,1.08635,1.08684,1.08669
2017-04-24 23:00:00,1.08668,1.08625,1.08668,1.08644
2017-04-25 00:00:00,1.08645,1.08617,1.087,1.08618
2017-04-25 01:00:00,1.0862,1.08533,1.08644,1.08543
2017-04-25 02:00:00,1.08546,1.08508,1.08614,1.08614
2017-04-25 03:00:00,1.08612,1.08594,1.08631,1.08595
2017-04-25 04:00:00,1.08594,1.08564,1.08652,1.08628
2017-04-25 05:00:00,1.08626,1.08624,1.08714,1.08645
2017-04-25 06:00:00,1.08647,1.08627,1.08875,1.0882
2017-04-25 07:00:00,1.08818,1.08741,1.08929,1.0885
2017-04-25 08:00:00,1.08851,1.08832,1.08936,1.08918
2017-04-25 09:00:00,1.08917,1.08815,1.08982,1.08824
2017-04-25 10:00:00,1.08826,1.08703,1.08841,1.08784
2017-04-25 11:00:00,1.08783,1.08762,1.08876,1.08874
2017-04-25 12:00:00,1.08872,1.08859,1.08956,1.08884
2017-04-25 13:00:00,1.08882,1.0879,1.09,1.08983
2017-04-25 14:00:00,1.08979,1.08894,1.09321,1.09275
2017-04-25 15:00:00,1.09276,1.09189,1.09407,1.09403
2017-04-25 16:00:00,1.09403,1.09379,1.09495,1.09486
2017-04-25 17:00:00,1.09487,1.09327,1.09494,1.09348
2017-04-25 18:00:00,1.09349,1.09301,1.09405,1.09372
2017-04-25 19:00:00,1.09371,1.0925,1.09375,1.09369
2017-04-25 20:00:00,1.09368,1.09247,1.09369,1.09254
2017-04-25 21:00:00,1.09276,1.0923,1.09299,1.09271
2017-04-25 22:00:00,1.09265,1.09263,1.09306,1.09291
2017-04-25 23:00:00,1.09291,1.09229,1.093,1.09271
2017-04-26 00:00:00,1.09273,1.09267,1.09445,1.09373
2017-04-26 01:00:00,1.09371,1.09303,1.094,1.09369
2017-04-26 02:00:00,1.09371,1.09328,1.094,1.09384
2017-04-26 03:00:00,1.09383,1.09348,1.09394,1.0936
2017-04-26 04:00:00,1.0936,1.09355,1.09469,1.09398
2017-04-26 05:00:00,1.09399,1.09399,1.09493,1.09455
2017-04-26 06:00:00,1.09453,1.09214,1.09503,1.09244
2017-04-26 07:00:00,1.09242,1.09043,1.09319,1.09132
2017-04-26 08:00:00,1.09131,1.08952,1.09178,1.09022
2017-04-26 09:00:00,1.09023,1.08916,1.0907,1.09001
2017-04-26 10:00:00,1.09001,1.08817,1.09001,1.08919
2017-04-26 11:00:00,1.0892,1.0891,1.08977,1.0893
2017-04-26 12:00:00,1.08932,1.08806,1.08969,1.08864
2017-04-26 13:00:00,1.08866,1.08731,1.08903,1.08892
2017-04-26 14:00:00,1.08892,1.08755,1.08946,1.08757
2017-04-26 15:00:00,1.08756,1.0855,1.08837,1.08717
2017-04-26 16:00:00,1.08718,1.08661,1.08783,1.08749
2017-04-26 17:00:00,1.0875,1.08606,1.08976,1.08976
2017-04-26 18:00:00,1.08978,1.08878,1.09116,1.0897
2017-04-26 19:00:00,1.08968,1.08921,1.09099,1.09065
2017-04-26 20:00:00,1.09066,1.09024,1.09088,1.09028
2017-04-26 21:00:00,1.09025,1.08961,1.09046,1.09036
2017-04-26 22:00:00,1.09032,1.08997,1.09081,1.09078
2017-04-26 23:00:00,1.09079,1.09058,1.09093,1.09078
2017-04-27 00:00:00,1.09076,1.09058,1.09152,1.09061
2017-04-27 01:00:00,1.09061,1.09035,1.09101,1.09088
2017-04-27 02:00:00,1.09087,1.09087,1.09204,1.09098
2017-04-27 03:00:00,1.09099,1.09078,1.09154,1.09081
2017-04-27 04:00:00,1.09082,1.09028,1.09091,1.09046
2017-04-27 05:00:00,1.09045,1.08991,1.09071,1.08995
2017-04-27 06:00:00,1.08997,1.08955,1.09067,1.0906
2017-04-27 07:00:00,1.09062,1.09019,1.09178,1.09048
2017-04-27 08:00:00,1.09048,1.09029,1.09195,1.09068
2017-04-27 09:00:00,1.09065,1.08913,1.09091,1.08957
2017-04-27 10:00:00,1.08956,1.08946,1.0907,1.08976
2017-04-27 11:00:00,1.08978,1.08793,1.09012,1.08861
2017-04-27 12:00:00,1.0886,1.08796,1.09322,1.08948
2017-04-27 13:00:00,1.0895,1.08521,1.0896,1.08615
2017-04-27 14:00:00,1.08614,1.08511,1.08717,1.08643
2017-04-27 15:00:00,1.08644,1.08602,1.08717,1.08631
2017-04-27 16:00:00,1.08629,1.08575,1.08794,1.08751
2017-04-27 17:00:00,1.0875,1.08734,1.08865,1.08806
2017-04-27 18:00:00,1.08807,1.0877,1.08847,1.08807
2017-04-27 19:00:00,1.08809,1.08715,1.0884,1.08743
2017-04-27 20:00:00,1.08742,1.08694,1.08794,1.08712
2017-04-27 21:00:00,1.08707,1.08689,1.08742,1.08725
2017-04-27 22:00:00,1.08722,1.08688,1.0875,1.08694
2017-04-27 23:00:00,1.08693,1.08601,1.08714,1.08647
2017-04-28 00:00:00,1.08649,1.08599,1.08678,1.08601
2017-04-28 01:00:00,1.08603,1.08567,1.08702,1.08672
2017-04-28 02:00:00,1.0867,1.08666,1.08718,1.08678
2017-04-28 03:00:00,1.08679,1.08659,1.0868,1.08663
2017-04-28 04:00:00,1.08662,1.08628,1.08676,1.08639
2017-04-28 05:00:00,1.08638,1.08564,1.08655,1.08621
2017-04-28 06:00:00,1.08619,1.08619,1.08844,1.08795
2017-04-28 07:00:00,1.08796,1.08796,1.08892,1.08847
2017-04-28 08:00:00,1.08846,1.08828,1.09013,1.09012
2017-04-28 09:00:00,1.09013,1.09011,1.09466,1.0937
2017-04-28 10:00:00,1.09371,1.09337,1.09445,1.09377
2017-04-28 11:00:00,1.09378,1.09258,1.0939,1.09337
2017-04-28 12:00:00,1.09339,1.09066,1.09342,1.09115
2017-04-28 13:00:00,1.09113,1.09001,1.09194,1.09168
2017-04-28 14:00:00,1.09167,1.08828,1.09211,1.08909
2017-04-28 15:00:00,1.0891,1.08875,1.09015,1.08937
2017-04-28 16:00:00,1.08936,1.08845,1.09007,1.09003
2017-04-28 17:00:00,1.09002,1.08981,1.09055,1.0901
2017-04-28 18:00:00,1.09011,1.08927,1.0903,1.08942
2017-04-28 19:00:00,1.08943,1.08913,1.08995,1.08926
2017-04-28 20:00:00,1.08925,1.08889,1.08992,1.08912
2017-04-30 21:00:00,1.09083,1.08887,1.09083,1.08935
2017-04-30 22:00:00,1.08945,1.08922,1.09024,1.09014
2017-04-30 23:00:00,1.09016,1.09016,1.09105,1.09051
2017-05-01 00:00:00,1.09052,1.08988,1.09073,1.08988
2017-05-01 01:00:00,1.08989,1.08886,1.09001,1.08921
2017-05-01 02:00:00,1.08924,1.08916,1.08961,1.08932
2017-05-01 03:00:00,1.0893,1.08906,1.08941,1.08926
2017-05-01 04:00:00,1.08925,1.08896,1.08929,1.08902
2017-05-01 05:00:00,1.08901,1.08853,1.08916,1.08864
2017-05-01 06:00:00,1.08864,1.08839,1.08897,1.08865
2017-05-01 07:00:00,1.08864,1.08834,1.08942,1.08897
2017-05-01 08:00:00,1.08895,1.08895,1.08986,1.0898
2017-05-01 09:00:00,1.08979,1.08948,1.08987,1.08984
2017-05-01 10:00:00,1.08983,1.08968,1.09007,1.08981
2017-05-01 11:00:00,1.0898,1.08957,1.09051,1.09048
2017-05-01 12:00:00,1.09049,1.09032,1.09214,1.09163
2017-05-01 13:00:00,1.09165,1.09052,1.09172,1.09083
2017-05-01 14:00:00,1.09086,1.09085,1.09233,1.09141
2017-05-01 15:00:00,1.09142,1.09076,1.09181,1.09107
2017-05-01 16:00:00,1.09109,1.09008,1.09148,1.09033
2017-05-01 17:00:00,1.09031,1.08979,1.09071,1.09043
2017-05-01 18:00:00,1.09043,1.09026,1.09075,1.09045
2017-05-01 19:00:00,1.09046,1.08972,1.09073,1.08977
2017-05-01 20:00:00,1.08978,1.08957,1.09003,1.08978
2017-05-01 21:00:00,1.08954,1.08954,1.09011,1.08969
2017-05-01 22:00:00,1.08969,1.08969,1.09108,1.09106
2017-05-01 23:00:00,1.09104,1.09037,1.09121,1.0908
2017-05-02 00:00:00,1.09082,1.09038,1.09121,1.09064
2017-05-02 01:00:00,1.09066,1.0906,1.0911,1.09073
2017-05-02 02:00:00,1.09077,1.09045,1.09112,1.09106
2017-05-02 03:00:00,1.09107,1.09105,1.09169,1.09147
2017-05-02 04:00:00,1.09148,1.09117,1.09151,1.0912
2017-05-02 05:00:00,1.09122,1.09117,1.09247,1.09181
2017-05-02 06:00:00,1.0918,1.09077,1.09221,1.0917
2017-05-02 07:00:00,1.0917,1.09065,1.09194,1.09068
2017-05-02 08:00:00,1.09067,1.09044,1.09178,1.09141
2017-05-02 09:00:00,1.09143,1.09081,1.09209,1.09176
2017-05-02 10:00:00,1.09177,1.09086,1.0919,1.09162
2017-05-02 11:00:00,1.09164,1.09044,1.09177,1.0905
2017-05-02 12:00:00,1.09051,1.0904,1.09153,1.09072
2017-05-02 13:00:00,1.09073,1.09039,1.09125,1.09086
2017-05-02 14:00:00,1.09087,1.08877,1.09095,1.09008
2017-05-02 15:00:00,1.0901,1.08977,1.09122,1.0909
2017-05-02 16:00:00,1.09091,1.09037,1.0917,1.09057
2017-05-02 17:00:00,1.09055,1.0903,1.09186,1.09184
2017-05-02 18:00:00,1.09182,1.09153,1.09297,1.0926
2017-05-02 19:00:00,1.09261,1.09213,1.09289,1.09254
2017-05-02 20:00:00,1.09253,1.09235,1.09324,1.09294
2017-05-02 21:00:00,1.09258,1.09218,1.09293,1.09277
2017-05-02 22:00:00,1.09277,1.09245,1.09313,1.09302
2017-05-02 23:00:00,1.09299,1.09267,1.09356,1.09342
2017-05-03 00:00:00,1.09343,1.093,1.09361,1.09325
2017-05-03 01:00:00,1.09324,1.09316,1.09361,1.0933
2017-05-03 02:00:00,1.09331,1.09311,1.09344,1.09337
2017-05-03 03:00:00,1.09335,1.09286,1.09345,1.09287
2017-05-03 04:00:00,1.09288,1.09285,1.09338,1.09337
2017-05-03 05:00:00,1.09336,1.09238,1.09345,1.09241
2017-05-03 06:00:00,1.09243,1.09154,1.09261,1.09211
2017-05-03 07:00:00,1.0921,1.091,1.0921,1.09184
2017-05-03 08:00:00,1.09185,1.09074,1.09219,1.09116
2017-05-03 09:00:00,1.09115,1.09057,1.09143,1.09091
2017-05-03 10:00:00,1.09093,1.09071,1.09146,1.09094
2017-05-03 11:00:00,1.09093,1.0906,1.09146,1.09137
2017-05-03 12:00:00,1.09138,1.09103,1.09221,1.09144
2017-05-03 13:00:00,1.09146,1.09089,1.0921,1.091
2017-05-03 14:00:00,1.09085,1.09017,1.09146,1.09073
2017-05-03 15:00:00,1.09074,1.09062,1.0919,1.09185
2017-05-03 16:00:00,1.09184,1.09144,1.09226,1.09165
2017-05-03 17:00:00,1.09165,1.09074,1.09203,1.09104
2017-05-03 18:00:00,1.09075,1.08925,1.09264,1.09034
2017-05-03 19:00:00,1.09032,1.08862,1.09062,1.08946
2017-05-03 20:00:00,1.08945,1.08821,1.08949,1.08833
2017-05-03 21:00:00,1.08842,1.08819,1.08874,1.08834
2017-05-03 22:00:00,1.08831,1.08807,1.08905,1.08885
2017-05-03 23:00:00,1.08882,1.08851,1.08898,1.08876
2017-05-04 00:00:00,1.08875,1.08848,1.08941,1.0886
2017-05-04 01:00:00,1.08861,1.08842,1.08942,1.08924
2017-05-04 02:00:00,1.08923,1.08886,1.08942,1.08913
2017-05-04 03:00:00,1.08911,1.08897,1.08964,1.08961
2017-05-04 04:00:00,1.0896,1.08929,1.08963,1.08956
2017-05-04 05:00:00,1.08955,1.08917,1.08955,1.08927
2017-05-04 06:00:00,1.08926,1.08743,1.0897,1.08827
2017-05-04 07:00:00,1.08826,1.08809,1.09171,1.09112
2017-05-04 08:00:00,1.09114,1.09097,1.0924,1.0918
2017-05-04 09:00:00,1.09178,1.09168,1.09352,1.09325
2017-05-04 10:00:00,1.09326,1.09279,1.09406,1.09301
2017-05-04 11:00:00,1.09302,1.09235,1.09342,1.09235
2017-05-04 12:00:00,1.09237,1.0918,1.09359,1.09341
2017-05-04 13:00:00,1.0934,1.09242,1.0938,1.09364
2017-05-04 14:00:00,1.09363,1.09301,1.09523,1.09445
2017-05-04 15:00:00,1.09446,1.09349,1.09683,1.0966
2017-05-04 16:00:00,1.09661,1.09646,1.09785,1.0973
2017-05-04 17:00:00,1.09732,1.09655,1.09762,1.0967
2017-05-04 18:00:00,1.09669,1.09656,1.09784,1.0977
2017-05-04 19:00:00,1.09769,1.09765,1.09848,1.09842
2017-05-04 20:00:00,1.09844,1.0981,1.09866,1.09828
2017-05-04 21:00:00,1.09824,1.09775,1.09824,1.09783
2017-05-04 22:00:00,1.09784,1.09774,1.09812,1.09799
2017-05-04 23:00:00,1.09801,1.09791,1.09812,1.098
2017-05-05 00:00:00,1.09799,1.09748,1.09815,1.09789
2017-05-05 01:00:00,1.09787,1.09726,1.09788,1.09744
2017-05-05 02:00:00,1.09743,1.09724,1.09784,1.09776
2017-05-05 03:00:00,1.09777,1.09777,1.09857,1.09833
2017-05-05 04:00:00,1.09835,1.09824,1.09895,1.09829
2017-05-05 05:00:00,1.09831,1.09783,1.09872,1.09783
2017-05-05 06:00:00,1.09782,1.09691,1.09828,1.09697
2017-05-05 07:00:00,1.09696,1.09651,1.09828,1.09737
2017-05-05 08:00:00,1.09735,1.09561,1.09771,1.09577
2017-05-05 09:00:00,1.09579,1.09557,1.09656,1.09566
2017-05-05 10:00:00,1.09567,1.09531,1.09629,1.09589
2017-05-05 11:00:00,1.09588,1.09547,1.09638,1.09569
2017-05-05 12:00:00,1.0957,1.09462,1.09911,1.09782
2017-05-05 13:00:00,1.09785,1.0965,1.09819,1.09804
2017-05-05 14:00:00,1.09802,1.09771,1.09922,1.09837
2017-05-05 15:00:00,1.09838,1.09805,1.09985,1.09945
2017-05-05 16:00:00,1.09945,1.09839,1.09982,1.09897
2017-05-05 17:00:00,1.09896,1.09842,1.09931,1.09904
2017-05-05 18:00:00,1.09903,1.09833,1.09915,1.09881
2017-05-05 19:00:00,1.0988,1.09847,1.09979,1.09971
2017-05-05 20:00:00,1.0997,1.09917,1.09985,1.09939
2017-05-07 21:00:00,1.10184,1.10004,1.10221,1.10115
2017-05-07 22:00:00,1.1012,1.09846,1.10132,1.09926
2017-05-07 23:00:00,1.09924,1.09629,1.09952,1.09642
2017-05-08 00:00:00,1.0964,1.09566,1.09738,1.09662
2017-05-08 01:00:00,1.09663,1.09629,1.09758,1.09738
2017-05-08 02:00:00,1.09741,1.09713,1.09821,1.09747
2017-05-08 03:00:00,1.09746,1.0965,1.09753,1.09708
2017-05-08 04:00:00,1.09707,1.09608,1.09724,1.09718
2017-05-08 05:00:00,1.09717,1.09701,1.09943,1.09933
2017-05-08 06:00:00,1.09932,1.09737,1.09962,1.09834
2017-05-08 07:00:00,1.09832,1.0953,1.09851,1.09557
2017-05-08 08:00:00,1.09556,1.09507,1.09647,1.09558
2017-05-08 09:00:00,1.09557,1.09347,1.09561,1.09378
2017-05-08 10:00:00,1.09379,1.09361,1.09571,1.095
2017-05-08 11:00:00,1.09498,1.09375,1.09559,1.09378
2017-05-08 12:00:00,1.0938,1.09307,1.09503,1.09466
2017-05-08 13:00:00,1.09465,1.09387,1.09524,1.09429
2017-05-08 14:00:00,1.0943,1.09285,1.09478,1.09307
2017-05-08 15:00:00,1.09308,1.09157,1.09328,1.09275
2017-05-08 16:00:00,1.09274,1.0924,1.09358,1.09316
2017-05-08 17:00:00,1.09315,1.09243,1.09365,1.09279
2017-05-08 18:00:00,1.0928,1.09259,1.09348,1.09327
2017-05-08 19:00:00,1.09329,1.09267,1.09329,1.09297
2017-05-08 20:00:00,1.09296,1.09206,1.09298,1.09228
2017-05-08 21:00:00,1.09229,1.09165,1.09265,1.09213
2017-05-08 22:00:00,1.09214,1.09182,1.09261,1.0925
2017-05-08 23:00:00,1.0925,1.09242,1.09307,1.0926
2017-05-09 00:00:00,1.09261,1.09213,1.09318,1.09244
2017-05-09 01:00:00,1.09245,1.09194,1.09308,1.09277
2017-05-09 02:00:00,1.09274,1.09259,1.09303,1.09264
2017-05-09 03:00:00,1.09266,1.0926,1.09329,1.09285
2017-05-09 04:00:00,1.09286,1.09278,1.09312,1.093
2017-05-09 05:00:00,1.09299,1.09224,1.09312,1.09224
2017-05-09 06:00:00,1.09226,1.09019,1.09244,1.09058
2017-05-09 07:00:00,1.09055,1.0905,1.09235,1.09232
2017-05-09 08:00:00,1.09232,1.09052,1.09257,1.09057
2017-05-09 09:00:00,1.09055,1.08916,1.09086,1.0905
2017-05-09 10:00:00,1.09049,1.08856,1.09058,1.08958
2017-05-09 11:00:00,1.08957,1.08794,1.09015,1.08858
2017-05-09 12:00:00,1.08857,1.08733,1.08896,1.08836
2017-05-09 13:00:00,1.08838,1.08824,1.08986,1.08958
2017-05-09 14:00:00,1.08957,1.08892,1.09062,1.08897
2017-05-09 15:00:00,1.08898,1.0871,1.08917,1.08737
2017-05-09 16:00:00,1.08739,1.08726,1.08989,1.08952
2017-05-09 17:00:00,1.08954,1.08777,1.08963,1.08843
2017-05-09 18:00:00,1.08844,1.0863,1.08844,1.08676
2017-05-09 19:00:00,1.08676,1.08656,1.08774,1.0873
2017-05-09 20:00:00,1.08727,1.08697,1.08772,1.08733
2017-05-09 21:00:00,1.0872,1.08684,1.08775,1.0876
2017-05-09 22:00:00,1.08757,1.08735,1.08871,1.08815
2017-05-09 23:00:00,1.08816,1.08812,1.08902,1.08857
2017-05-10 00:00:00,1.08856,1.08817,1.08962,1.08941
2017-05-10 01:00:00,1.08941,1.08923,1.08975,1.08942
2017-05-10 02:00:00,1.08941,1.08917,1.0896,1.08924
2017-05-10 03:00:00,1.08926,1.08913,1.08964,1.08929
2017-05-10 04:00:00,1.08929,1.08906,1.08969,1.08907
2017-05-10 05:00:00,1.08908,1.08863,1.08959,1.08908
2017-05-10 06:00:00,1.0891,1.08829,1.08937,1.08873
2017-05-10 07:00:00,1.08871,1.0887,1.08975,1.08906
2017-05-10 08:00:00,1.08906,1.08696,1.08936,1.08703
2017-05-10 09:00:00,1.08703,1.08582,1.08733,1.08671
2017-05-10 10:00:00,1.08671,1.08622,1.08718,1.08682
2017-05-10 11:00:00,1.08682,1.08598,1.08791,1.0876
2017-05-10 12:00:00,1.08762,1.08717,1.08823,1.08794
2017-05-10 13:00:00,1.08792,1.08627,1.08818,1.08709
2017-05-10 14:00:00,1.08707,1.08623,1.08759,1.08691
2017-05-10 15:00:00,1.0869,1.0862,1.08732,1.08716
2017-05-10 16:00:00,1.08717,1.08659,1.08745,1.08669
2017-05-10 17:00:00,1.08671,1.08543,1.08697,1.08581
2017-05-10 18:00:00,1.08579,1.08526,1.08615,1.08606
2017-05-10 19:00:00,1.08604,1.08601,1.08683,1.08655
2017-05-10 20:00:00,1.08654,1.08649,1.08677,1.08666
2017-05-10 21:00:00,1.0867,1.08583,1.08689,1.08666
2017-05-10 22:00:00,1.08669,1.08631,1.08684,1.08658
2017-05-10 23:00:00,1.08657,1.08639,1.08687,1.08666
2017-05-11 00:00:00,1.08664,1.08629,1.08754,1.08735
2017-05-11 01:00:00,1.08734,1.08699,1.08771,1.08711
2017-05-11 02:00:00,1.08712,1.08705,1.08793,1.08772
2017-05-11 03:00:00,1.0877,1.0872,1.08772,1.0872
2017-05-11 04:00:00,1.08718,1.08694,1.08722,1.08696
2017-05-11 05:00:00,1.08694,1.08639,1.08755,1.08751
2017-05-11 06:00:00,1.08749,1.0871,1.08858,1.08784
2017-05-11 07:00:00,1.08784,1.08712,1.08925,1.08865
2017-05-11 08:00:00,1.08863,1.08772,1.0888,1.08777
2017-05-11 09:00:00,1.08779,1.08678,1.0878,1.08692
2017-05-11 10:00:00,1.0869,1.08667,1.08737,1.08693
2017-05-11 11:00:00,1.08696,1.08558,1.0875,1.08562
2017-05-11 12:00:00,1.08563,1.08385,1.08615,1.08514
2017-05-11 13:00:00,1.08516,1.08511,1.08706,1.08672
2017-05-11 14:00:00,1.08673,1.08643,1.08723,1.08666
2017-05-11 15:00:00,1.08665,1.0865,1.08751,1.08686
2017-05-11 16:00:00,1.08684,1.08633,1.0871,1.08663
2017-05-11 17:00:00,1.08662,1.08654,1.08744,1.08698
2017-05-11 18:00:00,1.08697,1.08649,1.08707,1.0866
2017-05-11 19:00:00,1.08658,1.08593,1.08666,1.08629
2017-05-11 20:00:00,1.08628,1.08591,1.08669,1.08599
2017-05-11 21:00:00,1.08599,1.08581,1.08635,1.08598
2017-05-11 22:00:00,1.08599,1.08587,1.08643,1.0863
2017-05-11 23:00:00,1.08632,1.08629,1.0867,1.08638
2017-05-12 00:00:00,1.08639,1.08595,1.08658,1.08645
2017-05-12 01:00:00,1.08644,1.08639,1.08704,1.08697
2017-05-12 02:00:00,1.08696,1.08692,1.0873,1.08712
2017-05-12 03:00:00,1.0871,1.08688,1.08718,1.0869
2017-05-12 04:00:00,1.08689,1.08661,1.0871,1.08705
2017-05-12 05:00:00,1.08705,1.08686,1.0872,1.08708
2017-05-12 06:00:00,1.08706,1.08589,1.08715,1.08591
2017-05-12 07:00:00,1.08588,1.08551,1.08667,1.08627
2017-05-12 08:00:00,1.08628,1.08607,1.08727,1.08649
2017-05-12 09:00:00,1.08648,1.08626,1.08762,1.08724
2017-05-12 10:00:00,1.08725,1.08691,1.08776,1.08756
2017-05-12 11:00:00,1.08758,1.08696,1.08774,1.08703
2017-05-12 12:00:00,1.08703,1.08692,1.0912,1.09055
2017-05-12 13:00:00,1.09054,1.09054,1.09249,1.09209
2017-05-12 14:00:00,1.09201,1.09144,1.09273,1.09206
2017-05-12 15:00:00,1.09208,1.09166,1.09337,1.09252
2017-05-12 16:00:00,1.09253,1.09142,1.09281,1.09181
2017-05-12 17:00:00,1.09183,1.09171,1.09228,1.09223
2017-05-12 18:00:00,1.09223,1.09186,1.0927,1.09236
2017-05-12 19:00:00,1.09236,1.09221,1.09305,1.09292
2017-05-12 20:00:00,1.09292,1.09264,1.09322,1.09278
2017-05-14 21:00:00,1.09285,1.09273,1.09343,1.09308
2017-05-14 22:00:00,1.09315,1.09227,1.09323,1.09251
2017-05-14 23:00:00,1.09253,1.09221,1.09277,1.09275
2017-05-15 00:00:00,1.09273,1.0923,1.09331,1.09239
2017-05-15 01:00:00,1.0924,1.09221,1.09278,1.09267
2017-05-15 02:00:00,1.0927,1.09252,1.09305,1.09268
2017-05-15 03:00:00,1.09269,1.09257,1.09298,1.09288
2017-05-15 04:00:00,1.09287,1.09266,1.09307,1.09295
2017-05-15 05:00:00,1.09295,1.09285,1.09328,1.09286
2017-05-15 06:00:00,1.09287,1.09254,1.0942,1.0935
2017-05-15 07:00:00,1.09348,1.09333,1.09467,1.09411
2017-05-15 08:00:00,1.09413,1.09376,1.09492,1.09446
2017-05-15 09:00:00,1.09445,1.09443,1.09594,1.09534
2017-05-15 10:00:00,1.09536,1.09518,1.09694,1.09691
2017-05-15 11:00:00,1.0969,1.09636,1.09728,1.09653
2017-05-15 12:00:00,1.09654,1.09649,1.09816,1.09778
2017-05-15 13:00:00,1.09779,1.09756,1.0989,1.09785
2017-05-15 14:00:00,1.09787,1.0972,1.09853,1.09775
2017-05-15 15:00:00,1.09776,1.0976,1.09857,1.09784
2017-05-15 16:00:00,1.09783,1.09702,1.09803,1.09736
2017-05-15 17:00:00,1.09734,1.09659,1.09774,1.09692
2017-05-15 18:00:00,1.09693,1.09652,1.0978,1.09775
2017-05-15 19:00:00,1.09776,1.09742,1.09793,1.09771
2017-05-15 20:00:00,1.0977,1.09738,1.09776,1.09741
2017-05-15 21:00:00,1.0974,1.09724,1.09785,1.09754
2017-05-15 22:00:00,1.09759,1.09757,1.09826,1.09804
2017-05-15 23:00:00,1.09803,1.09781,1.09827,1.09793
2017-05-16 00:00:00,1.09795,1.09787,1.09851,1.09828
2017-05-16 01:00:00,1.09829,1.09801,1.09893,1.09863
2017-05-16 02:00:00,1.09865,1.09828,1.09878,1.09877
2017-05-16 03:00:00,1.09877,1.09859,1.09887,1.09886
2017-05-16 04:00:00,1.09887,1.09866,1.09932,1.09913
2017-05-16 05:00:00,1.09912,1.09906,1.09999,1.09913
2017-05-16 06:00:00,1.09912,1.09906,1.10174,1.10135
2017-05-16 07:00:00,1.10133,1.10113,1.10359,1.10284
2017-05-16 08:00:00,1.10282,1.10275,1.10492,1.10446
2017-05-16 09:00:00,1.10446,1.10294,1.10469,1.10439
2017-05-16 10:00:00,1.10438,1.10397,1.10583,1.10528
2017-05-16 11:00:00,1.10527,1.10502,1.10651,1.10523
2017-05-16 12:00:00,1.10523,1.10516,1.10883,1.10772
2017-05-16 13:00:00,1.1077,1.10643,1.1078,1.10669
2017-05-16 14:00:00,1.10668,1.1066,1.10857,1.10816
2017-05-16 15:00:00,1.10815,1.10634,1.10834,1.1071
2017-05-16 16:00:00,1.10711,1.10671,1.10806,1.1075
2017-05-16 17:00:00,1.10752,1.10747,1.10918,1.10896
2017-05-16 18:00:00,1.10895,1.10893,1.10966,1.10946
2017-05-16 19:00:00,1.10945,1.10839,1.10964,1.10843
2017-05-16 20:00:00,1.10841,1.10793,1.10892,1.10809
2017-05-16 21:00:00,1.10813,1.10779,1.10847,1.108
2017-05-16 22:00:00,1.108,1.108,1.10944,1.10942
2017-05-16 23:00:00,1.10941,1.10889,1.10962,1.10928
2017-05-17 00:00:00,1.10927,1.1086,1.10973,1.10951
2017-05-17 01:00:00,1.1095,1.10935,1.10983,1.10968
2017-05-17 02:00:00,1.10969,1.10952,1.11132,1.11092
2017-05-17 03:00:00,1.11094,1.11091,1.11165,1.11125
2017-05-17 04:00:00,1.11123,1.11033,1.11159,1.11055
2017-05-17 05:00:00,1.11054,1.10961,1.11115,1.11082
2017-05-17 06:00:00,1.11083,1.1103,1.11218,1.1108
2017-05-17 07:00:00,1.11079,1.10811,1.11173,1.10883
2017-05-17 08:00:00,1.10881,1.10838,1.10993,1.10848
2017-05-17 09:00:00,1.1085,1.10841,1.10997,1.1095
2017-05-17 10:00:00,1.10953,1.10935,1.11125,1.11083
2017-05-17 11:00:00,1.11081,1.11003,1.11128,1.11115
2017-05-17 12:00:00,1.11116,1.11109,1.11239,1.11226
2017-05-17 13:00:00,1.11227,1.11011,1.11254,1.11253
2017-05-17 14:00:00,1.11251,1.11247,1.11465,1.11462
2017-05-17 15:00:00,1.11463,1.11296,1.11498,1.11325
2017-05-17 16:00:00,1.11323,1.11316,1.11435,1.11375
2017-05-17 17:00:00,1.11376,1.11369,1.11545,1.11544
2017-05-17 18:00:00,1.11542,1.11453,1.11573,1.1147
2017-05-17 19:00:00,1.11469,1.11436,1.11566,1.11519
2017-05-17 20:00:00,1.11518,1.11501,1.11615,1.11592
2017-05-17 21:00:00,1.11561,1.11559,1.11695,1.11631
2017-05-17 22:00:00,1.11639,1.11605,1.11682,1.11611
2017-05-17 23:00:00,1.11611,1.11503,1.11637,1.11537
2017-05-18 00:00:00,1.11536,1.11502,1.11651,1.1164
2017-05-18 01:00:00,1.11641,1.11527,1.11714,1.11543
2017-05-18 02:00:00,1.11544,1.11502,1.11574,1.11553
2017-05-18 03:00:00,1.11554,1.11543,1.11606,1.11605
2017-05-18 04:00:00,1.11606,1.11384,1.11615,1.11434
2017-05-18 05:00:00,1.11436,1.11376,1.1145,1.11383
2017-05-18 06:00:00,1.11382,1.11206,1.11451,1.11299
2017-05-18 07:00:00,1.11299,1.11291,1.11448,1.11327
2017-05-18 08:00:00,1.11325,1.11265,1.11446,1.11265
2017-05-18 09:00:00,1.11266,1.11069,1.11396,1.11193
2017-05-18 10:00:00,1.11192,1.11172,1.1137,1.11357
2017-05-18 11:00:00,1.11355,1.11112,1.11393,1.11203
2017-05-18 12:00:00,1.11205,1.11035,1.11362,1.11082
2017-05-18 13:00:00,1.11084,1.11043,1.11178,1.11126
2017-05-18 14:00:00,1.11124,1.11077,1.11278,1.11263
2017-05-18 15:00:00,1.11264,1.11201,1.11335,1.1129
2017-05-18 16:00:00,1.11292,1.11222,1.11374,1.11249
2017-05-18 17:00:00,1.11248,1.10831,1.11297,1.10888
2017-05-18 18:00:00,1.10887,1.10753,1.11044,1.11023
2017-05-18 19:00:00,1.11022,1.10924,1.11135,1.11123
2017-05-18 20:00:00,1.11124,1.11011,1.11124,1.11016
2017-05-18 21:00:00,1.11009,1.10953,1.11024,1.10992
2017-05-18 22:00:00,1.10989,1.1097,1.11106,1.11071
2017-05-18 23:00:00,1.11073,1.11069,1.11142,1.11097
2017-05-19 00:00:00,1.11096,1.11055,1.11109,1.11082
2017-05-19 01:00:00,1.11083,1.11044,1.11132,1.11069
2017-05-19 02:00:00,1.11068,1.10991,1.11069,1.11019
2017-05-19 03:00:00,1.11019,1.11017,1.11098,1.11084
2017-05-19 04:00:00,1.11083,1.11066,1.11129,1.11113
2017-05-19 05:00:00,1.11114,1.11089,1.1114,1.1113
2017-05-19 06:00:00,1.11128,1.11085,1.11262,1.11221
2017-05-19 07:00:00,1.11222,1.11215,1.11429,1.11383
2017-05-19 08:00:00,1.11383,1.11347,1.11604,1.11487
2017-05-19 09:00:00,1.11486,1.11463,1.11649,1.11579
2017-05-19 10:00:00,1.1158,1.11554,1.11673,1.11627
2017-05-19 11:00:00,1.11626,1.116,1.1183,1.11774
2017-05-19 12:00:00,1.11775,1.11743,1.11854,1.11788
2017-05-19 13:00:00,1.11786,1.11774,1.11962,1.11882
2017-05-19 14:00:00,1.11883,1.11835,1.11965,1.11948
2017-05-19 15:00:00,1.1195,1.11868,1.11964,1.11887
2017-05-19 16:00:00,1.11888,1.11846,1.11952,1.11902
2017-05-19 17:00:00,1.119,1.11892,1.12114,1.121
2017-05-19 18:00:00,1.12099,1.12037,1.12103,1.12038
2017-05-19 19:00:00,1.1204,1.11979,1.12108,1.12037
2017-05-19 20:00:00,1.12035,1.12011,1.12075,1.12028
2017-05-21 21:00:00,1.11912,1.11912,1.12075,1.11996
2017-05-21 22:00:00,1.11996,1.11994,1.12068,1.1206
2017-05-21 23:00:00,1.1206,1.12002,1.12094,1.12027
2017-05-22 00:00:00,1.12027,1.11858,1.12027,1.1186
2017-05-22 01:00:00,1.11859,1.11818,1.11932,1.11925
2017-05-22 02:00:00,1.11926,1.11828,1.11926,1.11913
2017-05-22 03:00:00,1.11911,1.11899,1.11956,1.11911
2017-05-22 04:00:00,1.11911,1.11879,1.11936,1.11881
2017-05-22 05:00:00,1.11882,1.11845,1.11935,1.11933
2017-05-22 06:00:00,1.11933,1.11797,1.12006,1.11841
2017-05-22 07:00:00,1.1184,1.11634,1.11932,1.11711
2017-05-22 08:00:00,1.11709,1.11609,1.11782,1.11675
2017-05-22 09:00:00,1.11675,1.11655,1.1206,1.12003
2017-05-22 10:00:00,1.12004,1.12004,1.12358,1.12267
2017-05-22 11:00:00,1.12269,1.12257,1.12455,1.12344
2017-05-22 12:00:00,1.12346,1.12332,1.12493,1.12448
2017-05-22 13:00:00,1.12449,1.12402,1.12582,1.12568
2017-05-22 14:00:00,1.12567,1.12434,1.12629,1.12462
2017-05-22 15:00:00,1.12463,1.12281,1.12511,1.12344
2017-05-22 16:00:00,1.12345,1.12283,1.12371,1.12333
2017-05-22 17:00:00,1.12335,1.12324,1.12436,1.12412
2017-05-22 18:00:00,1.12413,1.12338,1.12428,1.12352
2017-05-22 19:00:00,1.12353,1.12287,1.12373,1.12369
2017-05-22 20:00:00,1.12368,1.12356,1.12417,1.12363
2017-05-22 21:00:00,1.12358,1.12349,1.12401,1.12359
2017-05-22 22:00:00,1.12362,1.12297,1.12416,1.12379
2017-05-22 23:00:00,1.12381,1.12359,1.12435,1.12368
2017-05-23 00:00:00,1.12367,1.1236,1.12465,1.1239
2017-05-23 01:00:00,1.12388,1.12387,1.12511,1.12489
2017-05-23 02:00:00,1.12488,1.12467,1.12536,1.12512
2017-05-23 03:00:00,1.1251,1.12432,1.12511,1.12451
2017-05-23 04:00:00,1.12448,1.12417,1.12527,1.12499
2017-05-23 05:00:00,1.12497,1.1243,1.12505,1.12438
2017-05-23 06:00:00,1.12439,1.12215,1.12449,1.12245
2017-05-23 07:00:00,1.12246,1.12224,1.12678,1.12508
2017-05-23 08:00:00,1.12501,1.12408,1.12595,1.12477
2017-05-23 09:00:00,1.12475,1.12447,1.12623,1.12576
2017-05-23 10:00:00,1.12574,1.12369,1.12598,1.12381
2017-05-23 11:00:00,1.12381,1.12156,1.12394,1.12172
2017-05-23 12:00:00,1.12174,1.12106,1.12379,1.12333
2017-05-23 13:00:00,1.12334,1.1225,1.12429,1.12251
2017-05-23 14:00:00,1.12249,1.12125,1.12326,1.12282
2017-05-23 15:00:00,1.12283,1.11927,1.12485,1.11962
2017-05-23 16:00:00,1.11963,1.11816,1.12069,1.11917
2017-05-23 17:00:00,1.11915,1.11885,1.12081,1.11959
2017-05-23 18:00:00,1.1196,1.11759,1.11983,1.11843
2017-05-23 19:00:00,1.11845,1.11745,1.11848,1.11823
2017-05-23 20:00:00,1.11823,1.11766,1.11846,1.11811
2017-05-23 21:00:00,1.11817,1.11783,1.11839,1.11832
2017-05-23 22:00:00,1.11829,1.11825,1.11887,1.11867
2017-05-23 23:00:00,1.11866,1.11766,1.11866,1.11783
2017-05-24 00:00:00,1.11784,1.11775,1.11912,1.11862
2017-05-24 01:00:00,1.1186,1.11799,1.11905,1.11845
2017-05-24 02:00:00,1.11844,1.11839,1.11894,1.11849
2017-05-24 03:00:00,1.11848,1.11773,1.11852,1.11801
2017-05-24 04:00:00,1.11803,1.11778,1.11817,1.11794
2017-05-24 05:00:00,1.11795,1.11723,1.11804,1.11776
2017-05-24 06:00:00,1.11775,1.11707,1.11828,1.11769
2017-05-24 07:00:00,1.11771,1.11694,1.11843,1.11752
2017-05-24 08:00:00,1.11751,1.11729,1.11961,1.1185
2017-05-24 09:00:00,1.11849,1.11747,1.11883,1.11758
2017-05-24 10:00:00,1.11759,1.11745,1.11924,1.11904
2017-05-24 11:00:00,1.11903,1.11782,1.1192,1.11871
2017-05-24 12:00:00,1.1187,1.11842,1.12016,1.11973
2017-05-24 13:00:00,1.11974,1.11811,1.12041,1.11864
2017-05-24 14:00:00,1.11862,1.11807,1.11962,1.11834
2017-05-24 15:00:00,1.11835,1.11679,1.11869,1.11741
2017-05-24 16:00:00,1.11742,1.11734,1.11817,1.11771
2017-05-24 17:00:00,1.1177,1.11752,1.11893,1.11848
2017-05-24 18:00:00,1.1184,1.11782,1.12157,1.11968
2017-05-24 19:00:00,1.11966,1.1193,1.1217,1.12145
2017-05-24 20:00:00,1.12144,1.12114,1.12194,1.12177
2017-05-24 21:00:00,1.12179,1.12106,1.12188,1.12125
2017-05-24 22:00:00,1.12128,1.12098,1.12228,1.12165
2017-05-24 23:00:00,1.12167,1.12167,1.12327,1.12299
2017-05-25 00:00:00,1.12301,1.12199,1.12302,1.12225
2017-05-25 01:00:00,1.12224,1.12181,1.12304,1.12231
2017-05-25 02:00:00,1.12229,1.12221,1.12394,1.12386
2017-05-25 03:00:00,1.12386,1.12377,1.12439,1.12383
2017-05-25 04:00:00,1.12382,1.12357,1.12429,1.12403
2017-05-25 05:00:00,1.12404,1.1234,1.12442,1.1243
2017-05-25 06:00:00,1.12429,1.12262,1.12433,1.12291
2017-05-25 07:00:00,1.1229,1.12248,1.12443,1.12427
2017-05-25 08:00:00,1.12426,1.12344,1.12497,1.12414
2017-05-25 09:00:00,1.12413,1.12174,1.12414,1.12244
2017-05-25 10:00:00,1.12243,1.12083,1.12244,1.12164
2017-05-25 11:00:00,1.12163,1.12055,1.12184,1.12137
2017-05-25 12:00:00,1.12135,1.11929,1.1215,1.12021
2017-05-25 13:00:00,1.1202,1.12,1.12149,1.12136
2017-05-25 14:00:00,1.12137,1.12043,1.1222,1.12126
2017-05-25 15:00:00,1.12124,1.1211,1.12229,1.12169
2017-05-25 16:00:00,1.12171,1.12144,1.12256,1.12175
2017-05-25 17:00:00,1.12173,1.12002,1.12203,1.12075
2017-05-25 18:00:00,1.12075,1.11978,1.12076,1.12041
2017-05-25 19:00:00,1.12042,1.12022,1.12135,1.12104
2017-05-25 20:00:00,1.12102,1.12029,1.12108,1.12094
2017-05-25 21:00:00,1.12067,1.12056,1.12114,1.12071
2017-05-25 22:00:00,1.12073,1.12064,1.12155,1.1212
2017-05-25 23:00:00,1.12119,1.12071,1.12119,1.12095
2017-05-26 00:00:00,1.12096,1.1196,1.12118,1.12054
2017-05-26 01:00:00,1.12055,1.11864,1.12072,1.1188
2017-05-26 02:00:00,1.11881,1.11843,1.11986,1.11985
2017-05-26 03:00:00,1.11985,1.11984,1.1205,1.12006
2017-05-26 04:00:00,1.12008,1.11967,1.12018,1.11996
2017-05-26 05:00:00,1.11996,1.11905,1.12034,1.11944
2017-05-26 06:00:00,1.11942,1.11906,1.12122,1.12106
2017-05-26 07:00:00,1.12107,1.12072,1.12238,1.12181
2017-05-26 08:00:00,1.12182,1.12168,1.12339,1.12234
2017-05-26 09:00:00,1.12233,1.12107,1.12246,1.12168
2017-05-26 10:00:00,1.12169,1.12131,1.12262,1.12211
2017-05-26 11:00:00,1.12211,1.11904,1.12225,1.11906
2017-05-26 12:00:00,1.11907,1.11773,1.11996,1.11798
2017-05-26 13:00:00,1.118,1.11601,1.11806,1.11672
2017-05-26 14:00:00,1.11672,1.11641,1.1187,1.11844
2017-05-26 15:00:00,1.11845,1.11652,1.1186,1.11684
2017-05-26 16:00:00,1.11684,1.11609,1.11791,1.11768
2017-05-26 17:00:00,1.11769,1.11752,1.11825,1.11763
2017-05-26 18:00:00,1.11761,1.11727,1.11774,1.11757
2017-05-26 19:00:00,1.11756,1.11683,1.1178,1.11706
2017-05-26 20:00:00,1.11704,1.11671,1.11795,1.11763
2017-05-28 21:00:00,1.11688,1.11635,1.1175,1.11745
2017-05-28 22:00:00,1.11747,1.11745,1.11821,1.11821
2017-05-28 23:00:00,1.11822,1.11721,1.11842,1.11755
2017-05-29 00:00:00,1.11754,1.11613,1.11754,1.11718
2017-05-29 01:00:00,1.11719,1.11647,1.11727,1.11668
2017-05-29 02:00:00,1.11666,1.11628,1.11687,1.11633
2017-05-29 03:00:00,1.11635,1.11621,1.11645,1.11641
2017-05-29 04:00:00,1.11639,1.11617,1.11655,1.1163
2017-05-29 05:00:00,1.11633,1.11629,1.11725,1.11649
2017-05-29 06:00:00,1.11646,1.11646,1.11765,1.11707
2017-05-29 07:00:00,1.11707,1.11658,1.11816,1.11782
2017-05-29 08:00:00,1.11783,1.11767,1.11892,1.11829
2017-05-29 09:00:00,1.11828,1.11768,1.11877,1.11867
2017-05-29 10:00:00,1.11865,1.11804,1.11866,1.11834
2017-05-29 11:00:00,1.11832,1.11827,1.11877,1.11863
2017-05-29 12:00:00,1.11864,1.11835,1.11893,1.11844
2017-05-29 13:00:00,1.11843,1.11693,1.1188,1.11711
2017-05-29 14:00:00,1.11711,1.11668,1.11785,1.11755
2017-05-29 15:00:00,1.11756,1.11755,1.11825,1.11792
2017-05-29 16:00:00,1.11793,1.11731,1.11813,1.11733
2017-05-29 17:00:00,1.11734,1.11686,1.1176,1.11701
2017-05-29 18:00:00,1.117,1.11677,1.1171,1.11702
2017-05-29 19:00:00,1.11703,1.1169,1.11724,1.1171
2017-05-29 20:00:00,1.11711,1.11606,1.11716,1.11615
2017-05-29 21:00:00,1.11615,1.115,1.11656,1.11508
2017-05-29 22:00:00,1.1151,1.11334,1.11519,1.11379
2017-05-29 23:00:00,1.11377,1.11267,1.11391,1.11284
2017-05-30 00:00:00,1.11286,1.11275,1.11371,1.11329
2017-05-30 01:00:00,1.11327,1.11214,1.1133,1.11231
2017-05-30 02:00:00,1.1123,1.11219,1.11294,1.11287
2017-05-30 03:00:00,1.11286,1.11249,1.11302,1.1125
2017-05-30 04:00:00,1.11251,1.11225,1.11287,1.1127
2017-05-30 05:00:00,1.1127,1.11151,1.11315,1.11155
2017-05-30 06:00:00,1.11156,1.11088,1.11305,1.11302
2017-05-30 07:00:00,1.11303,1.11263,1.11444,1.11402
2017-05-30 08:00:00,1.11401,1.11383,1.11484,1.11395
2017-05-30 09:00:00,1.11397,1.11359,1.11661,1.11642
2017-05-30 10:00:00,1.1164,1.11525,1.11678,1.11532
2017-05-30 11:00:00,1.11534,1.11455,1.1193,1.11733
2017-05-30 12:00:00,1.11735,1.11537,1.11753,1.11617
2017-05-30 13:00:00,1.11615,1.11615,1.11913,1.11901
2017-05-30 14:00:00,1.11901,1.11745,1.12046,1.1177
2017-05-30 15:00:00,1.11768,1.11754,1.11888,1.11819
2017-05-30 16:00:00,1.1182,1.11714,1.11832,1.11738
2017-05-30 17:00:00,1.11739,1.11738,1.11833,1.11798
2017-05-30 18:00:00,1.11799,1.11785,1.11894,1.1188
2017-05-30 19:00:00,1.11881,1.11835,1.11931,1.11879
2017-05-30 20:00:00,1.11878,1.11838,1.11961,1.11842
2017-05-30 21:00:00,1.11817,1.11759,1.11889,1.1178
2017-05-30 22:00:00,1.11786,1.11725,1.11798,1.11727
2017-05-30 23:00:00,1.11728,1.11696,1.1173,1.11723
2017-05-31 00:00:00,1.11724,1.11687,1.11814,1.11704
2017-05-31 01:00:00,1.11707,1.11701,1.11795,1.11744
2017-05-31 02:00:00,1.11743,1.11701,1.11789,1.1175
2017-05-31 03:00:00,1.11752,1.11729,1.11779,1.11759
2017-05-31 04:00:00,1.11757,1.11712,1.11777,1.11721
2017-05-31 05:00:00,1.11721,1.11638,1.11753,1.11675
2017-05-31 06:00:00,1.11673,1.11642,1.11891,1.11876
2017-05-31 07:00:00,1.11875,1.11791,1.11965,1.11845
2017-05-31 08:00:00,1.11843,1.11693,1.11849,1.11739
2017-05-31 09:00:00,1.1174,1.11699,1.11917,1.11897
2017-05-31 10:00:00,1.11899,1.11843,1.12174,1.12121
2017-05-31 11:00:00,1.12121,1.12119,1.12281,1.12211
2017-05-31 12:00:00,1.12212,1.12106,1.12245,1.12216
2017-05-31 13:00:00,1.12217,1.12169,1.12416,1.12329
2017-05-31 14:00:00,1.1233,1.12205,1.12458,1.12451
2017-05-31 15:00:00,1.12453,1.123,1.12517,1.12363
2017-05-31 16:00:00,1.12362,1.12275,1.12376,1.12363
2017-05-31 17:00:00,1.12364,1.12275,1.12419,1.12389
2017-05-31 18:00:00,1.12386,1.12341,1.12467,1.12451
2017-05-31 19:00:00,1.12452,1.12296,1.12465,1.12331
2017-05-31 20:00:00,1.12329,1.12316,1.12436,1.12424
2017-05-31 21:00:00,1.12449,1.12393,1.12473,1.1242
2017-05-31 22:00:00,1.12421,1.12351,1.12422,1.12378
2017-05-31 23:00:00,1.1238,1.1238,1.12444,1.12385
2017-06-01 00:00:00,1.12384,1.1233,1.12417,1.12339
2017-06-01 01:00:00,1.12338,1.12332,1.12548,1.12463
2017-06-01 02:00:00,1.12464,1.12411,1.1256,1.12415
2017-06-01 03:00:00,1.12414,1.12368,1.12486,1.12462
2017-06-01 04:00:00,1.12459,1.12428,1.12471,1.12459
2017-06-01 05:00:00,1.12458,1.12368,1.12474,1.1237
2017-06-01 06:00:00,1.12372,1.12271,1.12482,1.12433
2017-06-01 07:00:00,1.12431,1.12283,1.12453,1.12318
2017-06-01 08:00:00,1.1232,1.12223,1.12373,1.12256
2017-06-01 09:00:00,1.12257,1.12216,1.12364,1.1235
2017-06-01 10:00:00,1.12349,1.12235,1.12362,1.12272
2017-06-01 11:00:00,1.1227,1.12163,1.12275,1.12177
2017-06-01 12:00:00,1.12179,1.12015,1.12241,1.12142
2017-06-01 13:00:00,1.1214,1.12126,1.12255,1.12206
2017-06-01 14:00:00,1.12204,1.12154,1.12339,1.12249
2017-06-01 15:00:00,1.1225,1.12085,1.12254,1.12129
2017-06-01 16:00:00,1.12128,1.12055,1.12168,1.1209
2017-06-01 17:00:00,1.1209,1.12063,1.12128,1.12105
2017-06-01 18:00:00,1.12103,1.12061,1.12188,1.1214
2017-06-01 19:00:00,1.1214,1.12105,1.12174,1.1214
2017-06-01 20:00:00,1.12138,1.12092,1.12157,1.12117
2017-06-01 21:00:00,1.12123,1.12109,1.12158,1.1213
2017-06-01 22:00:00,1.12132,1.12127,1.12187,1.12183
2017-06-01 23:00:00,1.12181,1.12117,1.12183,1.12123
2017-06-02 00:00:00,1.12124,1.12116,1.12174,1.12162
2017-06-02 01:00:00,1.12161,1.1215,1.12215,1.12165
2017-06-02 02:00:00,1.12166,1.12152,1.12196,1.12165
2017-06-02 03:00:00,1.12163,1.12146,1.12183,1.1218
2017-06-02 04:00:00,1.12178,1.12161,1.12195,1.12189
2017-06-02 05:00:00,1.1219,1.12152,1.12199,1.12169
2017-06-02 06:00:00,1.1217,1.12153,1.1221,1.12178
2017-06-02 07:00:00,1.12177,1.12143,1.12275,1.12145
2017-06-02 08:00:00,1.12144,1.12138,1.12261,1.12204
2017-06-02 09:00:00,1.12202,1.12163,1.12231,1.12206
2017-06-02 10:00:00,1.12204,1.12148,1.12234,1.12178
2017-06-02 11:00:00,1.12177,1.12046,1.12196,1.12056
2017-06-02 12:00:00,1.12057,1.1205,1.12819,1.12689
2017-06-02 13:00:00,1.1269,1.12541,1.12767,1.12754
2017-06-02 14:00:00,1.12753,1.12556,1.1279,1.12747
2017-06-02 15:00:00,1.12749,1.12667,1.12809,1.12692
2017-06-02 16:00:00,1.12692,1.12652,1.12759,1.12693
2017-06-02 17:00:00,1.12694,1.12664,1.12758,1.12751
2017-06-02 18:00:00,1.1275,1.12734,1.1279,1.12763
2017-06-02 19:00:00,1.12764,1.12744,1.12845,1.12815
2017-06-02 20:00:00,1.12814,1.12778,1.12841,1.12798
2017-06-04 21:00:00,1.12694,1.12693,1.12815,1.12766
2017-06-04 22:00:00,1.12767,1.12724,1.12823,1.12782
2017-06-04 23:00:00,1.12782,1.12754,1.12803,1.12767
2017-06-05 00:00:00,1.12769,1.12683,1.12776,1.12719
2017-06-05 01:00:00,1.1272,1.1268,1.12766,1.12688
2017-06-05 02:00:00,1.1269,1.12643,1.12732,1.12731
2017-06-05 03:00:00,1.12732,1.12663,1.12742,1.12702
2017-06-05 04:00:00,1.127,1.12628,1.12704,1.12658
2017-06-05 05:00:00,1.12657,1.12607,1.12663,1.12642
2017-06-05 06:00:00,1.1264,1.12617,1.12695,1.1263
2017-06-05 07:00:00,1.12629,1.12596,1.12781,1.12641
2017-06-05 08:00:00,1.12634,1.12624,1.12716,1.12713
2017-06-05 09:00:00,1.12712,1.12612,1.12713,1.12641
2017-06-05 10:00:00,1.12643,1.12346,1.12665,1.12423
2017-06-05 11:00:00,1.12423,1.12358,1.12468,1.12464
2017-06-05 12:00:00,1.12465,1.124,1.1251,1.12414
2017-06-05 13:00:00,1.12415,1.12338,1.12551,1.12484
2017-06-05 14:00:00,1.12483,1.12423,1.12548,1.12499
2017-06-05 15:00:00,1.125,1.12468,1.12544,1.12493
2017-06-05 16:00:00,1.12491,1.12471,1.12543,1.12524
2017-06-05 17:00:00,1.12525,1.12525,1.12638,1.12569
2017-06-05 18:00:00,1.1257,1.12504,1.12574,1.12567
2017-06-05 19:00:00,1.12568,1.12523,1.12571,1.12548
2017-06-05 20:00:00,1.12547,1.1253,1.12583,1.12536
2017-06-05 21:00:00,1.12534,1.12517,1.12575,1.12531
2017-06-05 22:00:00,1.12527,1.12526,1.1259,1.12575
2017-06-05 23:00:00,1.12578,1.12545,1.1259,1.12567
2017-06-06 00:00:00,1.12569,1.12565,1.1265,1.12619
2017-06-06 01:00:00,1.12617,1.12617,1.12721,1.1272
2017-06-06 02:00:00,1.12719,1.12699,1.12743,1.12717
2017-06-06 03:00:00,1.12719,1.12678,1.12736,1.12682
2017-06-06 04:00:00,1.1268,1.12646,1.1268,1.12674
2017-06-06 05:00:00,1.12676,1.12653,1.12772,1.12727
2017-06-06 06:00:00,1.12727,1.12654,1.1276,1.12689
2017-06-06 07:00:00,1.12687,1.12417,1.12695,1.12491
2017-06-06 08:00:00,1.12493,1.12469,1.12564,1.1251
2017-06-06 09:00:00,1.12511,1.12436,1.12527,1.12479
2017-06-06 10:00:00,1.1248,1.12432,1.12524,1.12494
2017-06-06 11:00:00,1.12493,1.12398,1.12589,1.1248
2017-06-06 12:00:00,1.12481,1.12467,1.12575,1.12547
2017-06-06 13:00:00,1.12548,1.12534,1.12753,1.1267
2017-06-06 14:00:00,1.12669,1.12605,1.12761,1.12652
2017-06-06 15:00:00,1.12654,1.1262,1.12724,1.12654
2017-06-06 16:00:00,1.12655,1.12639,1.12715,1.12695
2017-06-06 17:00:00,1.12696,1.12693,1.12836,1.12815
2017-06-06 18:00:00,1.12813,1.12675,1.12815,1.12685
2017-06-06 19:00:00,1.12686,1.12686,1.12781,1.12776
2017-06-06 20:00:00,1.12777,1.12715,1.12778,1.12763
2017-06-06 21:00:00,1.12758,1.12755,1.12794,1.12771
2017-06-06 22:00:00,1.12769,1.12767,1.1281,1.12774
2017-06-06 23:00:00,1.12775,1.12694,1.12778,1.12697
2017-06-07 00:00:00,1.12695,1.12671,1.1276,1.1272
2017-06-07 01:00:00,1.12719,1.1267,1.12732,1.12689
2017-06-07 02:00:00,1.12691,1.12615,1.12691,1.12646
2017-06-07 03:00:00,1.12646,1.12619,1.12651,1.1264
2017-06-07 04:00:00,1.12639,1.12595,1.12652,1.12642
2017-06-07 05:00:00,1.1264,1.12636,1.12678,1.12647
2017-06-07 06:00:00,1.12643,1.12625,1.12764,1.12719
2017-06-07 07:00:00,1.12718,1.12457,1.12725,1.12534
2017-06-07 08:00:00,1.12535,1.12525,1.12674,1.12617
2017-06-07 09:00:00,1.12616,1.12616,1.12764,1.12694
2017-06-07 10:00:00,1.12695,1.12046,1.127,1.12116
2017-06-07 11:00:00,1.12114,1.12035,1.12266,1.12153
2017-06-07 12:00:00,1.12151,1.12128,1.1233,1.12293
2017-06-07 13:00:00,1.12292,1.12242,1.12627,1.1261
2017-06-07 14:00:00,1.12611,1.12582,1.1282,1.12624
2017-06-07 15:00:00,1.12624,1.12295,1.12631,1.12369
2017-06-07 16:00:00,1.12368,1.12224,1.12651,1.12642
2017-06-07 17:00:00,1.12643,1.12621,1.12715,1.12648
2017-06-07 18:00:00,1.12646,1.12511,1.12674,1.1253
2017-06-07 19:00:00,1.12529,1.1251,1.12672,1.12671
2017-06-07 20:00:00,1.1267,1.12548,1.12683,1.12551
2017-06-07 21:00:00,1.1259,1.12532,1.12623,1.12581
2017-06-07 22:00:00,1.1258,1.12542,1.12608,1.12574
2017-06-07 23:00:00,1.12575,1.1254,1.12605,1.1255
2017-06-08 00:00:00,1.12552,1.12473,1.12564,1.125
2017-06-08 01:00:00,1.12499,1.12465,1.12562,1.12545
2017-06-08 02:00:00,1.12546,1.1253,1.12606,1.12606
2017-06-08 03:00:00,1.12606,1.12526,1.12606,1.12534
2017-06-08 04:00:00,1.12533,1.12497,1.12579,1.12569
2017-06-08 05:00:00,1.12567,1.12516,1.12627,1.12627
2017-06-08 06:00:00,1.12625,1.12501,1.12687,1.12518
2017-06-08 07:00:00,1.12517,1.12495,1.12642,1.12589
2017-06-08 08:00:00,1.1259,1.12426,1.12628,1.12484
2017-06-08 09:00:00,1.12482,1.12295,1.12532,1.12323
2017-06-08 10:00:00,1.12324,1.123,1.12369,1.12341
2017-06-08 11:00:00,1.12339,1.1217,1.12616,1.1224
2017-06-08 12:00:00,1.12242,1.1194,1.12495,1.12255
2017-06-08 13:00:00,1.12257,1.12068,1.12292,1.12181
2017-06-08 14:00:00,1.12182,1.11953,1.12232,1.12206
2017-06-08 15:00:00,1.12208,1.12126,1.12236,1.12163
2017-06-08 16:00:00,1.12161,1.12067,1.12196,1.12109
2017-06-08 17:00:00,1.12107,1.12009,1.12133,1.12112
2017-06-08 18:00:00,1.1211,1.12083,1.12281,1.12219
2017-06-08 19:00:00,1.12217,1.1209,1.12253,1.12168
2017-06-08 20:00:00,1.12168,1.12106,1.12178,1.12112
2017-06-08 21:00:00,1.12104,1.11987,1.12349,1.1204
2017-06-08 22:00:00,1.1204,1.12014,1.12136,1.12028
2017-06-08 23:00:00,1.12027,1.11794,1.12029,1.11879
2017-06-09 00:00:00,1.1188,1.11787,1.11942,1.11819
2017-06-09 01:00:00,1.11818,1.11801,1.12005,1.11984
2017-06-09 02:00:00,1.11986,1.11898,1.11998,1.11952
2017-06-09 03:00:00,1.11953,1.11911,1.12057,1.11997
2017-06-09 04:00:00,1.11996,1.11982,1.12138,1.12032
2017-06-09 05:00:00,1.12032,1.12007,1.12128,1.12032
2017-06-09 06:00:00,1.12032,1.11858,1.12152,1.11887
2017-06-09 07:00:00,1.11888,1.11848,1.11985,1.11892
2017-06-09 08:00:00,1.11893,1.11691,1.11927,1.11757
2017-06-09 09:00:00,1.11756,1.11723,1.11869,1.11723
2017-06-09 10:00:00,1.11725,1.11725,1.11846,1.11804
2017-06-09 11:00:00,1.11802,1.11744,1.11829,1.11789
2017-06-09 12:00:00,1.1179,1.11664,1.118,1.11685
2017-06-09 13:00:00,1.11686,1.11659,1.11808,1.11737
2017-06-09 14:00:00,1.11736,1.11734,1.11884,1.11827
2017-06-09 15:00:00,1.11829,1.11819,1.11922,1.11886
2017-06-09 16:00:00,1.11887,1.11866,1.12003,1.11971
2017-06-09 17:00:00,1.11973,1.11934,1.12035,1.11938
2017-06-09 18:00:00,1.1194,1.11904,1.11987,1.11958
2017-06-09 19:00:00,1.11957,1.11919,1.1199,1.11948
2017-06-09 20:00:00,1.11946,1.11913,1.11972,1.11933
2017-06-11 21:00:00,1.12042,1.12032,1.12066,1.12035
2017-06-11 22:00:00,1.12037,1.12017,1.12087,1.12032
2017-06-11 23:00:00,1.12032,1.11967,1.12054,1.12012
2017-06-12 00:00:00,1.12011,1.11987,1.12073,1.12044
2017-06-12 01:00:00,1.12046,1.1197,1.12072,1.11972
2017-06-12 02:00:00,1.11973,1.11973,1.12114,1.12096
2017-06-12 03:00:00,1.12097,1.12034,1.12098,1.12061
2017-06-12 04:00:00,1.12062,1.12015,1.12079,1.1206
2017-06-12 05:00:00,1.12061,1.12058,1.12162,1.12116
2017-06-12 06:00:00,1.12119,1.12082,1.12159,1.12104
2017-06-12 07:00:00,1.12106,1.12038,1.12233,1.12205
2017-06-12 08:00:00,1.12206,1.12146,1.12271,1.12248
2017-06-12 09:00:00,1.1225,1.12152,1.12256,1.12159
2017-06-12 10:00:00,1.1216,1.12074,1.12253,1.12159
2017-06-12 11:00:00,1.12159,1.12139,1.12316,1.12185
2017-06-12 12:00:00,1.12186,1.12129,1.12244,1.12142
2017-06-12 13:00:00,1.12141,1.12027,1.12193,1.1208
2017-06-12 14:00:00,1.12079,1.11914,1.121,1.12024
2017-06-12 15:00:00,1.12025,1.11966,1.12048,1.12024
2017-06-12 16:00:00,1.12026,1.11958,1.12045,1.11975
2017-06-12 17:00:00,1.11975,1.11955,1.12062,1.12034
2017-06-12 18:00:00,1.12035,1.11982,1.1208,1.12074
2017-06-12 19:00:00,1.12075,1.12003,1.12094,1.12042
2017-06-12 20:00:00,1.12042,1.12008,1.12075,1.12027
2017-06-12 21:00:00,1.12015,1.12013,1.12062,1.12047
2017-06-12 22:00:00,1.12049,1.12002,1.12049,1.12012
2017-06-12 23:00:00,1.12011,1.11948,1.12015,1.1197
2017-06-13 00:00:00,1.11967,1.11929,1.12004,1.11939
2017-06-13 01:00:00,1.11938,1.11894,1.11958,1.11919
2017-06-13 02:00:00,1.1192,1.11907,1.11984,1.11959
2017-06-13 03:00:00,1.11958,1.11885,1.1196,1.11898
2017-06-13 04:00:00,1.11899,1.11897,1.11932,1.11925
2017-06-13 05:00:00,1.11924,1.11848,1.11931,1.1187
2017-06-13 06:00:00,1.11866,1.11848,1.11979,1.11936
2017-06-13 07:00:00,1.11938,1.11893,1.12176,1.12166
2017-06-13 08:00:00,1.12168,1.12084,1.12243,1.12111
2017-06-13 09:00:00,1.12116,1.12034,1.12168,1.12069
2017-06-13 10:00:00,1.12069,1.12,1.12117,1.12062
2017-06-13 11:00:00,1.12063,1.12015,1.12199,1.12172
2017-06-13 12:00:00,1.12174,1.12059,1.12197,1.12066
2017-06-13 13:00:00,1.12067,1.12004,1.12104,1.12073
2017-06-13 14:00:00,1.12074,1.12053,1.12179,1.12059
2017-06-13 15:00:00,1.1206,1.11918,1.12111,1.11928
2017-06-13 16:00:00,1.11925,1.11915,1.12026,1.12012
2017-06-13 17:00:00,1.12013,1.12009,1.12065,1.12015
2017-06-13 18:00:00,1.12016,1.12014,1.12122,1.12108
2017-06-13 19:00:00,1.12107,1.12059,1.12112,1.12064
2017-06-13 20:00:00,1.12063,1.12059,1.12108,1.12097
2017-06-13 21:00:00,1.12048,1.12043,1.1213,1.12069
2017-06-13 22:00:00,1.12074,1.12059,1.12108,1.12076
2017-06-13 23:00:00,1.12078,1.12065,1.12104,1.12087
2017-06-14 00:00:00,1.12086,1.12066,1.12148,1.12132
2017-06-14 01:00:00,1.1213,1.12117,1.12169,1.1215
2017-06-14 02:00:00,1.12151,1.12108,1.12192,1.12118
2017-06-14 03:00:00,1.12117,1.12117,1.12164,1.12144
2017-06-14 04:00:00,1.12145,1.12123,1.12155,1.12145
2017-06-14 05:00:00,1.12146,1.1214,1.12187,1.12187
2017-06-14 06:00:00,1.12185,1.12119,1.12248,1.1221
2017-06-14 07:00:00,1.12207,1.12075,1.12207,1.12084
2017-06-14 08:00:00,1.12085,1.12048,1.12152,1.12064
2017-06-14 09:00:00,1.12065,1.12023,1.1215,1.12057
2017-06-14 10:00:00,1.12056,1.12008,1.12075,1.12042
2017-06-14 11:00:00,1.12041,1.11972,1.12072,1.12009
2017-06-14 12:00:00,1.12011,1.11987,1.12671,1.12625
2017-06-14 13:00:00,1.12624,1.12613,1.12782,1.12713
2017-06-14 14:00:00,1.12711,1.12694,1.12952,1.12786
2017-06-14 15:00:00,1.12788,1.12719,1.12853,1.12759
2017-06-14 16:00:00,1.1276,1.1265,1.1279,1.12724
2017-06-14 17:00:00,1.12727,1.12624,1.1274,1.12681
2017-06-14 18:00:00,1.12674,1.12069,1.12863,1.12148
2017-06-14 19:00:00,1.12147,1.11924,1.12227,1.12178
2017-06-14 20:00:00,1.12176,1.12132,1.12226,1.1217
2017-06-14 21:00:00,1.12157,1.12134,1.12184,1.12159
2017-06-14 22:00:00,1.12159,1.12047,1.12179,1.12091
2017-06-14 23:00:00,1.12093,1.12089,1.12155,1.12124
2017-06-15 00:00:00,1.12125,1.12091,1.12214,1.1218
2017-06-15 01:00:00,1.1218,1.12167,1.1228,1.12194
2017-06-15 02:00:00,1.12194,1.12159,1.12233,1.12161
2017-06-15 03:00:00,1.12161,1.12145,1.12231,1.12225
2017-06-15 04:00:00,1.12227,1.12195,1.12238,1.12208
2017-06-15 05:00:00,1.12206,1.12137,1.12213,1.12174
2017-06-15 06:00:00,1.12173,1.12051,1.12198,1.12118
2017-06-15 07:00:00,1.12116,1.11788,1.12118,1.11933
2017-06-15 08:00:00,1.11932,1.11743,1.11935,1.11791
2017-06-15 09:00:00,1.1179,1.11553,1.11845,1.11596
2017-06-15 10:00:00,1.11599,1.11578,1.1169,1.11657
2017-06-15 11:00:00,1.11655,1.11529,1.11715,1.1162
2017-06-15 12:00:00,1.11618,1.11488,1.11683,1.11514
2017-06-15 13:00:00,1.11513,1.11426,1.11547,1.11475
2017-06-15 14:00:00,1.11475,1.11316,1.11515,1.11482
2017-06-15 15:00:00,1.11484,1.11481,1.11573,1.11506
2017-06-15 16:00:00,1.11508,1.11389,1.1151,1.11476
2017-06-15 17:00:00,1.11475,1.11416,1.11496,1.11423
2017-06-15 18:00:00,1.11424,1.11422,1.11542,1.11532
2017-06-15 19:00:00,1.11534,1.11427,1.11573,1.11449
2017-06-15 20:00:00,1.11446,1.11418,1.11498,1.11439
2017-06-15 21:00:00,1.1144,1.11416,1.11485,1.11453
2017-06-15 22:00:00,1.1145,1.11442,1.11498,1.11456
2017-06-15 23:00:00,1.11458,1.11442,1.11489,1.11482
2017-06-16 00:00:00,1.11483,1.11447,1.11549,1.11533
2017-06-16 01:00:00,1.11531,1.11507,1.11547,1.11527
2017-06-16 02:00:00,1.11525,1.11451,1.11529,1.11504
2017-06-16 03:00:00,1.11505,1.11455,1.11505,1.11455
2017-06-16 04:00:00,1.11453,1.11411,1.11461,1.11436
2017-06-16 05:00:00,1.11435,1.11379,1.11457,1.11418
2017-06-16 06:00:00,1.11416,1.11389,1.11585,1.11532
2017-06-16 07:00:00,1.11531,1.11511,1.11666,1.11664
2017-06-16 08:00:00,1.11662,1.11645,1.11745,1.11717
2017-06-16 09:00:00,1.11717,1.11692,1.11831,1.11697
2017-06-16 10:00:00,1.11698,1.11698,1.11809,1.11773
2017-06-16 11:00:00,1.11774,1.11566,1.11805,1.11593
2017-06-16 12:00:00,1.11594,1.11594,1.11825,1.11718
2017-06-16 13:00:00,1.1172,1.11648,1.11765,1.11758
2017-06-16 14:00:00,1.11758,1.11735,1.11994,1.11982
2017-06-16 15:00:00,1.11981,1.11863,1.11994,1.11926
2017-06-16 16:00:00,1.11925,1.11856,1.11928,1.1188
2017-06-16 17:00:00,1.11878,1.1187,1.11949,1.11949
2017-06-16 18:00:00,1.1195,1.11916,1.11986,1.11931
2017-06-16 19:00:00,1.11933,1.11931,1.12008,1.11999
2017-06-16 20:00:00,1.11999,1.11902,1.1201,1.11942
2017-06-18 21:00:00,1.12038,1.11963,1.12072,1.11963
2017-06-18 22:00:00,1.11974,1.11937,1.12036,1.1203
2017-06-18 23:00:00,1.12034,1.12007,1.1206,1.12033
2017-06-19 00:00:00,1.12033,1.1189,1.12046,1.11901
2017-06-19 01:00:00,1.11903,1.11895,1.1199,1.1197
2017-06-19 02:00:00,1.11969,1.1195,1.11997,1.11968
2017-06-19 03:00:00,1.11966,1.11946,1.11984,1.11972
2017-06-19 04:00:00,1.11971,1.11929,1.11981,1.1193
2017-06-19 05:00:00,1.11931,1.1192,1.11961,1.11925
2017-06-19 06:00:00,1.11924,1.11899,1.12071,1.12039
2017-06-19 07:00:00,1.12039,1.11818,1.1204,1.11937
2017-06-19 08:00:00,1.11938,1.11901,1.11976,1.11947
2017-06-19 09:00:00,1.11948,1.11873,1.12012,1.11919
2017-06-19 10:00:00,1.11918,1.11912,1.12061,1.12059
2017-06-19 11:00:00,1.12059,1.11902,1.12121,1.11905
2017-06-19 12:00:00,1.11904,1.11765,1.11992,1.11814
2017-06-19 13:00:00,1.11815,1.11724,1.11839,1.11763
2017-06-19 14:00:00,1.11764,1.1165,1.11791,1.11654
2017-06-19 15:00:00,1.11657,1.11584,1.11706,1.11594
2017-06-19 16:00:00,1.11593,1.11552,1.1163,1.11583
2017-06-19 17:00:00,1.11581,1.11466,1.11593,1.1151
2017-06-19 18:00:00,1.11509,1.11425,1.11531,1.11479
2017-06-19 19:00:00,1.11478,1.11446,1.11489,1.1148
2017-06-19 20:00:00,1.11479,1.11465,1.11497,1.11472
2017-06-19 21:00:00,1.11479,1.11448,1.11515,1.11486
2017-06-19 22:00:00,1.11485,1.11462,1.11524,1.11511
2017-06-19 23:00:00,1.11509,1.11404,1.11513,1.11439
2017-06-20 00:00:00,1.11438,1.1143,1.11485,1.11442
2017-06-20 01:00:00,1.11444,1.11444,1.11556,1.11549
2017-06-20 02:00:00,1.11547,1.11529,1.11574,1.11558
2017-06-20 03:00:00,1.11557,1.1153,1.11581,1.11555
2017-06-20 04:00:00,1.11553,1.11526,1.11556,1.1155
2017-06-20 05:00:00,1.11549,1.11532,1.11598,1.11583
2017-06-20 06:00:00,1.11581,1.11512,1.11644,1.1152
2017-06-20 07:00:00,1.11522,1.11422,1.1162,1.11617
2017-06-20 08:00:00,1.11615,1.11493,1.11617,1.11578
2017-06-20 09:00:00,1.11577,1.11514,1.11594,1.11591
2017-06-20 10:00:00,1.1159,1.11514,1.11644,1.11523
2017-06-20 11:00:00,1.11525,1.11408,1.11527,1.11477
2017-06-20 12:00:00,1.11478,1.11478,1.11622,1.11502
2017-06-20 13:00:00,1.11503,1.11336,1.1153,1.11355
2017-06-20 14:00:00,1.11355,1.11252,1.11451,1.1126
2017-06-20 15:00:00,1.11261,1.11193,1.11273,1.11233
2017-06-20 16:00:00,1.11232,1.11184,1.1128,1.11242
2017-06-20 17:00:00,1.11243,1.11195,1.1126,1.11246
2017-06-20 18:00:00,1.11247,1.11229,1.11308,1.11279
2017-06-20 19:00:00,1.1128,1.11248,1.11321,1.11251
2017-06-20 20:00:00,1.11253,1.1125,1.11338,1.11333
2017-06-20 21:00:00,1.11325,1.11293,1.1134,1.11334
2017-06-20 22:00:00,1.11335,1.11308,1.11348,1.11344
2017-06-20 23:00:00,1.11345,1.1133,1.11365,1.1136
2017-06-21 00:00:00,1.11361,1.11322,1.11362,1.11349
2017-06-21 01:00:00,1.11351,1.11329,1.11361,1.1134
2017-06-21 02:00:00,1.11339,1.11333,1.11357,1.1134
2017-06-21 03:00:00,1.11341,1.11333,1.11378,1.11355
2017-06-21 04:00:00,1.11353,1.11321,1.11368,1.11329
2017-06-21 05:00:00,1.1133,1.11277,1.1134,1.11297
2017-06-21 06:00:00,1.11295,1.11278,1.1136,1.11308
2017-06-21 07:00:00,1.11307,1.11291,1.11364,1.11312
2017-06-21 08:00:00,1.11314,1.11268,1.11452,1.1142
2017-06-21 09:00:00,1.11422,1.1137,1.11495,1.11439
2017-06-21 10:00:00,1.11438,1.11411,1.11493,1.11489
2017-06-21 11:00:00,1.11491,1.11392,1.11553,1.11411
2017-06-21 12:00:00,1.11412,1.11397,1.11525,1.11474
2017-06-21 13:00:00,1.11473,1.11296,1.11481,1.11387
2017-06-21 14:00:00,1.11385,1.11341,1.11472,1.11414
2017-06-21 15:00:00,1.11415,1.11377,1.1147,1.11423
2017-06-21 16:00:00,1.11422,1.11401,1.11471,1.11466
2017-06-21 17:00:00,1.11468,1.11442,1.11523,1.11507
2017-06-21 18:00:00,1.11504,1.11497,1.11657,1.11619
2017-06-21 19:00:00,1.1162,1.11611,1.11678,1.11651
2017-06-21 20:00:00,1.1165,1.11615,1.11683,1.11673
2017-06-21 21:00:00,1.11671,1.11616,1.1168,1.11667
2017-06-21 22:00:00,1.11665,1.11646,1.11675,1.11662
2017-06-21 23:00:00,1.1166,1.11641,1.11678,1.11661
2017-06-22 00:00:00,1.1166,1.11598,1.11707,1.11627
2017-06-22 01:00:00,1.11628,1.11617,1.11659,1.11649
2017-06-22 02:00:00,1.11647,1.11638,1.11711,1.11672
2017-06-22 03:00:00,1.11673,1.11669,1.11702,1.11679
2017-06-22 04:00:00,1.11677,1.11672,1.1171,1.11703
2017-06-22 05:00:00,1.11704,1.11681,1.11756,1.11756
2017-06-22 06:00:00,1.11755,1.11677,1.11772,1.11712
2017-06-22 07:00:00,1.11713,1.11539,1.11713,1.11617
2017-06-22 08:00:00,1.11617,1.11575,1.11682,1.11676
2017-06-22 09:00:00,1.11675,1.11643,1.11739,1.11647
2017-06-22 10:00:00,1.11647,1.11599,1.11671,1.1165
2017-06-22 11:00:00,1.11648,1.11564,1.1166,1.11651
2017-06-22 12:00:00,1.11649,1.11584,1.11718,1.11605
2017-06-22 13:00:00,1.11603,1.11521,1.11635,1.11592
2017-06-22 14:00:00,1.11593,1.11502,1.11621,1.11564
2017-06-22 15:00:00,1.11565,1.11449,1.11606,1.11463
2017-06-22 16:00:00,1.11464,1.11464,1.11555,1.1155
2017-06-22 17:00:00,1.1155,1.11388,1.11569,1.11426
2017-06-22 18:00:00,1.11424,1.11409,1.11499,1.11463
2017-06-22 19:00:00,1.11462,1.11458,1.11545,1.11509
2017-06-22 20:00:00,1.11509,1.11487,1.11534,1.11506
2017-06-22 21:00:00,1.1151,1.11503,1.11526,1.11506
2017-06-22 22:00:00,1.11505,1.11487,1.11515,1.11493
2017-06-22 23:00:00,1.11494,1.11466,1.11503,1.11491
2017-06-23 00:00:00,1.11492,1.11447,1.11508,1.11489
2017-06-23 01:00:00,1.11489,1.11462,1.11593,1.11593
2017-06-23 02:00:00,1.11593,1.1154,1.11595,1.11581
2017-06-23 03:00:00,1.1158,1.11571,1.11626,1.11624
2017-06-23 04:00:00,1.11623,1.11608,1.11634,1.11612
2017-06-23 05:00:00,1.11613,1.11612,1.11678,1.11634
2017-06-23 06:00:00,1.11633,1.1163,1.11747,1.11716
2017-06-23 07:00:00,1.11714,1.1168,1.11793,1.11753
2017-06-23 08:00:00,1.11752,1.11706,1.11874,1.1171
2017-06-23 09:00:00,1.11709,1.11611,1.11717,1.11699
2017-06-23 10:00:00,1.117,1.11641,1.11759,1.1166
2017-06-23 11:00:00,1.11659,1.11618,1.11737,1.11727
2017-06-23 12:00:00,1.11726,1.11698,1.11798,1.11757
2017-06-23 13:00:00,1.11757,1.11747,1.11953,1.11951
2017-06-23 14:00:00,1.11951,1.11849,1.12084,1.11994
2017-06-23 15:00:00,1.11994,1.11954,1.12033,1.11957
2017-06-23 16:00:00,1.11958,1.11923,1.1199,1.11964
2017-06-23 17:00:00,1.11966,1.11942,1.11986,1.11975
2017-06-23 18:00:00,1.11974,1.11957,1.12018,1.11963
2017-06-23 19:00:00,1.11964,1.11953,1.11989,1.11967
2017-06-23 20:00:00,1.11966,1.11914,1.11975,1.11914
2017-06-25 21:00:00,1.1196,1.11877,1.11966,1.11923
2017-06-25 22:00:00,1.11922,1.11922,1.11979,1.11958
2017-06-25 23:00:00,1.1196,1.1195,1.11993,1.11992
2017-06-26 00:00:00,1.1199,1.11945,1.11996,1.1196
2017-06-26 01:00:00,1.11957,1.11893,1.11962,1.11896
2017-06-26 02:00:00,1.11897,1.11896,1.11965,1.11945
2017-06-26 03:00:00,1.11943,1.11894,1.11972,1.11959
2017-06-26 04:00:00,1.11958,1.119,1.11958,1.11911
2017-06-26 05:00:00,1.11912,1.11881,1.11931,1.11922
2017-06-26 06:00:00,1.1192,1.11841,1.11946,1.11912
2017-06-26 07:00:00,1.11913,1.11894,1.12074,1.12003
2017-06-26 08:00:00,1.12003,1.11812,1.12012,1.11852
2017-06-26 09:00:00,1.11851,1.11751,1.11866,1.11766
2017-06-26 10:00:00,1.11765,1.11757,1.11868,1.11792
2017-06-26 11:00:00,1.1179,1.11713,1.11845,1.11811
2017-06-26 12:00:00,1.11812,1.11812,1.12193,1.12106
2017-06-26 13:00:00,1.12107,1.12022,1.12152,1.12023
2017-06-26 14:00:00,1.12025,1.11994,1.1218,1.12024
2017-06-26 15:00:00,1.12025,1.11884,1.12043,1.11955
2017-06-26 16:00:00,1.11956,1.11814,1.11975,1.11871
2017-06-26 17:00:00,1.11869,1.11867,1.1194,1.1191
2017-06-26 18:00:00,1.11909,1.1175,1.11938,1.11805
2017-06-26 19:00:00,1.11806,1.11768,1.11813,1.11798
2017-06-26 20:00:00,1.11798,1.11788,1.11827,1.11809
2017-06-26 21:00:00,1.11814,1.11795,1.11836,1.11815
2017-06-26 22:00:00,1.11819,1.11796,1.11827,1.11799
2017-06-26 23:00:00,1.118,1.11784,1.1183,1.11823
2017-06-27 00:00:00,1.11822,1.11796,1.11848,1.11835
2017-06-27 01:00:00,1.11833,1.11804,1.11863,1.11821
2017-06-27 02:00:00,1.11823,1.11801,1.11892,1.1187
2017-06-27 03:00:00,1.11869,1.11865,1.11919,1.11905
2017-06-27 04:00:00,1.11903,1.11874,1.11906,1.11896
2017-06-27 05:00:00,1.11895,1.11895,1.11959,1.11952
2017-06-27 06:00:00,1.11951,1.11877,1.12034,1.11906
2017-06-27 07:00:00,1.11905,1.11818,1.11924,1.11865
2017-06-27 08:00:00,1.11867,1.11862,1.12543,1.12485
2017-06-27 09:00:00,1.12487,1.12436,1.12645,1.12537
2017-06-27 10:00:00,1.12536,1.12463,1.12656,1.12614
2017-06-27 11:00:00,1.12613,1.12601,1.12742,1.12683
2017-06-27 12:00:00,1.12685,1.12682,1.12835,1.12765
2017-06-27 13:00:00,1.12764,1.12764,1.13042,1.12875
2017-06-27 14:00:00,1.12873,1.12741,1.12892,1.12857
2017-06-27 15:00:00,1.12856,1.12834,1.13316,1.13261
2017-06-27 16:00:00,1.13261,1.13057,1.13344,1.13112
2017-06-27 17:00:00,1.13113,1.13059,1.13374,1.13318
2017-06-27 18:00:00,1.13316,1.1331,1.13467,1.13459
2017-06-27 19:00:00,1.13457,1.13436,1.13488,1.13483
2017-06-27 20:00:00,1.13482,1.13346,1.13483,1.13373
2017-06-27 21:00:00,1.1336,1.13272,1.13378,1.13334
2017-06-27 22:00:00,1.13337,1.13337,1.1344,1.13425
2017-06-27 23:00:00,1.13426,1.13353,1.13427,1.13364
2017-06-28 00:00:00,1.13362,1.13354,1.13432,1.13392
2017-06-28 01:00:00,1.13393,1.13364,1.13551,1.13507
2017-06-28 02:00:00,1.13507,1.13463,1.13533,1.13509
2017-06-28 03:00:00,1.13508,1.1347,1.13511,1.13481
2017-06-28 04:00:00,1.13483,1.13459,1.13528,1.13462
2017-06-28 05:00:00,1.13461,1.13448,1.1366,1.1362
2017-06-28 06:00:00,1.13619,1.1352,1.13783,1.13525
2017-06-28 07:00:00,1.13527,1.13516,1.13877,1.13779
2017-06-28 08:00:00,1.13778,1.13597,1.13859,1.13599
2017-06-28 09:00:00,1.13598,1.1353,1.13634,1.13603
2017-06-28 10:00:00,1.13604,1.13547,1.13711,1.1358
2017-06-28 11:00:00,1.1358,1.13552,1.13759,1.13743
2017-06-28 12:00:00,1.13742,1.12906,1.13797,1.13309
2017-06-28 13:00:00,1.1331,1.13277,1.13726,1.13652
2017-06-28 14:00:00,1.13651,1.13607,1.13901,1.13624
2017-06-28 15:00:00,1.13625,1.13487,1.13654,1.13642
2017-06-28 16:00:00,1.13643,1.13625,1.1381,1.13774
2017-06-28 17:00:00,1.13775,1.1373,1.13812,1.13762
2017-06-28 18:00:00,1.13761,1.13756,1.13834,1.13794
2017-06-28 19:00:00,1.13795,1.13755,1.13847,1.13812
2017-06-28 20:00:00,1.13812,1.13752,1.13812,1.1376
2017-06-28 21:00:00,1.13777,1.13735,1.13791,1.13746
2017-06-28 22:00:00,1.13748,1.13738,1.13791,1.13769
2017-06-28 23:00:00,1.13771,1.13767,1.13849,1.13777
2017-06-29 00:00:00,1.13775,1.13761,1.13888,1.13867
2017-06-29 01:00:00,1.13865,1.13846,1.14079,1.14047
2017-06-29 02:00:00,1.14046,1.14025,1.14187,1.14047
2017-06-29 03:00:00,1.14047,1.1401,1.14094,1.14053
2017-06-29 04:00:00,1.14051,1.13942,1.14071,1.14012
2017-06-29 05:00:00,1.14011,1.13948,1.14075,1.14068
2017-06-29 06:00:00,1.14065,1.13994,1.14145,1.14055
2017-06-29 07:00:00,1.14056,1.14056,1.14319,1.14262
2017-06-29 08:00:00,1.1426,1.14146,1.14344,1.14249
2017-06-29 09:00:00,1.14247,1.13977,1.14259,1.14131
2017-06-29 10:00:00,1.14132,1.13992,1.14155,1.14056
2017-06-29 11:00:00,1.14057,1.13916,1.1407,1.14057
2017-06-29 12:00:00,1.1406,1.13875,1.14169,1.14002
2017-06-29 13:00:00,1.14001,1.13948,1.14153,1.13993
2017-06-29 14:00:00,1.13994,1.13985,1.14276,1.14237
2017-06-29 15:00:00,1.14238,1.14194,1.14316,1.14202
2017-06-29 16:00:00,1.142,1.1416,1.14309,1.14294
2017-06-29 17:00:00,1.14293,1.14272,1.14443,1.14418
2017-06-29 18:00:00,1.14419,1.14288,1.14447,1.14322
2017-06-29 19:00:00,1.1432,1.14313,1.1445,1.14387
2017-06-29 20:00:00,1.14388,1.1435,1.1442,1.14396
2017-06-29 21:00:00,1.14391,1.14377,1.14424,1.14394
2017-06-29 22:00:00,1.14397,1.14397,1.14447,1.14421
2017-06-29 23:00:00,1.14419,1.14388,1.14423,1.14388
2017-06-30 00:00:00,1.14385,1.14263,1.14422,1.14279
2017-06-30 01:00:00,1.14278,1.14271,1.14436,1.14404
2017-06-30 02:00:00,1.14405,1.1435,1.14437,1.14356
2017-06-30 03:00:00,1.14354,1.1435,1.14426,1.14399
2017-06-30 04:00:00,1.14398,1.1437,1.14421,1.14398
2017-06-30 05:00:00,1.14399,1.14269,1.14407,1.14295
2017-06-30 06:00:00,1.14295,1.14219,1.14406,1.14226
2017-06-30 07:00:00,1.14229,1.14015,1.14292,1.14115
2017-06-30 08:00:00,1.14116,1.1395,1.1415,1.14014
2017-06-30 09:00:00,1.14021,1.13916,1.14097,1.14091
2017-06-30 10:00:00,1.14091,1.1398,1.14113,1.14022
2017-06-30 11:00:00,1.14024,1.14018,1.14122,1.14035
2017-06-30 12:00:00,1.14035,1.14033,1.14206,1.14122
2017-06-30 13:00:00,1.14121,1.14113,1.1423,1.14189
2017-06-30 14:00:00,1.14191,1.1395,1.14271,1.14037
2017-06-30 15:00:00,1.14039,1.14036,1.1416,1.14105
2017-06-30 16:00:00,1.14105,1.14058,1.14157,1.1412
2017-06-30 17:00:00,1.1412,1.14104,1.14164,1.14142
2017-06-30 18:00:00,1.14142,1.1408,1.14222,1.14188
2017-06-30 19:00:00,1.14187,1.14145,1.14228,1.1421
2017-06-30 20:00:00,1.14209,1.14173,1.14231,1.14211
2017-07-02 21:00:00,1.1415,1.14142,1.14209,1.14205
2017-07-02 22:00:00,1.14206,1.1419,1.14262,1.14245
2017-07-02 23:00:00,1.14244,1.14206,1.1425,1.14228
2017-07-03 00:00:00,1.14229,1.14151,1.14244,1.14166
2017-07-03 01:00:00,1.14167,1.1414,1.14196,1.14158
2017-07-03 02:00:00,1.14159,1.14117,1.14192,1.14133
2017-07-03 03:00:00,1.14134,1.14035,1.14164,1.14037
2017-07-03 04:00:00,1.14035,1.14032,1.14152,1.14125
2017-07-03 05:00:00,1.14124,1.14072,1.14146,1.14072
2017-07-03 06:00:00,1.1407,1.1403,1.14136,1.14111
2017-07-03 07:00:00,1.14112,1.13918,1.14112,1.13941
2017-07-03 08:00:00,1.13942,1.13765,1.13942,1.13786
2017-07-03 09:00:00,1.13786,1.13724,1.13852,1.13727
2017-07-03 10:00:00,1.13726,1.13701,1.13789,1.13743
2017-07-03 11:00:00,1.13745,1.13609,1.13769,1.13641
2017-07-03 12:00:00,1.13642,1.13614,1.13751,1.13673
2017-07-03 13:00:00,1.13674,1.13574,1.13724,1.13708
2017-07-03 14:00:00,1.13699,1.13577,1.13732,1.13675
2017-07-03 15:00:00,1.13674,1.13556,1.13692,1.13662
2017-07-03 16:00:00,1.13661,1.13544,1.13715,1.13567
2017-07-03 17:00:00,1.13566,1.13561,1.1368,1.13607
2017-07-03 18:00:00,1.13607,1.1356,1.13607,1.13578
2017-07-03 19:00:00,1.13577,1.13571,1.13625,1.13624
2017-07-03 20:00:00,1.13623,1.13616,1.13662,1.13632
2017-07-03 21:00:00,1.13621,1.13547,1.13648,1.13616
2017-07-03 22:00:00,1.13621,1.13619,1.13701,1.13664
2017-07-03 23:00:00,1.13666,1.13664,1.13728,1.13718
2017-07-04 00:00:00,1.13716,1.13702,1.13764,1.13733
2017-07-04 01:00:00,1.13734,1.13668,1.13735,1.13683
2017-07-04 02:00:00,1.13684,1.13631,1.13695,1.13655
2017-07-04 03:00:00,1.13652,1.13649,1.13732,1.13719
2017-07-04 04:00:00,1.13718,1.13681,1.13735,1.13715
2017-07-04 05:00:00,1.13714,1.13354,1.13721,1.13478
2017-07-04 06:00:00,1.13476,1.13428,1.13721,1.13718
2017-07-04 07:00:00,1.13719,1.13557,1.13738,1.1361
2017-07-04 08:00:00,1.13612,1.13467,1.1363,1.13532
2017-07-04 09:00:00,1.13533,1.13417,1.13537,1.13492
2017-07-04 10:00:00,1.13491,1.13461,1.13523,1.13511
2017-07-04 11:00:00,1.13511,1.13414,1.13511,1.13499
2017-07-04 12:00:00,1.135,1.13393,1.13549,1.13423
2017-07-04 13:00:00,1.13424,1.13375,1.13474,1.1344
2017-07-04 14:00:00,1.13439,1.1341,1.13536,1.13512
2017-07-04 15:00:00,1.13511,1.13449,1.13523,1.1347
2017-07-04 16:00:00,1.13471,1.13426,1.13512,1.13504
2017-07-04 17:00:00,1.13503,1.13458,1.13528,1.13507
2017-07-04 18:00:00,1.13507,1.1347,1.13522,1.13498
2017-07-04 19:00:00,1.13497,1.13448,1.13505,1.13456
2017-07-04 20:00:00,1.13457,1.13419,1.13474,1.13437
2017-07-04 21:00:00,1.13406,1.13404,1.13482,1.13462
2017-07-04 22:00:00,1.1346,1.13441,1.1355,1.13527
2017-07-04 23:00:00,1.13528,1.13511,1.13605,1.1359
2017-07-05 00:00:00,1.13589,1.13539,1.13639,1.13583
2017-07-05 01:00:00,1.13581,1.1355,1.13673,1.13664
2017-07-05 02:00:00,1.13662,1.13604,1.1368,1.13622
2017-07-05 03:00:00,1.13621,1.13562,1.13621,1.13582
2017-07-05 04:00:00,1.13581,1.13527,1.13581,1.13539
2017-07-05 05:00:00,1.1354,1.13492,1.13567,1.13528
2017-07-05 06:00:00,1.13527,1.13527,1.13662,1.13595
2017-07-05 07:00:00,1.13594,1.13575,1.13676,1.13627
2017-07-05 08:00:00,1.13628,1.13402,1.13642,1.13412
2017-07-05 09:00:00,1.1341,1.13171,1.13436,1.13235
2017-07-05 10:00:00,1.13234,1.13119,1.13269,1.13207
2017-07-05 11:00:00,1.13208,1.1319,1.13365,1.13317
2017-07-05 12:00:00,1.13318,1.13176,1.13342,1.132
2017-07-05 13:00:00,1.13201,1.13175,1.13297,1.13291
2017-07-05 14:00:00,1.13293,1.13249,1.13365,1.13285
2017-07-05 15:00:00,1.13286,1.13269,1.13436,1.1335
2017-07-05 16:00:00,1.13352,1.1329,1.13402,1.13378
2017-07-05 17:00:00,1.13379,1.13347,1.1343,1.13401
2017-07-05 18:00:00,1.13402,1.13221,1.13534,1.13405
2017-07-05 19:00:00,1.13406,1.13374,1.13512,1.13415
2017-07-05 20:00:00,1.13413,1.13413,1.13518,1.13506
2017-07-05 21:00:00,1.13501,1.13468,1.13513,1.13498
2017-07-05 22:00:00,1.13496,1.13496,1.13542,1.13526
2017-07-05 23:00:00,1.13525,1.13456,1.13532,1.13457
2017-07-06 00:00:00,1.13457,1.13349,1.13457,1.13411
2017-07-06 01:00:00,1.13412,1.13295,1.13441,1.13315
2017-07-06 02:00:00,1.13317,1.13292,1.13391,1.1337
2017-07-06 03:00:00,1.13369,1.13365,1.1342,1.13376
2017-07-06 04:00:00,1.13378,1.13363,1.13389,1.13386
2017-07-06 05:00:00,1.13385,1.1337,1.13415,1.13376
2017-07-06 06:00:00,1.13375,1.13304,1.13414,1.13414
2017-07-06 07:00:00,1.13412,1.13409,1.13566,1.13513
2017-07-06 08:00:00,1.13512,1.13435,1.13541,1.13486
2017-07-06 09:00:00,1.13484,1.13438,1.13696,1.13636
2017-07-06 10:00:00,1.13637,1.13569,1.1373,1.13652
2017-07-06 11:00:00,1.13651,1.13606,1.1387,1.13861
2017-07-06 12:00:00,1.13863,1.13778,1.13972,1.13899
2017-07-06 13:00:00,1.13901,1.1381,1.14012,1.13993
2017-07-06 14:00:00,1.13983,1.13924,1.14055,1.14049
2017-07-06 15:00:00,1.14046,1.13976,1.14064,1.14062
2017-07-06 16:00:00,1.14064,1.14063,1.14191,1.1419
2017-07-06 17:00:00,1.14191,1.14153,1.1424,1.14227
2017-07-06 18:00:00,1.14225,1.14185,1.14234,1.14219
2017-07-06 19:00:00,1.1422,1.14171,1.14229,1.14194
2017-07-06 20:00:00,1.14196,1.14177,1.14241,1.14223
2017-07-06 21:00:00,1.14217,1.14164,1.14235,1.14209
2017-07-06 22:00:00,1.14207,1.14177,1.14237,1.14216
2017-07-06 23:00:00,1.14215,1.14187,1.1425,1.14208
2017-07-07 00:00:00,1.14205,1.14128,1.14214,1.14149
2017-07-07 01:00:00,1.1415,1.14094,1.14237,1.14111
2017-07-07 02:00:00,1.1411,1.14075,1.14136,1.14134
2017-07-07 03:00:00,1.14132,1.1411,1.14156,1.1413
2017-07-07 04:00:00,1.14129,1.14126,1.14196,1.14145
2017-07-07 05:00:00,1.14143,1.14065,1.14179,1.1407
2017-07-07 06:00:00,1.1407,1.14065,1.14186,1.14142
2017-07-07 07:00:00,1.1414,1.14126,1.14268,1.14189
2017-07-07 08:00:00,1.14191,1.14115,1.14242,1.14213
2017-07-07 09:00:00,1.14212,1.14121,1.14247,1.1414
2017-07-07 10:00:00,1.14138,1.14054,1.14151,1.14106
2017-07-07 11:00:00,1.14108,1.14068,1.14189,1.14073
2017-07-07 12:00:00,1.14074,1.13834,1.14391,1.14012
2017-07-07 13:00:00,1.14013,1.13799,1.14044,1.13972
2017-07-07 14:00:00,1.13972,1.13791,1.14008,1.13911
2017-07-07 15:00:00,1.13911,1.1386,1.13956,1.13955
2017-07-07 16:00:00,1.13954,1.13954,1.14082,1.14076
2017-07-07 17:00:00,1.14075,1.14007,1.14103,1.14034
2017-07-07 18:00:00,1.14036,1.14004,1.14053,1.14025
2017-07-07 19:00:00,1.14026,1.1401,1.14073,1.14042
2017-07-07 20:00:00,1.1404,1.13941,1.14043,1.13951
2017-07-09 21:00:00,1.13957,1.13912,1.13987,1.13981
2017-07-09 22:00:00,1.13985,1.13967,1.14017,1.13994
2017-07-09 23:00:00,1.13996,1.13988,1.14031,1.14028
2017-07-10 00:00:00,1.14027,1.13973,1.1403,1.14
2017-07-10 01:00:00,1.14001,1.13988,1.14079,1.14076
2017-07-10 02:00:00,1.14074,1.14038,1.14078,1.14045
2017-07-10 03:00:00,1.14043,1.14012,1.14056,1.14041
2017-07-10 04:00:00,1.14041,1.14,1.14049,1.14032
2017-07-10 05:00:00,1.14034,1.14013,1.14086,1.14086
2017-07-10 06:00:00,1.14083,1.13966,1.1409,1.13983
2017-07-10 07:00:00,1.13981,1.13962,1.14175,1.14155
2017-07-10 08:00:00,1.14156,1.1392,1.14162,1.13951
2017-07-10 09:00:00,1.13953,1.13817,1.13974,1.13848
2017-07-10 10:00:00,1.13846,1.13825,1.13935,1.13906
2017-07-10 11:00:00,1.13905,1.13811,1.1392,1.13879
2017-07-10 12:00:00,1.13881,1.13824,1.13933,1.13915
2017-07-10 13:00:00,1.13917,1.13845,1.13933,1.13911
2017-07-10 14:00:00,1.1391,1.13863,1.13953,1.13875
2017-07-10 15:00:00,1.13877,1.13841,1.13955,1.1395
2017-07-10 16:00:00,1.13948,1.1394,1.14014,1.1395
2017-07-10 17:00:00,1.13951,1.1395,1.14068,1.14054
2017-07-10 18:00:00,1.14056,1.14018,1.14074,1.14025
2017-07-10 19:00:00,1.14024,1.13972,1.1403,1.13995
2017-07-10 20:00:00,1.13994,1.13973,1.14,1.13984
2017-07-10 21:00:00,1.13979,1.13941,1.13988,1.13961
2017-07-10 22:00:00,1.13965,1.1393,1.13974,1.13959
2017-07-10 23:00:00,1.13961,1.13948,1.13974,1.13957
2017-07-11 00:00:00,1.13956,1.13923,1.13972,1.13944
2017-07-11 01:00:00,1.13945,1.13917,1.13969,1.13926
2017-07-11 02:00:00,1.13924,1.13919,1.13954,1.13929
2017-07-11 03:00:00,1.1393,1.13917,1.13946,1.13938
2017-07-11 04:00:00,1.13937,1.13865,1.13941,1.13879
2017-07-11 05:00:00,1.13881,1.13825,1.13881,1.13828
2017-07-11 06:00:00,1.13828,1.13822,1.13914,1.13901
2017-07-11 07:00:00,1.13903,1.13846,1.13985,1.13897
2017-07-11 08:00:00,1.13896,1.13896,1.13994,1.13956
2017-07-11 09:00:00,1.13953,1.1391,1.13955,1.13945
2017-07-11 10:00:00,1.13944,1.13895,1.1397,1.13953
2017-07-11 11:00:00,1.13955,1.13934,1.13983,1.13938
2017-07-11 12:00:00,1.13939,1.13936,1.14134,1.14013
2017-07-11 13:00:00,1.14012,1.1393,1.14089,1.14075
2017-07-11 14:00:00,1.14073,1.13944,1.14242,1.1419
2017-07-11 15:00:00,1.14187,1.1414,1.14328,1.14294
2017-07-11 16:00:00,1.14293,1.14279,1.14473,1.14389
2017-07-11 17:00:00,1.14391,1.14391,1.14762,1.14662
2017-07-11 18:00:00,1.14658,1.14655,1.14791,1.14759
2017-07-11 19:00:00,1.14757,1.14619,1.14758,1.14629
2017-07-11 20:00:00,1.14628,1.14602,1.14667,1.14661
2017-07-11 21:00:00,1.14641,1.14616,1.14655,1.14637
2017-07-11 22:00:00,1.14634,1.1462,1.14712,1.14688
2017-07-11 23:00:00,1.14686,1.14659,1.14736,1.14734
2017-07-12 00:00:00,1.14735,1.14714,1.14776,1.14758
2017-07-12 01:00:00,1.1476,1.14698,1.14785,1.14708
2017-07-12 02:00:00,1.14707,1.14697,1.14833,1.14811
2017-07-12 03:00:00,1.14812,1.14726,1.14814,1.148
2017-07-12 04:00:00,1.14798,1.14743,1.1488,1.14851
2017-07-12 05:00:00,1.14849,1.14693,1.14889,1.14716
2017-07-12 06:00:00,1.14717,1.14552,1.14758,1.14585
2017-07-12 07:00:00,1.14583,1.14462,1.14638,1.14477
2017-07-12 08:00:00,1.14476,1.14414,1.14628,1.14569
2017-07-12 09:00:00,1.14566,1.14429,1.14604,1.1454
2017-07-12 10:00:00,1.14539,1.14483,1.14599,1.14526
2017-07-12 11:00:00,1.14527,1.14506,1.14613,1.14529
2017-07-12 12:00:00,1.1453,1.14246,1.14792,1.14669
2017-07-12 13:00:00,1.14671,1.14091,1.14684,1.14136
2017-07-12 14:00:00,1.14134,1.13911,1.1419,1.14182
2017-07-12 15:00:00,1.14183,1.14077,1.14268,1.14096
2017-07-12 16:00:00,1.14098,1.14085,1.14216,1.14202
2017-07-12 17:00:00,1.14201,1.14115,1.14233,1.14181
2017-07-12 18:00:00,1.1418,1.14132,1.14247,1.14145
2017-07-12 19:00:00,1.14144,1.14119,1.14216,1.14198
2017-07-12 20:00:00,1.14196,1.14099,1.14196,1.14107
2017-07-12 21:00:00,1.14117,1.1411,1.14161,1.14117
2017-07-12 22:00:00,1.14117,1.14109,1.14175,1.14153
2017-07-12 23:00:00,1.14154,1.14133,1.14192,1.14179
2017-07-13 00:00:00,1.14177,1.14163,1.14292,1.14291
2017-07-13 01:00:00,1.14289,1.14288,1.14363,1.14339
2017-07-13 02:00:00,1.14341,1.14315,1.14375,1.14365
2017-07-13 03:00:00,1.14364,1.14332,1.14385,1.14335
2017-07-13 04:00:00,1.14336,1.14331,1.1438,1.1437
2017-07-13 05:00:00,1.14368,1.14348,1.14491,1.14466
2017-07-13 06:00:00,1.14465,1.14429,1.14553,1.14462
2017-07-13 07:00:00,1.14463,1.14123,1.14523,1.1421
2017-07-13 08:00:00,1.14211,1.13952,1.14226,1.14031
2017-07-13 09:00:00,1.14029,1.13849,1.14076,1.13954
2017-07-13 10:00:00,1.13955,1.13755,1.14048,1.13875
2017-07-13 11:00:00,1.13877,1.13698,1.14123,1.14099
2017-07-13 12:00:00,1.14098,1.14016,1.14188,1.14157
2017-07-13 13:00:00,1.14156,1.13976,1.14171,1.13983
2017-07-13 14:00:00,1.13981,1.13898,1.14143,1.14032
2017-07-13 15:00:00,1.14033,1.13834,1.14073,1.13834
2017-07-13 16:00:00,1.13836,1.13819,1.13913,1.13901
2017-07-13 17:00:00,1.13903,1.13887,1.13988,1.13968
2017-07-13 18:00:00,1.1397,1.1396,1.14059,1.14038
2017-07-13 19:00:00,1.14035,1.14016,1.14064,1.14063
2017-07-13 20:00:00,1.14062,1.13953,1.14062,1.13971
2017-07-13 21:00:00,1.13972,1.13966,1.14013,1.13982
2017-07-13 22:00:00,1.13984,1.13945,1.14007,1.13948
2017-07-13 23:00:00,1.13951,1.13951,1.14046,1.14038
2017-07-14 00:00:00,1.14037,1.1391,1.14037,1.14012
2017-07-14 01:00:00,1.14013,1.13963,1.14065,1.14013
2017-07-14 02:00:00,1.14015,1.13995,1.14081,1.14076
2017-07-14 03:00:00,1.14076,1.14058,1.14098,1.14098
2017-07-14 04:00:00,1.14097,1.14001,1.14101,1.14001
2017-07-14 05:00:00,1.14002,1.14001,1.14118,1.14092
2017-07-14 06:00:00,1.1409,1.14038,1.14175,1.14152
2017-07-14 07:00:00,1.14151,1.14086,1.14235,1.14162
2017-07-14 08:00:00,1.1416,1.1407,1.14199,1.14073
2017-07-14 09:00:00,1.14074,1.14068,1.14173,1.14141
2017-07-14 10:00:00,1.14143,1.14108,1.14177,1.14135
2017-07-14 11:00:00,1.14135,1.14104,1.14189,1.14163
2017-07-14 12:00:00,1.14164,1.14129,1.14677,1.14611
2017-07-14 13:00:00,1.14612,1.14355,1.14626,1.14582
2017-07-14 14:00:00,1.14584,1.14351,1.14629,1.14438
2017-07-14 15:00:00,1.1444,1.1444,1.14599,1.14511
2017-07-14 16:00:00,1.14512,1.14492,1.14595,1.14586
2017-07-14 17:00:00,1.14588,1.14567,1.14683,1.14666
2017-07-14 18:00:00,1.14665,1.14619,1.14683,1.14653
2017-07-14 19:00:00,1.14652,1.1464,1.14707,1.14702
2017-07-14 20:00:00,1.14699,1.14654,1.14713,1.14667
2017-07-16 21:00:00,1.14721,1.14631,1.14721,1.1468
2017-07-16 22:00:00,1.14684,1.1466,1.14735,1.14693
2017-07-16 23:00:00,1.14692,1.14692,1.14743,1.14733
2017-07-17 00:00:00,1.14733,1.14634,1.14739,1.14643
2017-07-17 01:00:00,1.14644,1.14597,1.14669,1.14612
2017-07-17 02:00:00,1.14611,1.14563,1.14644,1.14605
2017-07-17 03:00:00,1.14606,1.14589,1.14654,1.14626
2017-07-17 04:00:00,1.14628,1.14577,1.14628,1.14608
2017-07-17 05:00:00,1.14606,1.14564,1.14629,1.14609
2017-07-17 06:00:00,1.14608,1.14462,1.1462,1.14532
2017-07-17 07:00:00,1.14531,1.14343,1.14572,1.14403
2017-07-17 08:00:00,1.14401,1.14388,1.14509,1.14472
2017-07-17 09:00:00,1.1447,1.14446,1.14595,1.14587
2017-07-17 10:00:00,1.14586,1.14548,1.14639,1.14584
2017-07-17 11:00:00,1.14585,1.14585,1.14697,1.14632
2017-07-17 12:00:00,1.14633,1.14601,1.14704,1.14674
2017-07-17 13:00:00,1.14673,1.14605,1.14675,1.14668
2017-07-17 14:00:00,1.14669,1.14654,1.14865,1.14703
2017-07-17 15:00:00,1.14701,1.14632,1.14766,1.14687
2017-07-17 16:00:00,1.14686,1.14681,1.14752,1.14717
2017-07-17 17:00:00,1.14718,1.14718,1.14802,1.14774
2017-07-17 18:00:00,1.14773,1.14754,1.14803,1.148
2017-07-17 19:00:00,1.14799,1.14754,1.14839,1.14819
2017-07-17 20:00:00,1.14818,1.14772,1.14826,1.14774
2017-07-17 21:00:00,1.14768,1.14741,1.14792,1.14776
2017-07-17 22:00:00,1.14778,1.14748,1.14789,1.14762
2017-07-17 23:00:00,1.14764,1.14726,1.14785,1.14727
2017-07-18 00:00:00,1.14729,1.1471,1.14865,1.14846
2017-07-18 01:00:00,1.14848,1.14845,1.15314,1.15286
2017-07-18 02:00:00,1.15287,1.15248,1.15373,1.15283
2017-07-18 03:00:00,1.15282,1.15257,1.15349,1.15273
2017-07-18 04:00:00,1.15275,1.15227,1.15296,1.15269
2017-07-18 05:00:00,1.1527,1.15181,1.15345,1.15218
2017-07-18 06:00:00,1.15215,1.15124,1.15309,1.15261
2017-07-18 07:00:00,1.1526,1.15107,1.15291,1.1528
2017-07-18 08:00:00,1.1528,1.15165,1.15316,1.15246
2017-07-18 09:00:00,1.15245,1.15186,1.15594,1.15515
2017-07-18 10:00:00,1.15513,1.15491,1.15636,1.15571
2017-07-18 11:00:00,1.1557,1.15445,1.15595,1.15492
2017-07-18 12:00:00,1.15494,1.15446,1.15673,1.15555
2017-07-18 13:00:00,1.15556,1.15534,1.15809,1.15791
2017-07-18 14:00:00,1.15792,1.15722,1.15826,1.15801
2017-07-18 15:00:00,1.158,1.15677,1.15819,1.15774
2017-07-18 16:00:00,1.15774,1.15578,1.15806,1.15626
2017-07-18 17:00:00,1.15628,1.15522,1.15638,1.15619
2017-07-18 18:00:00,1.15619,1.15552,1.1565,1.15604
2017-07-18 19:00:00,1.15605,1.15515,1.15616,1.15568
2017-07-18 20:00:00,1.15569,1.15523,1.15577,1.15528
2017-07-18 21:00:00,1.1553,1.1552,1.15554,1.15526
2017-07-18 22:00:00,1.15529,1.15497,1.15545,1.15499
2017-07-18 23:00:00,1.15501,1.15472,1.15518,1.15473
2017-07-19 00:00:00,1.15475,1.15426,1.15527,1.15441
2017-07-19 01:00:00,1.15442,1.15407,1.15446,1.15416
2017-07-19 02:00:00,1.15415,1.1538,1.15438,1.15385
2017-07-19 03:00:00,1.15386,1.15358,1.15395,1.15384
2017-07-19 04:00:00,1.15385,1.15363,1.1539,1.15372
2017-07-19 05:00:00,1.15372,1.15306,1.15372,1.15321
2017-07-19 06:00:00,1.1532,1.15285,1.15471,1.15289
2017-07-19 07:00:00,1.15291,1.15184,1.15386,1.15195
2017-07-19 08:00:00,1.15196,1.15141,1.1527,1.1526
2017-07-19 09:00:00,1.15262,1.1526,1.15373,1.15293
2017-07-19 10:00:00,1.15292,1.15231,1.15371,1.15249
2017-07-19 11:00:00,1.15248,1.15204,1.15301,1.15293
2017-07-19 12:00:00,1.15294,1.15232,1.1538,1.1525
2017-07-19 13:00:00,1.1525,1.1523,1.15361,1.15232
2017-07-19 14:00:00,1.15233,1.15095,1.15282,1.15173
2017-07-19 15:00:00,1.15172,1.15124,1.15292,1.15171
2017-07-19 16:00:00,1.1517,1.15134,1.15223,1.15204
2017-07-19 17:00:00,1.15205,1.15165,1.15226,1.15166
2017-07-19 18:00:00,1.15165,1.15128,1.15189,1.15176
2017-07-19 19:00:00,1.15175,1.15141,1.15188,1.15168
2017-07-19 20:00:00,1.15167,1.15123,1.15172,1.15143
2017-07-19 21:00:00,1.15132,1.15115,1.15174,1.15167
2017-07-19 22:00:00,1.15164,1.15164,1.15276,1.15269
2017-07-19 23:00:00,1.15267,1.15267,1.15321,1.15282
2017-07-20 00:00:00,1.15281,1.15222,1.15284,1.15224
2017-07-20 01:00:00,1.15225,1.15121,1.15258,1.15159
2017-07-20 02:00:00,1.15161,1.15138,1.15248,1.15226
2017-07-20 03:00:00,1.15229,1.15044,1.15266,1.15062
2017-07-20 04:00:00,1.15063,1.15059,1.15116,1.15116
2017-07-20 05:00:00,1.15114,1.15038,1.15119,1.15108
2017-07-20 06:00:00,1.15105,1.15082,1.15247,1.1522
2017-07-20 07:00:00,1.15219,1.14996,1.15224,1.14996
2017-07-20 08:00:00,1.14997,1.14954,1.15063,1.15042
2017-07-20 09:00:00,1.15041,1.14963,1.15068,1.15032
2017-07-20 10:00:00,1.15031,1.15001,1.15116,1.15057
2017-07-20 11:00:00,1.15056,1.14792,1.15126,1.14842
2017-07-20 12:00:00,1.14843,1.14787,1.15699,1.15613
2017-07-20 13:00:00,1.15614,1.15406,1.15734,1.15612
2017-07-20 14:00:00,1.15614,1.15611,1.16572,1.1634
2017-07-20 15:00:00,1.16341,1.16268,1.16464,1.16331
2017-07-20 16:00:00,1.1633,1.16267,1.16393,1.16338
2017-07-20 17:00:00,1.1634,1.16175,1.1637,1.16286
2017-07-20 18:00:00,1.16285,1.16172,1.16289,1.16241
2017-07-20 19:00:00,1.16242,1.16205,1.16302,1.16279
2017-07-20 20:00:00,1.16277,1.16232,1.16334,1.16304
2017-07-20 21:00:00,1.16278,1.1627,1.16345,1.16319
2017-07-20 22:00:00,1.16317,1.16237,1.16352,1.16269
2017-07-20 23:00:00,1.16271,1.16254,1.16313,1.16281
2017-07-21 00:00:00,1.16282,1.16184,1.16295,1.16256
2017-07-21 01:00:00,1.16257,1.16222,1.16294,1.16279
2017-07-21 02:00:00,1.1628,1.16233,1.16356,1.16245
2017-07-21 03:00:00,1.16246,1.16224,1.16291,1.16278
2017-07-21 04:00:00,1.16276,1.16244,1.16297,1.16277
2017-07-21 05:00:00,1.16276,1.16273,1.16394,1.16394
2017-07-21 06:00:00,1.16393,1.16363,1.16766,1.16617
2017-07-21 07:00:00,1.16617,1.1637,1.16732,1.16381
2017-07-21 08:00:00,1.16382,1.16353,1.1651,1.16489
2017-07-21 09:00:00,1.16492,1.16377,1.16582,1.16458
2017-07-21 10:00:00,1.16457,1.16373,1.16516,1.16441
2017-07-21 11:00:00,1.1644,1.16393,1.16509,1.16409
2017-07-21 12:00:00,1.16411,1.16346,1.16472,1.16397
2017-07-21 13:00:00,1.16397,1.16352,1.16516,1.16459
2017-07-21 14:00:00,1.16457,1.16443,1.16665,1.16541
2017-07-21 15:00:00,1.16539,1.16475,1.16576,1.16545
2017-07-21 16:00:00,1.16544,1.16528,1.16699,1.16658
2017-07-21 17:00:00,1.16658,1.16648,1.16825,1.1675
2017-07-21 18:00:00,1.16748,1.16717,1.16805,1.16779
2017-07-21 19:00:00,1.16781,1.16637,1.16787,1.16679
2017-07-21 20:00:00,1.16677,1.16601,1.167,1.16606
2017-07-23 21:00:00,1.16595,1.16585,1.16681,1.16645
2017-07-23 22:00:00,1.16641,1.16636,1.16733,1.16721
2017-07-23 23:00:00,1.16725,1.16708,1.16815,1.16809
2017-07-24 00:00:00,1.16807,1.16667,1.16838,1.16706
2017-07-24 01:00:00,1.16707,1.16626,1.16708,1.16681
2017-07-24 02:00:00,1.16682,1.16668,1.16698,1.16678
2017-07-24 03:00:00,1.16678,1.16673,1.1675,1.1671
2017-07-24 04:00:00,1.16711,1.16689,1.16738,1.16705
2017-07-24 05:00:00,1.16705,1.16673,1.16749,1.16697
2017-07-24 06:00:00,1.16696,1.16413,1.16717,1.16453
2017-07-24 07:00:00,1.16453,1.16293,1.16606,1.16394
2017-07-24 08:00:00,1.16394,1.16383,1.16537,1.16526
2017-07-24 09:00:00,1.16527,1.16479,1.1657,1.16561
2017-07-24 10:00:00,1.1656,1.1645,1.16594,1.16481
2017-07-24 11:00:00,1.16479,1.16414,1.16521,1.16442
2017-07-24 12:00:00,1.16445,1.16426,1.1657,1.1655
2017-07-24 13:00:00,1.16552,1.16325,1.16553,1.16374
2017-07-24 14:00:00,1.16373,1.16335,1.16495,1.16428
2017-07-24 15:00:00,1.16429,1.16366,1.16474,1.16419
2017-07-24 16:00:00,1.16417,1.16249,1.16436,1.16372
2017-07-24 17:00:00,1.16371,1.16294,1.16403,1.16401
2017-07-24 18:00:00,1.16402,1.16367,1.1643,1.16425
2017-07-24 19:00:00,1.16424,1.16417,1.16469,1.1643
2017-07-24 20:00:00,1.16432,1.16392,1.16432,1.16392
2017-07-24 21:00:00,1.16393,1.16291,1.16441,1.16363
2017-07-24 22:00:00,1.16363,1.16336,1.16388,1.16371
2017-07-24 23:00:00,1.16371,1.16352,1.16398,1.16379
2017-07-25 00:00:00,1.16379,1.16299,1.16396,1.16371
2017-07-25 01:00:00,1.16372,1.1634,1.16422,1.164
2017-07-25 02:00:00,1.16401,1.16384,1.16564,1.16528
2017-07-25 03:00:00,1.16526,1.16512,1.16561,1.16561
2017-07-25 04:00:00,1.1656,1.16553,1.16631,1.16614
2017-07-25 05:00:00,1.16612,1.16514,1.16625,1.16625
2017-07-25 06:00:00,1.16623,1.16569,1.16684,1.16609
2017-07-25 07:00:00,1.16609,1.16424,1.16615,1.16498
2017-07-25 08:00:00,1.16495,1.16483,1.16676,1.16531
2017-07-25 09:00:00,1.1653,1.16479,1.16581,1.16538
2017-07-25 10:00:00,1.16537,1.16464,1.16558,1.16508
2017-07-25 11:00:00,1.16508,1.16496,1.16665,1.16662
2017-07-25 12:00:00,1.16663,1.16663,1.16987,1.16877
2017-07-25 13:00:00,1.16876,1.168,1.17117,1.16947
2017-07-25 14:00:00,1.16948,1.16566,1.16962,1.16609
2017-07-25 15:00:00,1.16608,1.16453,1.16706,1.1654
2017-07-25 16:00:00,1.16538,1.16491,1.16581,1.16532
2017-07-25 17:00:00,1.16533,1.16516,1.16608,1.16571
2017-07-25 18:00:00,1.16572,1.16442,1.16585,1.165
2017-07-25 19:00:00,1.16501,1.16432,1.16526,1.16468
2017-07-25 20:00:00,1.16463,1.16414,1.16486,1.16461
2017-07-25 21:00:00,1.16477,1.16446,1.16485,1.16474
2017-07-25 22:00:00,1.16473,1.16444,1.1648,1.16456
2017-07-25 23:00:00,1.16454,1.16425,1.16469,1.16437
2017-07-26 00:00:00,1.16435,1.16371,1.16448,1.1641
2017-07-26 01:00:00,1.16412,1.1638,1.1647,1.16451
2017-07-26 02:00:00,1.16452,1.16441,1.16532,1.1652
2017-07-26 03:00:00,1.16518,1.1641,1.16531,1.16429
2017-07-26 04:00:00,1.16428,1.16377,1.16487,1.1638
2017-07-26 05:00:00,1.16381,1.16329,1.1641,1.16386
2017-07-26 06:00:00,1.16384,1.16203,1.16429,1.16367
2017-07-26 07:00:00,1.16368,1.16245,1.16453,1.16295
2017-07-26 08:00:00,1.16295,1.1612,1.16333,1.16225
2017-07-26 09:00:00,1.16226,1.16182,1.16325,1.16316
2017-07-26 10:00:00,1.16317,1.16299,1.16508,1.16416
2017-07-26 11:00:00,1.16415,1.16369,1.16494,1.16426
2017-07-26 12:00:00,1.16427,1.16378,1.16479,1.16404
2017-07-26 13:00:00,1.16406,1.16309,1.16553,1.16324
2017-07-26 14:00:00,1.16323,1.16215,1.16389,1.16292
2017-07-26 15:00:00,1.16294,1.16255,1.16394,1.16317
2017-07-26 16:00:00,1.16316,1.16246,1.16374,1.16262
2017-07-26 17:00:00,1.16262,1.1626,1.16529,1.16452
2017-07-26 18:00:00,1.16459,1.16265,1.17073,1.17039
2017-07-26 19:00:00,1.1704,1.17036,1.17395,1.17215
2017-07-26 20:00:00,1.17214,1.17198,1.17389,1.17332
2017-07-26 21:00:00,1.17336,1.17305,1.17469,1.17458
2017-07-26 22:00:00,1.17463,1.17318,1.17465,1.17333
2017-07-26 23:00:00,1.17335,1.1726,1.17341,1.17311
2017-07-27 00:00:00,1.17311,1.17244,1.17389,1.17288
2017-07-27 01:00:00,1.17288,1.17208,1.17419,1.17398
2017-07-27 02:00:00,1.17397,1.17364,1.17459,1.17455
2017-07-27 03:00:00,1.1745,1.17414,1.17762,1.17556
2017-07-27 04:00:00,1.17557,1.17449,1.17618,1.17485
2017-07-27 05:00:00,1.17483,1.1734,1.17511,1.17387
2017-07-27 06:00:00,1.17387,1.17264,1.17469,1.17286
2017-07-27 07:00:00,1.1728,1.17137,1.1733,1.17229
2017-07-27 08:00:00,1.17229,1.17113,1.17301,1.17278
2017-07-27 09:00:00,1.17279,1.17169,1.17329,1.17195
2017-07-27 10:00:00,1.17191,1.17022,1.17205,1.17042
2017-07-27 11:00:00,1.17045,1.16866,1.17128,1.16928
2017-07-27 12:00:00,1.1693,1.16888,1.17051,1.16962
2017-07-27 13:00:00,1.16965,1.16893,1.17046,1.17046
2017-07-27 14:00:00,1.17045,1.16623,1.17058,1.16646
2017-07-27 15:00:00,1.16645,1.16534,1.1678,1.16548
2017-07-27 16:00:00,1.16547,1.16493,1.16685,1.16638
2017-07-27 17:00:00,1.16642,1.16591,1.16789,1.16739
2017-07-27 18:00:00,1.16736,1.16645,1.16884,1.16827
2017-07-27 19:00:00,1.16824,1.16714,1.16836,1.16757
2017-07-27 20:00:00,1.16756,1.16703,1.16787,1.16751
2017-07-27 21:00:00,1.16762,1.167,1.1678,1.16743
2017-07-27 22:00:00,1.16749,1.1674,1.16879,1.16833
2017-07-27 23:00:00,1.16833,1.16804,1.16911,1.16893
2017-07-28 00:00:00,1.16891,1.16708,1.16921,1.16757
2017-07-28 01:00:00,1.16758,1.16705,1.16841,1.16841
2017-07-28 02:00:00,1.16839,1.16796,1.16924,1.16924
2017-07-28 03:00:00,1.16922,1.16824,1.16932,1.16829
2017-07-28 04:00:00,1.16828,1.16811,1.1688,1.16844
2017-07-28 05:00:00,1.16844,1.16844,1.16957,1.16935
2017-07-28 06:00:00,1.16934,1.16869,1.17009,1.16967
2017-07-28 07:00:00,1.16968,1.16904,1.17149,1.16958
2017-07-28 08:00:00,1.16963,1.1696,1.17072,1.17056
2017-07-28 09:00:00,1.17054,1.17049,1.17173,1.17153
2017-07-28 10:00:00,1.1715,1.17037,1.17215,1.17066
2017-07-28 11:00:00,1.17065,1.17039,1.17232,1.17184
2017-07-28 12:00:00,1.17185,1.1714,1.17526,1.17156
2017-07-28 13:00:00,1.17157,1.17141,1.17322,1.17278
2017-07-28 14:00:00,1.17278,1.1726,1.17535,1.1747
2017-07-28 15:00:00,1.17472,1.17408,1.17634,1.17547
2017-07-28 16:00:00,1.17544,1.17373,1.1756,1.17397
2017-07-28 17:00:00,1.17399,1.17397,1.17496,1.17463
2017-07-28 18:00:00,1.17462,1.17424,1.17618,1.17607
2017-07-28 19:00:00,1.17606,1.1752,1.17617,1.17584
2017-07-28 20:00:00,1.17583,1.17418,1.17589,1.17448
2017-07-30 21:00:00,1.17449,1.17449,1.17549,1.17523
2017-07-30 22:00:00,1.17518,1.17474,1.17612,1.17586
2017-07-30 23:00:00,1.17587,1.17446,1.17592,1.17463
2017-07-31 00:00:00,1.17464,1.17337,1.17474,1.17419
2017-07-31 01:00:00,1.17422,1.17368,1.17456,1.1739
2017-07-31 02:00:00,1.17391,1.17348,1.17431,1.17349
2017-07-31 03:00:00,1.17346,1.17309,1.17371,1.1732
2017-07-31 04:00:00,1.17319,1.17308,1.17364,1.17355
2017-07-31 05:00:00,1.17354,1.17311,1.17466,1.17449
2017-07-31 06:00:00,1.17447,1.17241,1.1746,1.17368
2017-07-31 07:00:00,1.17366,1.17225,1.17379,1.17242
2017-07-31 08:00:00,1.17241,1.17227,1.1734,1.1732
2017-07-31 09:00:00,1.17314,1.17269,1.17439,1.17333
2017-07-31 10:00:00,1.17333,1.1729,1.17368,1.17306
2017-07-31 11:00:00,1.17308,1.17248,1.17343,1.17275
2017-07-31 12:00:00,1.17274,1.17224,1.17349,1.17328
2017-07-31 13:00:00,1.17328,1.1731,1.1751,1.17472
2017-07-31 14:00:00,1.17472,1.17454,1.17904,1.17887
2017-07-31 15:00:00,1.17891,1.17831,1.18298,1.18249
2017-07-31 16:00:00,1.1825,1.1805,1.18309,1.18104
2017-07-31 17:00:00,1.18103,1.18072,1.18267,1.18135
2017-07-31 18:00:00,1.18136,1.18125,1.18348,1.18303
2017-07-31 19:00:00,1.18303,1.18276,1.18446,1.18358
2017-07-31 20:00:00,1.18357,1.18299,1.1845,1.18409
2017-07-31 21:00:00,1.18402,1.18345,1.18437,1.18354
2017-07-31 22:00:00,1.18353,1.18285,1.18361,1.183
2017-07-31 23:00:00,1.18298,1.18196,1.18316,1.182
2017-08-01 00:00:00,1.18199,1.1819,1.18296,1.18263
2017-08-01 01:00:00,1.18262,1.1819,1.18303,1.18289
2017-08-01 02:00:00,1.18288,1.18254,1.18336,1.18272
2017-08-01 03:00:00,1.18271,1.18221,1.18271,1.18258
2017-08-01 04:00:00,1.18259,1.18237,1.18334,1.18299
2017-08-01 05:00:00,1.18297,1.18187,1.18329,1.18195
2017-08-01 06:00:00,1.18194,1.18104,1.18301,1.18201
2017-08-01 07:00:00,1.182,1.18103,1.18224,1.18188
2017-08-01 08:00:00,1.18187,1.18146,1.1833,1.18208
2017-08-01 09:00:00,1.18206,1.18065,1.18229,1.18142
2017-08-01 10:00:00,1.18141,1.18042,1.18172,1.18115
2017-08-01 11:00:00,1.18116,1.18086,1.18222,1.18101
2017-08-01 12:00:00,1.18099,1.18053,1.18192,1.18173
2017-08-01 13:00:00,1.18171,1.18066,1.18286,1.18234
2017-08-01 14:00:00,1.18236,1.17842,1.18388,1.18094
2017-08-01 15:00:00,1.18094,1.1791,1.18136,1.17978
2017-08-01 16:00:00,1.17977,1.1796,1.18051,1.18044
2017-08-01 17:00:00,1.18044,1.18041,1.18365,1.18168
2017-08-01 18:00:00,1.18169,1.17977,1.18195,1.1803
2017-08-01 19:00:00,1.18029,1.17986,1.18048,1.17999
2017-08-01 20:00:00,1.18001,1.17982,1.18028,1.18014
2017-08-01 21:00:00,1.18013,1.1795,1.18064,1.18054
2017-08-01 22:00:00,1.18052,1.18036,1.18126,1.18053
2017-08-01 23:00:00,1.18052,1.18017,1.18125,1.18102
2017-08-02 00:00:00,1.18102,1.18058,1.18174,1.18125
2017-08-02 01:00:00,1.18127,1.17928,1.18137,1.17994
2017-08-02 02:00:00,1.17998,1.17964,1.18085,1.18074
2017-08-02 03:00:00,1.18075,1.18026,1.18161,1.18101
2017-08-02 04:00:00,1.18103,1.18094,1.18282,1.18246
2017-08-02 05:00:00,1.18248,1.18203,1.18297,1.18229
2017-08-02 06:00:00,1.18231,1.18167,1.18434,1.18388
2017-08-02 07:00:00,1.18387,1.1824,1.18405,1.18332
2017-08-02 08:00:00,1.18328,1.18296,1.18678,1.1854
2017-08-02 09:00:00,1.18539,1.18367,1.18588,1.18369
2017-08-02 10:00:00,1.18369,1.18294,1.1838,1.18319
2017-08-02 11:00:00,1.18317,1.18213,1.18373,1.18267
2017-08-02 12:00:00,1.18269,1.18173,1.1838,1.18243
2017-08-02 13:00:00,1.1824,1.18227,1.18336,1.18323
2017-08-02 14:00:00,1.18324,1.18245,1.18577,1.18558
2017-08-02 15:00:00,1.1856,1.18542,1.18709,1.186
2017-08-02 16:00:00,1.18601,1.18596,1.18704,1.18672
2017-08-02 17:00:00,1.18671,1.1867,1.191,1.18826
2017-08-02 18:00:00,1.18824,1.18563,1.1883,1.18593
2017-08-02 19:00:00,1.18593,1.18492,1.18607,1.18534
2017-08-02 20:00:00,1.18534,1.18522,1.1857,1.18548
2017-08-02 21:00:00,1.18547,1.18515,1.1859,1.18541
2017-08-02 22:00:00,1.18539,1.18492,1.18577,1.18507
2017-08-02 23:00:00,1.18505,1.18451,1.18529,1.1851
2017-08-03 00:00:00,1.18507,1.18349,1.18517,1.18356
2017-08-03 01:00:00,1.18357,1.18353,1.18469,1.18363
2017-08-03 02:00:00,1.18361,1.18335,1.18435,1.18431
2017-08-03 03:00:00,1.18432,1.18404,1.18484,1.18408
2017-08-03 04:00:00,1.18407,1.18407,1.18476,1.18461
2017-08-03 05:00:00,1.18459,1.18431,1.18566,1.18435
2017-08-03 06:00:00,1.18434,1.18369,1.18531,1.1851
2017-08-03 07:00:00,1.18509,1.18363,1.18565,1.18402
2017-08-03 08:00:00,1.18402,1.18298,1.18431,1.18426
2017-08-03 09:00:00,1.18427,1.18406,1.18501,1.18444
2017-08-03 10:00:00,1.18447,1.18327,1.18472,1.18367
2017-08-03 11:00:00,1.18368,1.18329,1.1858,1.18527
2017-08-03 12:00:00,1.18529,1.18472,1.18729,1.18591
2017-08-03 13:00:00,1.1859,1.18422,1.1859,1.18495
2017-08-03 14:00:00,1.18495,1.18448,1.18927,1.18781
2017-08-03 15:00:00,1.18783,1.18726,1.18887,1.18783
2017-08-03 16:00:00,1.18784,1.18666,1.1884,1.18681
2017-08-03 17:00:00,1.18682,1.18601,1.18716,1.1871
2017-08-03 18:00:00,1.18709,1.18634,1.18768,1.18667
2017-08-03 19:00:00,1.18664,1.18613,1.18884,1.18749
2017-08-03 20:00:00,1.18749,1.18667,1.18808,1.18684
2017-08-03 21:00:00,1.18694,1.18666,1.18723,1.187
2017-08-03 22:00:00,1.187,1.18691,1.18796,1.18766
2017-08-03 23:00:00,1.18765,1.18737,1.18851,1.18816
2017-08-04 00:00:00,1.18816,1.18752,1.18851,1.18761
2017-08-04 01:00:00,1.18765,1.18705,1.18791,1.18761
2017-08-04 02:00:00,1.18762,1.18711,1.18795,1.18745
2017-08-04 03:00:00,1.18746,1.18733,1.18786,1.18786
2017-08-04 04:00:00,1.18789,1.18767,1.18884,1.18794
2017-08-04 05:00:00,1.18795,1.18767,1.18864,1.18831
2017-08-04 06:00:00,1.1883,1.18734,1.18849,1.18843
2017-08-04 07:00:00,1.18841,1.18758,1.18889,1.18813
2017-08-04 08:00:00,1.18814,1.18799,1.18876,1.18819
2017-08-04 09:00:00,1.18819,1.1877,1.18845,1.18815
2017-08-04 10:00:00,1.18813,1.18691,1.18822,1.18696
2017-08-04 11:00:00,1.18695,1.18623,1.18764,1.18763
2017-08-04 12:00:00,1.1876,1.18244,1.18762,1.18296
2017-08-04 13:00:00,1.18295,1.17905,1.18455,1.1793
2017-08-04 14:00:00,1.17931,1.17276,1.17931,1.17493
2017-08-04 15:00:00,1.17494,1.17446,1.17643,1.1753
2017-08-04 16:00:00,1.17529,1.17355,1.17583,1.17538
2017-08-04 17:00:00,1.17537,1.17489,1.17632,1.17536
2017-08-04 18:00:00,1.17537,1.17509,1.17668,1.17639
2017-08-04 19:00:00,1.1764,1.1764,1.17812,1.17797
2017-08-04 20:00:00,1.17796,1.17648,1.17828,1.17697
2017-08-06 21:00:00,1.17724,1.17699,1.17749,1.17728
2017-08-06 22:00:00,1.17722,1.1767,1.17925,1.17852
2017-08-06 23:00:00,1.17857,1.17759,1.17914,1.17761
2017-08-07 00:00:00,1.17761,1.17758,1.17921,1.17851
2017-08-07 01:00:00,1.17851,1.17835,1.17924,1.1792
2017-08-07 02:00:00,1.17919,1.17909,1.17996,1.17927
2017-08-07 03:00:00,1.17928,1.17924,1.18014,1.17983
2017-08-07 04:00:00,1.17984,1.17941,1.18002,1.17945
2017-08-07 05:00:00,1.17949,1.17829,1.17963,1.17837
2017-08-07 06:00:00,1.1784,1.17804,1.17924,1.17843
2017-08-07 07:00:00,1.17841,1.17776,1.18136,1.18097
2017-08-07 08:00:00,1.18096,1.17956,1.18111,1.1798
2017-08-07 09:00:00,1.17981,1.17891,1.18048,1.18017
2017-08-07 10:00:00,1.18016,1.17942,1.18045,1.17974
2017-08-07 11:00:00,1.1797,1.17932,1.18081,1.18021
2017-08-07 12:00:00,1.18022,1.17853,1.18042,1.17859
2017-08-07 13:00:00,1.1786,1.17824,1.17939,1.17912
2017-08-07 14:00:00,1.17913,1.17822,1.17982,1.1794
2017-08-07 15:00:00,1.17941,1.17854,1.17956,1.17871
2017-08-07 16:00:00,1.17871,1.17805,1.179,1.17884
2017-08-07 17:00:00,1.17885,1.17879,1.17963,1.1791
2017-08-07 18:00:00,1.17911,1.17866,1.17951,1.17941
2017-08-07 19:00:00,1.17941,1.17882,1.17963,1.17932
2017-08-07 20:00:00,1.17933,1.17915,1.17966,1.1794
2017-08-07 21:00:00,1.17922,1.17874,1.17966,1.17947
2017-08-07 22:00:00,1.17946,1.17903,1.18007,1.17913
2017-08-07 23:00:00,1.17913,1.17912,1.18014,1.17994
2017-08-08 00:00:00,1.17993,1.17972,1.18046,1.18019
2017-08-08 01:00:00,1.18021,1.18014,1.18235,1.18154
2017-08-08 02:00:00,1.18155,1.18061,1.18169,1.18129
2017-08-08 03:00:00,1.18128,1.18056,1.1816,1.18063
2017-08-08 04:00:00,1.18064,1.18064,1.18151,1.18108
2017-08-08 05:00:00,1.18109,1.18041,1.18145,1.1808
2017-08-08 06:00:00,1.18079,1.18011,1.18123,1.18043
2017-08-08 07:00:00,1.18042,1.18021,1.18175,1.1807
2017-08-08 08:00:00,1.1807,1.18048,1.18152,1.18077
2017-08-08 09:00:00,1.18076,1.18058,1.18137,1.18102
2017-08-08 10:00:00,1.18101,1.18069,1.18178,1.18149
2017-08-08 11:00:00,1.18147,1.18048,1.18165,1.18084
2017-08-08 12:00:00,1.18085,1.18062,1.18172,1.18138
2017-08-08 13:00:00,1.18141,1.18058,1.18156,1.181
2017-08-08 14:00:00,1.18097,1.17309,1.18117,1.1738
2017-08-08 15:00:00,1.17379,1.17142,1.17504,1.17239
2017-08-08 16:00:00,1.17237,1.17207,1.17539,1.17515
2017-08-08 17:00:00,1.17517,1.17493,1.17691,1.17632
2017-08-08 18:00:00,1.17633,1.17498,1.17634,1.17513
2017-08-08 19:00:00,1.17512,1.17395,1.17528,1.17489
2017-08-08 20:00:00,1.17488,1.1746,1.17587,1.1751
2017-08-08 21:00:00,1.17451,1.17429,1.1755,1.17486
2017-08-08 22:00:00,1.17483,1.17431,1.17618,1.17582
2017-08-08 23:00:00,1.17582,1.17513,1.17631,1.17539
2017-08-09 00:00:00,1.17538,1.17326,1.17546,1.1743
2017-08-09 01:00:00,1.17431,1.17283,1.17492,1.17351
2017-08-09 02:00:00,1.17353,1.17182,1.17406,1.17336
2017-08-09 03:00:00,1.17335,1.17277,1.17357,1.17325
2017-08-09 04:00:00,1.17327,1.17317,1.17391,1.17369
2017-08-09 05:00:00,1.17371,1.17348,1.1744,1.17399
2017-08-09 06:00:00,1.17398,1.17343,1.17542,1.17447
2017-08-09 07:00:00,1.17447,1.17351,1.17615,1.17425
2017-08-09 08:00:00,1.17424,1.17213,1.17425,1.17317
2017-08-09 09:00:00,1.17316,1.1729,1.17525,1.17399
2017-08-09 10:00:00,1.17399,1.17324,1.17512,1.17353
2017-08-09 11:00:00,1.17354,1.17311,1.17415,1.17391
2017-08-09 12:00:00,1.17392,1.17249,1.1747,1.17442
2017-08-09 13:00:00,1.17441,1.16886,1.17456,1.17105
2017-08-09 14:00:00,1.17106,1.17075,1.17492,1.17425
2017-08-09 15:00:00,1.17423,1.17296,1.17483,1.17478
2017-08-09 16:00:00,1.17477,1.17353,1.1749,1.1744
2017-08-09 17:00:00,1.17442,1.17393,1.17584,1.1752
2017-08-09 18:00:00,1.1752,1.17496,1.17612,1.17516
2017-08-09 19:00:00,1.17514,1.17488,1.1756,1.17551
2017-08-09 20:00:00,1.17549,1.17524,1.17604,1.17584
2017-08-09 21:00:00,1.17582,1.17514,1.17602,1.17587
2017-08-09 22:00:00,1.17584,1.17553,1.17695,1.17616
2017-08-09 23:00:00,1.17615,1.17569,1.1763,1.17629
2017-08-10 00:00:00,1.17629,1.17507,1.17633,1.17564
2017-08-10 01:00:00,1.17562,1.17469,1.17616,1.17527
2017-08-10 02:00:00,1.17528,1.17407,1.17544,1.17479
2017-08-10 03:00:00,1.1748,1.17321,1.17483,1.17381
2017-08-10 04:00:00,1.17378,1.17314,1.17389,1.17355
2017-08-10 05:00:00,1.17357,1.17258,1.17385,1.1733
2017-08-10 06:00:00,1.17331,1.1729,1.17402,1.17314
2017-08-10 07:00:00,1.17315,1.17147,1.1735,1.172
2017-08-10 08:00:00,1.17199,1.17191,1.17348,1.17222
2017-08-10 09:00:00,1.17219,1.1707,1.17227,1.17107
2017-08-10 10:00:00,1.17106,1.17033,1.1725,1.17234
2017-08-10 11:00:00,1.17235,1.17125,1.17252,1.17252
2017-08-10 12:00:00,1.17253,1.17237,1.17475,1.17409
2017-08-10 13:00:00,1.17406,1.17299,1.17486,1.17354
2017-08-10 14:00:00,1.17353,1.17169,1.17588,1.17495
2017-08-10 15:00:00,1.17496,1.17404,1.17569,1.17503
2017-08-10 16:00:00,1.17504,1.17478,1.17615,1.17562
2017-08-10 17:00:00,1.17559,1.17508,1.17597,1.1755
2017-08-10 18:00:00,1.17552,1.17517,1.1774,1.17692
2017-08-10 19:00:00,1.17691,1.17688,1.17847,1.1773
2017-08-10 20:00:00,1.17729,1.17708,1.17792,1.17717
2017-08-10 21:00:00,1.17716,1.17657,1.17729,1.17708
2017-08-10 22:00:00,1.17704,1.17642,1.17704,1.17648
2017-08-10 23:00:00,1.17647,1.17629,1.17703,1.17698
2017-08-11 00:00:00,1.17698,1.17675,1.17764,1.17714
2017-08-11 01:00:00,1.17713,1.17644,1.17754,1.17697
2017-08-11 02:00:00,1.17695,1.17608,1.17699,1.1768
2017-08-11 03:00:00,1.17679,1.17662,1.17751,1.17747
2017-08-11 04:00:00,1.17745,1.17712,1.1776,1.17739
2017-08-11 05:00:00,1.17737,1.17635,1.1779,1.17638
2017-08-11 06:00:00,1.17632,1.17543,1.17689,1.17589
2017-08-11 07:00:00,1.17588,1.17491,1.17609,1.17529
2017-08-11 08:00:00,1.17526,1.17501,1.1764,1.1755
2017-08-11 09:00:00,1.17546,1.17478,1.17578,1.17576
2017-08-11 10:00:00,1.17572,1.17547,1.17737,1.17596
2017-08-11 11:00:00,1.17595,1.1757,1.17717,1.17583
2017-08-11 12:00:00,1.17579,1.17536,1.18349,1.18156
2017-08-11 13:00:00,1.18159,1.17764,1.18296,1.17974
2017-08-11 14:00:00,1.17974,1.17857,1.18093,1.17917
2017-08-11 15:00:00,1.17918,1.17855,1.18104,1.18097
2017-08-11 16:00:00,1.18096,1.18048,1.18216,1.18202
2017-08-11 17:00:00,1.18202,1.18202,1.18469,1.18366
2017-08-11 18:00:00,1.18366,1.18201,1.18387,1.18226
2017-08-11 19:00:00,1.18225,1.18194,1.18283,1.18245
2017-08-11 20:00:00,1.18246,1.18155,1.18248,1.182
2017-08-13 21:00:00,1.18172,1.1816,1.18273,1.18226
2017-08-13 22:00:00,1.18226,1.18176,1.18239,1.18209
2017-08-13 23:00:00,1.18205,1.1818,1.18259,1.18246
2017-08-14 00:00:00,1.18247,1.18181,1.18285,1.18183
2017-08-14 01:00:00,1.18182,1.1816,1.18339,1.18297
2017-08-14 02:00:00,1.18296,1.18261,1.18335,1.18265
2017-08-14 03:00:00,1.18264,1.1824,1.18311,1.18265
2017-08-14 04:00:00,1.18264,1.18171,1.18268,1.18178
2017-08-14 05:00:00,1.18174,1.18089,1.18208,1.1819
2017-08-14 06:00:00,1.18188,1.18093,1.18325,1.18301
2017-08-14 07:00:00,1.18298,1.17996,1.18378,1.18074
2017-08-14 08:00:00,1.18072,1.17915,1.18093,1.18025
2017-08-14 09:00:00,1.18023,1.1796,1.18069,1.17973
2017-08-14 10:00:00,1.17975,1.17905,1.18039,1.17983
2017-08-14 11:00:00,1.17984,1.17866,1.17996,1.1792
2017-08-14 12:00:00,1.17921,1.17907,1.17993,1.17953
2017-08-14 13:00:00,1.17951,1.17841,1.18016,1.17903
2017-08-14 14:00:00,1.17904,1.17691,1.17906,1.17819
2017-08-14 15:00:00,1.17819,1.17739,1.17876,1.17852
2017-08-14 16:00:00,1.17853,1.17747,1.17954,1.17922
2017-08-14 17:00:00,1.17923,1.17712,1.17944,1.17732
2017-08-14 18:00:00,1.1773,1.17727,1.17857,1.17825
2017-08-14 19:00:00,1.17824,1.1781,1.1788,1.17846
2017-08-14 20:00:00,1.17845,1.17767,1.17878,1.17793
2017-08-14 21:00:00,1.17788,1.17738,1.17803,1.17752
2017-08-14 22:00:00,1.17755,1.17745,1.17801,1.17777
2017-08-14 23:00:00,1.17776,1.17674,1.17801,1.17753
2017-08-15 00:00:00,1.17753,1.17743,1.17892,1.17804
2017-08-15 01:00:00,1.17805,1.17805,1.17921,1.17847
2017-08-15 02:00:00,1.17848,1.17806,1.17856,1.17821
2017-08-15 03:00:00,1.17824,1.17792,1.17837,1.17817
2017-08-15 04:00:00,1.17818,1.17761,1.17859,1.17769
2017-08-15 05:00:00,1.17768,1.17595,1.17793,1.17602
2017-08-15 06:00:00,1.176,1.17355,1.17633,1.17428
2017-08-15 07:00:00,1.17427,1.172,1.1747,1.17458
2017-08-15 08:00:00,1.17457,1.17433,1.17683,1.17556
2017-08-15 09:00:00,1.17555,1.17487,1.17628,1.17492
2017-08-15 10:00:00,1.17496,1.17383,1.17516,1.17496
2017-08-15 11:00:00,1.17496,1.17332,1.17572,1.17393
2017-08-15 12:00:00,1.17394,1.16867,1.17446,1.16917
2017-08-15 13:00:00,1.16917,1.16893,1.1724,1.17068
2017-08-15 14:00:00,1.17071,1.17001,1.17191,1.17185
2017-08-15 15:00:00,1.17186,1.17137,1.17384,1.17352
2017-08-15 16:00:00,1.17351,1.1729,1.17378,1.17367
2017-08-15 17:00:00,1.17365,1.17358,1.17425,1.17382
2017-08-15 18:00:00,1.17383,1.17267,1.17386,1.17332
2017-08-15 19:00:00,1.17331,1.17318,1.17401,1.17386
2017-08-15 20:00:00,1.17383,1.17318,1.17395,1.1733
2017-08-15 21:00:00,1.17336,1.17322,1.1737,1.17343
2017-08-15 22:00:00,1.17343,1.17278,1.17384,1.17367
2017-08-15 23:00:00,1.17365,1.17357,1.17428,1.17399
2017-08-16 00:00:00,1.17397,1.17353,1.17449,1.17371
2017-08-16 01:00:00,1.1737,1.17333,1.17416,1.17382
2017-08-16 02:00:00,1.17385,1.17351,1.17412,1.17358
2017-08-16 03:00:00,1.17357,1.17352,1.17398,1.17389
2017-08-16 04:00:00,1.17387,1.1737,1.17428,1.17422
2017-08-16 05:00:00,1.1742,1.1737,1.17469,1.17411
2017-08-16 06:00:00,1.17411,1.17231,1.17414,1.17299
2017-08-16 07:00:00,1.17298,1.17132,1.17573,1.17149
2017-08-16 08:00:00,1.17148,1.16906,1.17387,1.1725
2017-08-16 09:00:00,1.17251,1.17218,1.17392,1.17228
2017-08-16 10:00:00,1.1723,1.16942,1.17233,1.17011
2017-08-16 11:00:00,1.17013,1.16977,1.17143,1.17107
2017-08-16 12:00:00,1.17107,1.17006,1.17201,1.17023
2017-08-16 13:00:00,1.17026,1.16799,1.1706,1.1694
2017-08-16 14:00:00,1.16942,1.16928,1.17158,1.17022
2017-08-16 15:00:00,1.17023,1.1693,1.1709,1.17012
2017-08-16 16:00:00,1.17015,1.16905,1.1704,1.17014
2017-08-16 17:00:00,1.17014,1.16997,1.17424,1.17327
2017-08-16 18:00:00,1.17327,1.17291,1.17782,1.17677
2017-08-16 19:00:00,1.17677,1.17616,1.17727,1.17688
2017-08-16 20:00:00,1.17686,1.17652,1.17713,1.17654
2017-08-16 21:00:00,1.17646,1.17644,1.17717,1.17697
2017-08-16 22:00:00,1.17697,1.17689,1.17787,1.1776
2017-08-16 23:00:00,1.1776,1.1769,1.17788,1.17732
2017-08-17 00:00:00,1.1773,1.17641,1.1774,1.17675
2017-08-17 01:00:00,1.17676,1.1766,1.17883,1.17877
2017-08-17 02:00:00,1.17881,1.1777,1.17896,1.1782
2017-08-17 03:00:00,1.17818,1.1774,1.17829,1.17772
2017-08-17 04:00:00,1.17772,1.17767,1.17818,1.17785
2017-08-17 05:00:00,1.17784,1.17752,1.17891,1.17786
2017-08-17 06:00:00,1.17786,1.17624,1.17798,1.17629
2017-08-17 07:00:00,1.17628,1.17501,1.17656,1.17557
2017-08-17 08:00:00,1.17556,1.17291,1.17556,1.17323
2017-08-17 09:00:00,1.17324,1.17028,1.17372,1.17063
2017-08-17 10:00:00,1.17064,1.16893,1.17083,1.16973
2017-08-17 11:00:00,1.16972,1.16614,1.17134,1.16992
2017-08-17 12:00:00,1.16993,1.16811,1.17039,1.16927
2017-08-17 13:00:00,1.16927,1.16916,1.17284,1.17267
2017-08-17 14:00:00,1.17264,1.17137,1.17471,1.17445
2017-08-17 15:00:00,1.17446,1.17311,1.17453,1.17344
2017-08-17 16:00:00,1.17345,1.17314,1.17536,1.17408
2017-08-17 17:00:00,1.17409,1.17381,1.17509,1.17405
2017-08-17 18:00:00,1.17404,1.17388,1.17511,1.17394
2017-08-17 19:00:00,1.17394,1.1726,1.17464,1.17273
2017-08-17 20:00:00,1.17275,1.17173,1.17329,1.1723
2017-08-17 21:00:00,1.17196,1.17158,1.17279,1.17248
2017-08-17 22:00:00,1.17247,1.17227,1.17304,1.17259
2017-08-17 23:00:00,1.17264,1.17074,1.17292,1.17155
2017-08-18 00:00:00,1.17156,1.1709,1.17294,1.17274
2017-08-18 01:00:00,1.17275,1.17227,1.17343,1.17317
2017-08-18 02:00:00,1.17316,1.17282,1.17362,1.17283
2017-08-18 03:00:00,1.17282,1.17282,1.17356,1.173
2017-08-18 04:00:00,1.17302,1.17296,1.17392,1.17367
2017-08-18 05:00:00,1.17368,1.17318,1.17404,1.17319
2017-08-18 06:00:00,1.17322,1.17245,1.17408,1.17366
2017-08-18 07:00:00,1.17364,1.17208,1.17582,1.17261
2017-08-18 08:00:00,1.1726,1.17229,1.17485,1.17469
2017-08-18 09:00:00,1.1747,1.17339,1.17741,1.17341
2017-08-18 10:00:00,1.1734,1.17335,1.17523,1.17481
2017-08-18 11:00:00,1.1748,1.17309,1.17507,1.17344
2017-08-18 12:00:00,1.17345,1.17332,1.17494,1.17478
2017-08-18 13:00:00,1.17479,1.17359,1.17545,1.17412
2017-08-18 14:00:00,1.1741,1.17362,1.17603,1.17488
2017-08-18 15:00:00,1.17489,1.17285,1.17545,1.1747
2017-08-18 16:00:00,1.17469,1.17423,1.17549,1.1749
2017-08-18 17:00:00,1.17488,1.17399,1.17538,1.17524
2017-08-18 18:00:00,1.17525,1.1751,1.17604,1.17579
2017-08-18 19:00:00,1.1758,1.17579,1.17672,1.17624
2017-08-18 20:00:00,1.17622,1.17563,1.1765,1.17577
2017-08-20 21:00:00,1.175,1.17486,1.17596,1.17578
2017-08-20 22:00:00,1.17579,1.17523,1.17591,1.17532
2017-08-20 23:00:00,1.17526,1.1749,1.17563,1.17555
2017-08-21 00:00:00,1.17557,1.17497,1.17568,1.17512
2017-08-21 01:00:00,1.17512,1.17502,1.17593,1.17578
2017-08-21 02:00:00,1.17579,1.17556,1.17622,1.17594
2017-08-21 03:00:00,1.17594,1.17509,1.17594,1.17543
2017-08-21 04:00:00,1.17542,1.17504,1.17575,1.17504
2017-08-21 05:00:00,1.17503,1.17442,1.17545,1.17456
2017-08-21 06:00:00,1.17457,1.17342,1.17477,1.17376
2017-08-21 07:00:00,1.17375,1.17304,1.17413,1.17391
2017-08-21 08:00:00,1.17392,1.17377,1.17491,1.17402
2017-08-21 09:00:00,1.174,1.1736,1.1745,1.17389
2017-08-21 10:00:00,1.1739,1.17368,1.1758,1.17575
2017-08-21 11:00:00,1.17577,1.17568,1.17693,1.17641
2017-08-21 12:00:00,1.17642,1.17583,1.17825,1.17798
2017-08-21 13:00:00,1.17796,1.17763,1.17895,1.17877
2017-08-21 14:00:00,1.17881,1.17877,1.18193,1.18139
2017-08-21 15:00:00,1.1814,1.18102,1.18245,1.18124
2017-08-21 16:00:00,1.18123,1.18087,1.18238,1.18234
2017-08-21 17:00:00,1.18232,1.18156,1.18276,1.18183
2017-08-21 18:00:00,1.18181,1.18086,1.1822,1.18121
2017-08-21 19:00:00,1.18121,1.18067,1.18128,1.18093
2017-08-21 20:00:00,1.18092,1.18066,1.18168,1.18135
2017-08-21 21:00:00,1.18135,1.18053,1.18157,1.18122
2017-08-21 22:00:00,1.18122,1.18073,1.1817,1.18086
2017-08-21 23:00:00,1.18084,1.18075,1.1815,1.18107
2017-08-22 00:00:00,1.18106,1.18096,1.18168,1.1814
2017-08-22 01:00:00,1.18139,1.18108,1.1824,1.1812
2017-08-22 02:00:00,1.18119,1.18034,1.18129,1.18047
2017-08-22 03:00:00,1.18048,1.1802,1.18081,1.18079
2017-08-22 04:00:00,1.18079,1.18053,1.18097,1.18061
2017-08-22 05:00:00,1.18059,1.17949,1.18066,1.18012
2017-08-22 06:00:00,1.18014,1.17896,1.18062,1.17896
2017-08-22 07:00:00,1.17895,1.17833,1.17933,1.17928
2017-08-22 08:00:00,1.17926,1.17652,1.17926,1.17693
2017-08-22 09:00:00,1.17694,1.17545,1.17718,1.17548
2017-08-22 10:00:00,1.17549,1.17444,1.17584,1.17525
2017-08-22 11:00:00,1.17526,1.17471,1.17684,1.17675
2017-08-22 12:00:00,1.17674,1.17527,1.17725,1.17611
2017-08-22 13:00:00,1.17609,1.17506,1.17682,1.1753
2017-08-22 14:00:00,1.17529,1.17495,1.17661,1.17625
2017-08-22 15:00:00,1.17624,1.17605,1.17711,1.17611
2017-08-22 16:00:00,1.17612,1.17593,1.17703,1.17638
2017-08-22 17:00:00,1.17637,1.17519,1.17644,1.17527
2017-08-22 18:00:00,1.17528,1.17475,1.17544,1.17512
2017-08-22 19:00:00,1.17512,1.17489,1.17603,1.17592
2017-08-22 20:00:00,1.17591,1.17567,1.17635,1.17602
2017-08-22 21:00:00,1.17605,1.17568,1.17647,1.17646
2017-08-22 22:00:00,1.17647,1.1759,1.17655,1.17641
2017-08-22 23:00:00,1.1764,1.17605,1.17658,1.17612
2017-08-23 00:00:00,1.17613,1.17484,1.17615,1.17487
2017-08-23 01:00:00,1.17484,1.1747,1.17585,1.17571
2017-08-23 02:00:00,1.17573,1.17531,1.17643,1.17641
2017-08-23 03:00:00,1.1764,1.17581,1.17656,1.17599
2017-08-23 04:00:00,1.17598,1.17562,1.17609,1.17577
2017-08-23 05:00:00,1.17577,1.17563,1.17614,1.17583
2017-08-23 06:00:00,1.17582,1.17502,1.17599,1.17559
2017-08-23 07:00:00,1.17557,1.17391,1.17836,1.17808
2017-08-23 08:00:00,1.17809,1.17746,1.1792,1.17897
2017-08-23 09:00:00,1.17897,1.17752,1.17935,1.17787
2017-08-23 10:00:00,1.17788,1.1776,1.17849,1.17813
2017-08-23 11:00:00,1.17814,1.1781,1.18005,1.17991
2017-08-23 12:00:00,1.17995,1.17916,1.18075,1.17944
2017-08-23 13:00:00,1.17945,1.1786,1.17985,1.1797
2017-08-23 14:00:00,1.17969,1.17968,1.18195,1.18149
2017-08-23 15:00:00,1.18148,1.17991,1.18161,1.1801
2017-08-23 16:00:00,1.18008,1.17971,1.18043,1.18008
2017-08-23 17:00:00,1.18009,1.18006,1.18153,1.18119
2017-08-23 18:00:00,1.18118,1.18066,1.18226,1.18196
2017-08-23 19:00:00,1.18195,1.18146,1.18225,1.18173
2017-08-23 20:00:00,1.18174,1.18048,1.18192,1.1806
2017-08-23 21:00:00,1.18072,1.18046,1.18113,1.18083
2017-08-23 22:00:00,1.18082,1.18069,1.18126,1.18106
2017-08-23 23:00:00,1.18109,1.18106,1.18169,1.18153
2017-08-24 00:00:00,1.18151,1.1807,1.18168,1.18084
2017-08-24 01:00:00,1.18083,1.17996,1.18093,1.18009
2017-08-24 02:00:00,1.18009,1.17936,1.1806,1.18048
2017-08-24 03:00:00,1.18047,1.17958,1.18047,1.18017
2017-08-24 04:00:00,1.18016,1.17981,1.1803,1.18017
2017-08-24 05:00:00,1.18016,1.18002,1.18075,1.18043
2017-08-24 06:00:00,1.18042,1.17868,1.1806,1.17908
2017-08-24 07:00:00,1.17906,1.17872,1.17965,1.17929
2017-08-24 08:00:00,1.17927,1.17834,1.1798,1.17868
2017-08-24 09:00:00,1.17866,1.17854,1.1796,1.17909
2017-08-24 10:00:00,1.17908,1.17841,1.17921,1.17912
2017-08-24 11:00:00,1.17911,1.17896,1.181,1.18069
2017-08-24 12:00:00,1.18067,1.17937,1.181,1.17989
2017-08-24 13:00:00,1.17989,1.17909,1.18047,1.18006
2017-08-24 14:00:00,1.18005,1.17869,1.18055,1.18041
2017-08-24 15:00:00,1.1804,1.17977,1.18069,1.18009
2017-08-24 16:00:00,1.18009,1.17973,1.18097,1.18041
2017-08-24 17:00:00,1.1804,1.1804,1.1814,1.18108
2017-08-24 18:00:00,1.18109,1.18015,1.18133,1.1805
2017-08-24 19:00:00,1.18052,1.17973,1.18054,1.1801
2017-08-24 20:00:00,1.18009,1.17976,1.18028,1.17993
2017-08-24 21:00:00,1.18004,1.17971,1.1801,1.17991
2017-08-24 22:00:00,1.17993,1.17992,1.18028,1.18028
2017-08-24 23:00:00,1.1803,1.17953,1.1803,1.17969
2017-08-25 00:00:00,1.17965,1.17916,1.17989,1.17958
2017-08-25 01:00:00,1.17957,1.17871,1.17974,1.17895
2017-08-25 02:00:00,1.17895,1.17875,1.17943,1.17938
2017-08-25 03:00:00,1.17942,1.17915,1.17994,1.17965
2017-08-25 04:00:00,1.17967,1.17942,1.17981,1.17971
2017-08-25 05:00:00,1.1797,1.17939,1.17997,1.17966
2017-08-25 06:00:00,1.17964,1.1788,1.17968,1.17911
2017-08-25 07:00:00,1.17912,1.17727,1.17912,1.17792
2017-08-25 08:00:00,1.17792,1.17784,1.1801,1.17955
2017-08-25 09:00:00,1.17955,1.17947,1.18046,1.18036
2017-08-25 10:00:00,1.18037,1.18014,1.18274,1.18167
2017-08-25 11:00:00,1.18168,1.18124,1.18226,1.18147
2017-08-25 12:00:00,1.18149,1.17992,1.18156,1.18049
2017-08-25 13:00:00,1.1805,1.17849,1.18144,1.17965
2017-08-25 14:00:00,1.17966,1.17918,1.18743,1.18705
2017-08-25 15:00:00,1.18706,1.18673,1.18838,1.18725
2017-08-25 16:00:00,1.18726,1.18717,1.18863,1.18862
2017-08-25 17:00:00,1.1886,1.188,1.18893,1.18819
2017-08-25 18:00:00,1.18818,1.18717,1.18822,1.18778
2017-08-25 19:00:00,1.18777,1.18623,1.19409,1.19241
2017-08-25 20:00:00,1.1924,1.19161,1.19339,1.19195
2017-08-27 21:00:00,1.1943,1.19361,1.19453,1.19425
2017-08-27 22:00:00,1.19424,1.1939,1.19579,1.1951
2017-08-27 23:00:00,1.1951,1.19486,1.19587,1.19505
2017-08-28 00:00:00,1.19501,1.19217,1.1951,1.1929
2017-08-28 01:00:00,1.19291,1.19207,1.19299,1.19262
2017-08-28 02:00:00,1.19259,1.19197,1.19266,1.1925
2017-08-28 03:00:00,1.19251,1.192,1.19251,1.19212
2017-08-28 04:00:00,1.19213,1.19194,1.19229,1.19198
2017-08-28 05:00:00,1.19198,1.19164,1.19345,1.19335
2017-08-28 06:00:00,1.19335,1.1924,1.19369,1.1932
2017-08-28 07:00:00,1.19319,1.19204,1.19417,1.19251
2017-08-28 08:00:00,1.19251,1.19193,1.19369,1.19302
2017-08-28 09:00:00,1.19303,1.19277,1.19362,1.19328
2017-08-28 10:00:00,1.19329,1.19317,1.19399,1.19365
2017-08-28 11:00:00,1.19364,1.19235,1.19369,1.1925
2017-08-28 12:00:00,1.19252,1.19209,1.1938,1.1934
2017-08-28 13:00:00,1.19339,1.19254,1.19397,1.19356
2017-08-28 14:00:00,1.19355,1.19351,1.19573,1.19541
2017-08-28 15:00:00,1.1954,1.19511,1.1975,1.19716
2017-08-28 16:00:00,1.19714,1.1971,1.1983,1.19757
2017-08-28 17:00:00,1.19758,1.19726,1.19802,1.19771
2017-08-28 18:00:00,1.1977,1.19762,1.19832,1.19782
2017-08-28 19:00:00,1.1978,1.19722,1.19789,1.19728
2017-08-28 20:00:00,1.19729,1.19729,1.19782,1.19767
2017-08-28 21:00:00,1.19763,1.19697,1.19821,1.19775
2017-08-28 22:00:00,1.19775,1.19617,1.19851,1.19676
2017-08-28 23:00:00,1.19677,1.1955,1.19688,1.19632
2017-08-29 00:00:00,1.1963,1.19617,1.19717,1.19638
2017-08-29 01:00:00,1.19639,1.19617,1.19719,1.19677
2017-08-29 02:00:00,1.19676,1.19648,1.1971,1.19692
2017-08-29 03:00:00,1.19688,1.19657,1.19726,1.19686
2017-08-29 04:00:00,1.19687,1.1968,1.19765,1.19741
2017-08-29 05:00:00,1.1974,1.19712,1.19812,1.1981
2017-08-29 06:00:00,1.1981,1.19728,1.20173,1.20158
2017-08-29 07:00:00,1.20157,1.20103,1.20463,1.20458
2017-08-29 08:00:00,1.20459,1.20403,1.20698,1.20595
2017-08-29 09:00:00,1.20594,1.20362,1.2066,1.20387
2017-08-29 10:00:00,1.20383,1.20309,1.20531,1.20344
2017-08-29 11:00:00,1.20343,1.20321,1.20468,1.20418
2017-08-29 12:00:00,1.20419,1.20273,1.20587,1.20285
2017-08-29 13:00:00,1.20284,1.20192,1.20339,1.20252
2017-08-29 14:00:00,1.20253,1.20087,1.20274,1.20249
2017-08-29 15:00:00,1.20248,1.20158,1.20376,1.20246
2017-08-29 16:00:00,1.20248,1.20098,1.20249,1.20153
2017-08-29 17:00:00,1.20157,1.19948,1.20198,1.20006
2017-08-29 18:00:00,1.20006,1.19812,1.20014,1.19911
2017-08-29 19:00:00,1.19911,1.19666,1.19966,1.19678
2017-08-29 20:00:00,1.19681,1.1945,1.19788,1.19709
2017-08-29 21:00:00,1.19697,1.19618,1.19731,1.19674
2017-08-29 22:00:00,1.19673,1.19657,1.19773,1.1974
2017-08-29 23:00:00,1.19741,1.19621,1.1975,1.19692
2017-08-30 00:00:00,1.19693,1.1966,1.19782,1.19745
2017-08-30 01:00:00,1.19743,1.19661,1.19776,1.19745
2017-08-30 02:00:00,1.19749,1.19731,1.19786,1.19758
2017-08-30 03:00:00,1.19757,1.19749,1.19825,1.19819
2017-08-30 04:00:00,1.19818,1.19722,1.19834,1.19728
2017-08-30 05:00:00,1.19731,1.19637,1.19742,1.19646
2017-08-30 06:00:00,1.19643,1.19408,1.19678,1.19539
2017-08-30 07:00:00,1.1954,1.19377,1.19685,1.19557
2017-08-30 08:00:00,1.19556,1.19398,1.19562,1.19436
2017-08-30 09:00:00,1.19434,1.19385,1.19539,1.19503
2017-08-30 10:00:00,1.19502,1.19415,1.19524,1.19482
2017-08-30 11:00:00,1.19481,1.19237,1.19493,1.19254
2017-08-30 12:00:00,1.19252,1.18916,1.19305,1.19177
2017-08-30 13:00:00,1.19176,1.1908,1.19375,1.1912
2017-08-30 14:00:00,1.19122,1.18946,1.192,1.19117
2017-08-30 15:00:00,1.19121,1.18989,1.19284,1.19259
2017-08-30 16:00:00,1.19258,1.18977,1.1926,1.19041
2017-08-30 17:00:00,1.1904,1.18907,1.1904,1.18983
2017-08-30 18:00:00,1.18983,1.1882,1.1901,1.18899
2017-08-30 19:00:00,1.18898,1.18854,1.18943,1.18897
2017-08-30 20:00:00,1.18896,1.188,1.18896,1.18828
2017-08-30 21:00:00,1.18827,1.18786,1.1894,1.18933
2017-08-30 22:00:00,1.18934,1.18876,1.18961,1.18948
2017-08-30 23:00:00,1.18948,1.18871,1.18961,1.18897
2017-08-31 00:00:00,1.18899,1.18858,1.18963,1.18928
2017-08-31 01:00:00,1.18929,1.18703,1.18965,1.18769
2017-08-31 02:00:00,1.18762,1.18727,1.18824,1.1877
2017-08-31 03:00:00,1.18776,1.18706,1.18803,1.18733
2017-08-31 04:00:00,1.18734,1.18728,1.18817,1.1878
2017-08-31 05:00:00,1.18785,1.187,1.18803,1.18727
2017-08-31 06:00:00,1.18729,1.18661,1.18948,1.189
2017-08-31 07:00:00,1.18904,1.18833,1.1903,1.18905
2017-08-31 08:00:00,1.18903,1.18804,1.18965,1.18958
2017-08-31 09:00:00,1.18954,1.18701,1.19055,1.18769
2017-08-31 10:00:00,1.18766,1.18434,1.18787,1.18596
2017-08-31 11:00:00,1.18594,1.18333,1.18616,1.18371
2017-08-31 12:00:00,1.18372,1.18225,1.18526,1.18425
2017-08-31 13:00:00,1.18426,1.18349,1.186,1.18534
2017-08-31 14:00:00,1.18536,1.18484,1.1897,1.18895
2017-08-31 15:00:00,1.18895,1.18721,1.1908,1.18927
2017-08-31 16:00:00,1.18924,1.18694,1.18952,1.18802
2017-08-31 17:00:00,1.18802,1.18782,1.1894,1.1891
2017-08-31 18:00:00,1.18909,1.18889,1.19094,1.1903
2017-08-31 19:00:00,1.19031,1.18939,1.19058,1.19047
2017-08-31 20:00:00,1.19047,1.19022,1.1912,1.1908
2017-08-31 21:00:00,1.19079,1.19047,1.19206,1.19198
2017-08-31 22:00:00,1.19191,1.19108,1.19224,1.19119
2017-08-31 23:00:00,1.19119,1.19069,1.19143,1.19085
2017-09-01 00:00:00,1.19084,1.19047,1.19102,1.1909
2017-09-01 01:00:00,1.19089,1.19031,1.19104,1.19071
2017-09-01 02:00:00,1.19072,1.19039,1.19125,1.19044
2017-09-01 03:00:00,1.19047,1.18997,1.19083,1.19004
2017-09-01 04:00:00,1.19003,1.18943,1.19032,1.18968
2017-09-01 05:00:00,1.18966,1.18871,1.18966,1.18939
2017-09-01 06:00:00,1.18939,1.18818,1.19047,1.18843
2017-09-01 07:00:00,1.18842,1.18783,1.18897,1.18848
2017-09-01 08:00:00,1.18847,1.18817,1.19015,1.18922
2017-09-01 09:00:00,1.18921,1.18905,1.19044,1.1894
2017-09-01 10:00:00,1.18941,1.18934,1.19295,1.19139
2017-09-01 11:00:00,1.1914,1.19093,1.19246,1.19156
2017-09-01 12:00:00,1.19157,1.18925,1.19791,1.19057
2017-09-01 13:00:00,1.19055,1.18635,1.19202,1.18653
2017-09-01 14:00:00,1.1865,1.1848,1.18947,1.18772
2017-09-01 15:00:00,1.18774,1.18623,1.18891,1.18772
2017-09-01 16:00:00,1.18771,1.18547,1.18879,1.18571
2017-09-01 17:00:00,1.18569,1.18564,1.187,1.18675
2017-09-01 18:00:00,1.18674,1.18617,1.18752,1.18662
2017-09-01 19:00:00,1.18663,1.18621,1.18687,1.18641
2017-09-01 20:00:00,1.18639,1.18559,1.18645,1.18572
2017-09-03 21:00:00,1.18814,1.18732,1.18866,1.18769
2017-09-03 22:00:00,1.18763,1.18717,1.18839,1.18775
2017-09-03 23:00:00,1.18779,1.18764,1.18837,1.18809
2017-09-04 00:00:00,1.18808,1.1877,1.18858,1.18799
2017-09-04 01:00:00,1.18801,1.18773,1.18894,1.18826
2017-09-04 02:00:00,1.18825,1.18774,1.18852,1.18826
2017-09-04 03:00:00,1.18824,1.18787,1.18854,1.18793
2017-09-04 04:00:00,1.18791,1.1878,1.18841,1.18813
2017-09-04 05:00:00,1.18814,1.18803,1.18872,1.18844
2017-09-04 06:00:00,1.18845,1.18812,1.19032,1.18944
2017-09-04 07:00:00,1.18943,1.18839,1.19008,1.18984
2017-09-04 08:00:00,1.18983,1.18892,1.19199,1.19175
2017-09-04 09:00:00,1.19181,1.19075,1.19218,1.19145
2017-09-04 10:00:00,1.19144,1.19006,1.19166,1.19105
2017-09-04 11:00:00,1.19105,1.19015,1.19148,1.19091
2017-09-04 12:00:00,1.19092,1.18885,1.19108,1.18964
2017-09-04 13:00:00,1.18963,1.1895,1.1906,1.19031
2017-09-04 14:00:00,1.1903,1.18944,1.19127,1.19119
2017-09-04 15:00:00,1.19118,1.19082,1.19192,1.19155
2017-09-04 16:00:00,1.19154,1.1888,1.1919,1.18888
2017-09-04 17:00:00,1.18888,1.18879,1.19034,1.19007
2017-09-04 18:00:00,1.19013,1.18908,1.19018,1.18996
2017-09-04 19:00:00,1.18996,1.18911,1.19017,1.18963
2017-09-04 20:00:00,1.18955,1.18866,1.18998,1.18914
2017-09-04 21:00:00,1.18913,1.18897,1.18974,1.18942
2017-09-04 22:00:00,1.18942,1.18921,1.18988,1.18972
2017-09-04 23:00:00,1.1897,1.18892,1.18973,1.18919
2017-09-05 00:00:00,1.1892,1.18911,1.19009,1.18996
2017-09-05 01:00:00,1.18995,1.18916,1.19046,1.18966
2017-09-05 02:00:00,1.18966,1.18965,1.19091,1.19057
2017-09-05 03:00:00,1.19055,1.19032,1.19097,1.19058
2017-09-05 04:00:00,1.19057,1.19041,1.19102,1.19049
2017-09-05 05:00:00,1.19047,1.19015,1.19083,1.1904
2017-09-05 06:00:00,1.19041,1.1891,1.19084,1.19019
2017-09-05 07:00:00,1.19018,1.18674,1.19072,1.18788
2017-09-05 08:00:00,1.18787,1.18745,1.18877,1.18841
2017-09-05 09:00:00,1.18843,1.18758,1.18849,1.18814
2017-09-05 10:00:00,1.18813,1.1881,1.19066,1.18968
2017-09-05 11:00:00,1.18967,1.18768,1.18974,1.18886
2017-09-05 12:00:00,1.18885,1.18885,1.19041,1.18999
2017-09-05 13:00:00,1.19001,1.18854,1.19002,1.18879
2017-09-05 14:00:00,1.18878,1.18866,1.19402,1.19179
2017-09-05 15:00:00,1.1918,1.18987,1.19243,1.19107
2017-09-05 16:00:00,1.19106,1.19004,1.19228,1.19029
2017-09-05 17:00:00,1.19029,1.18943,1.19145,1.18956
2017-09-05 18:00:00,1.18954,1.18954,1.19211,1.19191
2017-09-05 19:00:00,1.1919,1.19156,1.19295,1.19177
2017-09-05 20:00:00,1.1918,1.191,1.19197,1.19128
2017-09-05 21:00:00,1.19127,1.1906,1.19146,1.19128
2017-09-05 22:00:00,1.1913,1.1912,1.1922,1.19198
2017-09-05 23:00:00,1.19204,1.19164,1.19239,1.1923
2017-09-06 00:00:00,1.19228,1.19145,1.19242,1.19208
2017-09-06 01:00:00,1.19209,1.19025,1.19239,1.19077
2017-09-06 02:00:00,1.19078,1.19051,1.19133,1.19117
2017-09-06 03:00:00,1.19118,1.19084,1.19145,1.19099
2017-09-06 04:00:00,1.19101,1.19056,1.19148,1.19135
2017-09-06 05:00:00,1.1913,1.19086,1.19287,1.19252
2017-09-06 06:00:00,1.19252,1.19127,1.19255,1.19215
2017-09-06 07:00:00,1.19216,1.19193,1.19402,1.19337
2017-09-06 08:00:00,1.19337,1.19321,1.19492,1.19435
2017-09-06 09:00:00,1.19431,1.19308,1.19492,1.19349
2017-09-06 10:00:00,1.1935,1.19231,1.19468,1.19283
2017-09-06 11:00:00,1.19282,1.19187,1.19313,1.19309
2017-09-06 12:00:00,1.1931,1.19266,1.19403,1.19314
2017-09-06 13:00:00,1.19313,1.19196,1.19336,1.19229
2017-09-06 14:00:00,1.19231,1.19131,1.1944,1.19388
2017-09-06 15:00:00,1.19388,1.19343,1.19484,1.19399
2017-09-06 16:00:00,1.19399,1.19101,1.19497,1.19263
2017-09-06 17:00:00,1.19263,1.19137,1.19278,1.19178
2017-09-06 18:00:00,1.19181,1.19098,1.19246,1.19119
2017-09-06 19:00:00,1.19119,1.19073,1.19164,1.19146
2017-09-06 20:00:00,1.19144,1.19111,1.19207,1.19165
2017-09-06 21:00:00,1.19164,1.1913,1.19217,1.19201
2017-09-06 22:00:00,1.192,1.19167,1.19251,1.19246
2017-09-06 23:00:00,1.19244,1.192,1.1927,1.19256
2017-09-07 00:00:00,1.19258,1.19217,1.19337,1.19224
2017-09-07 01:00:00,1.19224,1.19181,1.19236,1.19232
2017-09-07 02:00:00,1.19231,1.19217,1.19276,1.19245
2017-09-07 03:00:00,1.19244,1.19201,1.19277,1.19252
2017-09-07 04:00:00,1.19251,1.19223,1.19263,1.19239
2017-09-07 05:00:00,1.19237,1.19213,1.19266,1.19216
2017-09-07 06:00:00,1.19214,1.19132,1.19279,1.1927
2017-09-07 07:00:00,1.19272,1.19257,1.19567,1.19529
2017-09-07 08:00:00,1.19528,1.19433,1.19696,1.19589
2017-09-07 09:00:00,1.1959,1.19567,1.19823,1.19796
2017-09-07 10:00:00,1.19796,1.19743,1.19935,1.19858
2017-09-07 11:00:00,1.1986,1.19612,1.1989,1.19734
2017-09-07 12:00:00,1.19736,1.19273,1.20521,1.20419
2017-09-07 13:00:00,1.20419,1.19712,1.20593,1.19994
2017-09-07 14:00:00,1.19991,1.19958,1.20185,1.20098
2017-09-07 15:00:00,1.201,1.20008,1.20315,1.20263
2017-09-07 16:00:00,1.20263,1.19839,1.2029,1.19888
2017-09-07 17:00:00,1.19892,1.1989,1.20035,1.19993
2017-09-07 18:00:00,1.19991,1.19918,1.20087,1.20031
2017-09-07 19:00:00,1.20032,1.20003,1.20198,1.20196
2017-09-07 20:00:00,1.20195,1.2016,1.20289,1.20211
2017-09-07 21:00:00,1.2021,1.20144,1.20248,1.20178
2017-09-07 22:00:00,1.20176,1.20172,1.20217,1.20179
2017-09-07 23:00:00,1.20181,1.20171,1.20289,1.20269
2017-09-08 00:00:00,1.2027,1.20231,1.20354,1.20345
2017-09-08 01:00:00,1.20346,1.20225,1.20356,1.20234
2017-09-08 02:00:00,1.20235,1.20228,1.20892,1.20711
2017-09-08 03:00:00,1.20709,1.20625,1.20809,1.2071
2017-09-08 04:00:00,1.2071,1.20599,1.20717,1.20689
2017-09-08 05:00:00,1.20688,1.20687,1.20921,1.20782
2017-09-08 06:00:00,1.20783,1.20508,1.20856,1.20645
2017-09-08 07:00:00,1.20644,1.20354,1.2066,1.20478
2017-09-08 08:00:00,1.20479,1.20404,1.20687,1.20624
2017-09-08 09:00:00,1.20625,1.20497,1.20639,1.20593
2017-09-08 10:00:00,1.20591,1.20576,1.20734,1.20687
2017-09-08 11:00:00,1.20689,1.2051,1.20697,1.20655
2017-09-08 12:00:00,1.20654,1.20337,1.20673,1.20416
2017-09-08 13:00:00,1.20417,1.20229,1.20503,1.20266
2017-09-08 14:00:00,1.20267,1.20138,1.20391,1.2016
2017-09-08 15:00:00,1.20159,1.20159,1.20416,1.20387
2017-09-08 16:00:00,1.20385,1.20224,1.20437,1.20256
2017-09-08 17:00:00,1.20257,1.20249,1.20322,1.20307
2017-09-08 18:00:00,1.20307,1.2024,1.20319,1.20266
2017-09-08 19:00:00,1.20267,1.20254,1.20374,1.20259
2017-09-08 20:00:00,1.2026,1.20257,1.20382,1.20326
2017-09-10 21:00:00,1.20134,1.20133,1.2027,1.20215
2017-09-10 22:00:00,1.20224,1.20114,1.20234,1.20176
2017-09-10 23:00:00,1.20176,1.20102,1.20202,1.2016
2017-09-11 00:00:00,1.20158,1.20101,1.20191,1.20112
2017-09-11 01:00:00,1.20112,1.19978,1.20161,1.20053
2017-09-11 02:00:00,1.20052,1.20037,1.20177,1.20161
2017-09-11 03:00:00,1.20159,1.20095,1.20182,1.20131
2017-09-11 04:00:00,1.2013,1.20035,1.20145,1.20066
2017-09-11 05:00:00,1.20065,1.20044,1.20174,1.2015
2017-09-11 06:00:00,1.20149,1.20014,1.20185,1.20072
2017-09-11 07:00:00,1.20071,1.19924,1.20162,1.20141
2017-09-11 08:00:00,1.20141,1.20109,1.20291,1.20208
2017-09-11 09:00:00,1.20207,1.20098,1.20252,1.20123
2017-09-11 10:00:00,1.20125,1.20088,1.20216,1.20103
2017-09-11 11:00:00,1.20104,1.19891,1.20139,1.19971
2017-09-11 12:00:00,1.19973,1.19785,1.20042,1.19842
2017-09-11 13:00:00,1.1984,1.19708,1.19903,1.19872
2017-09-11 14:00:00,1.19873,1.19786,1.19926,1.19823
2017-09-11 15:00:00,1.19824,1.19597,1.19864,1.19627
2017-09-11 16:00:00,1.19629,1.19566,1.19694,1.19694
2017-09-11 17:00:00,1.19693,1.19583,1.19702,1.19624
2017-09-11 18:00:00,1.19623,1.19618,1.19693,1.19622
2017-09-11 19:00:00,1.19621,1.19486,1.19632,1.19518
2017-09-11 20:00:00,1.19517,1.19469,1.19551,1.19525
2017-09-11 21:00:00,1.19524,1.19494,1.19549,1.19536
2017-09-11 22:00:00,1.19544,1.19536,1.19625,1.19621
2017-09-11 23:00:00,1.19618,1.19567,1.19638,1.19569
2017-09-12 00:00:00,1.19568,1.1945,1.19605,1.19468
2017-09-12 01:00:00,1.19465,1.19465,1.19551,1.19538
2017-09-12 02:00:00,1.1954,1.1952,1.19617,1.19604
2017-09-12 03:00:00,1.19603,1.19532,1.19629,1.19539
2017-09-12 04:00:00,1.19541,1.19527,1.19588,1.1955
2017-09-12 05:00:00,1.19549,1.19462,1.19601,1.1958
2017-09-12 06:00:00,1.19579,1.19552,1.19774,1.19752
2017-09-12 07:00:00,1.19752,1.19647,1.19779,1.1974
2017-09-12 08:00:00,1.19741,1.19533,1.19744,1.19574
2017-09-12 09:00:00,1.19574,1.19489,1.19641,1.19607
2017-09-12 10:00:00,1.19608,1.19312,1.19641,1.1936
2017-09-12 11:00:00,1.19362,1.19257,1.19382,1.19313
2017-09-12 12:00:00,1.19314,1.19272,1.19423,1.19291
2017-09-12 13:00:00,1.19288,1.19288,1.19509,1.1946
2017-09-12 14:00:00,1.19462,1.19417,1.19677,1.19529
2017-09-12 15:00:00,1.1953,1.19504,1.19719,1.1967
2017-09-12 16:00:00,1.19671,1.19552,1.19734,1.19619
2017-09-12 17:00:00,1.19621,1.19539,1.19661,1.19597
2017-09-12 18:00:00,1.19598,1.19582,1.19722,1.19692
2017-09-12 19:00:00,1.19692,1.19593,1.19712,1.19663
2017-09-12 20:00:00,1.19663,1.1961,1.1967,1.19646
2017-09-12 21:00:00,1.19645,1.19577,1.19662,1.1964
2017-09-12 22:00:00,1.19639,1.19634,1.19714,1.1971
2017-09-12 23:00:00,1.1971,1.19635,1.19721,1.19708
2017-09-13 00:00:00,1.19706,1.19657,1.19732,1.19692
2017-09-13 01:00:00,1.19688,1.19686,1.19923,1.19841
2017-09-13 02:00:00,1.1984,1.19763,1.19875,1.19847
2017-09-13 03:00:00,1.19845,1.19749,1.19847,1.19818
2017-09-13 04:00:00,1.19816,1.19796,1.19889,1.19827
2017-09-13 05:00:00,1.19829,1.19741,1.19832,1.19784
2017-09-13 06:00:00,1.19781,1.19713,1.19893,1.19731
2017-09-13 07:00:00,1.1973,1.19678,1.19893,1.19844
2017-09-13 08:00:00,1.19842,1.19782,1.19944,1.19788
2017-09-13 09:00:00,1.19788,1.19637,1.19829,1.1972
2017-09-13 10:00:00,1.1972,1.19699,1.19861,1.19859
2017-09-13 11:00:00,1.19862,1.19785,1.1987,1.19847
2017-09-13 12:00:00,1.19847,1.19691,1.19893,1.1973
2017-09-13 13:00:00,1.19731,1.19368,1.19744,1.19372
2017-09-13 14:00:00,1.19368,1.1904,1.194,1.19154
2017-09-13 15:00:00,1.19155,1.18835,1.1918,1.18979
2017-09-13 16:00:00,1.18979,1.18792,1.19006,1.18804
2017-09-13 17:00:00,1.18803,1.18791,1.18953,1.18857
2017-09-13 18:00:00,1.18855,1.18722,1.18859,1.18739
2017-09-13 19:00:00,1.1874,1.18725,1.18855,1.18841
2017-09-13 20:00:00,1.1884,1.18793,1.18872,1.18846
2017-09-13 21:00:00,1.18845,1.18793,1.18904,1.1887
2017-09-13 22:00:00,1.18871,1.1884,1.18933,1.1893
2017-09-13 23:00:00,1.18924,1.18852,1.18937,1.18876
2017-09-14 00:00:00,1.18877,1.18809,1.18908,1.18825
2017-09-14 01:00:00,1.18823,1.18698,1.18826,1.18751
2017-09-14 02:00:00,1.1875,1.18717,1.1885,1.18749
2017-09-14 03:00:00,1.1875,1.187,1.18788,1.18747
2017-09-14 04:00:00,1.18747,1.18725,1.18786,1.18772
2017-09-14 05:00:00,1.18771,1.18646,1.18774,1.18751
2017-09-14 06:00:00,1.1875,1.18673,1.18865,1.18838
2017-09-14 07:00:00,1.18837,1.18793,1.19093,1.1905
2017-09-14 08:00:00,1.19048,1.18933,1.19048,1.1904
2017-09-14 09:00:00,1.19041,1.18907,1.1907,1.18948
2017-09-14 10:00:00,1.1895,1.18935,1.19042,1.19003
2017-09-14 11:00:00,1.19005,1.18769,1.19025,1.18918
2017-09-14 12:00:00,1.18919,1.18371,1.19083,1.18919
2017-09-14 13:00:00,1.1892,1.18675,1.18976,1.18822
2017-09-14 14:00:00,1.18826,1.18701,1.18971,1.18722
2017-09-14 15:00:00,1.18723,1.18693,1.18877,1.18853
2017-09-14 16:00:00,1.18852,1.18741,1.18881,1.18836
2017-09-14 17:00:00,1.18837,1.18826,1.19218,1.19175
2017-09-14 18:00:00,1.19172,1.19111,1.19193,1.19123
2017-09-14 19:00:00,1.19122,1.19018,1.19138,1.19049
2017-09-14 20:00:00,1.19049,1.19027,1.19195,1.1918
2017-09-14 21:00:00,1.19179,1.19079,1.19191,1.19127
2017-09-14 22:00:00,1.19127,1.19053,1.19219,1.19184
2017-09-14 23:00:00,1.19183,1.19146,1.19211,1.19202
2017-09-15 00:00:00,1.19202,1.19065,1.19231,1.19078
2017-09-15 01:00:00,1.19078,1.19,1.19116,1.19051
2017-09-15 02:00:00,1.19052,1.19048,1.19175,1.19149
2017-09-15 03:00:00,1.19148,1.19041,1.19157,1.19076
2017-09-15 04:00:00,1.19077,1.19035,1.19124,1.19115
2017-09-15 05:00:00,1.19115,1.19091,1.19201,1.19195
