DATE_TIME,Uncertainty_H1,Uncertainty_H2,Uncertainty_H3,Uncertainty_H4,Uncertainty_H5,Uncertainty_H6
2017-04-11 12:00:00,0.00033021765,0.00025895136,0.00018678496,9.8273355e-05,0.00024874767,0.00021424888
2017-04-11 13:00:00,5.0199476e-05,6.421283e-05,5.441335e-05,3.598323e-05,5.520747e-05,9.7413045e-05
2017-04-11 14:00:00,5.388969e-05,5.1154104e-05,0.000110232526,5.628899e-05,0.00014561255,0.00019389992
2017-04-11 15:00:00,2.6747883e-05,9.1921036e-05,9.4901065e-05,0.00016808049,0.00015920312,0.0001747855
2017-04-11 16:00:00,0.00018396458,0.00010650169,0.00022179025,0.00023715626,0.00026245986,0.0001674802
2017-04-11 17:00:00,4.4400396e-05,9.447802e-05,0.00021357619,0.00016049243,0.0001723265,0.00014209833
2017-04-11 18:00:00,0.00015388009,0.0001953566,0.00018606798,0.0001360316,0.00012119881,0.0001472702
2017-04-11 19:00:00,0.00013974559,7.320669e-05,8.1437924e-05,5.83836e-05,0.00010121295,6.0017795e-05
2017-04-11 20:00:00,3.435831e-05,3.5342575e-05,3.9295483e-05,3.2616754e-05,3.5401143e-05,3.985392e-05
2017-04-11 21:00:00,4.6133617e-05,3.1608764e-05,4.0657338e-05,3.5992267e-05,5.059873e-05,8.184172e-05
2017-04-11 22:00:00,3.9290808e-05,4.040321e-05,3.4777837e-05,4.3792057e-05,8.344172e-05,0.00010355356
2017-04-11 23:00:00,4.0402298e-05,6.3091844e-05,5.3514595e-05,0.000105176376,8.542443e-05,5.4310338e-05
2017-04-12 00:00:00,7.52823e-05,4.6968325e-05,8.275953e-05,0.000114667346,2.9068196e-05,7.563117e-05
2017-04-12 01:00:00,4.008405e-05,5.1966053e-05,8.0935395e-05,3.717176e-05,4.1962325e-05,4.8812246e-05
2017-04-12 02:00:00,7.821475e-05,7.17224e-05,4.866623e-05,3.968895e-05,7.460103e-05,0.0001413983
2017-04-12 03:00:00,5.117952e-05,9.223007e-05,3.7506077e-05,3.1710482e-05,8.258246e-05,8.1611666e-05
2017-04-12 04:00:00,0.00012751637,3.2687967e-05,5.04632e-05,6.875519e-05,5.751258e-05,9.810325e-05
2017-04-12 05:00:00,0.00010173558,8.233497e-05,0.00016756187,0.000120139,3.0380159e-05,0.00016313711
2017-04-12 06:00:00,4.535149e-05,0.00010828657,7.9786194e-05,7.724527e-05,0.00015874738,0.00020827891
2017-04-12 07:00:00,0.00011484846,6.417591e-05,0.0001039063,9.172924e-05,0.00021829203,0.00016834991
2017-04-12 08:00:00,5.20123e-05,0.00017468666,4.7145346e-05,6.662713e-05,0.00011162328,0.00015589951
2017-04-12 09:00:00,0.00023543106,8.0826794e-05,8.8399385e-05,0.00018143989,0.00012774208,0.000378039
2017-04-12 10:00:00,0.00047253235,0.00029742104,0.00032138175,0.00035851283,0.00065574795,0.00036316077
2017-04-12 11:00:00,9.616309e-05,8.167247e-05,9.697319e-05,0.0002821006,0.00029428297,3.8761722e-05
2017-04-12 12:00:00,5.3911208e-05,7.223197e-05,0.00028954438,0.00020597472,6.4091335e-05,0.00025190113
2017-04-12 13:00:00,3.7426264e-05,0.00022974906,0.00020541452,7.879153e-05,0.000265528,3.5501e-05
2017-04-12 14:00:00,0.00028280102,0.00014770603,0.00014636898,0.00030374492,5.7880916e-05,9.8833625e-05
2017-04-12 15:00:00,6.5046755e-05,0.00029598924,0.00046832836,0.00026708186,0.00029098731,0.00037095594
2017-04-12 16:00:00,0.00042833318,0.00045905777,0.00023115639,0.00027340336,0.00018076175,0.0003400604
2017-04-12 17:00:00,0.00019535782,6.117693e-05,3.0568208e-05,2.8374589e-05,5.2401145e-05,0.00011217647
2017-04-12 18:00:00,0.0004048586,0.00015443008,0.0001388227,7.662574e-05,3.320004e-05,5.165544e-05
2017-04-12 19:00:00,0.0001061663,7.845022e-05,0.00013798193,0.0002041629,0.00020127997,0.00012731351
2017-04-12 20:00:00,8.400824e-05,9.74691e-05,0.00016243504,0.00013551424,8.085483e-05,0.00013076288
2017-04-12 21:00:00,8.798258e-05,9.367296e-05,0.00011029977,8.244272e-05,8.813072e-05,7.805269e-05
2017-04-12 22:00:00,9.5181276e-05,0.00010273109,4.7116453e-05,4.623997e-05,5.1819283e-05,3.629349e-05
2017-04-12 23:00:00,4.0843508e-05,7.5471144e-05,3.6580448e-05,3.0745407e-05,6.926171e-05,2.9883926e-05
2017-04-13 00:00:00,6.3117055e-05,4.2333482e-05,3.9262588e-05,6.033797e-05,4.2353033e-05,0.00041827126
2017-04-13 01:00:00,5.9628936e-05,3.9321243e-05,4.593084e-05,4.5554443e-05,0.00037741172,0.00021755563
2017-04-13 02:00:00,3.9217957e-05,5.159281e-05,4.688699e-05,0.00035456542,0.0002592422,0.00012837237
2017-04-13 03:00:00,6.0175225e-05,4.5805427e-05,0.00052791956,0.0002426938,0.00015850902,0.00020362211
2017-04-13 04:00:00,8.960593e-05,0.0005421118,0.00025884795,0.00011462284,0.00010961237,0.00019600513
2017-04-13 05:00:00,0.000728722,0.00031725373,0.00016409328,0.00020201287,0.00025326444,0.00014141743
2017-04-13 06:00:00,0.00023476167,0.0003322576,0.00029178467,0.00018956282,0.00017853435,0.000107141415
2017-04-13 07:00:00,0.0001863093,0.000107935855,4.5252604e-05,4.2981475e-05,7.255959e-05,3.32611e-05
2017-04-13 08:00:00,0.000102093596,0.00011860218,9.699575e-05,0.00017164565,9.462635e-05,0.0002072348
2017-04-13 09:00:00,9.708798e-05,5.139887e-05,0.000150681,0.000105259096,0.00024794834,0.00013984698
2017-04-13 10:00:00,4.949566e-05,8.487376e-05,4.0396237e-05,0.00014807342,0.00017844436,0.00016870462
2017-04-13 11:00:00,0.00015711748,4.900552e-05,0.00015718074,0.00011235207,0.00023524884,0.00014335889
2017-04-13 12:00:00,8.709398e-05,9.250304e-05,8.0847276e-05,0.00016494266,0.00013695074,0.00019744011
2017-04-13 13:00:00,0.00021392376,0.0001451901,0.00025577022,0.00016147469,0.00027286247,0.00020053098
2017-04-13 14:00:00,3.904455e-05,7.8590456e-05,9.2313785e-05,0.00013942589,0.00010938447,8.540621e-05
2017-04-13 15:00:00,0.0001041332,4.4000953e-05,0.00012399284,0.0001059251,0.00013326599,0.000101585196
2017-04-13 16:00:00,5.2180912e-05,6.569943e-05,5.1843035e-05,7.671517e-05,6.5516695e-05,3.6322454e-05
2017-04-13 17:00:00,9.767789e-05,7.72378e-05,0.00010021212,7.236255e-05,6.093272e-05,4.796704e-05
2017-04-13 18:00:00,4.8251062e-05,2.6744234e-05,3.542717e-05,3.2420976e-05,4.1024436e-05,0.00019622188
2017-04-13 19:00:00,5.0195118e-05,3.084926e-05,3.603392e-05,2.9382816e-05,0.0001079624,3.1932424e-05
2017-04-13 20:00:00,5.210207e-05,4.479481e-05,4.1272502e-05,0.00017322904,5.4343578e-05,3.289308e-05
2017-04-13 21:00:00,5.5615586e-05,3.9954448e-05,0.00017279472,3.203277e-05,3.640473e-05,7.4521784e-05
2017-04-13 22:00:00,3.2911295e-05,0.00016664916,3.9773495e-05,3.800738e-05,5.4765882e-05,9.5937845e-05
2017-04-13 23:00:00,0.00020608876,4.0887797e-05,4.8121234e-05,4.992619e-05,0.00012952405,4.0630097e-05
2017-04-14 00:00:00,0.00019046878,0.00016968942,0.000105120096,3.4667304e-05,0.00011361083,0.0002524689
2017-04-14 01:00:00,5.3816784e-05,5.024345e-05,0.00016540292,4.6291574e-05,0.0001031588,0.0002247054
2017-04-14 02:00:00,0.0001503616,0.0001556751,8.094817e-05,0.000117216405,0.00014314929,0.0001031018
2017-04-14 03:00:00,0.00010465087,3.696752e-05,0.00020471544,0.00019910668,0.00016059629,0.00023720536
2017-04-14 04:00:00,0.000100700425,0.0002811528,0.0002843388,0.00019648885,0.00032980848,0.00050049205
2017-04-14 05:00:00,0.00021558651,0.00022887017,0.00014202544,0.00026433577,0.00042155304,0.00032269384
2017-04-14 06:00:00,0.00012072826,3.3051594e-05,0.00013364652,0.00019501193,0.00028929097,9.748945e-05
2017-04-14 07:00:00,0.00017076796,4.4919747e-05,0.00015052363,0.00024339477,4.72277e-05,0.00017612927
2017-04-14 08:00:00,0.00017114375,0.0003063103,0.0003402151,0.00015933544,0.00022598339,0.00033025784
2017-04-14 09:00:00,0.00016238504,0.00019955123,4.2673535e-05,0.00022788293,0.0002000052,0.00036303737
2017-04-14 10:00:00,6.22325e-05,0.00013323654,9.762486e-05,0.00011017515,0.00039895682,0.0006688368
2017-04-14 11:00:00,0.00027115346,6.629238e-05,0.00011643889,0.00026319464,0.00057783397,0.00041034378
2017-04-14 12:00:00,0.0002933325,0.00027639093,0.00063565205,0.00067853165,0.0006121578,0.0005504445
2017-04-14 13:00:00,7.6795455e-05,0.0002607328,0.0004884082,0.00032111406,0.0004039883,0.0004238168
2017-04-14 14:00:00,0.00035015855,0.0005334724,0.00043875325,0.00022145911,0.00048504877,0.00055166974
2017-04-14 15:00:00,0.00041069198,0.00017000789,9.269321e-05,0.00014813733,0.00027707688,0.0003121563
2017-04-14 16:00:00,9.751944e-05,0.0001279978,5.950722e-05,3.6233512e-05,8.435339e-05,6.2455685e-05
2017-04-14 17:00:00,0.00014808409,3.4435165e-05,6.660782e-05,0.00015145696,0.00011367413,0.00022795184
2017-04-14 18:00:00,0.0001382606,0.00019824972,0.00027754408,0.00014403064,0.00023256693,0.00023866408
2017-04-14 19:00:00,9.059733e-05,0.00013341995,0.000106170584,0.00021192887,0.000106043095,0.00017702441
2017-04-14 20:00:00,0.00012676785,5.5331464e-05,0.00012424414,9.340673e-05,0.00012425116,3.6374284e-05
2017-04-16 21:00:00,6.8280664e-05,3.4593195e-05,3.5837456e-05,5.674567e-05,5.709918e-05,0.000112857575
2017-04-16 22:00:00,0.0001071762,4.617211e-05,6.631572e-05,4.3566593e-05,6.3026324e-05,0.00016173963
2017-04-16 23:00:00,5.6317822e-05,2.882576e-05,8.699173e-05,0.000105037674,0.00012722114,9.472752e-05
2017-04-17 00:00:00,7.292766e-05,9.6882104e-05,0.0001542435,0.00023197602,5.0814513e-05,0.00012013775
2017-04-17 01:00:00,0.00019013537,0.00017151513,0.00031465862,0.00010655765,0.00015025213,0.00016401059
2017-04-17 02:00:00,9.042876e-05,0.000180324,3.105346e-05,5.5394976e-05,4.5388333e-05,5.907108e-05
2017-04-17 03:00:00,0.00021458983,5.1946907e-05,3.3546516e-05,2.6261656e-05,9.914672e-05,9.532672e-05
2017-04-17 04:00:00,0.00026893048,0.0001199817,0.00012883169,0.00023548485,0.00020541706,0.000246374
2017-04-17 05:00:00,8.744529e-05,6.2241495e-05,7.198906e-05,7.7944824e-05,8.264072e-05,0.00011039635
2017-04-17 06:00:00,2.7248165e-05,0.00011992823,0.00014179379,0.00016186784,0.00014806353,0.00013143255
2017-04-17 07:00:00,0.00014101662,0.0001045982,0.00017338769,0.00017326667,0.0001229361,0.00014387009
2017-04-17 08:00:00,4.5176726e-05,8.505046e-05,8.201049e-05,0.00028933393,0.00024575804,0.00028395205
2017-04-17 09:00:00,8.7125925e-05,5.7053767e-05,0.0002777548,0.00023561108,0.0004357304,0.00036851814
2017-04-17 10:00:00,3.8110684e-05,0.00041615855,0.00037478557,0.0004460715,0.00029851394,0.00031213477
2017-04-17 11:00:00,0.00060106383,0.00038130034,0.00035942075,0.00040536435,0.0003836813,0.00025834993
2017-04-17 12:00:00,6.338883e-05,0.00014381472,6.329119e-05,4.813982e-05,5.2921907e-05,4.934932e-05
2017-04-17 13:00:00,0.00013596957,3.8083574e-05,4.6440116e-05,9.129771e-05,0.00011744549,5.8415157e-05
2017-04-17 14:00:00,0.00011744035,6.48697e-05,0.00019865757,0.00021209057,0.00013446195,0.00016769646
2017-04-17 15:00:00,4.7676418e-05,0.00010032123,0.00015304309,8.334854e-05,0.000109981636,5.522696e-05
2017-04-17 16:00:00,0.00012436928,9.5092524e-05,6.362459e-05,0.00010856336,4.4854212e-05,4.5056855e-05
2017-04-17 17:00:00,4.2691736e-05,3.7613547e-05,5.0185932e-05,3.9320952e-05,3.9905193e-05,4.9277733e-05
2017-04-17 18:00:00,7.258308e-05,3.4987686e-05,0.00010754844,5.0622297e-05,3.5794605e-05,0.000109658395
2017-04-17 19:00:00,0.00010378412,5.5695888e-05,4.3439275e-05,8.5260595e-05,0.00015522358,0.00014557906
2017-04-17 20:00:00,0.00012612561,6.943478e-05,3.9107515e-05,8.3791165e-05,0.000107929336,0.000108090426
2017-04-17 21:00:00,4.25719e-05,0.00011098796,0.00018484273,0.00017997368,0.00020963879,0.00015357527
2017-04-17 22:00:00,0.00012824716,0.00017237969,0.00022209567,0.00020284836,0.00014179706,0.00019884657
2017-04-17 23:00:00,0.00011247043,8.892611e-05,0.00013821227,5.8559006e-05,0.00011372384,5.5782137e-05
2017-04-18 00:00:00,4.922294e-05,6.455344e-05,3.4118515e-05,4.394571e-05,4.706531e-05,4.7528232e-05
2017-04-18 01:00:00,4.474706e-05,5.832095e-05,3.6303034e-05,6.8263675e-05,6.1625586e-05,0.00026417145
2017-04-18 02:00:00,0.00012445812,4.2906286e-05,0.00012032033,9.124043e-05,0.00017763635,0.00034351114
2017-04-18 03:00:00,7.3109426e-05,4.0978117e-05,4.9362698e-05,0.00016891758,0.00029553086,0.00032462188
2017-04-18 04:00:00,9.525241e-05,6.4008564e-05,0.00027468448,0.00032045136,0.0003887724,0.00038813357
2017-04-18 05:00:00,4.182599e-05,0.00016851052,0.0002388824,0.00033438276,0.0003651396,0.0002765052
2017-04-18 06:00:00,0.00022736768,0.00023439631,0.00025229255,0.00046152627,0.0003150185,0.00030228472
2017-04-18 07:00:00,0.00014667994,0.0002185886,0.00024647813,0.000127634,0.00012370913,0.0003759888
2017-04-18 08:00:00,0.000106146974,0.0001936401,0.00010014646,7.230168e-05,0.00035407126,9.0040805e-05
2017-04-18 09:00:00,0.00015043124,3.7921138e-05,4.6029174e-05,0.00017275332,4.4806555e-05,4.969682e-05
2017-04-18 10:00:00,0.00011495963,9.5745105e-05,0.00020951456,6.925487e-05,0.00011701104,0.00018974529
2017-04-18 11:00:00,3.688746e-05,0.0002536625,7.051391e-05,6.082781e-05,0.00013319512,8.201022e-05
2017-04-18 12:00:00,0.000394616,5.821951e-05,4.734746e-05,0.00010669334,6.8808564e-05,0.0001171922
2017-04-18 13:00:00,0.00035663624,0.0002223361,0.00039633695,0.00030329492,0.00028895307,0.00025679136
2017-04-18 14:00:00,0.000100974554,0.0001296262,0.00010421034,0.00014157647,0.00014186978,9.163064e-05
2017-04-18 15:00:00,0.000107071995,3.596344e-05,5.914806e-05,9.5577714e-05,9.839063e-05,8.602809e-05
2017-04-18 16:00:00,0.000107188585,3.7756476e-05,3.6433492e-05,2.7825541e-05,3.911849e-05,9.656336e-05
2017-04-18 17:00:00,5.8050704e-05,6.4717395e-05,5.6535147e-05,5.0947376e-05,4.5073975e-05,3.5519846e-05
2017-04-18 18:00:00,5.2160227e-05,4.36744e-05,2.4892794e-05,8.391057e-05,2.8804676e-05,8.105696e-05
2017-04-18 19:00:00,5.591138e-05,2.8097606e-05,0.00010353904,5.7369452e-05,8.9798865e-05,5.7617774e-05
2017-04-18 20:00:00,4.804509e-05,0.00010544702,5.8365156e-05,7.346039e-05,8.063033e-05,6.350188e-05
2017-04-18 21:00:00,0.00012915923,7.5490025e-05,9.4155206e-05,7.542444e-05,5.8611622e-05,3.0431063e-05
2017-04-18 22:00:00,5.3038497e-05,4.5730838e-05,0.00010669544,0.00014817152,9.6804695e-05,2.53919e-05
2017-04-18 23:00:00,6.108653e-05,0.00014936626,0.00010722379,6.410767e-05,4.0335868e-05,9.7172066e-05
2017-04-19 00:00:00,0.00025336724,0.00014023842,9.2030925e-05,2.7815055e-05,7.128423e-05,0.0001570929
2017-04-19 01:00:00,6.0101716e-05,5.86708e-05,0.00018938181,0.00022209212,0.00025910986,0.00030626912
2017-04-19 02:00:00,6.609922e-05,0.00017885868,0.00027641474,0.00020430311,0.0002464157,3.5848832e-05
2017-04-19 03:00:00,0.00020080226,0.00016802936,0.0002287534,0.00022649408,3.4889035e-05,4.9312428e-05
2017-04-19 04:00:00,0.00011017582,0.00012252088,0.000153962,7.2316034e-05,0.0001475136,0.00013436777
2017-04-19 05:00:00,0.00010460949,6.164725e-05,0.00018034501,0.00022052739,0.00021267861,0.00020663212
2017-04-19 06:00:00,3.199738e-05,0.00025851998,0.00021618219,0.00028502932,0.00035062246,0.00015760386
2017-04-19 07:00:00,0.00027229654,0.00025416925,0.00032489956,0.00029996972,0.00015000041,4.393373e-05
2017-04-19 08:00:00,9.718724e-05,5.2557043e-05,9.1928894e-05,9.400352e-05,0.00018249312,6.372425e-05
2017-04-19 09:00:00,5.7145357e-05,3.6408026e-05,0.00015171089,0.00021340589,0.00011367777,2.5714737e-05
2017-04-19 10:00:00,6.312141e-05,0.000112796326,0.00017313944,9.8714714e-05,4.031684e-05,0.00017671652
2017-04-19 11:00:00,0.00028530476,0.0002557059,0.00020251078,3.0313213e-05,0.0001236539,8.422093e-05
2017-04-19 12:00:00,0.00022082271,3.8643473e-05,0.000107759566,0.00020867275,0.00026230392,0.00051366875
2017-04-19 13:00:00,0.00021581282,0.00026560048,0.00041147086,0.00029519908,0.00057894294,0.00072664034
2017-04-19 14:00:00,0.00019127724,0.00025795135,0.00018993106,0.00079130434,0.00091096584,0.0006210042
2017-04-19 15:00:00,0.00013103429,9.243079e-05,0.00092531415,0.0011770334,0.00092550844,0.001032868
2017-04-19 16:00:00,8.514213e-05,0.0011047649,0.0011100062,0.0010783962,0.0010548843,0.00085741153
2017-04-19 17:00:00,0.0015248402,0.0009769468,0.0012246213,0.0011089919,0.0009694683,0.0009016554
2017-04-19 18:00:00,0.00020177274,0.00011268491,0.00013809821,0.00014423279,0.00010898401,0.00019053496
2017-04-19 19:00:00,7.607969e-05,3.7259542e-05,0.000115372655,3.611501e-05,8.314669e-05,0.00013948495
2017-04-19 20:00:00,4.8750935e-05,6.0562495e-05,4.7586203e-05,2.9484587e-05,0.00010463165,7.649132e-05
2017-04-19 21:00:00,0.00010613852,4.0570536e-05,5.7638852e-05,7.210257e-05,6.254927e-05,8.325046e-05
2017-04-19 22:00:00,0.00012891027,4.004059e-05,7.8877456e-05,5.116616e-05,5.6049335e-05,3.6314414e-05
2017-04-19 23:00:00,9.254455e-05,0.00014017179,9.371178e-05,0.00012234505,6.3948246e-05,0.00015901304
2017-04-20 00:00:00,9.582637e-05,5.4611388e-05,7.923734e-05,3.270325e-05,0.0001364752,0.00036270218
2017-04-20 01:00:00,4.1999618e-05,2.918289e-05,9.829635e-05,0.00028752914,0.00035908053,0.00036776232
2017-04-20 02:00:00,3.1530577e-05,6.7538225e-05,0.00038644316,0.00049665006,0.00054762734,0.00039017797
2017-04-20 03:00:00,8.500485e-05,0.00036891748,0.0005716662,0.0004346684,0.0004763439,0.0005512031
2017-04-20 04:00:00,0.00037821397,0.00041558393,0.00039166736,0.00040070023,0.00051287154,0.00056853215
2017-04-20 05:00:00,0.0001356034,0.00018094378,0.00015947336,0.00019179359,0.00047717494,0.0003111802
2017-04-20 06:00:00,6.53642e-05,4.729202e-05,0.00011157811,0.00029326198,0.00022043964,0.00038937168
2017-04-20 07:00:00,3.891938e-05,7.1127164e-05,0.00026656574,0.00019195025,0.00037610772,0.0002739207
2017-04-20 08:00:00,0.00011494316,0.0003105844,0.00018293363,0.0003346627,0.00020906347,0.00016572537
2017-04-20 09:00:00,0.0003149971,0.00018189388,0.00034799887,0.00022541669,0.00012819421,0.000230643
2017-04-20 10:00:00,4.7830836e-05,0.000116195966,3.4586083e-05,8.164523e-05,4.363158e-05,0.00010338205
2017-04-20 11:00:00,0.0002751324,6.151341e-05,6.929883e-05,0.00015132726,0.0001560617,0.00017322377
2017-04-20 12:00:00,9.981631e-05,0.00022151096,7.155448e-05,2.5622172e-05,7.2777504e-05,3.6410856e-05
2017-04-20 13:00:00,0.00014233672,4.46856e-05,0.0001227282,0.00014364392,0.00010083978,0.00019361335
2017-04-20 14:00:00,0.00016092975,0.0002495901,0.00020923509,0.00016087323,0.00030348764,0.0001822816
2017-04-20 15:00:00,0.00010735251,0.00013856278,9.194307e-05,0.000120369696,7.003332e-05,0.000101835
2017-04-20 16:00:00,6.783293e-05,3.2801618e-05,9.384067e-05,5.3308464e-05,5.2169195e-05,4.9801183e-05
2017-04-20 17:00:00,9.215214e-05,4.8547303e-05,4.3075306e-05,3.0997933e-05,3.663389e-05,5.0518105e-05
2017-04-20 18:00:00,0.00012574739,4.7014884e-05,3.8416743e-05,4.6279627e-05,8.0475606e-05,3.988009e-05
2017-04-20 19:00:00,8.622647e-05,6.0135706e-05,4.0586237e-05,3.8157985e-05,0.00010137,3.7498714e-05
2017-04-20 20:00:00,3.9794384e-05,3.1377458e-05,5.7574427e-05,5.6414832e-05,5.3154403e-05,7.278327e-05
2017-04-20 21:00:00,4.305584e-05,8.193068e-05,8.505855e-05,4.1423686e-05,6.900762e-05,4.074776e-05
2017-04-20 22:00:00,6.357465e-05,9.1398e-05,4.4329678e-05,4.9491195e-05,2.8977656e-05,6.0653e-05
2017-04-20 23:00:00,0.0001572323,4.130165e-05,3.649772e-05,4.0227802e-05,5.5828783e-05,5.0662864e-05
2017-04-21 00:00:00,0.0001481875,0.00013794919,7.29625e-05,0.00016705116,7.7594384e-05,3.2001113e-05
2017-04-21 01:00:00,6.0425762e-05,3.1645934e-05,5.2607094e-05,3.795487e-05,5.967017e-05,0.00010417178
2017-04-21 02:00:00,8.030274e-05,3.2742097e-05,6.0038285e-05,8.061345e-05,0.0001379182,0.00016556156
2017-04-21 03:00:00,0.00011108953,2.9910658e-05,6.1604725e-05,9.37982e-05,8.3673185e-05,0.000102801176
2017-04-21 04:00:00,0.000111263565,0.00012684581,0.00019007569,0.00012258234,0.00012300549,6.9263915e-05
2017-04-21 05:00:00,0.00011515377,0.00012957674,0.000105408966,8.8467816e-05,3.5846166e-05,0.00015475275
2017-04-21 06:00:00,8.438493e-05,5.088349e-05,5.0778122e-05,5.568335e-05,9.029059e-05,3.6376416e-05
2017-04-21 07:00:00,3.8759335e-05,3.7159083e-05,7.3477706e-05,9.9193836e-05,4.9429713e-05,4.5477667e-05
2017-04-21 08:00:00,3.530345e-05,8.209348e-05,0.00013822052,3.0379986e-05,5.1491228e-05,3.6247326e-05
2017-04-21 09:00:00,0.00015492344,0.00013165135,4.3458018e-05,4.526153e-05,3.9378476e-05,7.0991024e-05
2017-04-21 10:00:00,0.00037923452,8.306105e-05,0.00013416461,7.206674e-05,4.142088e-05,3.87659e-05
2017-04-21 11:00:00,0.00022712177,7.989743e-05,0.000117819516,0.0001727936,0.00019504059,0.0002161801
2017-04-21 12:00:00,0.00010195131,2.7912984e-05,5.1677616e-05,8.130609e-05,0.00014925953,0.0001605419
2017-04-21 13:00:00,0.000100112964,0.00012820063,0.00017144953,0.00020204962,0.00022138256,0.00025722536
2017-04-21 14:00:00,0.00014628419,0.00011127634,0.00013111143,0.00016527335,0.00019070042,0.0001914866
2017-04-21 15:00:00,3.173281e-05,6.091854e-05,0.00012201935,0.0001587997,0.0001177517,0.00017780394
2017-04-21 16:00:00,8.813947e-05,0.000115660434,7.9393314e-05,0.00013663882,0.0001734816,0.00011579497
2017-04-21 17:00:00,3.79774e-05,7.011046e-05,8.382246e-05,0.00015551568,6.590975e-05,0.00010111744
2017-04-21 18:00:00,6.7358065e-05,5.1879717e-05,8.4281775e-05,5.358473e-05,0.00014578133,0.0001404784
2017-04-21 19:00:00,4.9884475e-05,0.00010522119,2.9046301e-05,0.00016521975,0.00012368138,0.00016185462
2017-04-21 20:00:00,8.910025e-05,4.2672913e-05,0.00016697244,0.00017167581,0.00020067958,0.00012699458
2017-04-23 21:00:00,0.00014585513,0.00032602003,0.0003551477,0.00025092447,0.000170314,0.00014105505
2017-04-23 22:00:00,0.0002483182,0.00017259363,0.00024585437,0.00015184244,0.00011467936,9.951222e-05
2017-04-23 23:00:00,4.099526e-05,3.497478e-05,4.279607e-05,3.896348e-05,4.6455087e-05,9.295155e-05
2017-04-24 00:00:00,5.1505867e-05,5.9299073e-05,4.3073083e-05,4.1096595e-05,7.431474e-05,0.00028774835
2017-04-24 01:00:00,0.00017829349,7.574139e-05,8.407938e-05,3.7883237e-05,0.00025529068,4.7047128e-05
2017-04-24 02:00:00,4.8642836e-05,2.7753793e-05,0.000151685,0.0003342121,0.00013761253,0.0001031734
2017-04-24 03:00:00,4.0809227e-05,0.00012240425,0.00031503948,8.742875e-05,9.453952e-05,0.00016664239
2017-04-24 04:00:00,0.00013875062,0.00034650337,0.00011632543,0.00011419857,0.00014710246,0.00032598773
2017-04-24 05:00:00,0.00029116814,3.3020668e-05,2.4126753e-05,6.917331e-05,0.00015423194,0.00025932418
2017-04-24 06:00:00,0.00028953256,0.00020073836,0.00016730926,4.0818664e-05,8.235951e-05,0.00023535028
2017-04-24 07:00:00,3.7686405e-05,7.388855e-05,0.0002955437,0.0003311164,0.00042836188,0.00041552784
2017-04-24 08:00:00,0.000105737,0.00024714184,0.0004129075,0.00042593633,0.000466212,0.00039298026
2017-04-24 09:00:00,0.0003326563,0.00022964389,0.00045880917,0.00047446243,0.00056157,0.00033117755
2017-04-24 10:00:00,0.00012122803,0.00032037796,0.0003715085,0.00027765098,0.00020109324,0.0002151329
2017-04-24 11:00:00,0.00019212023,0.0002076881,0.0003136237,9.5544725e-05,0.0001628458,6.290002e-05
2017-04-24 12:00:00,0.00025775208,0.00010219687,3.264663e-05,3.763886e-05,0.00014921595,0.00024242059
2017-04-24 13:00:00,8.4778105e-05,0.00014756755,0.00011288713,0.00030743898,0.00026378245,0.0003121132
2017-04-24 14:00:00,0.0002037604,0.0001491847,0.00024773105,0.00030955116,0.00025650935,0.00021082525
2017-04-24 15:00:00,5.87366e-05,0.00020218849,0.00023257252,0.00023010917,0.0001508942,0.00019156738
2017-04-24 16:00:00,0.00032005485,0.00028120063,0.00026040428,0.00017548571,0.00018992611,0.00019316589
2017-04-24 17:00:00,9.625927e-05,4.6444246e-05,4.474343e-05,4.3001164e-05,3.6237503e-05,3.3522716e-05
2017-04-24 18:00:00,5.5773897e-05,8.2127015e-05,5.7925754e-05,7.73995e-05,0.000106585554,0.00023444639
2017-04-24 19:00:00,7.790827e-05,3.1340536e-05,4.6274417e-05,4.8222166e-05,0.00013243289,0.000114431554
2017-04-24 20:00:00,0.00010253835,4.744522e-05,3.4449014e-05,0.00013320005,0.00012627158,4.4777815e-05
2017-04-24 21:00:00,7.900443e-05,8.055064e-05,0.00025525806,0.00015597462,7.499133e-05,5.2982898e-05
2017-04-24 22:00:00,3.641998e-05,0.00015127083,0.0001352287,4.6913417e-05,4.0602557e-05,5.7456095e-05
2017-04-24 23:00:00,0.00017939402,0.00012271451,6.083655e-05,3.8296523e-05,4.6570975e-05,6.959482e-05
2017-04-25 00:00:00,5.3464544e-05,0.00010590741,0.00017336605,7.5505624e-05,7.467001e-05,4.5226952e-05
2017-04-25 01:00:00,0.0001280567,0.00013606834,7.6047254e-05,4.618323e-05,2.8921228e-05,4.3046744e-05
2017-04-25 02:00:00,9.2167684e-05,3.5259174e-05,6.517307e-05,4.852384e-05,5.7707774e-05,0.00012402766
2017-04-25 03:00:00,0.000104365565,9.684987e-05,8.7887136e-05,0.00010484027,0.00015784157,0.00018877542
2017-04-25 04:00:00,6.3103085e-05,5.7410907e-05,6.865316e-05,0.00010615809,0.000251614,0.0003905035
2017-04-25 05:00:00,4.396562e-05,3.8146412e-05,0.00014147788,0.00017380227,0.00039169448,0.0005594476
2017-04-25 06:00:00,3.7737984e-05,0.00011787854,0.0002792029,0.00034097026,0.0006791889,0.00044162205
2017-04-25 07:00:00,0.00015646823,0.00016837794,0.00038176015,0.000660275,0.0004181665,0.00044847952
2017-04-25 08:00:00,0.0001316249,0.00032419237,0.0006850342,0.00041841978,0.00073710614,0.0007756398
2017-04-25 09:00:00,0.00028069573,0.00045129305,0.0004030932,0.0005222001,0.000697645,0.0005684621
2017-04-25 10:00:00,0.00038690594,0.00013516033,0.0003440947,0.0003694643,0.00031729223,0.0007320289
2017-04-25 11:00:00,0.00020215461,4.1540814e-05,0.00014423805,0.0001384484,0.00034799337,0.000418343
2017-04-25 12:00:00,0.00039055667,0.00030976644,0.00036100135,0.00065904844,0.0006694006,0.00062444754
2017-04-25 13:00:00,0.00018763843,0.00014326221,0.00041934053,0.0004729213,0.0004856816,0.00052923436
2017-04-25 14:00:00,6.3184736e-05,0.00028751112,0.00040474176,0.00045304783,0.0002878679,0.0002578047
2017-04-25 15:00:00,0.0002843335,0.00043412636,0.0005308403,0.00033399113,0.00045333436,0.00029474293
2017-04-25 16:00:00,0.000177908,0.00017913418,0.00012778232,9.0099325e-05,0.000105526866,5.7893405e-05
2017-04-25 17:00:00,9.790161e-05,3.3932738e-05,3.4368015e-05,3.9617487e-05,5.394134e-05,6.789452e-05
2017-04-25 18:00:00,0.000115864044,8.90607e-05,6.762203e-05,0.00014394544,0.00011553872,0.00021391692
2017-04-25 19:00:00,2.98568e-05,2.9401343e-05,4.4874236e-05,6.27104e-05,0.0001070981,0.0001272884
2017-04-25 20:00:00,4.1498162e-05,5.452571e-05,4.2867494e-05,0.000101265316,0.00012505552,0.00012717755
2017-04-25 21:00:00,7.382617e-05,4.954246e-05,0.000109202134,0.00012745625,0.00018394922,0.00016990748
2017-04-25 22:00:00,5.0610593e-05,9.911079e-05,0.000118801385,0.00010430153,0.00013496305,0.00014651305
2017-04-25 23:00:00,0.000100040095,9.251919e-05,0.00011768663,0.0001319904,0.000107841595,4.3342727e-05
2017-04-26 00:00:00,4.9071175e-05,5.8614016e-05,6.2054045e-05,5.4093765e-05,3.362424e-05,0.000104893115
2017-04-26 01:00:00,4.708926e-05,4.0971518e-05,4.0784293e-05,5.4228407e-05,0.00014496851,9.589136e-05
2017-04-26 02:00:00,4.39589e-05,4.419204e-05,9.0236805e-05,0.00017073756,7.364384e-05,3.0365885e-05
2017-04-26 03:00:00,3.015745e-05,8.087184e-05,0.00022634852,4.5679066e-05,6.279832e-05,0.00010309809
2017-04-26 04:00:00,0.00012996153,0.00018202614,6.775935e-05,4.0344312e-05,0.0001009059,3.678111e-05
2017-04-26 05:00:00,0.00013721181,0.00015185651,4.741681e-05,4.419043e-05,6.31193e-05,6.373762e-05
2017-04-26 06:00:00,0.0003648661,0.00014218826,0.00010347134,0.00018293438,0.00025665067,0.00042057328
2017-04-26 07:00:00,0.00013592171,0.00023520434,5.062844e-05,7.584454e-05,0.00015135205,4.5811867e-05
2017-04-26 08:00:00,0.0001303112,4.4700202e-05,5.6366374e-05,0.00028306586,0.00011841881,0.00021102314
2017-04-26 09:00:00,0.00019039505,0.00013253457,0.00028963937,0.00020340124,0.00027889202,0.000297433
2017-04-26 10:00:00,5.178737e-05,0.000185875,0.00011026325,0.00016955417,0.00011339265,0.00010241554
2017-04-26 11:00:00,0.00028046308,0.000108456086,0.00022390528,0.00015928996,0.00015005456,2.4752975e-05
2017-04-26 12:00:00,0.00015759954,3.127861e-05,9.507709e-05,0.00011042202,0.00019065365,0.00014152436
2017-04-26 13:00:00,0.00014844211,6.411126e-05,4.477538e-05,9.1879396e-05,3.5925263e-05,4.9278042e-05
2017-04-26 14:00:00,0.00011634536,6.825679e-05,0.00018547542,0.0001754339,4.2929638e-05,7.0756185e-05
2017-04-26 15:00:00,7.769846e-05,0.00015924276,0.00011846519,3.6753157e-05,3.528426e-05,7.956906e-05
2017-04-26 16:00:00,0.00022719163,8.6449145e-05,4.354034e-05,2.9597837e-05,4.0654795e-05,5.81274e-05
2017-04-26 17:00:00,0.00011024022,0.00016307813,0.00015333264,0.0001222788,0.00013303674,8.6174834e-05
2017-04-26 18:00:00,0.0001312164,9.288541e-05,3.8282196e-05,5.807845e-05,3.8556045e-05,0.00010358012
2017-04-26 19:00:00,3.1688673e-05,0.00010405897,7.20341e-05,9.816371e-05,2.5342382e-05,7.3655254e-05
2017-04-26 20:00:00,9.591492e-05,6.8015295e-05,9.471453e-05,5.0888353e-05,5.816959e-05,0.00013709338
2017-04-26 21:00:00,4.799939e-05,2.4707075e-05,9.781554e-05,4.2297594e-05,5.9940117e-05,0.00013976518
2017-04-26 22:00:00,5.8497964e-05,8.680094e-05,3.6712667e-05,6.986382e-05,0.0001272853,0.00010994213
2017-04-26 23:00:00,0.000104941435,2.952179e-05,6.2948304e-05,0.00011041363,0.000112966394,0.00037252964
2017-04-27 00:00:00,0.00010668036,0.00015807686,0.0002317903,0.00027690706,0.00044315928,0.0005688653
2017-04-27 01:00:00,0.00012659248,0.00019824118,0.00020884519,0.00045394182,0.00049495377,0.0008326367
2017-04-27 02:00:00,0.00015708928,9.480568e-05,0.00037416237,0.00038545605,0.0007439224,0.00078409456
2017-04-27 03:00:00,3.407542e-05,0.00020456902,0.00049180124,0.0006107697,0.00044249438,0.00044553145
2017-04-27 04:00:00,0.00031116608,0.00034988284,0.00059536553,0.00048675216,0.00042504264,0.00030641645
2017-04-27 05:00:00,0.0001890595,0.00047941503,0.0003994303,0.00021919377,5.7123092e-05,0.00014444588
2017-04-27 06:00:00,0.00052061235,0.00021004867,0.00013964214,4.1489267e-05,4.2234038e-05,0.00019900179
2017-04-27 07:00:00,0.00015807172,0.0001983361,0.00037354918,0.00026503552,8.173679e-05,6.663336e-05
2017-04-27 08:00:00,0.00015899562,0.00027092732,0.00020977868,4.201529e-05,4.811327e-05,9.118916e-05
2017-04-27 09:00:00,0.0001846202,8.268307e-05,0.00023192148,0.00014931151,4.6836343e-05,0.00017219309
2017-04-27 10:00:00,9.1204936e-05,0.00024090338,0.00025355822,0.00013883479,4.1364005e-05,0.00047332176
2017-04-27 11:00:00,0.00038479027,0.00019520866,9.5394586e-05,8.882037e-05,0.000472949,0.00039266195
2017-04-27 12:00:00,3.3994933e-05,0.00013921992,0.0003238068,0.0008542132,0.00058354955,0.0007221963
2017-04-27 13:00:00,0.00016134424,0.00028571955,0.0007154382,0.0006315456,0.00060167443,0.000807283
2017-04-27 14:00:00,0.00025541373,0.0006467994,0.00055133074,0.00050458225,0.00056382513,0.00052143313
2017-04-27 15:00:00,0.00064709125,0.00040560277,0.00034720032,0.0004869759,0.00046859626,0.0003454276
2017-04-27 16:00:00,7.778761e-05,3.832018e-05,4.4076813e-05,6.080043e-05,6.0181792e-05,7.864813e-05
2017-04-27 17:00:00,5.7047462e-05,7.3051044e-05,8.741174e-05,0.00011014326,0.00012763379,4.4800807e-05
2017-04-27 18:00:00,7.102339e-05,6.908729e-05,5.9289112e-05,6.997078e-05,3.253017e-05,4.117096e-05
2017-04-27 19:00:00,4.949331e-05,3.6662983e-05,4.1307394e-05,4.6652494e-05,3.157005e-05,4.2458913e-05
2017-04-27 20:00:00,4.0604216e-05,5.006737e-05,4.8038146e-05,3.3209846e-05,4.1032523e-05,3.7218255e-05
2017-04-27 21:00:00,4.2743162e-05,5.082772e-05,7.209082e-05,2.5380388e-05,4.1907726e-05,2.480494e-05
2017-04-27 22:00:00,0.00010510859,8.7620836e-05,4.7113896e-05,4.489895e-05,6.19628e-05,4.2798074e-05
2017-04-27 23:00:00,3.773417e-05,7.125984e-05,3.9888862e-05,2.997607e-05,4.0111172e-05,0.00012477668
2017-04-28 00:00:00,6.558115e-05,2.9457955e-05,4.4131037e-05,3.7197635e-05,0.00011549992,5.0667742e-05
2017-04-28 01:00:00,8.673692e-05,4.154759e-05,5.3248124e-05,0.00022788827,8.218066e-05,7.1528266e-05
2017-04-28 02:00:00,4.0925665e-05,4.7384157e-05,0.0001884414,6.242742e-05,4.1000632e-05,0.00019376926
2017-04-28 03:00:00,6.390805e-05,0.00016641243,9.409242e-05,4.738952e-05,0.0001580487,0.00028969746
2017-04-28 04:00:00,0.00033692797,0.00011847003,8.851611e-05,0.00017148425,0.00017966965,0.0004210072
2017-04-28 05:00:00,0.00010001889,0.00013843439,0.00026700465,0.00041790848,0.00039357608,0.000355807
2017-04-28 06:00:00,7.579593e-05,0.00027628618,0.0003194848,0.00034004773,0.00029950534,0.00030423122
2017-04-28 07:00:00,0.0002975969,0.00030277183,0.00047676064,0.00032829816,0.0003153132,0.0004314582
2017-04-28 08:00:00,0.00012984165,0.00029477195,0.00011739483,0.0001219052,0.00029627714,0.00013770435
2017-04-28 09:00:00,0.00025426067,2.941632e-05,6.503535e-05,0.0002118512,9.777755e-05,0.0001362357
2017-04-28 10:00:00,0.00020607533,0.00011236383,5.970431e-05,5.3901997e-05,3.5527384e-05,0.000107192514
2017-04-28 11:00:00,0.00011263145,0.00015008583,9.671834e-05,0.00022738877,5.1752548e-05,9.629437e-05
2017-04-28 12:00:00,0.00023733944,8.948213e-05,8.9427915e-05,4.0741346e-05,5.205768e-05,3.909704e-05
2017-04-28 13:00:00,0.00017953155,0.00013734275,0.00018201667,6.621946e-05,0.00021075878,0.0005962807
2017-04-28 14:00:00,3.0545772e-05,7.196657e-05,5.879092e-05,0.00013248385,0.00030360883,0.002254805
2017-04-28 15:00:00,0.000112042384,4.240687e-05,0.00015694396,0.0004040662,0.0030460136,0.0021692256
2017-04-28 16:00:00,4.8329675e-05,0.00013141162,0.00032284265,0.002823222,0.00232137,0.001892796
2017-04-28 17:00:00,0.00020851893,0.000491493,0.0029312058,0.0027425906,0.0023717287,0.0025261203
2017-04-28 18:00:00,0.00044113857,0.0025743854,0.0035751748,0.0023611905,0.0017014759,0.001680184
2017-04-28 19:00:00,0.0031417576,0.002722825,0.0022011746,0.001617013,0.0013811415,0.001786768
2017-04-28 20:00:00,0.00041476625,0.00027934086,0.00084829074,0.0011156996,0.0007266095,0.00074021134
2017-04-30 21:00:00,0.00027615056,0.00047639405,0.0005907203,0.00068155717,0.00052710425,0.00038397167
2017-04-30 22:00:00,0.0005134693,0.00044687642,0.00063486287,0.00044267354,0.00018622841,0.000100536134
2017-04-30 23:00:00,0.00030904022,0.0002532444,9.103656e-05,0.00015290729,0.00019151396,0.00015998237
2017-05-01 00:00:00,6.210596e-05,6.694968e-05,0.00021746957,0.0004243292,6.744111e-05,0.00016846416
2017-05-01 01:00:00,0.000177762,0.00039417855,0.00053228607,8.2935825e-05,0.0002079631,0.0002920339
2017-05-01 02:00:00,0.0003356638,0.00031831927,3.641609e-05,0.00011061919,0.00013208219,0.0004014939
2017-05-01 03:00:00,0.00021053039,0.00022481036,0.000108309476,3.5913632e-05,0.00016065004,2.4805124e-05
2017-05-01 04:00:00,0.0006093795,0.00018863776,0.00013395211,3.772585e-05,0.00016745976,0.00030006177
2017-05-01 05:00:00,0.00020067973,0.00022613886,0.00042506607,0.00022693994,2.6296379e-05,0.00018471155
2017-05-01 06:00:00,7.893045e-05,0.0002011902,9.884218e-05,0.00013533806,4.7333848e-05,0.00012961926
2017-05-01 07:00:00,0.00020172086,3.6131045e-05,0.00020654313,3.6938032e-05,9.1292546e-05,3.3141663e-05
2017-05-01 08:00:00,0.00030109147,0.00034602568,0.00018633684,0.00012450144,0.00019550938,0.0003419154
2017-05-01 09:00:00,0.00032299478,3.245372e-05,0.00011377835,3.6907335e-05,0.0001474166,0.00021671213
2017-05-01 10:00:00,0.00038589703,0.0004002666,0.00029248145,9.803238e-05,3.758276e-05,7.70159e-05
2017-05-01 11:00:00,0.0002125442,6.830303e-05,0.00015817069,0.00024713864,0.00013307681,2.9845729e-05
2017-05-01 12:00:00,0.00012259299,0.00025422638,0.00037968924,0.00022880569,9.487266e-05,4.8478243e-05
2017-05-01 13:00:00,0.00027019833,0.00028973512,0.0002115896,4.1950494e-05,9.633532e-05,9.1161455e-05
2017-05-01 14:00:00,0.000152245,3.6039095e-05,0.00016098924,0.00035585626,0.00024088685,0.00014472916
2017-05-01 15:00:00,0.00017713102,0.0001966008,0.00036848302,0.0003644674,0.00027343218,0.00030697515
2017-05-01 16:00:00,0.00024612935,0.00031362553,0.00025594563,0.00022545895,0.00026233963,0.00020449063
2017-05-01 17:00:00,0.00019191939,0.00013349035,8.5434775e-05,9.800412e-05,9.4424206e-05,5.284065e-05
2017-05-01 18:00:00,6.478097e-05,9.081297e-05,3.2235774e-05,6.318267e-05,0.00011833672,0.0001819523
2017-05-01 19:00:00,5.780513e-05,2.946698e-05,5.3003863e-05,8.1283324e-05,0.00015984455,0.00010186579
2017-05-01 20:00:00,8.734796e-05,4.3556178e-05,4.233632e-05,0.00012827179,3.617687e-05,5.3081254e-05
2017-05-01 21:00:00,5.0660594e-05,7.263052e-05,0.00020457066,0.00012637295,0.00012202207,8.586083e-05
2017-05-01 22:00:00,5.6100074e-05,0.00011979381,3.8490616e-05,7.83047e-05,5.1885174e-05,2.7237158e-05
2017-05-01 23:00:00,0.00017215453,3.894397e-05,5.4025866e-05,3.413934e-05,5.084808e-05,0.00026260968
2017-05-02 00:00:00,0.00016263852,0.00011446864,0.00016297727,0.00017932641,0.00034077722,0.00043138355
2017-05-02 01:00:00,4.067194e-05,5.383188e-05,6.929854e-05,0.00026442515,0.00035186275,0.00042543144
2017-05-02 02:00:00,9.537951e-05,8.877052e-05,0.00039211934,0.00027817365,0.00041920325,0.00023957601
2017-05-02 03:00:00,3.6187816e-05,0.00030516498,0.0003294093,0.00053894887,0.00020775702,0.00024258022
2017-05-02 04:00:00,0.00032947242,0.00024973083,0.00040415998,0.00023407718,0.00019249343,0.00026498965
2017-05-02 05:00:00,8.404032e-05,0.00013722815,4.236998e-05,7.909953e-05,6.265561e-05,9.330873e-05
2017-05-02 06:00:00,0.00021049789,5.8796264e-05,0.00011177655,2.766279e-05,5.2299845e-05,0.00014139911
2017-05-02 07:00:00,0.00014782889,0.00020228942,5.472264e-05,5.9571466e-05,0.000113129456,0.0005003068
2017-05-02 08:00:00,9.218433e-05,7.778306e-05,0.00011190923,0.00023441785,0.0005243844,0.0006723071
2017-05-02 09:00:00,0.00016097682,0.00013227062,0.00028602942,0.000738784,0.0010160787,0.0011246838
2017-05-02 10:00:00,4.4718956e-05,0.00012539126,0.00064618135,0.0005819199,0.00089344755,0.0005528466
2017-05-02 11:00:00,0.0002452387,0.0005107332,0.0010225092,0.00092212425,0.0004606327,0.0005519181
2017-05-02 12:00:00,0.0007027681,0.0005830038,0.0009647058,0.00046324855,0.0006797846,0.0005799251
2017-05-02 13:00:00,0.00020492185,0.0003410847,0.00014447562,0.000106095766,0.00012268934,4.725042e-05
2017-05-02 14:00:00,0.00016096115,0.00010857357,4.205267e-05,7.941194e-05,0.00018417128,0.0001368885
2017-05-02 15:00:00,0.00036600992,0.00019549516,0.0001719706,0.00033852618,0.00020409527,0.0002340191
2017-05-02 16:00:00,5.56129e-05,3.9303468e-05,0.00013357245,0.00013338569,8.8037996e-05,0.00013810341
2017-05-02 17:00:00,4.146792e-05,0.00021677128,0.0001371025,0.00014777874,0.0001451348,3.42596e-05
2017-05-02 18:00:00,0.00025562648,0.000124949,0.00011619037,0.00012746097,3.3279266e-05,3.72915e-05
2017-05-02 19:00:00,7.1767165e-05,4.020418e-05,6.133559e-05,0.00013477152,0.00017693455,0.00020082206
2017-05-02 20:00:00,8.2033774e-05,2.9895875e-05,0.00020273411,0.00012570451,0.00017999932,0.00012600738
2017-05-02 21:00:00,3.8965027e-05,0.00012384965,0.00014956352,0.00015137409,0.0001010195,0.00011664433
2017-05-02 22:00:00,0.00027080497,0.00010338872,0.0001779618,0.00014881881,0.00019597149,0.00018778478
2017-05-02 23:00:00,3.635969e-05,2.7920085e-05,4.1785697e-05,4.748514e-05,7.190216e-05,0.00010096111
2017-05-03 00:00:00,6.032086e-05,3.797563e-05,4.0396655e-05,0.000112891605,0.00022455901,0.00024484453
2017-05-03 01:00:00,7.135748e-05,3.774413e-05,0.00010597304,0.00023717183,0.00032066365,0.00043120806
2017-05-03 02:00:00,7.0805036e-05,0.000136987,0.00017724354,0.0002862404,0.0005513812,0.00050807797
2017-05-03 03:00:00,0.0001667162,0.00026536908,0.00044260957,0.00051127357,0.00062069047,0.000729135
2017-05-03 04:00:00,0.00045387662,0.0005148627,0.000666229,0.0005114435,0.0006389712,0.0006206322
2017-05-03 05:00:00,0.0001688552,0.00038033258,0.0004066399,0.00037860448,0.00040605743,0.00047674097
2017-05-03 06:00:00,0.0002594648,0.00020145782,0.0003009446,0.00035395686,0.0003698564,0.00040566394
2017-05-03 07:00:00,6.0992843e-05,0.00022109902,0.00016258686,0.00023655765,0.0001971158,0.00045579643
2017-05-03 08:00:00,0.00019423742,0.000109967135,0.00018320288,0.00017670834,0.00033456276,0.00040851292
2017-05-03 09:00:00,4.283968e-05,7.2571806e-05,5.2156443e-05,0.00027114796,0.00031995366,0.00026102332
2017-05-03 10:00:00,0.00015694153,6.4051856e-05,0.00026860897,0.0002681925,0.00029398623,3.9165323e-05
2017-05-03 11:00:00,7.5773736e-05,0.00015394935,0.00027952326,0.00016575395,0.00014265621,0.00017096466
2017-05-03 12:00:00,0.00035956415,0.00022649874,0.00023830365,0.00010278616,0.000103076214,0.00022511522
2017-05-03 13:00:00,7.729435e-05,2.8203789e-05,0.00036121422,0.00026540886,0.00046329436,0.00043782862
2017-05-03 14:00:00,0.000103465216,0.0003984143,0.0003572104,0.00055496185,0.0003564022,0.00042076927
2017-05-03 15:00:00,0.00051578175,0.00039553872,0.00050793897,0.0003562864,0.0003454587,0.00043674433
2017-05-03 16:00:00,3.708899e-05,0.0001620406,0.00011052444,6.323534e-05,0.00011878634,0.00012411416
2017-05-03 17:00:00,0.0002774244,0.00010451089,9.956999e-05,0.00014019776,0.0001475778,0.00013293451
2017-05-03 18:00:00,9.514423e-05,4.93689e-05,5.342661e-05,2.199374e-05,3.3161603e-05,4.15293e-05
2017-05-03 19:00:00,3.654277e-05,9.96802e-05,0.00010461333,5.6465145e-05,8.28019e-05,7.883125e-05
2017-05-03 20:00:00,0.00012238589,7.779776e-05,6.524451e-05,7.1123846e-05,7.514052e-05,5.788239e-05
2017-05-03 21:00:00,4.7190864e-05,5.074394e-05,3.094879e-05,3.6095345e-05,2.2961465e-05,6.1045546e-05
2017-05-03 22:00:00,5.7402467e-05,2.8578683e-05,3.5843248e-05,3.4078264e-05,7.12221e-05,0.000115501294
2017-05-03 23:00:00,7.36687e-05,5.973273e-05,3.8077433e-05,4.758358e-05,6.61943e-05,4.045574e-05
2017-05-04 00:00:00,4.2041516e-05,3.504832e-05,6.5141525e-05,0.00017999607,7.596461e-05,5.7344714e-05
2017-05-04 01:00:00,4.5619676e-05,0.00010056845,0.00022635447,6.169409e-05,0.000119440156,6.6962966e-05
2017-05-04 02:00:00,6.9210466e-05,0.000125211,4.2816282e-05,9.014753e-05,5.8925732e-05,0.00016829585
2017-05-04 03:00:00,0.00010935705,2.8793022e-05,3.240028e-05,4.8320897e-05,0.000110042754,7.467918e-05
2017-05-04 04:00:00,0.00013049303,9.763342e-05,0.00011542821,7.798164e-05,4.748755e-05,0.0001399906
2017-05-04 05:00:00,4.2407606e-05,3.2882803e-05,0.00015756971,0.00012329643,0.00032136307,0.00015343828
2017-05-04 06:00:00,6.3741005e-05,0.00015091934,0.00013398251,0.00035271305,0.00017722927,0.0005439693
2017-05-04 07:00:00,0.00027190926,0.0001365013,0.00033172083,0.00021417995,0.0006415724,0.0006175322
2017-05-04 08:00:00,5.5727338e-05,0.0001598431,4.0695853e-05,0.00048677096,0.00035474915,0.00041241854
2017-05-04 09:00:00,0.00028463837,4.3988373e-05,0.0005948583,0.0004323892,0.00048995117,0.00029904046
2017-05-04 10:00:00,0.00018423451,0.00042735453,0.00025998722,0.00036036325,0.00012194712,9.727817e-05
2017-05-04 11:00:00,0.0006466335,0.00045169497,0.00037807052,0.00019667043,0.0002845934,0.00024918403
2017-05-04 12:00:00,6.546531e-05,4.40946e-05,0.00019637993,0.0002785908,0.00018897472,0.00020398329
2017-05-04 13:00:00,3.6034555e-05,0.00024121047,0.000240531,0.00023202848,0.00010275756,0.00011529772
2017-05-04 14:00:00,0.00032624337,0.0002344914,0.00029888644,0.00014558579,9.409875e-05,0.0001262354
2017-05-04 15:00:00,0.00016970042,0.00010372434,4.0706112e-05,0.000106591986,6.616428e-05,6.335903e-05
2017-05-04 16:00:00,3.8772854e-05,0.00010797217,0.00014826527,9.372177e-05,0.00012918172,0.00021188363
2017-05-04 17:00:00,0.00013306695,0.00017280826,0.0001320472,0.00020295779,0.0002384307,0.00039085696
2017-05-04 18:00:00,5.5378812e-05,4.1199502e-05,0.00010199913,0.00016285066,0.0002318548,0.00013844183
2017-05-04 19:00:00,4.6947363e-05,4.536346e-05,0.00010601515,0.00014452594,8.332803e-05,5.3889893e-05
2017-05-04 20:00:00,9.212757e-05,0.00011130565,0.00017082196,0.000114463124,0.00010029419,9.0432375e-05
2017-05-04 21:00:00,0.0001170134,0.00019964298,3.8159586e-05,4.3617212e-05,6.127728e-05,8.709509e-05
2017-05-04 22:00:00,9.229369e-05,6.0578095e-05,8.721823e-05,1.8536894e-05,4.092168e-05,5.7538273e-05
2017-05-04 23:00:00,0.00016620551,9.520266e-05,7.763591e-05,5.0463528e-05,3.0585677e-05,0.0002593185
2017-05-05 00:00:00,3.2154327e-05,2.766592e-05,5.86364e-05,6.295792e-05,0.00014030181,0.00025359044
2017-05-05 01:00:00,5.0607177e-05,5.9453214e-05,7.4731506e-05,0.00018687312,0.00022144496,0.0003801713
2017-05-05 02:00:00,5.3273867e-05,0.00011659451,0.00012975029,0.00025951344,0.00047156817,0.0010607755
2017-05-05 03:00:00,4.7221805e-05,0.00028065644,0.0003999617,0.0004888235,0.0011325196,0.00074162893
2017-05-05 04:00:00,0.0004945933,0.00031087108,0.00054418645,0.0012366201,0.0011824967,0.0008944976
2017-05-05 05:00:00,0.00015150115,0.00040770727,0.0007747266,0.0008007819,0.0008267202,0.00045463067
2017-05-05 06:00:00,0.00035731474,0.00077656814,0.0007084661,0.00054576015,0.00038729474,0.00045499753
2017-05-05 07:00:00,0.0009113053,0.00055047596,0.0005646624,0.0001281425,0.00016472448,0.00014590005
2017-05-05 08:00:00,4.5768e-05,5.6257057e-05,0.00031906503,0.00033101116,0.0007862187,0.0005157827
2017-05-05 09:00:00,9.192414e-05,0.0003125435,0.00031293964,0.0005531592,0.00050332106,0.0005591503
2017-05-05 10:00:00,0.0005066149,0.00029211488,0.00065358845,0.00043429958,0.00047684202,0.00041839463
2017-05-05 11:00:00,0.00010016189,0.00029358306,0.00034397517,0.00020959695,0.00014826393,0.00020470114
2017-05-05 12:00:00,0.0006246315,0.0003252729,0.00026789898,0.0002847345,0.0002493324,0.0004027303
2017-05-05 13:00:00,7.9909674e-05,0.00013411346,0.00019292535,5.7963818e-05,3.5456294e-05,4.471472e-05
2017-05-05 14:00:00,0.00017116868,0.00012181832,3.0175677e-05,4.077698e-05,6.23367e-05,3.9795406e-05
2017-05-05 15:00:00,4.1070412e-05,9.575815e-05,8.004472e-05,8.8325236e-05,0.00011731396,4.092894e-05
2017-05-05 16:00:00,0.00014173162,0.00016155878,0.00015518683,0.00010675937,3.4598834e-05,6.593568e-05
2017-05-05 17:00:00,4.3437543e-05,7.779836e-05,2.7346341e-05,9.5687115e-05,0.00012337462,7.084577e-05
2017-05-05 18:00:00,4.9814655e-05,3.736635e-05,0.00012149014,0.00015513824,5.877247e-05,4.2153297e-05
2017-05-05 19:00:00,6.327361e-05,0.00014516982,0.00019945983,7.4991854e-05,3.971708e-05,4.4029362e-05
2017-05-05 20:00:00,0.00021878796,0.00017309352,8.595493e-05,3.2559943e-05,3.803044e-05,3.4111996e-05
2017-05-07 21:00:00,0.00011476717,5.660916e-05,0.00014408506,0.00019224707,0.00016590695,0.00015312787
2017-05-07 22:00:00,0.00014763234,0.00027181904,0.00018193999,0.00021324381,0.00022284685,0.00032323148
2017-05-07 23:00:00,0.00017568776,0.00010752858,0.00012036624,0.00015806881,0.00024680633,0.00017181059
2017-05-08 00:00:00,3.860499e-05,2.648445e-05,4.880468e-05,7.146305e-05,0.00010652776,6.500421e-05
2017-05-08 01:00:00,3.494087e-05,4.3922293e-05,0.00010295766,0.00010754097,7.321349e-05,7.027815e-05
2017-05-08 02:00:00,7.2267845e-05,8.058979e-05,7.859187e-05,6.672269e-05,6.778079e-05,6.2975e-05
2017-05-08 03:00:00,9.597968e-05,6.227846e-05,3.7456004e-05,0.000109971465,0.00011565328,0.00010420576
2017-05-08 04:00:00,4.745242e-05,5.0092658e-05,0.00015184865,0.00014732101,0.0001156684,0.00026143205
2017-05-08 05:00:00,9.111402e-05,0.00016273803,0.00020100294,0.00013833286,0.00018408752,0.00040288185
2017-05-08 06:00:00,0.0001770747,0.00015901893,0.00015169446,0.00028166678,0.00040496673,0.000281125
2017-05-08 07:00:00,4.5014753e-05,3.339851e-05,9.385465e-05,0.00025584557,0.00017296727,0.00022505395
2017-05-08 08:00:00,4.3434484e-05,8.6723456e-05,0.00026152696,0.00011700979,0.00017743216,0.00016432795
2017-05-08 09:00:00,0.00010741927,0.00028094943,0.00018959999,0.00022352883,0.00012357003,8.4735366e-05
2017-05-08 10:00:00,0.00023359162,6.492416e-05,0.00015719721,5.374309e-05,5.451322e-05,3.202939e-05
2017-05-08 11:00:00,0.00018738762,6.5949505e-05,8.0044694e-05,0.00015100928,0.00023295471,0.00014224013
2017-05-08 12:00:00,0.00014260625,4.516952e-05,8.888522e-05,7.248033e-05,6.62567e-05,0.0001639619
2017-05-08 13:00:00,0.00010913973,0.0001882223,0.00018424401,0.00015902634,0.000232817,0.00023305324
2017-05-08 14:00:00,0.0001312951,0.00011863888,0.00011849934,0.00021347892,0.0001961194,0.0001628313
2017-05-08 15:00:00,5.280631e-05,3.3736193e-05,7.587431e-05,8.5057276e-05,9.423798e-05,9.140693e-05
2017-05-08 16:00:00,4.1825246e-05,0.00011546138,8.4757405e-05,0.000112607406,4.8105343e-05,5.0872215e-05
2017-05-08 17:00:00,0.00016778197,0.00010940548,0.00012356401,8.8261804e-05,6.542362e-05,3.3528006e-05
2017-05-08 18:00:00,3.2489163e-05,3.76264e-05,0.00018679672,0.00014287408,0.00011747677,0.00012046604
2017-05-08 19:00:00,5.108179e-05,0.0001419026,0.00021723351,0.00012648986,9.6747885e-05,0.00020693467
2017-05-08 20:00:00,0.00025032542,0.00022496111,0.00011273448,0.00012905855,0.00018660139,0.00023017972
2017-05-08 21:00:00,7.145025e-05,4.434105e-05,6.0205086e-05,2.8626155e-05,6.161414e-05,3.6657533e-05
2017-05-08 22:00:00,5.7130343e-05,3.925121e-05,6.453272e-05,8.9509405e-05,5.814384e-05,0.0001412854
2017-05-08 23:00:00,5.1839812e-05,6.424565e-05,0.0001258251,7.219806e-05,0.00015563826,0.00013403542
2017-05-09 00:00:00,0.00010702677,0.00011986773,9.4923475e-05,0.00018751397,0.00013675092,3.205269e-05
2017-05-09 01:00:00,0.00012300229,3.20075e-05,0.000107052365,8.033669e-05,5.770599e-05,5.82839e-05
2017-05-09 02:00:00,7.3174924e-05,5.8606438e-05,5.630418e-05,0.00014324459,3.8303555e-05,4.2060725e-05
2017-05-09 03:00:00,0.0001824941,9.305624e-05,0.00010230887,4.1237985e-05,7.427843e-05,4.917527e-05
2017-05-09 04:00:00,4.93792e-05,0.00018584823,8.0844395e-05,4.0606064e-05,6.0934846e-05,0.00018329287
2017-05-09 05:00:00,0.00020430701,5.664021e-05,4.5573644e-05,4.0974515e-05,0.0001925667,0.00013778606
2017-05-09 06:00:00,0.00017242659,0.00018277096,0.00011915606,4.289902e-05,3.4795692e-05,3.5992016e-05
2017-05-09 07:00:00,7.547075e-05,3.4447003e-05,0.00015923391,0.00015497328,0.00012125725,0.00019054367
2017-05-09 08:00:00,6.62106e-05,0.00021760179,0.00015321778,0.00018457531,0.00026045996,0.0001328396
2017-05-09 09:00:00,0.00024991026,0.00012720298,0.00014259928,0.00020891016,0.00011838941,0.0001767389
2017-05-09 10:00:00,6.130812e-05,4.86413e-05,7.284694e-05,4.4284374e-05,3.9343962e-05,0.00017547679
2017-05-09 11:00:00,5.2052e-05,8.614336e-05,3.257198e-05,3.1900283e-05,0.00014925987,0.00020831714
2017-05-09 12:00:00,0.00013335484,2.8704444e-05,6.135293e-05,0.00010489745,0.000233349,0.00024455454
2017-05-09 13:00:00,0.00019060615,9.8947276e-05,0.00025825642,0.00042087727,0.00046814638,0.00038467097
2017-05-09 14:00:00,7.791229e-05,0.00015802371,0.00026978765,0.000284302,0.00019868957,0.0002620744
2017-05-09 15:00:00,0.0003129357,0.00036704342,0.00034142932,0.00041015557,0.00032567765,0.00034320162
2017-05-09 16:00:00,0.0001925227,8.721144e-05,0.0001909021,0.0001355578,0.0001091554,0.00019492954
2017-05-09 17:00:00,5.750107e-05,3.6155983e-05,4.6670346e-05,6.777786e-05,0.00010333815,8.4500774e-05
2017-05-09 18:00:00,0.00010063069,4.379855e-05,7.070971e-05,0.00014128117,0.00012536885,0.00013706295
2017-05-09 19:00:00,4.92024e-05,3.6552523e-05,0.0001040182,5.427231e-05,5.956192e-05,5.15835e-05
2017-05-09 20:00:00,7.8163044e-05,0.00010479349,8.517433e-05,6.590739e-05,7.206555e-05,3.0290083e-05
2017-05-09 21:00:00,9.0359565e-05,5.7568195e-05,6.598077e-05,5.105573e-05,5.960421e-05,3.5523593e-05
2017-05-09 22:00:00,6.1376086e-05,4.0452134e-05,3.7521237e-05,7.9053476e-05,3.400237e-05,0.00011908879
2017-05-09 23:00:00,5.203923e-05,3.4093435e-05,6.314551e-05,2.8031482e-05,0.000112867354,0.00016988127
2017-05-10 00:00:00,5.4185286e-05,8.968573e-05,3.411073e-05,0.000119875745,0.00016488427,0.00020188319
2017-05-10 01:00:00,0.00011947854,2.7597018e-05,0.00012693148,0.00018367937,0.0002629013,0.00031680983
2017-05-10 02:00:00,0.00016472304,9.092618e-05,0.00014779209,0.0001294814,0.00021670181,0.0002703996
2017-05-10 03:00:00,0.00022710295,0.00020309299,0.00021704409,0.0002793756,0.0002421012,0.00031857583
2017-05-10 04:00:00,9.07852e-05,0.000112206864,0.00012482982,0.00025543867,0.0001686778,0.00014195817
2017-05-10 05:00:00,4.9847808e-05,0.0001565711,0.00020085707,0.00016835319,0.00013847266,8.9935245e-05
2017-05-10 06:00:00,0.0001506262,0.00015908362,0.00011962857,7.7613455e-05,8.697176e-05,0.00011328141
2017-05-10 07:00:00,4.25775e-05,5.1287505e-05,4.6249374e-05,2.7183762e-05,3.104767e-05,7.613994e-05
2017-05-10 08:00:00,3.6664056e-05,7.751557e-05,0.00011678241,3.4039425e-05,3.835324e-05,0.00012190385
2017-05-10 09:00:00,0.00012517562,9.937001e-05,3.8601054e-05,4.9311173e-05,0.00012750896,0.00010293208
2017-05-10 10:00:00,4.530306e-05,6.7052955e-05,0.00010500392,5.8660946e-05,5.883622e-05,4.7206904e-05
2017-05-10 11:00:00,7.960905e-05,0.00011656126,5.9381804e-05,2.9676563e-05,6.667539e-05,0.00015464955
2017-05-10 12:00:00,7.044174e-05,0.00013776959,7.810672e-05,3.273629e-05,9.6465505e-05,0.000202398
2017-05-10 13:00:00,0.00019856084,0.00016431631,4.0592335e-05,7.115153e-05,0.00021719513,0.00035008517
2017-05-10 14:00:00,6.944133e-05,0.00012937807,0.00021496676,0.0003867013,0.0004556831,0.00041431395
2017-05-10 15:00:00,0.00011184426,0.00021922894,0.00037642758,0.0005143237,0.0004119124,0.0003613215
2017-05-10 16:00:00,0.00019009146,0.00023133945,0.00047218474,0.0003801668,0.00024773568,0.00028199094
2017-05-10 17:00:00,0.00018795769,0.00029086525,0.00030773727,0.00024551942,0.00026540065,0.0002458206
2017-05-10 18:00:00,0.00025248263,0.00017701172,0.000100172234,8.955627e-05,0.00016499178,5.312164e-05
2017-05-10 19:00:00,3.4639463e-05,7.665293e-05,6.610516e-05,5.1972856e-05,0.00012555954,0.000103944025
2017-05-10 20:00:00,0.00012602178,4.5844492e-05,6.7915e-05,0.00013561403,0.0001051881,0.00014853245
2017-05-10 21:00:00,4.6445817e-05,3.670807e-05,9.565006e-05,3.475995e-05,0.00014300417,9.526846e-05
2017-05-10 22:00:00,6.567379e-05,7.011602e-05,7.675057e-05,0.0001410798,9.8995326e-05,7.796945e-05
2017-05-10 23:00:00,0.00012160761,0.000103458005,0.00016592881,0.00012350969,7.03644e-05,4.9413527e-05
2017-05-11 00:00:00,5.3838303e-05,6.3161744e-05,6.365159e-05,3.758055e-05,0.00013321663,0.00026482774
2017-05-11 01:00:00,0.0001413249,7.6077886e-05,5.3311447e-05,0.00010525606,0.00032277493,0.0004498617
2017-05-11 02:00:00,4.0722152e-05,6.06655e-05,0.00023859703,0.00017937449,0.00031054165,0.000472651
2017-05-11 03:00:00,8.0871774e-05,0.00019293539,0.00027381914,0.000306492,0.00037634477,0.0003436028
2017-05-11 04:00:00,0.00029078513,0.0003101293,0.00031047757,0.00036773324,0.0005198384,0.00036044608
2017-05-11 05:00:00,0.00060571544,0.0004893363,0.00067622296,0.0005846457,0.0004860129,0.00080559787
2017-05-11 06:00:00,0.00015789623,0.00038818244,0.00026867885,0.00010376334,0.0003613773,0.00035247966
2017-05-11 07:00:00,0.00037883356,0.0001679281,9.3240626e-05,0.00020489954,0.00029633383,0.0002898937
2017-05-11 08:00:00,6.625237e-05,0.00014004837,5.1475854e-05,5.2734093e-05,0.00012346698,0.00036210575
2017-05-11 09:00:00,0.00016465821,4.3339718e-05,0.00012620384,0.00020952817,0.000515574,0.00062269287
2017-05-11 10:00:00,0.00022992904,0.00014712798,0.00023094086,0.00064435904,0.0006178964,0.00065119076
2017-05-11 11:00:00,5.97419e-05,0.00014839819,0.00046878075,0.00050178624,0.0004785859,0.0005504275
2017-05-11 12:00:00,0.00016762734,0.00051517825,0.000660841,0.00036828956,0.0004748228,0.0006066342
2017-05-11 13:00:00,0.00041293353,0.0004363817,0.00037356262,0.00047310366,0.0005885529,0.0004239562
2017-05-11 14:00:00,0.00014238984,2.0046344e-05,0.00015392157,0.00025676523,0.00027482808,0.00016932741
2017-05-11 15:00:00,0.0001416066,8.206418e-05,0.00018406437,0.00015395474,8.423718e-05,7.49386e-05
2017-05-11 16:00:00,0.00019534746,0.00022709701,0.0002687653,0.00014843121,0.0001357421,0.0001799477
2017-05-11 17:00:00,0.0001627089,9.5864074e-05,3.665722e-05,3.7231617e-05,5.8375925e-05,4.310529e-05
2017-05-11 18:00:00,4.7418034e-05,8.666117e-05,7.690213e-05,8.961221e-05,8.460465e-05,0.00016429834
2017-05-11 19:00:00,0.000105420346,7.862574e-05,6.9957816e-05,6.7841676e-05,0.0001173327,9.551281e-05
2017-05-11 20:00:00,5.453283e-05,3.574717e-05,3.7753343e-05,5.9306385e-05,3.943473e-05,6.104441e-05
2017-05-11 21:00:00,4.279026e-05,3.3558037e-05,0.00010791041,4.65096e-05,6.37499e-05,4.662674e-05
2017-05-11 22:00:00,4.3983568e-05,0.000100974685,5.2463492e-05,5.5203996e-05,3.8240494e-05,3.4615354e-05
2017-05-11 23:00:00,6.1125684e-05,4.1278614e-05,7.82945e-05,6.3721076e-05,3.0196912e-05,0.00010423676
2017-05-12 00:00:00,7.2141505e-05,0.0001443704,0.00018257208,6.520678e-05,6.7685134e-05,4.252418e-05
2017-05-12 01:00:00,0.00015632522,8.804236e-05,3.5720757e-05,0.00013654334,6.561324e-05,0.0003128003
2017-05-12 02:00:00,5.1252282e-05,6.480365e-05,0.00022604909,0.00012078332,0.00037931185,0.00038478794
2017-05-12 03:00:00,0.000105627885,0.0001797927,0.00012673164,0.00033152706,0.00038030135,0.0002840508
2017-05-12 04:00:00,0.00015265177,7.735817e-05,0.00039630246,0.00029498475,0.0002517602,0.0002506806
2017-05-12 05:00:00,9.896328e-05,0.00018156567,0.0002207213,0.00014148926,0.00023199947,0.00011061139
2017-05-12 06:00:00,0.00047132332,0.00023027799,0.00018673243,0.00021600084,6.933395e-05,9.7983204e-05
2017-05-12 07:00:00,4.7943944e-05,4.346976e-05,2.880787e-05,0.0002485098,0.00028749494,0.00035524118
2017-05-12 08:00:00,6.185253e-05,2.9699897e-05,0.00033391922,0.00033334698,0.0003059229,0.00054787257
2017-05-12 09:00:00,6.867175e-05,0.00027992675,0.00027266997,0.0003696338,0.00052217045,0.0004541368
2017-05-12 10:00:00,0.00042712258,0.00031953905,0.00028391503,0.0005881365,0.0004405237,0.00045890533
2017-05-12 11:00:00,6.145109e-05,7.954822e-05,0.00017421055,0.0001243877,0.00014682065,0.00012145511
2017-05-12 12:00:00,9.454638e-05,0.0001634379,0.00017147885,0.00011190282,0.00011839991,0.0001830703
2017-05-12 13:00:00,0.00018510388,0.00011981282,0.00013455446,6.5225395e-05,0.00016201413,0.00017690276
2017-05-12 14:00:00,9.329299e-05,8.6904365e-05,9.006792e-05,3.4047123e-05,3.200972e-05,0.00028657494
2017-05-12 15:00:00,3.760288e-05,4.6597794e-05,0.00013285976,7.040913e-05,0.0002928253,3.3439548e-05
2017-05-12 16:00:00,4.7904843e-05,0.00011658045,5.815127e-05,0.00035165716,2.8301956e-05,0.00027536383
2017-05-12 17:00:00,0.00016604067,0.00010455516,0.00026140342,4.2316107e-05,0.0002378354,0.0003083014
2017-05-12 18:00:00,7.125998e-05,0.00026293812,6.8748974e-05,0.0003798905,0.00036965226,0.0003423607
2017-05-12 19:00:00,0.0003870986,4.312869e-05,0.0004942445,0.00033815572,0.00032452247,0.0003000342
2017-05-12 20:00:00,0.00037437933,0.0005068504,0.00064513105,0.00059078913,0.00054376316,0.000587426
2017-05-14 21:00:00,0.0005664051,0.00042292857,0.0003448716,0.0002699379,0.00035108,0.00035694745
2017-05-14 22:00:00,7.7453624e-05,0.00015309772,0.00018114521,8.8833025e-05,8.215628e-05,0.00026102093
2017-05-14 23:00:00,0.00021086173,0.00012865929,5.998183e-05,5.3759268e-05,0.00038811786,0.00029154937
2017-05-15 00:00:00,4.411559e-05,4.6042864e-05,3.7250997e-05,0.00027021577,0.0001528908,0.00022730215
2017-05-15 01:00:00,6.940521e-05,5.509631e-05,0.0003279309,0.00010134623,0.0002336612,0.00021605569
2017-05-15 02:00:00,4.98738e-05,0.00031700253,0.00018947433,0.0002303068,0.00020218179,0.0003689903
2017-05-15 03:00:00,0.0004283207,0.00015302609,0.00028066087,0.00021557434,0.0004353133,0.00035491862
2017-05-15 04:00:00,0.00018129665,0.0005532111,0.0006371401,0.000778913,0.0006435646,0.00077593344
2017-05-15 05:00:00,0.00080345524,0.0004232827,0.0007311195,0.00033950896,0.00092944456,0.0004257189
2017-05-15 06:00:00,3.656091e-05,0.00023439794,0.00010711401,0.00023619727,0.000134343,0.00016828784
2017-05-15 07:00:00,0.0003415607,8.125775e-05,0.0002419657,0.00013859273,0.00015597345,0.0003469557
2017-05-15 08:00:00,0.00027683162,2.8780245e-05,0.00016639543,8.38841e-05,9.371483e-05,0.00013199652
2017-05-15 09:00:00,0.00029300473,6.0781495e-05,0.00011720904,0.00027880853,0.00031256065,0.00030637212
2017-05-15 10:00:00,0.0001383281,7.136875e-05,0.000111196336,0.00011542677,0.00014580369,0.000163115
2017-05-15 11:00:00,6.1011804e-05,0.000255958,0.00037343215,0.00016252158,0.00023342062,0.00018155311
2017-05-15 12:00:00,0.00022657118,0.00026047192,0.00016859357,0.00019163462,0.00018266881,0.00019331343
2017-05-15 13:00:00,8.349397e-05,2.5020563e-05,5.238494e-05,3.8233105e-05,3.7666177e-05,0.00010760663
2017-05-15 14:00:00,0.00010527256,2.946291e-05,8.506496e-05,3.350686e-05,6.4145126e-05,9.094731e-05
2017-05-15 15:00:00,9.0865e-05,3.1609638e-05,6.17669e-05,0.00013061642,0.00016318186,0.000111725574
2017-05-15 16:00:00,0.00014587236,2.8986806e-05,7.354515e-05,9.2401984e-05,5.999257e-05,2.9367286e-05
2017-05-15 17:00:00,7.192157e-05,0.00012693091,0.00019027814,0.000119202006,0.00010941866,9.1307804e-05
2017-05-15 18:00:00,0.00013692447,0.00010561713,9.224575e-05,5.540888e-05,8.301177e-05,5.7041063e-05
2017-05-15 19:00:00,4.732667e-05,4.4805292e-05,6.0482318e-05,3.098803e-05,6.5422355e-05,5.538585e-05
2017-05-15 20:00:00,0.00011386853,7.0366965e-05,7.907017e-05,8.415781e-05,7.005174e-05,7.878368e-05
2017-05-15 21:00:00,5.7591216e-05,3.2588243e-05,4.9790357e-05,2.833905e-05,4.64438e-05,6.8666865e-05
2017-05-15 22:00:00,6.547907e-05,3.8321275e-05,3.3333075e-05,5.3852487e-05,6.3628504e-05,5.7754747e-05
2017-05-15 23:00:00,8.479511e-05,4.214138e-05,4.574715e-05,6.286821e-05,4.9187922e-05,0.00027394568
2017-05-16 00:00:00,4.6557114e-05,2.6400641e-05,5.68006e-05,9.8623736e-05,0.00039866776,7.511004e-05
2017-05-16 01:00:00,7.962453e-05,6.4824475e-05,7.549431e-05,0.00033112802,7.441147e-05,0.0002964622
2017-05-16 02:00:00,5.686473e-05,0.00010349824,0.00042735177,0.000104566934,0.00023260611,0.00027782746
2017-05-16 03:00:00,0.00020060493,0.00025685815,9.5461786e-05,0.00031626425,0.0003581597,0.00047936075
2017-05-16 04:00:00,0.00038178245,2.8230557e-05,0.00025387417,0.00018947861,0.0004297821,0.00062344945
2017-05-16 05:00:00,0.00033143978,3.180428e-05,3.2466327e-05,0.00017078208,0.00034972202,0.00031863374
2017-05-16 06:00:00,0.00025634316,0.00026686082,0.0003882161,0.00066351134,0.00051837444,0.00039930208
2017-05-16 07:00:00,4.1268606e-05,0.00018769658,0.000295936,0.00033935235,0.00013236271,0.00022471815
2017-05-16 08:00:00,0.00021438385,0.0002647451,0.00031002695,0.00016555612,0.00024042442,0.00046756672
2017-05-16 09:00:00,0.00026430452,0.00019407462,4.1106436e-05,0.000109209395,0.00027300135,3.2481952e-05
2017-05-16 10:00:00,5.4954944e-05,0.00015406839,6.274738e-05,0.00014823455,0.00010824831,5.179499e-05
2017-05-16 11:00:00,0.00031614368,0.00012929982,0.00016075047,0.00015632916,3.48646e-05,0.00022691615
2017-05-16 12:00:00,0.00018218688,0.0002851612,3.422924e-05,0.00016838055,0.00035644995,0.00039104876
2017-05-16 13:00:00,0.00036534268,0.00010792641,8.551616e-05,0.00026557114,0.0002207457,0.00024497777
2017-05-16 14:00:00,0.0005060289,0.00018446715,0.00010667297,4.426022e-05,3.8518807e-05,2.9971015e-05
2017-05-16 15:00:00,0.00022751465,0.00043835148,0.00042457908,0.0002793166,0.0002481085,0.00026045382
2017-05-16 16:00:00,0.0003853521,0.00016217672,0.00016240202,8.947419e-05,6.4310014e-05,2.922433e-05
2017-05-16 17:00:00,0.00013888038,0.00010315444,0.0001201552,0.00016313892,0.0002812235,0.00045121452
2017-05-16 18:00:00,3.91674e-05,4.48222e-05,9.4368435e-05,0.00011261952,0.00029008166,0.0002752839
2017-05-16 19:00:00,8.33517e-05,0.000100474834,0.00015597999,0.00027384429,0.00027004178,0.00026618261
2017-05-16 20:00:00,0.00012339292,0.0001608787,0.00027673622,0.00032040096,0.00021001545,0.00018697156
2017-05-16 21:00:00,0.00012779221,0.00020463098,0.00022700193,0.00013066779,9.921654e-05,0.000110718225
2017-05-16 22:00:00,0.00020211108,0.00012163929,0.00011041334,9.710676e-05,7.323872e-05,7.60975e-05
2017-05-16 23:00:00,4.3558677e-05,3.775731e-05,3.9846564e-05,4.3022872e-05,7.9353464e-05,7.6503115e-05
2017-05-17 00:00:00,5.9463495e-05,4.731961e-05,6.158533e-05,6.866408e-05,8.748246e-05,5.264653e-05
2017-05-17 01:00:00,3.681592e-05,4.403621e-05,3.925966e-05,7.4556556e-05,6.180373e-05,0.00026237653
2017-05-17 02:00:00,5.6602777e-05,4.2771135e-05,8.0265585e-05,7.967555e-05,0.0003519964,0.00039105813
2017-05-17 03:00:00,2.9266204e-05,5.431096e-05,3.468928e-05,0.00023149989,0.00039592496,0.00025611278
2017-05-17 04:00:00,6.771227e-05,2.5922667e-05,0.00028210843,0.0003701432,0.00035879522,0.00017537232
2017-05-17 05:00:00,9.3465256e-05,0.00029999152,0.00027680089,0.00032204902,0.0001405545,0.00012230317
2017-05-17 06:00:00,0.00042647324,0.00032228715,0.0003478919,0.0002133198,0.00026473746,0.00030443532
2017-05-17 07:00:00,6.647396e-05,5.086708e-05,9.200505e-05,0.00015296297,3.421534e-05,4.9047183e-05
2017-05-17 08:00:00,5.5224547e-05,0.0001528925,0.0001813268,3.7296275e-05,4.31004e-05,8.27782e-05
2017-05-17 09:00:00,0.00020558682,0.00013809238,6.4578315e-05,2.7839043e-05,4.3769985e-05,4.853977e-05
2017-05-17 10:00:00,7.313796e-05,8.7757384e-05,0.00012043221,0.00010341438,0.00016683228,0.0002117936
2017-05-17 11:00:00,0.0001724578,0.0001610192,0.00011225338,0.00016711096,0.00040556383,0.00021683722
2017-05-17 12:00:00,3.974811e-05,3.298863e-05,6.582137e-05,0.00020269315,0.00015201954,7.7387886e-05
2017-05-17 13:00:00,8.403344e-05,6.021966e-05,0.00017763478,0.00014182486,7.795632e-05,5.424729e-05
2017-05-17 14:00:00,0.00011111758,0.00023542377,0.0002060759,0.000108962515,9.10067e-05,8.9487e-05
2017-05-17 15:00:00,0.00019352685,0.000107020795,4.249536e-05,3.4714998e-05,2.9610062e-05,5.077964e-05
2017-05-17 16:00:00,8.350812e-05,0.0001409582,0.00013067783,7.8597055e-05,8.1809296e-05,0.0001106677
2017-05-17 17:00:00,0.000116249794,9.7472875e-05,9.550896e-05,5.8854017e-05,6.935271e-05,0.0001497866
2017-05-17 18:00:00,4.189545e-05,3.8722224e-05,3.768075e-05,3.2212778e-05,0.00011800144,7.293866e-05
2017-05-17 19:00:00,3.1383006e-05,4.074068e-05,5.5850745e-05,9.286735e-05,5.312347e-05,0.000114317074
2017-05-17 20:00:00,4.3675842e-05,2.8596089e-05,0.00014603617,5.4502245e-05,0.00012467228,0.00010474491
2017-05-17 21:00:00,5.7054785e-05,0.00014336161,6.151083e-05,0.00014042656,9.488896e-05,6.031021e-05
2017-05-17 22:00:00,0.00011929189,7.4844225e-05,0.00017468135,6.9802074e-05,6.241708e-05,0.00010581074
2017-05-17 23:00:00,6.835464e-05,7.0953116e-05,4.1769174e-05,5.906084e-05,3.486845e-05,6.8649504e-05
2017-05-18 00:00:00,0.00015962873,2.7024866e-05,2.7389706e-05,5.854856e-05,0.0001198511,0.00021097324
2017-05-18 01:00:00,0.00012549222,9.598204e-05,5.0669838e-05,4.382789e-05,9.134724e-05,3.652464e-05
2017-05-18 02:00:00,4.6391368e-05,5.4437416e-05,0.00013029047,0.0002204356,7.833058e-05,5.620915e-05
2017-05-18 03:00:00,0.00014108782,0.00015991274,0.00024377383,0.00010751284,3.21604e-05,3.3839864e-05
2017-05-18 04:00:00,8.2847466e-05,0.00019311224,7.8806945e-05,0.00010144628,7.528652e-05,0.00025424495
2017-05-18 05:00:00,0.00017318284,3.6495338e-05,0.00013205752,0.00014373432,0.00033881227,0.00042219693
2017-05-18 06:00:00,0.00021527523,0.00025532182,0.00021165953,0.00041764538,0.00048312178,0.00026495743
2017-05-18 07:00:00,0.00019926629,0.00015814863,0.00034069677,0.00047502216,0.00015930031,0.00023350786
2017-05-18 08:00:00,3.9543218e-05,0.00022585303,0.0003217888,4.363754e-05,5.297122e-05,4.0997773e-05
2017-05-18 09:00:00,0.00032587224,0.00026335823,5.329953e-05,6.734868e-05,3.854685e-05,5.5752575e-05
2017-05-18 10:00:00,7.310715e-05,0.00018474014,0.00011467498,0.00016126329,0.00013601714,0.00015946639
2017-05-18 11:00:00,0.00037492855,0.0001591111,0.00032246503,0.00023024675,0.00025862057,0.00022343865
2017-05-18 12:00:00,3.652957e-05,3.619471e-05,4.2341046e-05,4.2673037e-05,5.2231877e-05,6.8274705e-05
2017-05-18 13:00:00,8.199157e-05,2.9517923e-05,7.1117975e-05,4.460041e-05,6.583787e-05,8.294886e-05
2017-05-18 14:00:00,7.3501455e-05,5.3203174e-05,3.8764567e-05,9.253228e-05,0.0001321075,0.0001326742
2017-05-18 15:00:00,8.306295e-05,3.4915927e-05,7.73314e-05,0.00010928961,0.00011377998,6.4926986e-05
2017-05-18 16:00:00,8.9380155e-05,9.6984324e-05,0.0001461195,0.00015979732,6.928867e-05,0.00010806158
2017-05-18 17:00:00,6.305378e-05,0.00011862591,0.000100496065,6.103281e-05,4.9971703e-05,3.5224923e-05
2017-05-18 18:00:00,8.113713e-05,5.8962418e-05,3.8411385e-05,3.6130637e-05,3.2337673e-05,8.894516e-05
2017-05-18 19:00:00,3.5034867e-05,4.9914255e-05,6.2531915e-05,6.9003654e-05,9.934487e-05,0.0001306641
2017-05-18 20:00:00,8.3792445e-05,5.9764847e-05,8.0344624e-05,0.00013039494,0.00017627883,0.00011800022
2017-05-18 21:00:00,4.1544576e-05,4.6564735e-05,0.00013853992,0.000114497016,7.725568e-05,0.00012847257
2017-05-18 22:00:00,4.107383e-05,9.221615e-05,0.000102220154,8.5143874e-05,8.4710584e-05,8.741254e-05
2017-05-18 23:00:00,0.000100689096,0.00010296061,7.744256e-05,5.565395e-05,6.889088e-05,0.000110006695
2017-05-19 00:00:00,4.1775133e-05,3.5005953e-05,3.824498e-05,2.9544914e-05,0.00013909847,9.0014306e-05
2017-05-19 01:00:00,7.8214376e-05,3.459511e-05,3.4613495e-05,0.0001957917,0.00013163066,0.00010522855
2017-05-19 02:00:00,5.1018895e-05,3.7544054e-05,0.0001435046,0.00010683046,6.342444e-05,4.2631953e-05
2017-05-19 03:00:00,3.5636e-05,0.00018309227,0.00016362508,0.00011828711,3.7338334e-05,6.7403234e-05
2017-05-19 04:00:00,0.00028156987,0.00011109254,9.955709e-05,2.8745339e-05,6.4695436e-05,4.368897e-05
2017-05-19 05:00:00,0.00013663032,0.00010351828,0.00023376971,0.00021956443,0.00014793921,0.000786697
2017-05-19 06:00:00,6.544004e-05,0.00012638271,0.00016848772,0.00011645877,0.0006225327,0.00066619605
2017-05-19 07:00:00,0.00014698437,0.00012566205,9.906698e-05,0.0006338257,0.00073095807,0.0010288943
2017-05-19 08:00:00,0.0001096645,5.3977656e-05,0.00034850682,0.00081583794,0.00066007185,0.00065855787
2017-05-19 09:00:00,0.00012831284,0.00048193603,0.00070783193,0.00062882423,0.0006136537,0.0005691334
2017-05-19 10:00:00,0.0007206789,0.0007440135,0.0008493999,0.0007797656,0.0007843089,0.00082922756
2017-05-19 11:00:00,0.00028974965,0.00029393355,0.00037266477,0.00013471108,0.00019634662,0.00025480756
2017-05-19 12:00:00,3.9432107e-05,7.86464e-05,5.0181694e-05,3.4832017e-05,3.7079895e-05,0.00010696322
2017-05-19 13:00:00,0.00012385676,5.3444906e-05,6.1689134e-05,4.7733563e-05,0.00011691056,7.557526e-05
2017-05-19 14:00:00,0.00016767561,6.196609e-05,3.334028e-05,5.9742662e-05,4.8038746e-05,8.401911e-05
2017-05-19 15:00:00,8.433545e-05,0.00010099329,0.00020054425,0.00016980617,0.00020059069,0.00012175638
2017-05-19 16:00:00,6.884155e-05,0.000108408756,9.25437e-05,0.0001180006,4.612122e-05,8.81214e-05
2017-05-19 17:00:00,0.00016156443,5.756196e-05,0.00013220777,3.066307e-05,5.742389e-05,3.1577194e-05
2017-05-19 18:00:00,4.1632138e-05,4.4366858e-05,6.0217324e-05,4.6946003e-05,7.690656e-05,4.133983e-05
2017-05-19 19:00:00,7.317736e-05,4.864656e-05,3.505821e-05,6.2299914e-05,4.6457793e-05,3.8537997e-05
2017-05-19 20:00:00,0.00010923279,7.2065e-05,0.00012459904,8.366083e-05,8.7917375e-05,4.152017e-05
2017-05-21 21:00:00,6.328884e-05,3.3817123e-05,4.085207e-05,4.489405e-05,3.433415e-05,6.220705e-05
2017-05-21 22:00:00,8.12072e-05,3.8375147e-05,3.3405486e-05,3.2525328e-05,3.2546723e-05,2.6696569e-05
2017-05-21 23:00:00,6.8082874e-05,5.8655394e-05,0.00010701075,9.332577e-05,7.300859e-05,0.00016674216
2017-05-22 00:00:00,3.0026993e-05,5.2932155e-05,6.229176e-05,2.9431198e-05,8.170328e-05,0.00019259877
2017-05-22 01:00:00,6.279121e-05,5.8325448e-05,4.228963e-05,0.00012086569,0.0001898391,0.00014714865
2017-05-22 02:00:00,4.3273292e-05,3.388975e-05,9.212779e-05,0.00016539315,0.00018381324,0.00039877047
2017-05-22 03:00:00,3.6397985e-05,7.9764715e-05,0.0002298381,0.00014282737,0.00036797448,0.0004977584
2017-05-22 04:00:00,0.00016104768,0.00019202444,0.0001730055,0.00043478142,0.0005497249,0.0004554643
2017-05-22 05:00:00,0.00015701583,0.00014223493,0.00032216898,0.0005357697,0.0003559791,0.00050361553
2017-05-22 06:00:00,9.600807e-05,0.00018655027,0.00045783655,0.00037988677,0.0004690643,0.00053102034
2017-05-22 07:00:00,0.00016397095,0.0004276264,0.0003203358,0.00045894773,0.00035409993,0.0004632167
2017-05-22 08:00:00,0.00039099422,0.00016901047,0.00045687266,0.0004345883,0.0003988515,0.00041734418
2017-05-22 09:00:00,9.9032586e-05,0.00013836856,0.00013956694,7.0186325e-05,0.00012877052,6.522527e-05
2017-05-22 10:00:00,0.000301475,0.00015806765,0.0002444496,0.00017629436,0.00010055254,6.074785e-05
2017-05-22 11:00:00,3.823962e-05,3.1143605e-05,3.9662948e-05,7.511022e-05,0.00013010492,2.8376588e-05
2017-05-22 12:00:00,4.3411383e-05,2.9155184e-05,0.000103959595,0.00016163097,3.5517893e-05,3.5383648e-05
2017-05-22 13:00:00,5.103482e-05,6.534162e-05,0.00013806467,3.034785e-05,4.1808373e-05,5.2687097e-05
2017-05-22 14:00:00,0.00010342495,0.0001393021,3.659542e-05,4.4630295e-05,7.093066e-05,5.8438105e-05
2017-05-22 15:00:00,0.0001234921,7.713109e-05,7.899157e-05,3.0308625e-05,4.9487062e-05,8.321525e-05
2017-05-22 16:00:00,0.00016958144,0.000113112,0.000111043955,7.29741e-05,9.9172226e-05,0.00012763805
2017-05-22 17:00:00,3.828556e-05,6.357193e-05,4.801519e-05,4.3135013e-05,3.429519e-05,7.110897e-05
2017-05-22 18:00:00,7.1700524e-05,5.5285105e-05,7.1860384e-05,3.7473925e-05,6.468887e-05,8.929924e-05
2017-05-22 19:00:00,5.309129e-05,0.00012575887,9.925193e-05,0.000115900024,0.00014779446,0.00016122003
2017-05-22 20:00:00,0.00012932754,5.9226924e-05,7.834752e-05,0.00014194417,0.00018930683,0.00017465012
2017-05-22 21:00:00,4.760555e-05,5.5427732e-05,8.858494e-05,0.00010588717,0.00010484702,0.00015061503
2017-05-22 22:00:00,7.4888696e-05,0.000113828,0.00016142114,8.612562e-05,9.8550096e-05,0.00017268717
2017-05-22 23:00:00,9.926451e-05,8.059853e-05,0.00011293985,8.075887e-05,0.00013856823,0.0003035537
2017-05-23 00:00:00,5.1367348e-05,5.2343672e-05,8.797238e-05,5.1301176e-05,0.00033283184,0.0005131036
2017-05-23 01:00:00,4.5009856e-05,6.90092e-05,6.5262924e-05,0.00044319016,0.00045974573,0.0009970892
2017-05-23 02:00:00,7.353547e-05,5.921614e-05,0.00045346207,0.0005033697,0.0007377783,0.0007037738
2017-05-23 03:00:00,4.2366246e-05,0.00036104146,0.00057263754,0.00077991857,0.00060730224,0.0008501542
2017-05-23 04:00:00,0.0004400293,0.00068877474,0.0007811417,0.000868824,0.0008382143,0.0009012838
2017-05-23 05:00:00,0.00039528988,0.0005325679,0.00043476347,0.00046849894,0.00045705444,0.00074076134
2017-05-23 06:00:00,0.00045908944,0.0002197363,0.00037329667,0.00028562042,0.0007175898,0.00051876705
2017-05-23 07:00:00,4.424624e-05,0.00017450322,9.838283e-05,0.00040104927,0.00033911498,0.0004751947
2017-05-23 08:00:00,0.00019818623,0.000111114554,0.00053132424,0.00033303397,0.00043963196,0.00033679366
2017-05-23 09:00:00,4.0499348e-05,0.00028566213,0.00022025776,0.00032431944,0.00024101211,0.0002485615
2017-05-23 10:00:00,0.0005207483,0.00021099192,0.00055050827,0.00024454106,0.00026494463,0.00047744205
2017-05-23 11:00:00,0.00019270186,7.498497e-05,8.600359e-05,4.2817435e-05,0.00019650407,0.00023071721
2017-05-23 12:00:00,0.00029870056,8.262408e-05,0.000106706066,0.0003051431,0.0003932209,0.0002264582
2017-05-23 13:00:00,0.00020726377,0.00010707875,0.00015472832,0.0001328956,2.951168e-05,4.2142743e-05
2017-05-23 14:00:00,8.976206e-05,0.00026571858,0.00034257612,0.00016280997,0.00014801003,0.0001252205
2017-05-23 15:00:00,0.00027876574,0.00026873493,0.00013217833,8.526325e-05,7.070082e-05,0.00025224703
2017-05-23 16:00:00,0.00010540884,7.320994e-05,0.00014477383,0.00017939453,6.174683e-05,4.7152873e-05
2017-05-23 17:00:00,0.00015995087,0.00018742905,0.00027567198,3.3777367e-05,3.6743113e-05,3.6494443e-05
2017-05-23 18:00:00,6.548996e-05,5.853723e-05,0.00013613979,0.0001346096,0.000109552326,0.00013624545
2017-05-23 19:00:00,4.194629e-05,0.00016750813,0.00019238135,0.0001912528,0.00018571291,0.00035870413
2017-05-23 20:00:00,0.00028855886,0.00020338828,0.00019358768,0.00020139391,0.0003610072,0.00040925696
2017-05-23 21:00:00,3.8009075e-05,3.2687916e-05,6.171135e-05,0.00025569054,0.00022351924,0.00013275321
2017-05-23 22:00:00,6.138954e-05,6.650684e-05,0.00026941265,0.0002846304,0.00015755888,0.00021621399
2017-05-23 23:00:00,4.338059e-05,0.00017695756,0.00020641508,0.00015566662,0.00014073792,0.00018120922
2017-05-24 00:00:00,0.00022784312,0.00024719242,0.00014247205,0.0001422572,0.00013940994,0.000103845894
2017-05-24 01:00:00,7.3555544e-05,5.0366667e-05,2.903187e-05,4.591758e-05,0.00026014715,0.0003777008
2017-05-24 02:00:00,0.00014287494,7.8737525e-05,7.085635e-05,0.00031987025,0.00041976708,0.0001965517
2017-05-24 03:00:00,6.724857e-05,4.1129828e-05,0.00028409777,0.00030452837,0.000121819125,4.6899684e-05
2017-05-24 04:00:00,4.022818e-05,0.0003452083,0.00031622272,0.00018552513,2.949232e-05,5.3553238e-05
2017-05-24 05:00:00,0.00044794567,0.00033919423,0.00025846093,3.14544e-05,4.8586313e-05,0.00014229942
2017-05-24 06:00:00,8.57875e-05,7.170798e-05,0.00040594573,0.00026087425,0.0006298643,0.0004899264
2017-05-24 07:00:00,0.00030402126,0.00035559954,0.00040777578,0.00038427903,0.0004927746,0.00072719704
2017-05-24 08:00:00,0.00023340902,0.00028690707,0.0003983001,0.00039879623,0.0008282317,0.00042434773
2017-05-24 09:00:00,0.000103120496,0.00021960407,0.00026731065,0.00058138114,0.00034109948,0.00038820147
2017-05-24 10:00:00,0.0002831658,0.0001732557,0.0006048541,0.00026659927,0.00039395693,0.00057731423
2017-05-24 11:00:00,5.9833223e-05,0.00041810697,0.00018089029,0.0001506019,0.00039481427,0.00032711917
2017-05-24 12:00:00,0.0004276592,0.00012600122,0.00018735432,0.00043456125,0.00023416051,0.0002515252
2017-05-24 13:00:00,0.00036953646,0.00013086296,0.00013048253,2.7969374e-05,6.160219e-05,0.00015435314
2017-05-24 14:00:00,0.00011812686,0.00032382942,0.00027159418,0.00024988767,0.00036411674,0.00029384464
2017-05-24 15:00:00,0.00038247157,0.0001398048,0.00021531078,0.00029953266,0.00037464596,0.00029023673
2017-05-24 16:00:00,0.00016493093,3.6170182e-05,6.786285e-05,0.00012814761,7.350171e-05,3.104069e-05
2017-05-24 17:00:00,0.00012879922,0.00019932109,0.00023505931,0.00019706547,0.00010392678,0.00026326417
2017-05-24 18:00:00,0.00016938389,0.00014255855,0.00019617409,3.2796448e-05,0.00018815689,3.145686e-05
2017-05-24 19:00:00,8.783015e-05,4.6009034e-05,8.546132e-05,6.4128224e-05,6.357067e-05,4.086879e-05
2017-05-24 20:00:00,5.1391744e-05,0.00014827002,4.482053e-05,0.00012921628,0.00011871514,5.9656817e-05
2017-05-24 21:00:00,0.00018620142,5.1934177e-05,0.00010368994,8.2232975e-05,4.3784206e-05,0.00022632212
2017-05-24 22:00:00,0.00026840702,2.780449e-05,4.860577e-05,9.7056574e-05,0.0001301527,0.00023436309
2017-05-24 23:00:00,0.00021374294,0.00017520948,8.613519e-05,0.00030261432,0.00027183443,0.0005581763
2017-05-25 00:00:00,4.987875e-05,0.00011116583,0.00016380969,0.00021620796,0.00034717206,0.0002766163
2017-05-25 01:00:00,0.00014454371,0.00018883076,0.0002680941,0.0003692615,0.00038393185,0.00029308282
2017-05-25 02:00:00,0.00037209466,0.00034046374,0.0006016717,0.00040555405,0.00045460716,0.0005389955
2017-05-25 03:00:00,0.000114977585,0.00019143532,0.00018257945,0.00022222064,0.00038542197,8.337807e-05
2017-05-25 04:00:00,0.00016556084,8.247391e-05,0.00020836813,0.00024771562,5.416442e-05,0.000241075
2017-05-25 05:00:00,8.526363e-05,6.56079e-05,0.00017598602,7.330762e-05,0.00012302282,0.000291309
2017-05-25 06:00:00,0.00014271455,0.00020243747,6.9666756e-05,0.00015275943,0.00030241627,0.0002660282
2017-05-25 07:00:00,0.000106696694,0.00012866991,9.98942e-05,0.00023145688,0.0001806626,2.5765798e-05
2017-05-25 08:00:00,0.00028199516,4.6008627e-05,0.00014863006,9.567704e-05,8.664391e-05,8.4882595e-05
2017-05-25 09:00:00,0.0002755606,0.00036603436,0.00032443585,0.00015566818,0.00014436398,0.00014778176
2017-05-25 10:00:00,0.0002854058,0.00010277123,0.00010673825,0.00014075768,6.255944e-05,0.00037416036
2017-05-25 11:00:00,0.00013039159,0.0002387016,0.00030632838,0.00020245525,0.00031305943,9.679198e-05
2017-05-25 12:00:00,0.0003132596,0.0002489455,0.00017949363,0.00036392745,0.00016385695,4.59459e-05
2017-05-25 13:00:00,7.733348e-05,5.2170242e-05,0.000625255,0.00034317886,0.0001740365,0.00026466214
2017-05-25 14:00:00,8.133856e-05,0.0005111259,0.00036380356,0.00026500341,0.00044328996,0.00037673602
2017-05-25 15:00:00,0.0007636191,0.00032231494,0.0002119629,0.00034919853,0.00041385586,0.00020414486
2017-05-25 16:00:00,0.00035096338,0.00047196503,0.00012728492,0.0001883623,0.00027936374,0.00019875461
2017-05-25 17:00:00,0.00022462537,2.9066427e-05,5.2341315e-05,6.260149e-05,9.281854e-05,0.00010425898
2017-05-25 18:00:00,0.00029331454,0.00028260215,7.454697e-05,4.780953e-05,4.795473e-05,9.0108704e-05
2017-05-25 19:00:00,6.441533e-05,7.363168e-05,0.0001427616,8.76905e-05,8.8003166e-05,4.4652083e-05
2017-05-25 20:00:00,0.00015762975,0.00015643821,0.00014772291,8.708769e-05,3.328116e-05,0.00015663957
2017-05-25 21:00:00,5.7747104e-05,3.395065e-05,4.120335e-05,0.00010084662,3.1518965e-05,6.292573e-05
2017-05-25 22:00:00,6.27793e-05,5.816435e-05,0.0001434872,4.512207e-05,4.0619747e-05,5.2708514e-05
2017-05-25 23:00:00,6.628939e-05,0.000104193554,3.5906225e-05,3.9334005e-05,5.670583e-05,0.00013932791
2017-05-26 00:00:00,0.00010796468,3.630626e-05,8.067847e-05,7.8230616e-05,0.00020308146,0.00042440894
2017-05-26 01:00:00,0.00015264105,0.00011967187,0.00017824286,0.00026339942,0.00051788497,0.00046764573
2017-05-26 02:00:00,7.805404e-05,5.4789627e-05,0.0002509064,0.0005045982,0.00069286156,0.00050418166
2017-05-26 03:00:00,6.809831e-05,0.00013823534,0.00044536742,0.00055138237,0.00054519624,0.0006465293
2017-05-26 04:00:00,0.00023357026,0.00045130771,0.00048653685,0.00059871346,0.00073594326,0.0008494142
2017-05-26 05:00:00,0.0003450174,0.00038919074,0.0004903393,0.00042319726,0.0007251165,0.00078907324
2017-05-26 06:00:00,0.00026622223,0.00027237294,0.00032472893,0.000451179,0.0005201803,0.00049852283
2017-05-26 07:00:00,0.00017380435,0.00020846914,0.00032525515,0.00038680277,0.00045841016,0.0008318626
2017-05-26 08:00:00,0.00010720444,0.00028270212,0.00031409686,0.00039813478,0.00053085573,0.00040526214
2017-05-26 09:00:00,0.00040674856,0.00023282321,0.00042751463,0.00032598813,0.00021501003,0.00034324278
2017-05-26 10:00:00,4.4610326e-05,0.00017246234,0.00032583767,0.00013859774,0.00017338013,0.00044620744
2017-05-26 11:00:00,0.00020984926,0.00023785561,0.00014647738,0.0001307617,0.00036471352,0.0002462088
2017-05-26 12:00:00,0.0001591111,3.234523e-05,3.464111e-05,0.00030577538,0.00017581336,0.0001805194
2017-05-26 13:00:00,0.00014354286,7.7183686e-05,0.00023899123,0.000120734025,0.00010252944,7.919543e-05
2017-05-26 14:00:00,5.3990334e-05,0.00037282388,0.0002240168,0.0002301532,0.00019324257,0.0001528476
2017-05-26 15:00:00,0.0003169918,0.00017336798,0.00017260665,0.00013062672,0.00010343079,0.00017458765
2017-05-26 16:00:00,0.00016738407,9.61708e-05,8.152454e-05,0.00012483481,7.204965e-05,8.432998e-05
2017-05-26 17:00:00,4.0630657e-05,3.5461115e-05,7.628906e-05,3.5327495e-05,5.1647017e-05,0.00027362886
2017-05-26 18:00:00,3.0435685e-05,7.668256e-05,4.2213313e-05,4.3237e-05,0.00023035023,0.00012681805
2017-05-26 19:00:00,7.885736e-05,6.643733e-05,3.7649897e-05,0.00022314343,0.00011591691,0.0001783298
2017-05-26 20:00:00,0.00014091955,4.236273e-05,0.00015936252,0.00011393525,9.529766e-05,0.00012445502
2017-05-28 21:00:00,8.402003e-05,0.00025318377,0.00019139047,0.00019880355,0.00019882637,0.00026298818
2017-05-28 22:00:00,0.0003135063,0.00011395035,0.0001922264,0.00016293903,0.00024609445,0.00010117931
2017-05-28 23:00:00,0.0001419213,0.00010293644,0.000112176946,3.5485595e-05,9.5291485e-05,4.1598476e-05
2017-05-29 00:00:00,4.397642e-05,3.6007856e-05,8.4053376e-05,2.7753978e-05,0.00011788179,0.00028909702
2017-05-29 01:00:00,4.534379e-05,4.732339e-05,3.5225214e-05,0.0001269984,0.0002593932,0.000183475
2017-05-29 02:00:00,7.2860814e-05,4.250687e-05,9.613388e-05,0.00036741988,0.00029154605,0.00010601851
2017-05-29 03:00:00,0.00014099668,7.100536e-05,0.00031932825,0.00037161235,0.0001418218,0.00059851416
2017-05-29 04:00:00,0.00017643586,0.00030267637,0.0004130609,0.00011679596,0.0003266848,0.00045591695
2017-05-29 05:00:00,0.00030510465,0.00021187859,0.00026421977,0.00047479785,0.0006558045,0.00079908164
2017-05-29 06:00:00,8.184879e-05,0.00047062998,0.0008386421,0.000745504,0.0011181185,0.0009599418
2017-05-29 07:00:00,0.0007032171,0.0008076861,0.001068558,0.0013088095,0.0009088891,0.001158946
2017-05-29 08:00:00,0.0005728146,0.00049052294,0.0008496433,0.0007718523,0.0004865302,0.0004135103
2017-05-29 09:00:00,0.00017060038,0.00021156877,0.0003153001,0.0002706062,9.7561475e-05,9.3812574e-05
2017-05-29 10:00:00,0.00026135237,0.00030868643,0.00016465898,3.852823e-05,3.1096708e-05,7.116719e-05
2017-05-29 11:00:00,0.00032443838,4.4354838e-05,0.0001286514,0.00019680597,5.202377e-05,0.00012963302
2017-05-29 12:00:00,0.00022074362,0.00034724153,0.00034822474,0.0002356426,0.00030544077,0.00020197082
2017-05-29 13:00:00,0.0002444391,0.00018964744,0.00010555911,0.00015740782,9.194358e-05,0.0001595761
2017-05-29 14:00:00,4.4176435e-05,7.388828e-05,4.7484424e-05,4.79313e-05,3.8182272e-05,3.80243e-05
2017-05-29 15:00:00,0.00019600615,3.3974724e-05,7.997296e-05,4.0647268e-05,5.3091462e-05,6.736357e-05
2017-05-29 16:00:00,0.00015607823,8.18907e-05,9.162063e-05,8.3694234e-05,6.0254475e-05,6.422197e-05
2017-05-29 17:00:00,6.7369234e-05,3.057922e-05,3.3876324e-05,3.6862864e-05,4.1704676e-05,3.8935326e-05
2017-05-29 18:00:00,4.1211286e-05,3.0640353e-05,3.6481804e-05,3.6711204e-05,4.100362e-05,0.00011955605
2017-05-29 19:00:00,5.4930668e-05,2.2484186e-05,3.0926225e-05,3.9732822e-05,0.00013197873,0.00017530956
2017-05-29 20:00:00,4.427006e-05,2.4791805e-05,4.9687227e-05,0.00018581511,0.00025047176,0.00013316917
2017-05-29 21:00:00,3.6895544e-05,3.5421228e-05,0.00017826451,0.00016707681,0.00011508091,0.00016578472
2017-05-29 22:00:00,5.8192385e-05,0.0001983915,0.00020775599,0.00012344516,0.00022213407,9.953885e-05
2017-05-29 23:00:00,0.0002785672,0.00020168944,7.656256e-05,8.8805304e-05,6.3915984e-05,0.00016549829
2017-05-30 00:00:00,6.1934516e-05,6.456575e-05,4.332516e-05,6.361498e-05,0.0003857859,3.5733032e-05
2017-05-30 01:00:00,0.00012553121,3.7204005e-05,0.000139562,0.00038856722,5.2354975e-05,6.7269764e-05
2017-05-30 02:00:00,0.0001338402,4.7378897e-05,0.00037765768,8.8469926e-05,5.134875e-05,0.00013816716
2017-05-30 03:00:00,0.00013696976,0.00052624446,2.7544877e-05,4.8171874e-05,0.00010439047,0.00013507977
2017-05-30 04:00:00,0.00039304286,9.571272e-05,6.373146e-05,0.00016096338,9.749406e-05,0.00034288078
2017-05-30 05:00:00,0.0006577424,0.00042047977,0.0005217996,0.00016860553,0.00010413091,0.00011466133
2017-05-30 06:00:00,6.611235e-05,9.926944e-05,0.00015687435,0.00039631157,0.00020004537,0.00035699832
2017-05-30 07:00:00,0.00022149365,0.00015947173,0.0005221771,0.00015773783,0.00023075813,0.00026774578
2017-05-30 08:00:00,0.00040232873,0.0006727642,0.00042532617,0.00039684083,0.00039456697,0.0007931128
2017-05-30 09:00:00,0.00046651528,8.934162e-05,0.00022415127,0.00013303412,0.00072522525,0.0006609363
2017-05-30 10:00:00,0.00036329537,0.00015003097,0.00015394644,0.00027964028,0.0003957141,0.00023281208
2017-05-30 11:00:00,0.00014341202,0.00010576463,0.000450201,0.0006352937,0.0005130229,0.0005415469
2017-05-30 12:00:00,0.00010125233,0.00046953422,0.00035413538,0.0003248193,0.00045694603,0.0005034863
2017-05-30 13:00:00,0.0008671973,0.0005823672,0.0005415454,0.00046159513,0.0006650452,0.00061778544
2017-05-30 14:00:00,9.060736e-05,4.8100348e-05,0.00017144135,0.00016223418,0.00023468219,0.00014481547
2017-05-30 15:00:00,9.1430484e-05,0.00012548997,0.00013209219,0.00018314987,0.00011934913,6.3678366e-05
2017-05-30 16:00:00,0.00025955995,0.00020343208,0.00019758467,0.00019728087,0.00013587228,0.00024229099
2017-05-30 17:00:00,6.0784885e-05,6.59595e-05,4.333087e-05,4.7709764e-05,0.00011077383,2.6132497e-05
2017-05-30 18:00:00,3.5033485e-05,4.4924152e-05,7.1418e-05,7.3908515e-05,4.606378e-05,3.267085e-05
2017-05-30 19:00:00,6.567229e-05,7.580835e-05,4.2841526e-05,8.414421e-05,4.5479355e-05,4.565162e-05
2017-05-30 20:00:00,7.501856e-05,7.400971e-05,5.4698594e-05,2.9686402e-05,4.8935453e-05,5.8850073e-05
2017-05-30 21:00:00,0.00019200899,2.4138559e-05,3.2764394e-05,4.6488345e-05,0.00010375592,9.497921e-05
2017-05-30 22:00:00,0.00014221211,9.79501e-05,9.333833e-05,3.393214e-05,3.6655103e-05,2.607999e-05
2017-05-30 23:00:00,3.5108686e-05,4.7063575e-05,8.8986904e-05,0.000118740456,9.865896e-05,0.00014182231
2017-05-31 00:00:00,5.4212695e-05,7.1573944e-05,7.170982e-05,0.00010970692,0.00011527608,0.00014683673
2017-05-31 01:00:00,0.0001003034,9.2187074e-05,8.946683e-05,0.000101768856,0.00011602046,3.4650373e-05
2017-05-31 02:00:00,4.1481748e-05,3.8173373e-05,5.8163143e-05,6.8969945e-05,6.850865e-05,5.9156013e-05
2017-05-31 03:00:00,4.5914807e-05,5.0336374e-05,5.105776e-05,7.8389974e-05,4.382648e-05,0.00011631158
2017-05-31 04:00:00,3.5477682e-05,5.1027575e-05,0.00013423528,3.8758077e-05,0.00017753767,0.00012324617
2017-05-31 05:00:00,5.132089e-05,8.784124e-05,4.47284e-05,0.00014732861,0.00013493374,0.00024313919
2017-05-31 06:00:00,0.00024789927,3.4233643e-05,0.00023329692,0.00016204618,0.00021600229,0.00016941097
2017-05-31 07:00:00,0.00018851805,8.0671496e-05,5.453865e-05,0.0001041559,2.1983933e-05,4.2948315e-05
2017-05-31 08:00:00,0.000294421,0.00017270408,0.00029589838,0.00012270627,0.00010230658,3.1365053e-05
2017-05-31 09:00:00,7.857705e-05,0.00012373432,5.7499976e-05,9.1648144e-05,0.00022409856,0.00014394274
2017-05-31 10:00:00,0.0002526178,4.146573e-05,6.201951e-05,0.0001798518,0.00012710465,5.5134842e-05
2017-05-31 11:00:00,0.00019642213,0.00023183791,0.00040346326,0.0002698919,0.00018840861,3.450108e-05
2017-05-31 12:00:00,7.998438e-05,0.00019669489,0.00015944676,3.8925165e-05,0.00012241628,0.00037331213
2017-05-31 13:00:00,0.00017764723,9.5529926e-05,4.484039e-05,0.00018104014,0.00035540905,0.00043204083
2017-05-31 14:00:00,6.167816e-05,0.00016192363,0.00035694605,0.00062730064,0.0004946396,0.00036164586
2017-05-31 15:00:00,0.0001760533,0.00037154902,0.0005904072,0.0005756798,0.00033298018,0.00052917714
2017-05-31 16:00:00,0.0002492042,0.00044631975,0.00045623898,0.00036518363,0.00040607215,0.0007202828
2017-05-31 17:00:00,0.00038587252,0.00032985324,0.0002554615,0.00024044725,0.00038689986,0.00036661027
2017-05-31 18:00:00,9.600014e-05,4.1337193e-05,4.49354e-05,0.00014902056,8.858914e-05,0.00014248912
2017-05-31 19:00:00,0.00013342037,4.1519834e-05,0.00019714716,5.9898808e-05,6.732586e-05,0.00021989294
2017-05-31 20:00:00,0.00010768499,0.00024833655,0.00019071551,0.00016515625,0.0004421271,0.00036488284
2017-05-31 21:00:00,0.00032820393,7.806738e-05,0.00012353034,0.00031548133,0.00035956805,0.00025254767
2017-05-31 22:00:00,0.00016980054,0.00010069938,0.000115784016,0.00010251525,0.00016212274,0.00015514613
2017-05-31 23:00:00,4.9814338e-05,0.00024803405,0.00027653342,0.00020615212,0.00026058918,8.395876e-05
2017-06-01 00:00:00,0.00039613165,0.00021953817,0.0002914617,0.00029583005,8.2422164e-05,0.00017197462
2017-06-01 01:00:00,3.1492702e-05,4.269968e-05,7.8658115e-05,0.00015571441,4.567793e-05,4.8682952e-05
2017-06-01 02:00:00,6.9419446e-05,7.066104e-05,0.000117140065,6.1703155e-05,3.129778e-05,0.00022368704
2017-06-01 03:00:00,8.1034974e-05,0.00016488893,3.904291e-05,3.3018205e-05,0.0001623068,0.00039344816
2017-06-01 04:00:00,0.00033078907,3.351538e-05,5.2952084e-05,0.00029140856,0.00037552934,0.00039255232
2017-06-01 05:00:00,0.00026710742,0.00014673716,5.8969075e-05,0.00011300026,0.00019152595,0.00027368186
2017-06-01 06:00:00,4.570297e-05,0.0002522578,0.00030589994,0.00035013165,0.0005674528,0.0004613213
2017-06-01 07:00:00,0.0003108887,0.0003702389,0.00040271884,0.00047184053,0.0003535039,0.00038881123
2017-06-01 08:00:00,0.00014556166,0.0001651344,0.00036142417,0.00013710122,0.00017688241,0.000112119735
2017-06-01 09:00:00,6.485605e-05,0.00022026067,3.3137218e-05,5.8017693e-05,3.039193e-05,2.3543815e-05
2017-06-01 10:00:00,0.00025599424,3.8009803e-05,4.807525e-05,3.7839607e-05,5.4739998e-05,7.717711e-05
2017-06-01 11:00:00,0.00021573121,0.00017759166,0.00023980267,0.0002590711,8.273701e-05,2.9484918e-05
2017-06-01 12:00:00,4.8338443e-05,5.4612246e-05,8.450238e-05,7.9743295e-05,0.0001502933,5.8010763e-05
2017-06-01 13:00:00,0.00012664676,6.929638e-05,8.0712125e-05,0.00013886626,6.543343e-05,6.364852e-05
2017-06-01 14:00:00,4.9371545e-05,0.00014148203,0.00024502826,0.00013564141,0.00010614607,0.00011544137
2017-06-01 15:00:00,0.0001830948,0.00018134183,0.00011292156,8.810754e-05,0.00020399356,9.5598094e-05
2017-06-01 16:00:00,0.00010586702,3.476668e-05,4.4339224e-05,2.792187e-05,6.346109e-05,3.5704168e-05
2017-06-01 17:00:00,0.00015365785,6.810564e-05,5.821261e-05,0.00010010292,9.566741e-05,2.9390938e-05
2017-06-01 18:00:00,4.620854e-05,6.664671e-05,3.9616705e-05,3.4445144e-05,6.942042e-05,0.0002774233
2017-06-01 19:00:00,6.598702e-05,4.8485846e-05,3.5597284e-05,6.438684e-05,0.00038512424,0.00012175794
2017-06-01 20:00:00,0.00013688188,4.4503133e-05,4.2378804e-05,0.00018741902,0.0001222451,0.000110388726
2017-06-01 21:00:00,7.205887e-05,8.525008e-05,0.00037850888,0.00018710976,0.00015682231,0.00016420548
2017-06-01 22:00:00,9.143358e-05,0.0003722439,0.00017791451,0.00015722508,0.000101905774,0.00025055348
2017-06-01 23:00:00,0.000338245,9.1224596e-05,6.799876e-05,0.00010146642,0.00016723425,6.5816326e-05
2017-06-02 00:00:00,0.00023703752,0.00020841653,0.00022587887,9.1825874e-05,0.00031815996,0.00028435787
2017-06-02 01:00:00,7.461145e-05,3.0218416e-05,7.623193e-05,0.00015264326,0.00021927299,0.00026575223
2017-06-02 02:00:00,3.500825e-05,9.0859256e-05,0.00017985806,0.00019936802,0.00031626655,0.00022579344
2017-06-02 03:00:00,8.722528e-05,0.00013567989,0.00027170772,0.00028726726,0.00025437717,0.00029733672
2017-06-02 04:00:00,0.0002677788,0.00035744405,0.0005568896,0.0003176395,0.00033803523,5.6766545e-05
2017-06-02 05:00:00,0.00014645103,0.00025216545,9.2813636e-05,0.0001840448,0.00020785711,0.00039483418
2017-06-02 06:00:00,0.00015162793,3.620082e-05,5.8461465e-05,0.0003169813,0.00059585995,0.00067524385
2017-06-02 07:00:00,0.00016345615,4.9018177e-05,0.000506766,0.000610125,0.0008506491,0.00047976463
2017-06-02 08:00:00,9.75571e-05,0.0003363457,0.00049379765,0.0005134369,0.00054226146,0.000580192
2017-06-02 09:00:00,0.00051959394,0.00052094524,0.0007756317,0.00044929032,0.00074065884,0.0006783624
2017-06-02 10:00:00,0.00023317529,0.00034097093,8.588901e-05,0.00018590777,0.00025067,0.00024446633
2017-06-02 11:00:00,0.00026846916,6.398934e-05,0.0002012854,5.1328036e-05,7.144719e-05,6.9594076e-05
2017-06-02 12:00:00,0.00040106341,4.1888736e-05,0.00016286586,0.00013057361,0.00011895429,4.652504e-05
2017-06-02 13:00:00,0.00034264819,0.00014327267,0.00013967625,0.0001233152,0.0002142273,0.00010811083
2017-06-02 14:00:00,0.0001841547,0.00011756458,8.993018e-05,5.0144034e-05,9.6938355e-05,0.00010229455
2017-06-02 15:00:00,4.5085373e-05,4.3466745e-05,9.658179e-05,3.8761744e-05,3.937091e-05,7.423168e-05
2017-06-02 16:00:00,4.766897e-05,0.000118426826,2.9486993e-05,3.5690166e-05,8.9543166e-05,4.2968946e-05
2017-06-02 17:00:00,0.000112555565,3.6639194e-05,4.075746e-05,8.138821e-05,4.5240966e-05,5.695441e-05
2017-06-02 18:00:00,0.00011141952,5.201156e-05,0.00015470479,6.3193664e-05,4.0129136e-05,7.20708e-05
2017-06-02 19:00:00,4.3421638e-05,0.00010275553,4.6734458e-05,4.6479825e-05,0.00014489784,0.00015573228
2017-06-02 20:00:00,0.00016836259,2.586441e-05,5.1438154e-05,0.00011513645,0.00012036671,0.000116632415
2017-06-04 21:00:00,0.00015229585,0.00013644299,0.00022865694,0.00022130196,0.00028584473,0.00021189134
2017-06-04 22:00:00,0.00010048038,0.00014015214,0.00015060199,0.00014539035,0.00016200398,0.00014878188
2017-06-04 23:00:00,0.00013625712,0.00010801765,0.0001473696,0.00013896519,9.499291e-05,4.3578828e-05
2017-06-05 00:00:00,5.809638e-05,5.9366615e-05,5.854989e-05,5.350466e-05,5.516052e-05,0.00013455086
2017-06-05 01:00:00,3.6630096e-05,3.8955393e-05,4.033007e-05,9.156458e-05,0.00020368106,0.0002892399
2017-06-05 02:00:00,3.40185e-05,3.6145273e-05,8.455337e-05,0.00017735692,0.00020662266,0.00025759835
2017-06-05 03:00:00,5.379645e-05,0.000114004775,0.00023893593,0.00028640084,0.00030638586,0.0002203494
2017-06-05 04:00:00,0.00015786148,0.00021238017,0.00023567268,0.00025242488,0.00020463615,0.00029197783
2017-06-05 05:00:00,0.0001660783,0.00015969116,0.00021555582,0.00017615908,0.0002383343,0.0001292101
2017-06-05 06:00:00,0.00013084084,9.4907824e-05,8.2818035e-05,8.432798e-05,8.103998e-05,0.0001200527
2017-06-05 07:00:00,0.00010214508,3.5660403e-05,7.010144e-05,3.7729656e-05,0.00016971269,8.658241e-05
2017-06-05 08:00:00,8.418659e-05,3.2048538e-05,5.3070704e-05,0.00023570759,0.0001698788,0.00010713536
2017-06-05 09:00:00,7.9676094e-05,3.6018235e-05,0.00015505012,0.0001431482,6.193728e-05,0.00014999123
2017-06-05 10:00:00,5.5491433e-05,0.00022591073,0.00014470823,0.00012460217,0.00019261909,0.0002453676
2017-06-05 11:00:00,0.00038812115,0.0001517849,8.293652e-05,0.00020382964,0.00020809878,0.00020749407
2017-06-05 12:00:00,0.00010579239,8.8206645e-05,4.1372696e-05,3.7316953e-05,4.6854417e-05,3.4316057e-05
2017-06-05 13:00:00,9.328415e-05,5.9834118e-05,0.00010258024,9.420052e-05,9.6457174e-05,0.00022004513
2017-06-05 14:00:00,0.00013307786,0.00012769719,0.00012594667,7.7002376e-05,0.00026917722,0.0005339105
2017-06-05 15:00:00,6.65373e-05,6.375557e-05,4.2122712e-05,0.00013158667,0.0002838521,0.00040939517
2017-06-05 16:00:00,3.4170425e-05,3.797499e-05,0.00013189168,0.00025409096,0.000498565,0.0005140076
2017-06-05 17:00:00,3.7805265e-05,0.00016416548,0.0003488656,0.00044668594,0.00055160903,0.00047055384
2017-06-05 18:00:00,0.00022578005,0.00034451133,0.00053667213,0.00056448294,0.000621461,0.0006247354
2017-06-05 19:00:00,0.0002552583,0.00041219217,0.00054050196,0.00037477046,0.0006206635,0.00046001805
2017-06-05 20:00:00,0.0003249743,0.0003117056,0.00036350137,0.00039009904,0.00034368495,0.00027481597
2017-06-05 21:00:00,0.00023005341,8.711501e-05,0.00025072013,0.00014810699,0.00016094629,0.00013810949
2017-06-05 22:00:00,8.8136505e-05,9.084006e-05,4.3612497e-05,5.6551693e-05,5.6470537e-05,0.00014403342
2017-06-05 23:00:00,0.00016337016,5.452051e-05,0.00013862677,0.00012002082,0.00018524028,5.0801296e-05
2017-06-06 00:00:00,0.00014032632,2.9438468e-05,6.659734e-05,0.00011285151,0.00010269426,0.0002295762
2017-06-06 01:00:00,8.3574945e-05,3.6519075e-05,0.00022479799,3.0354851e-05,0.00015501404,0.00014794737
2017-06-06 02:00:00,5.0291863e-05,0.00014098595,8.8274144e-05,0.00014270704,0.00017353211,0.00043132112
2017-06-06 03:00:00,0.00033479312,6.6691646e-05,0.00025806273,0.00016299472,0.0005906246,0.00027762452
2017-06-06 04:00:00,0.00028546219,0.0003212928,0.00044566212,0.0008721992,0.00052514626,0.0007967775
2017-06-06 05:00:00,0.00024334533,0.00015898238,0.00037227385,0.00022735317,0.00059580075,0.0005327089
2017-06-06 06:00:00,2.7093043e-05,0.0003417714,0.00016514026,0.0005535276,0.00021404236,0.0008007124
2017-06-06 07:00:00,0.000523354,0.00021545138,0.00049445813,0.00030427813,0.00082093384,0.00047158895
2017-06-06 08:00:00,0.00023668598,0.00014953846,4.2259657e-05,0.00027978927,0.00018746714,0.00024577038
2017-06-06 09:00:00,0.0003166937,9.0822585e-05,0.00056334876,0.0002802112,0.00038677856,0.00028358257
2017-06-06 10:00:00,0.0002876806,0.00021843624,7.493472e-05,7.5582146e-05,2.8539065e-05,9.412097e-05
2017-06-06 11:00:00,0.00048631703,0.00022892038,0.00033860546,0.00016995186,0.0002550087,0.0003584572
2017-06-06 12:00:00,0.0002626387,0.00012979159,0.0002467479,0.00015922778,3.326392e-05,3.2023e-05
2017-06-06 13:00:00,9.616749e-05,6.0260867e-05,4.9172675e-05,0.00016889456,0.00014757906,7.195837e-05
2017-06-06 14:00:00,0.00015176758,4.6101974e-05,9.646809e-05,9.0376765e-05,2.9655055e-05,8.3397514e-05
2017-06-06 15:00:00,0.00013277345,0.00016835149,0.00021261508,0.00016009499,4.1808333e-05,3.509578e-05
2017-06-06 16:00:00,0.00017048587,0.00015123558,8.602873e-05,4.6474262e-05,0.000108880755,0.00016171199
2017-06-06 17:00:00,4.946333e-05,6.0251794e-05,0.00018032108,0.00017035175,0.00018489116,0.0001949977
2017-06-06 18:00:00,7.408887e-05,0.00014439833,0.00022445859,0.0002468905,0.00021980277,0.00019985187
2017-06-06 19:00:00,0.00017258975,0.00018371524,0.00023308379,0.0002285863,0.00016023303,0.00013348194
2017-06-06 20:00:00,0.000103164784,7.70086e-05,0.00012195413,7.133806e-05,6.286448e-05,4.7921883e-05
2017-06-06 21:00:00,4.589709e-05,5.063954e-05,2.569201e-05,3.3521188e-05,4.038269e-05,4.2039286e-05
2017-06-06 22:00:00,5.1197832e-05,4.332668e-05,5.0148785e-05,5.892724e-05,4.1736974e-05,7.789032e-05
2017-06-06 23:00:00,7.152612e-05,8.151737e-05,0.00010060855,2.8682329e-05,5.3164913e-05,0.0001632219
2017-06-07 00:00:00,4.46548e-05,2.7717368e-05,5.2297335e-05,0.00011136912,0.00018130708,0.00013956102
2017-06-07 01:00:00,4.623426e-05,6.108157e-05,0.00012423443,0.0001498447,0.00011442204,4.6785855e-05
2017-06-07 02:00:00,8.0382226e-05,0.00011414961,0.00021313911,9.1844406e-05,5.4864588e-05,0.00017351953
2017-06-07 03:00:00,0.00011307732,0.00021488949,0.00021895705,3.547333e-05,0.00017495075,0.00046784
2017-06-07 04:00:00,0.0003267929,0.0002632323,0.000120023156,0.00033039376,0.00059731223,0.00068822276
2017-06-07 05:00:00,7.11563e-05,0.00020479826,5.685282e-05,0.0002811306,0.00043997983,0.00039525132
2017-06-07 06:00:00,0.00016790244,8.295561e-05,0.00037057803,0.0004856772,0.00057182676,0.000565135
2017-06-07 07:00:00,0.00026434107,0.0004831379,0.00078596803,0.00073638593,0.0005412023,0.0009951764
2017-06-07 08:00:00,0.00044228366,0.00047854253,0.0005137914,0.00049466005,0.00067256717,0.00077216944
2017-06-07 09:00:00,0.00015215461,0.00011423459,0.00033694366,0.00051109376,0.0003345578,0.00035797
2017-06-07 10:00:00,5.3616757e-05,0.00018853464,0.0003852619,0.00017936513,0.00018160974,0.00020490758
2017-06-07 11:00:00,0.00020356463,0.00034545863,0.0001825304,0.00013850699,0.0001709576,0.0003296977
2017-06-07 12:00:00,0.00028985785,6.6014465e-05,7.32286e-05,6.689034e-05,0.00020276156,3.1227453e-05
2017-06-07 13:00:00,0.00020396215,0.000136279,9.213961e-05,4.507911e-05,0.00015607837,9.260633e-05
2017-06-07 14:00:00,3.5958015e-05,4.284537e-05,0.00014268617,3.6563786e-05,9.3163544e-05,6.305508e-05
2017-06-07 15:00:00,6.168825e-05,0.0001676237,6.0675557e-05,7.428194e-05,8.522968e-05,2.415457e-05
2017-06-07 16:00:00,0.00014857757,7.797136e-05,4.5412566e-05,4.5205306e-05,3.1839074e-05,3.755314e-05
2017-06-07 17:00:00,0.00021017084,4.181851e-05,5.9092738e-05,7.937678e-05,7.555464e-05,0.00017547728
2017-06-07 18:00:00,0.0002594485,0.00012318119,8.835288e-05,8.4898806e-05,3.7643127e-05,0.00016940052
2017-06-07 19:00:00,4.1576826e-05,7.536501e-05,5.1722942e-05,0.0001517842,5.370323e-05,2.0483396e-05
2017-06-07 20:00:00,7.388443e-05,6.334137e-05,0.00011638706,5.9985054e-05,3.0034074e-05,6.3051426e-05
2017-06-07 21:00:00,5.3299118e-05,7.27368e-05,0.00016369298,4.792011e-05,0.00011615085,9.67188e-05
2017-06-07 22:00:00,7.0952294e-05,9.735386e-05,6.803368e-05,9.98029e-05,8.801283e-05,2.1973528e-05
2017-06-07 23:00:00,0.00026525054,0.000121608275,0.0001919047,0.00017876228,4.4855027e-05,0.00010977141
2017-06-08 00:00:00,9.984418e-05,3.1344724e-05,3.5365367e-05,0.0001257395,5.837502e-05,0.00018854202
2017-06-08 01:00:00,7.261077e-05,5.9750982e-05,7.347411e-05,2.242739e-05,0.0001551605,0.00019328145
2017-06-08 02:00:00,3.3292818e-05,0.00015607884,5.2634787e-05,0.00018505788,0.00028920444,0.00016239053
2017-06-08 03:00:00,0.00019809077,6.282985e-05,0.00017763977,0.00027799362,0.0001373894,0.00016767031
2017-06-08 04:00:00,0.00014642284,0.000103114675,0.00015537975,5.3886164e-05,0.00017283553,0.00027085692
2017-06-08 05:00:00,0.00023607527,0.00029997338,0.00013871392,0.00026539533,0.00031358184,0.00034233686
2017-06-08 06:00:00,0.00013220147,4.400352e-05,6.385065e-05,0.0001847149,0.0002607418,0.00012959306
2017-06-08 07:00:00,0.00017841396,3.2456974e-05,0.00012959333,0.00018001755,0.000100023324,3.830446e-05
2017-06-08 08:00:00,0.00017836672,0.00026037256,0.00039450574,0.000203776,0.00016381702,0.00032727077
2017-06-08 09:00:00,0.00023890521,0.00016526315,9.970542e-05,4.6316323e-05,0.00021888163,0.0002548263
2017-06-08 10:00:00,7.113301e-05,4.4167446e-05,9.8099874e-05,9.988571e-05,0.000116052564,8.043316e-05
2017-06-08 11:00:00,0.00015740488,0.00015063203,4.3206506e-05,7.923927e-05,7.0120695e-05,3.768255e-05
2017-06-08 12:00:00,8.339209e-05,0.00010908021,0.00017612199,0.0001253373,0.00012037195,9.091084e-05
2017-06-08 13:00:00,0.00023367738,0.00024737397,0.00016971548,0.00013205665,0.00014470781,0.00019449365
2017-06-08 14:00:00,7.842636e-05,5.219386e-05,3.8879367e-05,2.8443816e-05,2.702017e-05,2.221072e-05
2017-06-08 15:00:00,5.4910703e-05,6.411556e-05,9.643133e-05,4.6127847e-05,4.205607e-05,9.841238e-05
2017-06-08 16:00:00,8.274608e-05,5.421733e-05,3.081623e-05,3.168679e-05,9.052238e-05,3.5843594e-05
2017-06-08 17:00:00,4.371965e-05,4.7230787e-05,4.49639e-05,6.6391156e-05,4.197239e-05,4.302365e-05
2017-06-08 18:00:00,4.862462e-05,3.7794372e-05,5.1953804e-05,3.7104597e-05,4.044298e-05,2.6371898e-05
2017-06-08 19:00:00,5.6322046e-05,8.199863e-05,5.6245044e-05,5.6456123e-05,6.769973e-05,6.288291e-05
2017-06-08 20:00:00,0.00012980364,3.385649e-05,5.379799e-05,4.8791484e-05,4.4154753e-05,6.500565e-05
2017-06-08 21:00:00,0.00014394498,4.0295196e-05,3.6636608e-05,4.0563762e-05,3.018708e-05,2.8340864e-05
2017-06-08 22:00:00,8.749803e-05,7.2634146e-05,6.996869e-05,9.0900154e-05,8.840785e-05,4.7137342e-05
2017-06-08 23:00:00,3.2195156e-05,2.7609765e-05,6.4952146e-05,2.7328899e-05,3.5186993e-05,3.538614e-05
2017-06-09 00:00:00,3.958778e-05,3.734976e-05,5.5864235e-05,2.9097428e-05,3.7604306e-05,5.1618183e-05
2017-06-09 01:00:00,4.6942798e-05,4.3292777e-05,3.7559486e-05,3.353918e-05,4.3426764e-05,5.7277182e-05
2017-06-09 02:00:00,3.590891e-05,3.719182e-05,3.6107653e-05,6.682019e-05,4.0614097e-05,3.625245e-05
2017-06-09 03:00:00,6.860012e-05,2.7890312e-05,9.38063e-05,2.7190355e-05,3.2766453e-05,3.644911e-05
2017-06-09 04:00:00,4.4933182e-05,4.2329168e-05,7.944104e-05,2.632714e-05,2.6961048e-05,0.00013354442
2017-06-09 05:00:00,5.6693923e-05,5.1937084e-05,8.095792e-05,2.3861607e-05,0.00016737108,0.0006311914
2017-06-09 06:00:00,0.00013068343,0.000106279476,7.864062e-05,0.0001532327,0.00093803485,0.0006739108
2017-06-09 07:00:00,2.9810608e-05,4.8374593e-05,0.00021648749,0.0008864314,0.00073862413,0.00065474806
2017-06-09 08:00:00,6.640377e-05,0.0001612677,0.00078973046,0.00091400597,0.0006204966,0.0008100203
2017-06-09 09:00:00,0.00028030135,0.0007918041,0.00079026766,0.0010701802,0.0005904052,0.0007364167
2017-06-09 10:00:00,0.0012492712,0.0010386703,0.0009640732,0.000743167,0.0009621965,0.0006936443
2017-06-09 11:00:00,0.00014888954,0.00013726158,4.7488196e-05,3.6031848e-05,7.3067466e-05,0.000101736834
2017-06-09 12:00:00,4.977005e-05,0.00013556413,9.359704e-05,3.4244695e-05,3.656797e-05,6.808877e-05
2017-06-09 13:00:00,0.00013052436,8.295873e-05,3.05816e-05,2.6369866e-05,7.630639e-05,6.413012e-05
2017-06-09 14:00:00,3.5699195e-05,0.00010336427,0.00011485901,0.00021294226,0.00015648906,9.221661e-05
2017-06-09 15:00:00,0.0001325743,0.00011848778,0.00020742686,0.0001222268,9.2834445e-05,9.918854e-05
2017-06-09 16:00:00,6.21283e-05,0.00012488151,7.8611476e-05,1.9061952e-05,5.0455732e-05,2.9840057e-05
2017-06-09 17:00:00,0.00014475171,6.209665e-05,3.947553e-05,4.5668792e-05,3.235734e-05,6.4444124e-05
2017-06-09 18:00:00,4.7390833e-05,7.386549e-05,5.127157e-05,0.00010028677,0.00013511257,0.00019443463
2017-06-09 19:00:00,0.000110006054,5.0697072e-05,5.8053654e-05,9.2019334e-05,0.00012429267,9.77594e-05
2017-06-09 20:00:00,5.6225137e-05,3.299046e-05,7.806345e-05,9.848957e-05,6.822896e-05,7.1068855e-05
2017-06-11 21:00:00,3.7599795e-05,7.553276e-05,0.00012524547,6.955138e-05,0.00011131107,0.00015549769
2017-06-11 22:00:00,0.00011856953,9.694047e-05,5.38222e-05,0.00015239003,0.00014126344,0.00018237214
2017-06-11 23:00:00,0.00010687357,4.3711552e-05,5.0226947e-05,0.00011742296,0.00010098907,9.878425e-05
2017-06-12 00:00:00,0.00011227763,3.138371e-05,6.334085e-05,6.638526e-05,7.483225e-05,4.9552367e-05
2017-06-12 01:00:00,6.68739e-05,0.00013335372,0.00012274753,0.00015057813,0.00014553581,3.2846885e-05
2017-06-12 02:00:00,8.6940185e-05,0.00011618242,6.4013635e-05,9.403127e-05,4.110607e-05,9.213199e-05
2017-06-12 03:00:00,5.1140218e-05,4.6438203e-05,3.0371524e-05,9.640544e-05,5.579211e-05,0.0002286227
2017-06-12 04:00:00,4.5701952e-05,3.163956e-05,0.00010965134,2.6160138e-05,0.00028248463,0.00023942727
2017-06-12 05:00:00,6.443653e-05,0.00013101444,4.4427034e-05,0.00029474543,0.00023466964,0.0003231434
2017-06-12 06:00:00,0.00015851617,3.590211e-05,0.00026012052,0.0002819972,0.0003422564,0.00027108632
2017-06-12 07:00:00,0.00017965498,0.00044379983,0.00034725317,0.00043482962,0.00033642686,0.00025632884
2017-06-12 08:00:00,0.00048464368,0.0002357943,0.00044346205,0.00023529968,0.00022319304,0.00019203655
2017-06-12 09:00:00,0.00010918019,3.446465e-05,9.1825146e-05,0.0001209514,9.755627e-05,0.00015998042
2017-06-12 10:00:00,0.00010159424,4.7013404e-05,6.5714434e-05,3.1331634e-05,8.311679e-05,0.00011310545
2017-06-12 11:00:00,0.00015186504,0.00015001888,0.00013009727,0.00016520187,0.00016312319,0.0001661848
2017-06-12 12:00:00,5.2031e-05,3.9332357e-05,7.6014985e-05,0.0001405657,0.00011292153,8.8947425e-05
2017-06-12 13:00:00,4.532948e-05,4.6024277e-05,9.949003e-05,9.599315e-05,7.016841e-05,4.8191756e-05
2017-06-12 14:00:00,9.356252e-05,0.00010627441,0.00011230225,7.317621e-05,5.298793e-05,5.113046e-05
2017-06-12 15:00:00,0.00011352749,7.982023e-05,6.367105e-05,2.8209412e-05,3.91466e-05,6.5778026e-05
2017-06-12 16:00:00,4.855359e-05,3.0679803e-05,8.4509906e-05,8.489804e-05,3.19665e-05,3.681518e-05
2017-06-12 17:00:00,5.63659e-05,5.0686605e-05,6.358166e-05,2.5699701e-05,3.0872176e-05,6.775554e-05
2017-06-12 18:00:00,4.5454093e-05,4.79971e-05,7.754791e-05,4.181305e-05,0.00010346528,0.00023320744
2017-06-12 19:00:00,4.529809e-05,7.1918475e-05,6.69821e-05,0.00011891407,0.00025059143,0.00026362686
2017-06-12 20:00:00,0.00010918651,6.0561768e-05,0.0001386642,0.00019070547,0.00025847522,0.00018115848
2017-06-12 21:00:00,4.6829176e-05,6.0579263e-05,0.00026290756,0.00017748073,0.00014107769,0.00010803816
2017-06-12 22:00:00,9.3465715e-05,0.0002340811,0.00017845188,0.00015545757,0.00012564397,0.00022601806
2017-06-12 23:00:00,0.000249847,0.0001679472,0.00012600899,6.9097565e-05,0.00010594155,8.262908e-05
2017-06-13 00:00:00,4.0445157e-05,5.4281798e-05,7.8009376e-05,2.8221244e-05,5.7036188e-05,0.00031002943
2017-06-13 01:00:00,9.83353e-05,6.4684275e-05,4.165139e-05,4.7599813e-05,0.00031971122,0.00030863116
2017-06-13 02:00:00,4.3599084e-05,8.038865e-05,3.635028e-05,0.00027414082,0.0002238257,0.00025613594
2017-06-13 03:00:00,0.00012967866,4.4974342e-05,0.0003516485,0.00020514413,0.000150583,0.00024158192
2017-06-13 04:00:00,7.807628e-05,0.00036981623,0.00033365755,0.00046195497,0.00029890254,0.00040483067
2017-06-13 05:00:00,0.000375041,0.00027076804,0.0002866287,0.00032604436,0.00024229882,0.0001812942
2017-06-13 06:00:00,6.423893e-05,4.847309e-05,3.643905e-05,4.6981306e-05,7.874995e-05,0.00023418006
2017-06-13 07:00:00,9.019111e-05,4.7197987e-05,5.5653793e-05,5.311663e-05,0.00021326474,0.00017742351
2017-06-13 08:00:00,4.8660753e-05,3.526459e-05,0.000114856965,0.00030674684,0.00022274881,0.00024788556
2017-06-13 09:00:00,4.2198324e-05,8.0125385e-05,0.00030179368,0.0002165038,0.0002340597,0.00025780452
2017-06-13 10:00:00,0.00018995976,0.00035410433,0.00023609099,0.00025179263,0.0002699659,0.00029490952
2017-06-13 11:00:00,0.00025095494,0.00018892903,0.00016700839,0.00016311854,0.00028236254,0.0001754365
2017-06-13 12:00:00,4.480754e-05,3.670885e-05,6.2608306e-05,0.00022121903,3.153935e-05,0.00015569526
2017-06-13 13:00:00,4.316776e-05,6.833195e-05,0.0002400897,5.634518e-05,0.00017306389,0.00016467077
2017-06-13 14:00:00,0.00011656813,0.00029291422,6.182145e-05,0.0002359801,0.00014881011,0.00016755481
2017-06-13 15:00:00,0.00026429186,3.9228027e-05,0.00014415942,0.00013156599,7.966229e-05,9.007029e-05
2017-06-13 16:00:00,0.0003241436,6.6976005e-05,7.7229226e-05,7.254523e-05,8.5637424e-05,0.00014717724
2017-06-13 17:00:00,0.0002779412,0.00013761083,0.00016214386,0.00012846316,2.9387287e-05,4.8638987e-05
2017-06-13 18:00:00,4.8201637e-05,2.9426737e-05,3.6114852e-05,0.00011649513,0.00010308887,0.0001288229
2017-06-13 19:00:00,4.8685713e-05,3.351336e-05,9.440132e-05,6.5796856e-05,0.00011484398,0.00015777844
2017-06-13 20:00:00,5.0668412e-05,0.00013010853,8.27192e-05,0.00015387127,0.00020145347,0.00014876259
2017-06-13 21:00:00,0.00020676937,0.0001448542,0.000118811884,0.00017929517,0.00020176871,0.00018625332
2017-06-13 22:00:00,6.613955e-05,3.1828415e-05,7.3634495e-05,8.698222e-05,9.833237e-05,5.415906e-05
2017-06-13 23:00:00,6.693501e-05,0.00012320964,0.00010580126,0.00015343595,0.00012461301,4.5806537e-05
2017-06-14 00:00:00,0.00011587476,0.00011379256,8.965943e-05,5.050535e-05,3.396103e-05,0.00017363684
2017-06-14 01:00:00,3.3952176e-05,3.314519e-05,4.832785e-05,8.64969e-05,0.00012690201,4.2054395e-05
2017-06-14 02:00:00,4.1191463e-05,2.5096404e-05,0.00012717304,0.0001496706,5.3498963e-05,5.3873413e-05
2017-06-14 03:00:00,4.155969e-05,0.00012768261,0.00017153549,6.221602e-05,4.5018605e-05,0.0008299341
2017-06-14 04:00:00,0.00017721795,0.00021152681,5.9603397e-05,4.6533332e-05,0.00079124165,0.0005785848
2017-06-14 05:00:00,0.00034189443,0.0001236026,6.418666e-05,0.00078100484,0.0006574452,0.00065451127
2017-06-14 06:00:00,0.0001264054,0.00026873042,0.0006337441,0.0005729303,0.0003900901,0.00011169193
2017-06-14 07:00:00,0.00017459948,0.0006975501,0.00071396865,0.0005219998,4.224031e-05,3.308948e-05
2017-06-14 08:00:00,0.0010096406,0.00079547084,0.00042186887,0.00018860068,0.00010682517,0.0003897394
2017-06-14 09:00:00,9.488986e-05,0.00030149176,0.00076321454,0.0006989999,0.00030590323,0.0006247581
2017-06-14 10:00:00,0.00030575437,0.00074827246,0.00049259583,0.00035354795,0.00045658715,0.000687133
2017-06-14 11:00:00,0.0005935171,0.00059919915,9.801019e-05,0.00052681845,0.00046126192,0.00020515523
2017-06-14 12:00:00,6.0800074e-05,0.0004162064,5.964111e-05,3.4977063e-05,0.00013449209,5.556812e-05
2017-06-14 13:00:00,0.000678545,4.2477495e-05,4.3684784e-05,0.00020155689,5.8739086e-05,8.220467e-05
2017-06-14 14:00:00,0.000672678,0.0004417776,0.0002840132,0.00039470114,0.00020002779,0.0003265583
2017-06-14 15:00:00,5.4770313e-05,0.0001408439,5.9230824e-05,9.697933e-05,8.475597e-05,9.08283e-05
2017-06-14 16:00:00,0.00023208426,4.2626278e-05,0.00016717182,0.00011330424,0.00011226371,0.00013339748
2017-06-14 17:00:00,0.00035766506,5.230604e-05,7.587082e-05,5.384187e-05,3.221056e-05,5.655855e-05
2017-06-14 18:00:00,0.00023776939,0.00014452914,0.00011948476,0.00016552974,0.0002667406,0.00020029559
2017-06-14 19:00:00,9.017182e-05,4.29031e-05,3.8834518e-05,6.48785e-05,2.8368644e-05,6.793234e-05
2017-06-14 20:00:00,3.8734826e-05,4.4378823e-05,0.000116095405,4.8076123e-05,3.5185214e-05,6.0997358e-05
2017-06-14 21:00:00,6.758426e-05,9.7197706e-05,5.377777e-05,4.390728e-05,8.941121e-05,4.2554893e-05
2017-06-14 22:00:00,0.00012756189,3.2238106e-05,0.00012845277,4.6832898e-05,3.1535365e-05,9.8304736e-05
2017-06-14 23:00:00,0.00010976574,0.0001368073,5.134764e-05,0.00012359128,0.00013081897,3.846939e-05
2017-06-15 00:00:00,0.00011288605,3.6292276e-05,5.0598086e-05,0.00013438042,5.961836e-05,5.7188423e-05
2017-06-15 01:00:00,0.00016572447,8.158232e-05,5.1737123e-05,0.00013106999,5.3527856e-05,0.000162771
2017-06-15 02:00:00,7.937484e-05,0.00015299935,4.0638708e-05,6.739549e-05,6.604648e-05,0.00023164377
2017-06-15 03:00:00,0.0001373137,8.698517e-05,5.1800624e-05,0.00012175996,0.00031276033,0.0003573864
2017-06-15 04:00:00,0.00026776464,8.29628e-05,0.00030099906,0.00060739805,0.0003713183,0.000537287
2017-06-15 05:00:00,0.00017328959,7.26741e-05,0.00028138948,0.00018411026,0.00029914823,0.0003086479
2017-06-15 06:00:00,0.00024397114,0.00025038572,0.0003690963,0.0005898394,0.00037083935,0.00047704994
2017-06-15 07:00:00,0.0004225923,0.00022062506,0.00030273863,0.00031707608,0.0003081055,0.00034811714
2017-06-15 08:00:00,6.3117106e-05,0.00011023575,0.00013184219,0.00018456228,0.0001853058,0.00021165016
2017-06-15 09:00:00,0.00026525717,0.000112376976,0.000276569,0.0002399698,0.00027024726,0.00040953886
2017-06-15 10:00:00,6.2107705e-05,7.600323e-05,5.4246437e-05,0.000106925014,0.00012659431,0.00017687053
2017-06-15 11:00:00,0.00016294316,7.938485e-05,0.0001733053,0.00025517118,0.00023020327,6.320209e-05
2017-06-15 12:00:00,7.107143e-05,7.230136e-05,0.00013119788,8.15337e-05,5.940786e-05,3.5638448e-05
2017-06-15 13:00:00,0.0001091908,0.0001131097,0.00015277216,2.9146697e-05,5.1534935e-05,0.00011529664
2017-06-15 14:00:00,0.00014320084,7.606234e-05,9.496906e-05,3.901663e-05,7.3158575e-05,0.00013378965
2017-06-15 15:00:00,3.154822e-05,0.00013373955,0.00010286236,2.4847934e-05,0.00012594272,0.00011705557
2017-06-15 16:00:00,0.00020989148,8.069234e-05,3.739135e-05,0.00010191339,9.288791e-05,0.0002822229
2017-06-15 17:00:00,0.000115380026,0.00011457419,0.00027065384,0.000377126,0.0004814703,0.0004429003
2017-06-15 18:00:00,0.00012737596,0.00022627748,0.0002428701,0.00039659624,0.00052676164,0.00025249698
2017-06-15 19:00:00,0.00015094921,0.00014093463,0.00033761706,0.00044059454,0.00019796107,0.00020243633
2017-06-15 20:00:00,5.1250623e-05,0.0001901659,0.00034118188,9.3858034e-05,0.00015826034,5.2168285e-05
2017-06-15 21:00:00,0.00034917015,0.0003590478,6.311151e-05,0.00015687534,4.264853e-05,2.3586255e-05
2017-06-15 22:00:00,0.00012694216,0.00013592921,0.00011577953,0.00013012598,0.00017652276,0.00019808795
2017-06-15 23:00:00,0.0002975789,0.00018041443,0.0002747445,0.00021424062,0.00024232967,7.9793026e-05
2017-06-16 00:00:00,7.832653e-05,5.6298002e-05,9.310825e-05,5.9720292e-05,0.00013668711,0.000147251
2017-06-16 01:00:00,0.000101914404,9.941316e-05,0.0001228671,8.760609e-05,0.00010957208,0.00020916537
2017-06-16 02:00:00,9.388417e-05,4.3832442e-05,0.00017727744,0.00019902152,0.00034508377,0.00037026987
2017-06-16 03:00:00,3.651836e-05,0.0002495674,0.00024218886,0.00038414687,0.00040224756,0.0002532504
2017-06-16 04:00:00,0.00030238586,0.00026435888,0.00040892872,0.0005657642,0.00035944802,0.0003283039
2017-06-16 05:00:00,4.6698726e-05,0.00019671471,0.00018496776,0.00010558832,0.00018728562,0.00022292706
2017-06-16 06:00:00,0.00030354553,0.0002811593,0.00012194211,0.00016162664,0.00028890482,0.00018031427
2017-06-16 07:00:00,6.356883e-05,8.496338e-05,7.267508e-05,0.00011949283,5.0129373e-05,0.000109791465
2017-06-16 08:00:00,0.00019551064,8.738307e-05,7.374658e-05,2.7027316e-05,0.00010121737,0.00024173914
2017-06-16 09:00:00,6.139648e-05,0.00016010326,0.00011091538,4.0583913e-05,9.894342e-05,0.00022360211
2017-06-16 10:00:00,0.00029530484,8.632427e-05,7.439366e-05,0.000112383226,0.00023199023,0.00015417891
2017-06-16 11:00:00,0.0001349411,0.00025118949,0.0003043489,0.00037182664,0.00029360843,0.00029377732
2017-06-16 12:00:00,0.00022597503,0.00024350904,0.00035070378,0.0003312207,0.00038723377,0.00022798165
2017-06-16 13:00:00,0.0001365919,0.00024662833,0.00019167163,0.00029295046,0.00010827324,0.00011683624
2017-06-16 14:00:00,0.00021932798,8.771847e-05,0.0001015186,7.138685e-05,7.044715e-05,0.00021425016
2017-06-16 15:00:00,6.5691245e-05,3.095365e-05,4.762884e-05,6.576682e-05,7.100608e-05,6.353757e-05
2017-06-16 16:00:00,7.9352496e-05,3.321095e-05,3.0771076e-05,0.00014945056,0.00011725729,0.00010116309
2017-06-16 17:00:00,5.2965002e-05,3.9030438e-05,0.0001248558,0.00010672908,6.171836e-05,0.000107751584
2017-06-16 18:00:00,4.2537282e-05,0.00011059685,0.00016666831,9.135012e-05,0.0001236032,5.151569e-05
2017-06-16 19:00:00,0.00022544002,0.00013382251,9.875242e-05,0.00016221059,5.56487e-05,0.00020734094
2017-06-16 20:00:00,4.3732016e-05,4.930917e-05,2.9812376e-05,0.000118441094,6.927525e-05,4.1762472e-05
2017-06-18 21:00:00,5.9672e-05,3.248032e-05,9.861116e-05,9.161947e-05,3.8858325e-05,6.1215964e-05
2017-06-18 22:00:00,7.8196594e-05,6.172841e-05,0.00011117745,8.575771e-05,7.7939956e-05,0.00011534139
2017-06-18 23:00:00,0.00017326871,7.290064e-05,3.9092505e-05,3.404992e-05,7.120767e-05,8.085389e-05
2017-06-19 00:00:00,0.0002375362,0.00014583104,0.00015603541,0.00023516279,0.00022394283,0.00036148453
2017-06-19 01:00:00,8.2244645e-05,6.17697e-05,3.9834755e-05,3.4586144e-05,0.00014592776,0.00022629887
2017-06-19 02:00:00,5.26556e-05,9.0894464e-05,8.630889e-05,0.00021697098,0.00023808981,0.00010344417
2017-06-19 03:00:00,0.0001314058,5.631522e-05,0.00020909718,0.00031764057,0.00013268944,0.00013356356
2017-06-19 04:00:00,5.3260133e-05,0.00012652755,0.00021146456,9.919991e-05,5.1710485e-05,8.599831e-05
2017-06-19 05:00:00,0.00027178804,0.00022561438,6.8886824e-05,0.00011603871,9.926531e-05,5.6384746e-05
2017-06-19 06:00:00,7.976687e-05,7.2527306e-05,6.9921596e-05,5.1239553e-05,0.000107730346,0.00013061709
2017-06-19 07:00:00,0.0002474639,0.00016227028,0.00010232319,0.00012884218,0.00017581528,0.0002595618
2017-06-19 08:00:00,3.2154065e-05,3.8359893e-05,4.028359e-05,0.00010070655,0.00015434662,0.00020022236
2017-06-19 09:00:00,6.7001674e-05,4.076762e-05,0.00010119845,0.00026858377,0.00016537533,0.00028272223
2017-06-19 10:00:00,0.00012208386,0.00018353667,0.00021288343,0.00024261272,0.00034776,0.00020585446
2017-06-19 11:00:00,0.00010951518,0.00021196385,0.00022619106,0.0002602776,0.00013898527,0.00010284972
2017-06-19 12:00:00,0.00012420051,0.000133001,0.00019531106,8.272356e-05,5.024456e-05,5.3148528e-05
2017-06-19 13:00:00,4.184535e-05,7.7418044e-05,3.6190937e-05,5.2403848e-05,3.138379e-05,3.714729e-05
2017-06-19 14:00:00,0.0001206972,3.8307207e-05,9.146997e-05,2.9079476e-05,3.4068613e-05,4.1253243e-05
2017-06-19 15:00:00,0.00017011314,0.0001625953,9.2719245e-05,7.409098e-05,8.6180655e-05,5.1242267e-05
2017-06-19 16:00:00,0.00013004753,3.5797668e-05,3.7981343e-05,3.4751945e-05,3.497237e-05,6.716898e-05
2017-06-19 17:00:00,8.374636e-05,9.4517854e-05,7.214457e-05,0.00010913129,0.00018406958,0.00019551805
2017-06-19 18:00:00,6.118002e-05,4.2696836e-05,4.450504e-05,0.00011580986,0.00016770339,0.00016876699
2017-06-19 19:00:00,8.58424e-05,2.9012162e-05,8.801808e-05,8.2718674e-05,0.00013555268,9.923074e-05
2017-06-19 20:00:00,6.216203e-05,0.00011251668,0.00015830317,0.00018000856,0.00011379425,0.00022280097
2017-06-19 21:00:00,0.00011127267,0.000106626394,0.00014509028,9.642857e-05,9.630325e-05,0.00014240683
2017-06-19 22:00:00,6.901223e-05,7.469927e-05,3.7141912e-05,8.802888e-05,6.1575374e-05,0.00015152109
2017-06-19 23:00:00,5.7815232e-05,5.041915e-05,6.642039e-05,4.5227254e-05,0.00010052692,3.301569e-05
2017-06-20 00:00:00,8.8403605e-05,5.1565807e-05,3.3310647e-05,6.121253e-05,3.3991404e-05,0.00041765504
2017-06-20 01:00:00,0.00013875708,5.3345248e-05,0.00011958074,3.8046615e-05,0.00023847443,0.00020869778
2017-06-20 02:00:00,9.390125e-05,6.88254e-05,7.412678e-05,0.00038674418,0.00032736527,0.0001648413
2017-06-20 03:00:00,9.829015e-05,5.6716628e-05,0.00038117595,0.00021302975,0.00013195502,0.0002007116
2017-06-20 04:00:00,0.0001390436,0.00042427494,0.000491319,0.0002431557,0.00016139941,0.0004103962
2017-06-20 05:00:00,0.00073889346,0.00025566822,0.0002092773,0.00015104843,0.00021117402,0.00011923567
2017-06-20 06:00:00,0.00011207649,0.00020979745,0.00014059356,3.216548e-05,0.00017330045,7.9227146e-05
2017-06-20 07:00:00,0.00011001294,0.00012406036,0.00010082274,4.2039894e-05,6.852559e-05,7.782805e-05
2017-06-20 08:00:00,4.8055936e-05,0.00019335774,3.2012325e-05,3.2560383e-05,3.1989035e-05,0.00019471098
2017-06-20 09:00:00,0.00027229244,3.7306974e-05,3.984682e-05,2.9812669e-05,0.00019207952,8.986102e-05
2017-06-20 10:00:00,0.0002224141,0.0001304597,0.00016462324,0.0004072125,0.00022951452,0.0002325429
2017-06-20 11:00:00,4.405507e-05,4.03737e-05,0.00023301225,8.314139e-05,9.769435e-05,7.4145166e-05
2017-06-20 12:00:00,4.9040507e-05,0.00022629624,7.066917e-05,0.00012060329,4.8046153e-05,2.9957822e-05
2017-06-20 13:00:00,0.00033809198,7.841597e-05,6.8421796e-05,7.191575e-05,3.119969e-05,5.7731286e-05
2017-06-20 14:00:00,0.0002760704,0.00013749606,0.00026994152,0.00019194881,0.0002819867,0.00018558928
2017-06-20 15:00:00,3.972671e-05,0.0001248639,6.098423e-05,0.000103668615,8.1089056e-05,7.570144e-05
2017-06-20 16:00:00,0.00024199867,9.201021e-05,0.00014763462,6.880765e-05,7.828724e-05,7.5006516e-05
2017-06-20 17:00:00,9.5217154e-05,3.565131e-05,5.1825074e-05,8.021277e-05,5.1634583e-05,4.306773e-05
2017-06-20 18:00:00,8.5872874e-05,3.0188537e-05,4.446178e-05,3.8902785e-05,6.557521e-05,9.252124e-05
2017-06-20 19:00:00,5.5975695e-05,3.857913e-05,3.4732344e-05,5.2795614e-05,5.811831e-05,3.948562e-05
2017-06-20 20:00:00,4.2037853e-05,4.4248845e-05,0.000106462205,0.000109610904,7.456785e-05,0.00010944194
2017-06-20 21:00:00,7.2776405e-05,6.640479e-05,0.00013801768,7.200062e-05,5.6648973e-05,7.1140545e-05
2017-06-20 22:00:00,0.00014225757,9.999058e-05,5.2509244e-05,7.4514865e-05,6.958917e-05,0.00015838689
2017-06-20 23:00:00,6.537825e-05,3.89384e-05,3.623291e-05,4.0043058e-05,5.9907066e-05,9.749693e-05
2017-06-21 00:00:00,8.007264e-05,2.698943e-05,3.4017045e-05,6.0843653e-05,7.118217e-05,9.231951e-05
2017-06-21 01:00:00,8.717152e-05,4.7678976e-05,0.00012629693,0.00018675052,6.5643944e-05,4.977464e-05
2017-06-21 02:00:00,3.161769e-05,8.5712796e-05,0.00013691127,0.000108431734,9.606157e-05,0.00012903004
2017-06-21 03:00:00,8.383647e-05,0.00011223151,0.00010202805,0.00012857646,0.00012749161,0.00014087064
2017-06-21 04:00:00,7.397768e-05,0.00012769397,0.00019435884,0.0001713599,0.00018129987,0.00025674305
2017-06-21 05:00:00,0.00030671913,0.00031642374,0.0001906255,0.00021941836,0.00019748835,0.00043120616
2017-06-21 06:00:00,4.7589027e-05,5.3488224e-05,8.172049e-05,0.00010907971,0.00054428756,0.0006481173
2017-06-21 07:00:00,4.5981626e-05,5.2709343e-05,8.4543804e-05,0.0008397611,0.00087345095,0.0009937056
2017-06-21 08:00:00,4.6806497e-05,6.0713493e-05,0.00093358324,0.00089144614,0.00074472505,0.0008324002
2017-06-21 09:00:00,4.3834585e-05,0.0010547824,0.0009526828,0.001054347,0.00091929914,0.0010415401
2017-06-21 10:00:00,0.0015068825,0.001116257,0.0012216845,0.00094034267,0.00097602786,0.0006017935
2017-06-21 11:00:00,0.00020980771,0.00023633539,0.00020916984,0.00013093081,5.6219254e-05,0.00078840187
2017-06-21 12:00:00,0.00013618737,4.929958e-05,4.6754365e-05,4.988953e-05,0.0007643358,0.00072280125
2017-06-21 13:00:00,9.368295e-05,0.00010007621,0.00017626735,0.0008430576,0.0010180499,0.0007778531
2017-06-21 14:00:00,0.000116959345,0.00011869413,0.00095164473,0.00084487005,0.0008256807,0.0006740639
2017-06-21 15:00:00,8.5650194e-05,0.0009673553,0.00090185343,0.00076542486,0.0005361326,0.0007935198
2017-06-21 16:00:00,0.0011159006,0.00092157756,0.00049605104,0.00049539143,0.00066462485,0.00053633406
2017-06-21 17:00:00,7.675884e-05,3.819655e-05,3.614701e-05,8.448698e-05,4.449647e-05,4.023585e-05
2017-06-21 18:00:00,4.4701057e-05,4.3040975e-05,0.00012772414,8.610367e-05,3.4691893e-05,4.600652e-05
2017-06-21 19:00:00,4.021189e-05,0.00011278306,8.8376684e-05,2.5574594e-05,4.1795134e-05,3.9148465e-05
2017-06-21 20:00:00,0.0001777697,7.21851e-05,6.514335e-05,6.649622e-05,2.9452263e-05,8.776721e-05
2017-06-21 21:00:00,0.00011291491,0.00012899376,0.0001668057,0.00012131812,0.00021241733,0.00012976919
2017-06-21 22:00:00,0.00014721241,0.00012485567,7.973104e-05,0.00011286493,0.000109921624,6.977092e-05
2017-06-21 23:00:00,5.7891895e-05,2.580748e-05,8.7010645e-05,7.192088e-05,3.331668e-05,9.1501366e-05
2017-06-22 00:00:00,8.563305e-05,4.9631497e-05,4.263341e-05,3.8658793e-05,0.00012714135,0.00035494933
2017-06-22 01:00:00,0.00017960308,7.6373035e-05,4.944927e-05,4.8780847e-05,0.00029352657,0.00034889314
2017-06-22 02:00:00,5.3569533e-05,8.1985185e-05,0.00016289069,0.0004776314,0.00059130334,0.0008229085
2017-06-22 03:00:00,6.8234964e-05,0.0001454608,0.0004058363,0.0007466335,0.0006305789,0.000731818
2017-06-22 04:00:00,9.074962e-05,0.00030203006,0.00064876233,0.0009929587,0.00061036844,0.0007023413
2017-06-22 05:00:00,0.00037494395,0.00057961716,0.00057425565,0.0007162416,0.00067952834,0.00067705545
2017-06-22 06:00:00,0.0003386582,0.0004738028,0.00045620944,0.00066537055,0.0006739462,0.0006087881
2017-06-22 07:00:00,0.0005861033,0.00021117665,0.00023825782,0.00035196092,0.00041195372,0.00040734035
2017-06-22 08:00:00,0.00012173647,4.155074e-05,0.00013770103,0.00017474538,0.00014465716,0.00014243262
2017-06-22 09:00:00,0.00010225516,0.0002418172,0.00022041907,0.00033131908,0.00022469633,0.00019643967
2017-06-22 10:00:00,0.00021477515,0.00022994503,0.00026459215,0.000216051,0.00024727915,0.00026822143
2017-06-22 11:00:00,0.00010536139,4.666987e-05,3.9953728e-05,5.2564294e-05,0.0001267561,4.294896e-05
2017-06-22 12:00:00,4.2818596e-05,5.830223e-05,3.3816996e-05,9.165924e-05,6.3471e-05,5.254162e-05
2017-06-22 13:00:00,7.6585064e-05,3.7319187e-05,0.00010999311,8.4070125e-05,4.4096723e-05,7.522824e-05
2017-06-22 14:00:00,9.995346e-05,7.525781e-05,5.555307e-05,8.718858e-05,9.8251185e-05,6.9029236e-05
2017-06-22 15:00:00,0.00010845122,9.2796894e-05,4.551959e-05,6.9112415e-05,6.1773724e-05,4.397424e-05
2017-06-22 16:00:00,0.00024035473,6.6136454e-05,5.3204098e-05,5.0990082e-05,5.3320386e-05,8.2544204e-05
2017-06-22 17:00:00,0.0001993116,0.00011442585,0.000115358445,0.0001426828,0.000102504375,3.5299887e-05
2017-06-22 18:00:00,3.9459326e-05,3.369534e-05,3.8911065e-05,4.344295e-05,0.00013513817,0.00010324704
2017-06-22 19:00:00,4.2632797e-05,4.045358e-05,7.468139e-05,9.046641e-05,0.00012981993,8.508244e-05
2017-06-22 20:00:00,4.174111e-05,6.437361e-05,0.00013867606,0.00012920082,6.686323e-05,3.041914e-05
2017-06-22 21:00:00,6.709584e-05,0.0001378165,0.00013710374,8.5574706e-05,3.3735887e-05,4.44586e-05
2017-06-22 22:00:00,0.00013083109,8.86971e-05,4.4006414e-05,5.6054163e-05,8.735302e-05,0.00012108842
2017-06-22 23:00:00,3.8203714e-05,5.127493e-05,0.00014016127,0.00015042475,0.00015296145,4.5448294e-05
2017-06-23 00:00:00,5.0394374e-05,0.00012995927,0.00013193309,0.00021009367,3.1378066e-05,0.00017006583
2017-06-23 01:00:00,0.00011700531,0.00011012888,0.00015270691,5.332604e-05,0.00021118768,0.00022433045
2017-06-23 02:00:00,5.3905173e-05,5.3260617e-05,9.746154e-05,0.00031842748,0.00035239774,0.00031377687
2017-06-23 03:00:00,6.717134e-05,0.00017109972,0.00036079483,0.000475024,0.00031554047,0.00044534824
2017-06-23 04:00:00,0.00035221406,0.00044409712,0.0003845361,0.0005192992,0.00040794373,0.00025432653
2017-06-23 05:00:00,0.00022527332,0.00032697918,0.00026432186,0.0004466991,8.786546e-05,0.00018330352
2017-06-23 06:00:00,0.00011648985,8.3043946e-05,0.00017349373,0.00010468216,6.962517e-05,0.00010313024
2017-06-23 07:00:00,6.362012e-05,0.00011184081,0.00018878617,2.6926413e-05,5.5204026e-05,0.00034283963
2017-06-23 08:00:00,0.00017265708,0.00014088687,5.5446668e-05,5.4535336e-05,0.00036381037,0.0002156384
2017-06-23 09:00:00,0.0004515137,0.00010786687,3.4496898e-05,0.0002790175,0.00014829313,0.00010719639
2017-06-23 10:00:00,0.00028933916,0.00024320441,0.00042267537,0.00047526916,0.000351518,0.00046768787
2017-06-23 11:00:00,0.00013351151,0.0003489851,0.0003176899,0.0002587595,0.00021746359,0.00024387943
2017-06-23 12:00:00,0.00046634595,0.00031983686,0.00020749192,0.00025875165,0.00017926462,0.0002218425
2017-06-23 13:00:00,0.0001352284,0.00011506466,6.137521e-05,0.000106061525,3.4745644e-05,5.7528985e-05
2017-06-23 14:00:00,0.00010785092,5.1182895e-05,3.3460423e-05,0.00011503792,3.0851967e-05,5.024888e-05
2017-06-23 15:00:00,0.000119331,0.00010815155,0.00017327044,7.713041e-05,0.00011551311,0.00021867872
2017-06-23 16:00:00,4.1292387e-05,6.936659e-05,4.20614e-05,4.1508134e-05,8.479507e-05,0.00013381803
2017-06-23 17:00:00,0.00020536204,3.5049172e-05,7.986977e-05,0.00010821772,0.000118719305,4.642175e-05
2017-06-23 18:00:00,7.709441e-05,6.380493e-05,5.620101e-05,4.756094e-05,0.000165658,5.2512187e-05
2017-06-23 19:00:00,5.853075e-05,0.00013264958,0.00015643913,7.440657e-05,2.7518523e-05,3.602104e-05
2017-06-23 20:00:00,0.0001648777,0.00010812093,7.581347e-05,3.3844783e-05,2.8717946e-05,3.115479e-05
2017-06-25 21:00:00,4.700944e-05,0.00019525438,0.00011210729,0.00011675983,0.00010730661,0.00012239216
2017-06-25 22:00:00,0.0003007439,9.5746414e-05,0.00010114645,0.00013600328,9.771998e-05,0.0001251665
2017-06-25 23:00:00,0.00015025728,8.0949714e-05,0.00011592792,5.758776e-05,3.39574e-05,0.0001836781
2017-06-26 00:00:00,4.687967e-05,3.247982e-05,7.495894e-05,7.084926e-05,5.47888e-05,6.3818654e-05
2017-06-26 01:00:00,3.12629e-05,8.2224346e-05,8.70561e-05,0.00010600899,3.9830637e-05,4.8485006e-05
2017-06-26 02:00:00,0.00010735261,6.8281974e-05,7.556251e-05,6.940732e-05,6.386848e-05,7.298562e-05
2017-06-26 03:00:00,4.0704148e-05,0.00015450788,4.9376777e-05,3.8031696e-05,4.4368226e-05,0.00017370742
2017-06-26 04:00:00,0.00015389432,4.4686996e-05,5.620622e-05,3.4084125e-05,0.00016190487,4.309471e-05
2017-06-26 05:00:00,0.00019165856,0.00014272131,0.00018660049,3.2792817e-05,0.00017374544,0.00025082694
2017-06-26 06:00:00,4.4722918e-05,5.939275e-05,0.0002253824,4.7397363e-05,0.00015350743,0.00021883777
2017-06-26 07:00:00,6.256209e-05,0.00015079546,7.048135e-05,0.0002004912,0.00019849981,0.00023828686
2017-06-26 08:00:00,0.00030172782,4.2286163e-05,0.00017794772,0.00020356404,0.00035881385,0.0003800629
2017-06-26 09:00:00,0.00024109356,0.0005009356,0.0004354088,0.00064716965,0.0006749838,0.0005156604
2017-06-26 10:00:00,0.0002220867,0.00021382085,0.00050170673,0.00060756557,0.0004635306,0.00040337216
2017-06-26 11:00:00,0.00011861791,0.00023631947,0.00040661072,0.0004059405,0.00046244616,0.00045555257
2017-06-26 12:00:00,0.00027907448,0.00030443096,0.0003108977,0.00041090362,0.00039755754,0.00041954554
2017-06-26 13:00:00,0.00018305087,0.00011173978,0.00025068218,0.0002715741,0.00020985027,0.00021634347
2017-06-26 14:00:00,4.2743734e-05,0.000121863755,0.00012284984,0.00016253181,0.00017469499,0.00014564102
2017-06-26 15:00:00,0.00018807562,0.00017466505,0.00013926633,0.000219789,0.000185319,0.00010348569
2017-06-26 16:00:00,5.3434887e-05,5.5935165e-05,5.4628865e-05,3.890685e-05,2.878654e-05,9.283122e-05
2017-06-26 17:00:00,3.895629e-05,3.547401e-05,3.2959804e-05,3.6715854e-05,8.636328e-05,6.323422e-05
2017-06-26 18:00:00,4.7088182e-05,3.896763e-05,6.228224e-05,7.55399e-05,6.670178e-05,0.000107425956
2017-06-26 19:00:00,5.7847465e-05,6.7176436e-05,4.768436e-05,6.439355e-05,0.0001012952,0.00011849131
2017-06-26 20:00:00,5.8749614e-05,8.853355e-05,7.0786446e-05,8.93751e-05,8.208228e-05,8.255141e-05
2017-06-26 21:00:00,0.00018253078,9.763592e-05,6.789711e-05,7.700812e-05,6.992602e-05,6.596911e-05
2017-06-26 22:00:00,4.3419255e-05,0.00016603281,0.0001535216,0.00021040464,9.4491515e-05,0.00016308019
2017-06-26 23:00:00,0.00022287593,0.00023170821,0.0001861722,0.00014161051,0.00016413582,7.9206984e-05
2017-06-27 00:00:00,6.7089684e-05,3.660316e-05,4.823538e-05,3.9111863e-05,5.9209055e-05,7.4376905e-05
2017-06-27 01:00:00,3.5296413e-05,4.080162e-05,6.0795108e-05,7.8524696e-05,7.1496775e-05,4.48532e-05
2017-06-27 02:00:00,2.8982206e-05,3.9213475e-05,6.4174186e-05,6.022309e-05,3.8368467e-05,5.2153173e-05
2017-06-27 03:00:00,0.00010827831,6.1543746e-05,0.000114102564,5.3319472e-05,4.9563278e-05,5.3959448e-05
2017-06-27 04:00:00,0.00014175745,6.3125786e-05,4.2528103e-05,3.0092495e-05,8.026784e-05,0.00011304017
2017-06-27 05:00:00,0.0002766716,8.717092e-05,0.00012267877,2.7226288e-05,6.944907e-05,3.8517333e-05
2017-06-27 06:00:00,7.57936e-05,6.300131e-05,0.00013366343,0.00019609215,0.00016943716,0.00035301704
2017-06-27 07:00:00,6.337121e-05,9.109607e-05,0.00015891792,9.727684e-05,0.0002736212,0.00028984534
2017-06-27 08:00:00,0.00014228575,0.00018978756,0.0001426126,0.000483897,0.0004002772,0.00042509695
2017-06-27 09:00:00,0.00013875982,4.753562e-05,0.00024960033,0.00030463512,0.00038255582,0.0003820434
2017-06-27 10:00:00,9.0705296e-05,0.00024908947,0.0003338692,0.00033374867,0.00037486272,0.00033392338
2017-06-27 11:00:00,0.00027925769,0.00038850162,0.0002808121,0.000511106,0.00032005494,0.00029324388
2017-06-27 12:00:00,0.00020607215,0.00018761386,0.00017280459,0.00022084419,9.0722846e-05,9.775979e-05
2017-06-27 13:00:00,6.481224e-05,4.6643232e-05,4.682059e-05,2.909301e-05,3.7205908e-05,0.000104549676
2017-06-27 14:00:00,5.238829e-05,4.2588155e-05,9.28532e-05,3.2099106e-05,0.00013303677,0.00016160142
2017-06-27 15:00:00,5.8652528e-05,6.326646e-05,3.6019494e-05,0.00012347302,0.000111039735,0.00016509746
2017-06-27 16:00:00,8.366249e-05,3.335021e-05,0.00013885771,0.0001344865,0.00010710044,0.00014779983
2017-06-27 17:00:00,6.651927e-05,9.15844e-05,8.7969755e-05,9.7842385e-05,9.7083175e-05,0.00011716595
2017-06-27 18:00:00,0.0002193263,0.00014076222,0.000119139804,0.0001805681,0.00010494261,0.000120936995
2017-06-27 19:00:00,3.8146358e-05,4.4478522e-05,5.5629043e-05,3.8873506e-05,3.3637152e-05,2.9234205e-05
2017-06-27 20:00:00,6.234782e-05,4.9173777e-05,4.3108772e-05,3.5867604e-05,2.717488e-05,3.7272475e-05
2017-06-27 21:00:00,5.64782e-05,5.3106443e-05,3.884838e-05,3.7611928e-05,4.936461e-05,2.6839441e-05
2017-06-27 22:00:00,4.6247977e-05,3.637677e-05,4.687156e-05,3.985098e-05,6.1815605e-05,8.901103e-05
2017-06-27 23:00:00,3.8523103e-05,3.489473e-05,4.4690038e-05,3.92559e-05,8.4461986e-05,6.62799e-05
2017-06-28 00:00:00,5.072216e-05,3.8401668e-05,3.8433973e-05,9.30772e-05,5.127242e-05,4.473133e-05
2017-06-28 01:00:00,6.584393e-05,3.930953e-05,8.209363e-05,6.353941e-05,4.425952e-05,8.641015e-05
2017-06-28 02:00:00,8.484964e-05,9.969558e-05,8.494556e-05,7.3429845e-05,8.1338796e-05,0.000106365274
2017-06-28 03:00:00,7.640736e-05,6.503289e-05,4.9421753e-05,0.00017129895,9.369385e-05,0.0001740664
2017-06-28 04:00:00,5.3932956e-05,5.086523e-05,0.00022011748,0.0002032637,0.00024182386,0.0001315226
2017-06-28 05:00:00,3.6749272e-05,0.00019288296,0.00020475971,0.00019126365,0.00011543367,0.00018941345
2017-06-28 06:00:00,0.00025674579,0.00017696012,0.00034887381,0.00013303562,0.0002064542,9.769169e-05
2017-06-28 07:00:00,5.9782546e-05,0.00012171105,4.759129e-05,5.2244344e-05,6.1767125e-05,3.681386e-05
2017-06-28 08:00:00,0.00013140554,3.950071e-05,6.3863874e-05,9.3729555e-05,5.2410123e-05,3.9975825e-05
2017-06-28 09:00:00,0.00018839532,4.4518813e-05,0.00020799646,0.00012936706,9.3524315e-05,5.2316096e-05
2017-06-28 10:00:00,0.0001685322,5.564791e-05,3.1128355e-05,3.611812e-05,7.1853676e-05,0.00010582767
2017-06-28 11:00:00,0.00020863902,6.6613575e-05,9.246197e-05,4.087401e-05,5.0319748e-05,0.00016505811
2017-06-28 12:00:00,0.00011089905,6.878223e-05,0.00013575215,0.00014465328,0.0003303808,0.0003111717
2017-06-28 13:00:00,4.691916e-05,7.232509e-05,0.00013518681,0.00035158417,0.00024206474,0.00030355633
2017-06-28 14:00:00,0.000102150116,0.0001443788,0.00032485006,0.00035937372,0.00028739488,0.00031061732
2017-06-28 15:00:00,0.00010220015,0.0002513609,0.00024198237,0.00036285346,0.00025848742,0.0002878565
2017-06-28 16:00:00,0.0002636061,0.000229736,0.000249442,0.00026198532,0.00019457804,0.00016842254
2017-06-28 17:00:00,0.00010207101,0.00010868338,8.9428875e-05,5.1448922e-05,5.8060818e-05,3.2871572e-05
2017-06-28 18:00:00,6.143508e-05,3.7596008e-05,4.0808405e-05,2.7261021e-05,5.583194e-05,4.1552463e-05
2017-06-28 19:00:00,4.483531e-05,5.241599e-05,4.3081116e-05,0.000107201966,5.4274446e-05,4.0035422e-05
2017-06-28 20:00:00,4.307139e-05,3.2852986e-05,7.342798e-05,3.5526045e-05,2.9193001e-05,3.8831353e-05
2017-06-28 21:00:00,4.178286e-05,6.0295923e-05,4.3763775e-05,2.9617138e-05,2.898973e-05,5.206126e-05
2017-06-28 22:00:00,8.189463e-05,3.2221757e-05,4.3181248e-05,3.6315872e-05,4.8928792e-05,0.00012627842
2017-06-28 23:00:00,7.87638e-05,6.4084226e-05,7.4756215e-05,0.000118637014,0.0001112447,8.332679e-05
2017-06-29 00:00:00,8.4638e-05,6.503547e-05,7.993245e-05,0.00016347726,7.459845e-05,5.2696356e-05
2017-06-29 01:00:00,4.3421143e-05,5.528718e-05,0.00012460515,5.3590255e-05,8.783511e-05,3.193838e-05
2017-06-29 02:00:00,9.8369565e-05,0.00013016592,6.4917585e-05,8.604806e-05,2.657812e-05,3.8205468e-05
2017-06-29 03:00:00,0.00011790363,3.686425e-05,0.00014180907,4.931195e-05,9.8489516e-05,7.821058e-05
2017-06-29 04:00:00,8.637586e-05,0.00021736139,0.00012439404,0.00017092975,0.00012886981,0.00015597459
2017-06-29 05:00:00,0.00015136546,6.328791e-05,0.00011867871,0.000107457534,6.997745e-05,0.00017776868
2017-06-29 06:00:00,0.00017011866,7.5729295e-05,7.836017e-05,5.1280178e-05,3.5323243e-05,5.1009407e-05
2017-06-29 07:00:00,7.328289e-05,5.7071426e-05,5.0093433e-05,9.971879e-05,8.439172e-05,0.00016708874
2017-06-29 08:00:00,4.4119515e-05,2.9581262e-05,6.354679e-05,8.508266e-05,0.00013090455,0.00020858443
2017-06-29 09:00:00,4.994856e-05,8.715435e-05,9.473279e-05,0.00012491048,0.00027991302,0.00014784059
2017-06-29 10:00:00,0.0001140282,0.00012919729,0.00016398147,0.00032471135,0.00014823774,0.00035683363
2017-06-29 11:00:00,4.324321e-05,7.0124166e-05,0.00016559333,8.5678614e-05,0.00026778842,0.00019978166
2017-06-29 12:00:00,7.736777e-05,0.0001588462,0.000102706785,0.00027440736,0.0001509274,0.00011852367
2017-06-29 13:00:00,0.00024038543,4.981205e-05,0.000258427,0.00013352436,6.925834e-05,4.80476e-05
2017-06-29 14:00:00,0.00020030492,7.116123e-05,3.0743555e-05,6.9543436e-05,5.394098e-05,7.097552e-05
2017-06-29 15:00:00,0.00022434811,0.00015578145,6.212746e-05,0.00011346234,8.614167e-05,8.602151e-05
2017-06-29 16:00:00,8.399092e-05,0.00013535464,0.00013699594,0.0001618876,8.6382744e-05,8.393482e-05
2017-06-29 17:00:00,0.00012803864,5.4278175e-05,7.144257e-05,3.2610584e-05,4.5151264e-05,3.254107e-05
2017-06-29 18:00:00,4.467381e-05,3.4470184e-05,4.072173e-05,3.5710036e-05,4.7243386e-05,0.00011526894
2017-06-29 19:00:00,2.8247958e-05,3.854547e-05,4.042523e-05,4.232328e-05,9.168388e-05,8.353081e-05
2017-06-29 20:00:00,5.0844028e-05,4.197552e-05,4.561691e-05,0.000117877986,8.9404646e-05,0.00015562863
2017-06-29 21:00:00,4.7300015e-05,3.126512e-05,0.00017353562,0.00011657752,0.00017633235,0.00010694239
2017-06-29 22:00:00,3.800157e-05,0.0001516632,0.00012301431,0.00017930027,0.00018907337,0.00021701679
2017-06-29 23:00:00,0.00022698463,9.492664e-05,0.00019613026,0.00017350045,0.00017798058,0.00030641168
2017-06-30 00:00:00,4.6650912e-05,5.6629775e-05,4.9915085e-05,6.0814695e-05,0.00016993133,0.00017090725
2017-06-30 01:00:00,0.00010682784,6.754596e-05,8.3997096e-05,0.00021291018,0.00025991318,0.00013059494
2017-06-30 02:00:00,4.7562593e-05,3.621461e-05,0.00010646593,0.00016278538,0.00012756762,0.00010285167
2017-06-30 03:00:00,6.6190456e-05,0.00013467198,0.00022996895,0.00015108354,0.00011090166,7.355281e-05
2017-06-30 04:00:00,0.00015902566,0.00024814362,0.00010921599,9.364772e-05,3.69614e-05,0.000117902826
2017-06-30 05:00:00,0.000111549125,2.65548e-05,4.4390013e-05,8.185757e-05,3.55153e-05,5.936026e-05
2017-06-30 06:00:00,9.285194e-05,8.610177e-05,0.00014079899,6.7751265e-05,3.456127e-05,0.00023296411
2017-06-30 07:00:00,5.1519648e-05,8.772476e-05,4.60797e-05,6.826131e-05,0.00029675144,0.00032982376
2017-06-30 08:00:00,9.568564e-05,4.851515e-05,9.1229675e-05,0.00033151047,0.00034287653,0.00027103128
2017-06-30 09:00:00,0.00016175093,0.00021445696,0.00036760714,0.00038598583,0.00040823536,0.0004040854
2017-06-30 10:00:00,8.380836e-05,0.000341232,0.00047232144,0.00030465962,0.00029640287,0.0002660812
2017-06-30 11:00:00,0.00038873623,0.0004526186,0.00037447337,0.0002651016,0.00026606728,0.00028651793
2017-06-30 12:00:00,0.00010698982,2.8857421e-05,3.2050273e-05,2.0795145e-05,3.5138328e-05,3.620531e-05
2017-06-30 13:00:00,9.809119e-05,6.614366e-05,4.3327927e-05,6.52429e-05,7.3946765e-05,9.412999e-05
2017-06-30 14:00:00,4.4926415e-05,4.1434843e-05,4.991406e-05,3.223739e-05,5.7700046e-05,7.0589e-05
2017-06-30 15:00:00,5.1015035e-05,3.5722696e-05,4.015686e-05,9.22587e-05,5.1495288e-05,3.2733165e-05
2017-06-30 16:00:00,4.740298e-05,3.8493803e-05,0.00010867147,9.103967e-05,5.6555975e-05,3.951294e-05
2017-06-30 17:00:00,3.227644e-05,8.545342e-05,9.7205266e-05,3.1144602e-05,3.526649e-05,3.2608423e-05
2017-06-30 18:00:00,0.0001447533,6.0957802e-05,3.9484145e-05,3.1281972e-05,3.4545894e-05,0.000109284796
2017-06-30 19:00:00,4.793885e-05,7.7048906e-05,0.00014183155,7.504971e-05,4.1049152e-05,4.0598356e-05
2017-06-30 20:00:00,6.483123e-05,7.399045e-05,6.3869586e-05,5.586102e-05,3.7627626e-05,3.5401463e-05
2017-07-02 21:00:00,9.365536e-05,3.4783327e-05,7.264836e-05,3.629716e-05,3.7781443e-05,7.618972e-05
2017-07-02 22:00:00,0.00010210968,0.00014373905,7.8772304e-05,5.6980072e-05,9.1622926e-05,7.897692e-05
2017-07-02 23:00:00,0.00012869292,3.5045592e-05,3.648613e-05,9.279144e-05,5.3824922e-05,6.177188e-05
2017-07-03 00:00:00,0.00011120281,0.000104511215,3.933253e-05,4.366264e-05,3.9271352e-05,0.00013170516
2017-07-03 01:00:00,5.3445572e-05,6.739815e-05,5.1106676e-05,5.770688e-05,7.416004e-05,0.00014445696
2017-07-03 02:00:00,0.00014146013,6.114927e-05,7.615937e-05,4.5631157e-05,0.00015430767,0.0003273623
2017-07-03 03:00:00,5.8449725e-05,4.065431e-05,0.00014539549,7.42034e-05,0.0002122023,0.0001545157
2017-07-03 04:00:00,3.5991623e-05,0.0001492651,9.031152e-05,0.00035026085,0.0002043306,0.00013663995
2017-07-03 05:00:00,0.00023575856,0.00011828429,0.00017022707,0.00020631569,0.0001577771,0.00021621869
2017-07-03 06:00:00,0.00039482504,0.0003475942,0.00029456484,0.0002370784,0.00014004098,3.5108624e-05
2017-07-03 07:00:00,0.00018854049,8.5021034e-05,7.878453e-05,0.0003191283,0.00019546751,0.00019309147
2017-07-03 08:00:00,8.3001054e-05,7.1856724e-05,0.00050135696,0.00037552748,0.00036371726,0.00024991322
2017-07-03 09:00:00,6.206042e-05,0.00053448306,0.00031031485,0.00034590025,0.00020932862,8.871719e-05
2017-07-03 10:00:00,0.0008209014,0.00035488373,0.0003325673,0.00026656032,6.0993858e-05,0.00017363197
2017-07-03 11:00:00,0.00014305447,0.00012722657,0.00018470046,0.00037954148,0.00025386675,0.00032171214
2017-07-03 12:00:00,3.9497136e-05,0.000117899064,0.0002135149,0.00013567618,0.00035442776,0.0002872255
2017-07-03 13:00:00,0.00012778705,0.00022764757,0.00018715768,0.0003630541,0.00030573335,0.00021270203
2017-07-03 14:00:00,0.00019797329,6.957351e-05,0.00019123942,0.00022736847,0.00019916592,0.00021459296
2017-07-03 15:00:00,0.00010743853,0.00010125659,8.802154e-05,0.00011517346,6.5795975e-05,9.661762e-05
2017-07-03 16:00:00,0.00017143122,0.00018616953,0.00012445715,0.00020892006,0.0002010651,0.000116561794
2017-07-03 17:00:00,4.8392743e-05,3.9334853e-05,3.8463597e-05,2.8448812e-05,3.5147277e-05,6.609572e-05
2017-07-03 18:00:00,6.417898e-05,4.6542293e-05,4.621411e-05,4.2864838e-05,4.146804e-05,3.2994238e-05
2017-07-03 19:00:00,5.211699e-05,3.2536314e-05,3.7278067e-05,2.595005e-05,3.356682e-05,6.692851e-05
2017-07-03 20:00:00,4.1439984e-05,3.5965393e-05,4.9935723e-05,2.7267266e-05,7.192782e-05,0.00012203404
2017-07-03 21:00:00,4.3922337e-05,7.445547e-05,4.583776e-05,8.0444814e-05,0.00010853637,9.84032e-05
2017-07-03 22:00:00,5.632396e-05,4.3879787e-05,8.206505e-05,0.00010540506,8.0258294e-05,0.00015327953
2017-07-03 23:00:00,6.859957e-05,5.5567558e-05,0.00013822645,8.36814e-05,0.00011435288,9.8248274e-05
2017-07-04 00:00:00,0.00011695712,0.00014502027,9.834558e-05,0.00011956755,0.00012769863,6.742431e-05
2017-07-04 01:00:00,8.614603e-05,5.913881e-05,0.00014952628,6.0458548e-05,3.656395e-05,0.00072698557
2017-07-04 02:00:00,4.749718e-05,7.041555e-05,4.949393e-05,7.0445334e-05,0.00062100874,0.00076156383
2017-07-04 03:00:00,0.0001363066,3.412959e-05,4.693182e-05,0.0009776781,0.0006341031,0.00075783016
2017-07-04 04:00:00,9.475367e-05,0.00010605452,0.0008927717,0.0006670723,0.00074416655,0.0007417485
2017-07-04 05:00:00,0.00010526172,0.0014061308,0.0010121701,0.0010710063,0.00094086636,0.0009411555
2017-07-04 06:00:00,0.0014668542,0.0013290456,0.0011044798,0.0013381473,0.0011673616,0.0010876833
2017-07-04 07:00:00,0.00014534987,0.00027154287,0.00033681252,0.00036531457,0.00042971855,0.00027979154
2017-07-04 08:00:00,0.00016867735,0.00019299147,0.00030803226,0.00047060777,0.00039629667,0.000879553
2017-07-04 09:00:00,0.00014970073,0.0003236157,0.0003730784,0.00025216432,0.0009053574,0.00063885644
2017-07-04 10:00:00,0.00015123193,0.00030328913,0.00023137254,0.00078208774,0.00054197223,0.00063176174
2017-07-04 11:00:00,0.000230678,0.000170122,0.0006124825,0.0005992826,0.0006494348,0.0008570111
2017-07-04 12:00:00,4.7197023e-05,0.00055370154,0.0003811159,0.0005622711,0.00064449024,0.00088448793
2017-07-04 13:00:00,0.000790706,0.0004024661,0.00069067965,0.00082231464,0.0006827613,0.00059671246
2017-07-04 14:00:00,0.0003059987,0.00010222158,0.00032183251,0.00038290737,0.0001320095,8.5095395e-05
2017-07-04 15:00:00,0.00049504166,0.00059136486,0.00045845532,0.00041233236,0.0002818483,0.00037994963
2017-07-04 16:00:00,0.00030577692,0.00032191095,0.00010276005,2.2761247e-05,0.00014751851,6.213543e-05
2017-07-04 17:00:00,6.5971624e-05,0.00012399667,0.0001600442,6.3896005e-05,0.00013986761,0.00011443615
2017-07-04 18:00:00,0.00018789257,0.00022603755,0.000114665076,0.00020298891,0.00010035962,4.518673e-05
2017-07-04 19:00:00,7.345277e-05,8.251738e-05,5.057576e-05,3.666881e-05,0.0001205695,0.00019049765
2017-07-04 20:00:00,0.00018838477,4.1415376e-05,8.1959115e-05,0.00033833535,0.0002211408,0.00013705577
2017-07-04 21:00:00,9.138192e-05,4.8381316e-05,0.00013731341,6.5921406e-05,7.224087e-05,5.698222e-05
2017-07-04 22:00:00,8.309448e-05,0.00023306825,0.0001651875,0.0002196588,0.0001323961,0.00034418126
2017-07-04 23:00:00,0.0001976302,0.0002097275,0.000120450255,7.8221885e-05,0.0002692302,0.00013609696
2017-07-05 00:00:00,4.6059115e-05,5.9436607e-05,8.4457926e-05,0.00016775866,4.4464607e-05,0.00033093718
2017-07-05 01:00:00,6.172212e-05,8.442245e-05,0.00016057068,3.693693e-05,0.000280203,0.00012763553
2017-07-05 02:00:00,6.2797306e-05,0.00019864595,8.201228e-05,0.00053160527,0.00012732788,0.00013688912
2017-07-05 03:00:00,0.0003707879,0.00012321427,0.000545719,0.00019404592,0.00017557206,0.00018390683
2017-07-05 04:00:00,0.00022382311,0.00018455452,3.7565464e-05,3.4512963e-05,8.065961e-05,0.00015719522
2017-07-05 05:00:00,0.00052845717,0.0001216963,0.00015762655,0.000108814085,0.00029145478,0.00023039589
2017-07-05 06:00:00,0.00035137296,0.00025402414,0.00028679034,0.00012683764,0.000682389,0.00017444893
2017-07-05 07:00:00,3.1465202e-05,6.224855e-05,0.00019224758,0.0004750066,6.327272e-05,3.515043e-05
2017-07-05 08:00:00,7.305108e-05,0.0002478336,0.000528448,5.485135e-05,4.9020247e-05,4.0735395e-05
2017-07-05 09:00:00,0.0003253253,0.00043672955,0.000117657946,6.6660185e-05,7.849733e-05,0.00031681906
2017-07-05 10:00:00,0.00085783907,0.0001509859,0.00015753871,0.000106554995,4.0534997e-05,5.2198084e-05
2017-07-05 11:00:00,0.0005563793,0.00038288685,0.00045371123,0.00074905035,0.0005986123,0.00056972896
2017-07-05 12:00:00,9.754805e-05,2.7198186e-05,0.00014575712,0.00017291174,0.00016613667,0.00018372775
2017-07-05 13:00:00,4.626185e-05,0.00019969155,0.00018510377,0.00022061568,0.00027884953,0.00016465585
2017-07-05 14:00:00,0.00031974362,0.00020410189,0.0002624196,0.0002003596,0.0001795295,0.000109695786
2017-07-05 15:00:00,4.3897406e-05,5.4291773e-05,5.9020527e-05,4.21762e-05,5.6566896e-05,3.8858565e-05
2017-07-05 16:00:00,0.0001003295,8.9132016e-05,4.3554963e-05,3.7091635e-05,3.0327603e-05,4.0728926e-05
2017-07-05 17:00:00,6.846751e-05,3.716897e-05,6.677667e-05,5.8182057e-05,4.086626e-05,0.000100870435
2017-07-05 18:00:00,0.00014832769,9.630224e-05,8.4958e-05,5.593949e-05,5.4072996e-05,0.00024969867
2017-07-05 19:00:00,5.4711265e-05,4.8817958e-05,4.677676e-05,0.00019903181,0.0004940541,0.00035575018
2017-07-05 20:00:00,5.4668228e-05,5.6964127e-05,0.00017710176,0.00043289264,0.00036631065,0.00039419238
2017-07-05 21:00:00,4.6772748e-05,0.00013887144,0.00038617276,0.00041965023,0.00038156248,0.00027349894
2017-07-05 22:00:00,0.00022747675,0.000403082,0.00046305347,0.00028500622,0.00030396436,0.0002819165
2017-07-05 23:00:00,0.00042387104,0.0002911666,0.0002473733,0.00020624317,0.00023261529,0.0002069308
2017-07-06 00:00:00,5.379859e-05,3.9000137e-05,4.5489527e-05,3.353366e-05,3.1257696e-05,0.00024404911
2017-07-06 01:00:00,4.3037562e-05,6.428845e-05,3.605526e-05,2.5159046e-05,0.0002420837,0.00020560488
2017-07-06 02:00:00,9.003333e-05,3.350226e-05,3.53714e-05,0.00028997482,0.00029420017,9.799006e-05
2017-07-06 03:00:00,0.00014695233,8.387821e-05,0.00040143038,0.0004071438,0.00014632355,5.675973e-05
2017-07-06 04:00:00,3.960422e-05,0.00026612842,0.00023130582,7.053676e-05,4.497613e-05,4.065022e-05
2017-07-06 05:00:00,0.00062908966,0.00028249717,0.00012896203,2.6475962e-05,4.1839194e-05,9.488562e-05
2017-07-06 06:00:00,4.741412e-05,0.00018519135,0.00036078418,0.00031846637,0.00040970868,0.00033222942
2017-07-06 07:00:00,0.00028201187,0.0002934997,0.00018230344,0.0003842939,0.00040144188,3.7323716e-05
2017-07-06 08:00:00,0.00014987156,0.00011833614,0.00018152088,0.0001835153,0.00011604142,8.1794984e-05
2017-07-06 09:00:00,3.828014e-05,8.888285e-05,9.8026256e-05,0.00019716422,0.0001636734,0.00029426048
2017-07-06 10:00:00,0.00014409842,0.0001088382,0.0002305118,0.00016562485,0.00026790728,0.00048066373
2017-07-06 11:00:00,5.038047e-05,0.000388369,0.0003368256,0.00040108192,0.00043998766,0.0003862439
2017-07-06 12:00:00,0.0005332797,0.00030486536,0.0004622625,0.0005630354,0.000488966,0.0005391783
2017-07-06 13:00:00,6.0832204e-05,8.6537766e-05,0.00030490238,0.00011696147,0.00019090767,0.00017556986
2017-07-06 14:00:00,0.00015851698,0.00042176302,0.0001898541,0.0002898304,0.00025748293,0.00013948431
2017-07-06 15:00:00,0.00032680223,6.086366e-05,0.00012914349,0.000112989495,8.902496e-05,0.00013775044
2017-07-06 16:00:00,0.00018443548,6.51597e-05,4.2206477e-05,4.510315e-05,3.2050775e-05,4.5949106e-05
2017-07-06 17:00:00,0.00016403936,0.00011575301,0.000111741385,9.699979e-05,8.160623e-05,3.6645237e-05
2017-07-06 18:00:00,4.250588e-05,3.094286e-05,5.7267425e-05,4.360078e-05,0.00019081861,4.1585143e-05
2017-07-06 19:00:00,4.1682393e-05,4.2966534e-05,3.47283e-05,0.00020693889,3.6175963e-05,7.116709e-05
2017-07-06 20:00:00,9.70583e-05,4.1992575e-05,0.00018314029,3.2225267e-05,5.42612e-05,3.6388017e-05
2017-07-06 21:00:00,8.306997e-05,0.00028521736,3.8720784e-05,0.000105971165,5.1899224e-05,3.9245933e-05
2017-07-06 22:00:00,0.00024049655,4.124694e-05,5.8928574e-05,2.745604e-05,2.9327253e-05,0.00011573874
2017-07-06 23:00:00,0.00022527114,0.00010297282,0.00020127164,0.00019397,3.678008e-05,7.648706e-05
2017-07-07 00:00:00,0.00014372563,3.261162e-05,4.128429e-05,0.00017109643,0.00023931121,0.0004186917
2017-07-07 01:00:00,0.00010191918,4.8720183e-05,8.6803884e-05,0.00015350977,0.00036401616,0.0003728047
2017-07-07 02:00:00,3.6198242e-05,0.0001816334,0.00024900082,0.0004893909,0.00033445496,0.00034440777
2017-07-07 03:00:00,0.0002673681,0.00029948322,0.00046500968,0.0005948585,0.00043648243,0.00041944862
2017-07-07 04:00:00,0.00013537605,0.00019668647,0.0005647283,0.00027610012,0.00039361452,0.0002771769
2017-07-07 05:00:00,0.00019473667,0.00032829374,0.00019257213,0.0003092751,0.00024061369,0.00013558578
2017-07-07 06:00:00,0.00019938893,5.8804908e-05,0.00012417149,0.00011052967,4.0886134e-05,7.369879e-05
2017-07-07 07:00:00,0.0001587323,2.5783169e-05,4.8869962e-05,0.00016241512,0.00017127313,5.4172837e-05
2017-07-07 08:00:00,0.00012906939,9.186847e-05,5.0462975e-05,0.00014086155,7.870468e-05,3.7255162e-05
2017-07-07 09:00:00,5.913375e-05,0.00013183111,0.00020148187,4.7195655e-05,0.00010712284,0.000116250514
2017-07-07 10:00:00,0.00022678332,0.00024216768,4.46247e-05,8.467003e-05,8.524423e-05,0.00011697253
2017-07-07 11:00:00,0.00013295707,0.00013821367,3.5430792e-05,3.1910797e-05,3.7467802e-05,7.341633e-05
2017-07-07 12:00:00,0.00032744196,0.00012540925,8.418124e-05,9.147179e-05,3.629844e-05,4.5895944e-05
2017-07-07 13:00:00,0.00020764001,0.000121812445,0.00014966242,0.00020449705,0.00020113091,0.0001806278
2017-07-07 14:00:00,5.5470675e-05,5.5978555e-05,0.000114364484,0.00012343237,0.00012031246,8.9889894e-05
2017-07-07 15:00:00,7.20242e-05,0.00012455383,0.00012652217,0.00017939176,0.000100425714,0.00013539084
2017-07-07 16:00:00,0.00013235345,0.000107250264,9.205036e-05,8.700158e-05,6.756789e-05,8.081118e-05
2017-07-07 17:00:00,6.371162e-05,5.4303266e-05,4.581638e-05,7.129561e-05,5.3727337e-05,4.6905454e-05
2017-07-07 18:00:00,3.9023784e-05,2.8132648e-05,6.7699184e-05,3.7353042e-05,6.0530067e-05,7.9709804e-05
2017-07-07 19:00:00,4.0417348e-05,6.659139e-05,5.3698568e-05,7.290257e-05,7.500823e-05,0.00010531648
2017-07-07 20:00:00,0.00011699318,5.527077e-05,7.727694e-05,7.6825454e-05,0.00012361057,0.00024422567
2017-07-09 21:00:00,4.4326673e-05,0.00013102044,0.00011793404,0.00020205897,0.0003504469,0.00016087946
2017-07-09 22:00:00,0.0001048177,0.00014402803,0.00012590227,0.00024761618,0.00012562958,0.00016547264
2017-07-09 23:00:00,4.6295652e-05,7.8568104e-05,0.00022644868,7.793969e-05,0.00012877966,8.232178e-05
2017-07-10 00:00:00,8.799917e-05,0.00013199572,6.966181e-05,0.00016078517,7.89474e-05,0.00019973356
2017-07-10 01:00:00,0.0002655939,4.609265e-05,8.1468825e-05,4.7547706e-05,0.00019856384,0.00041894222
2017-07-10 02:00:00,0.00018192884,7.343616e-05,0.00012972376,0.00018105928,0.00030689323,0.00031829733
2017-07-10 03:00:00,0.00012000222,4.3864144e-05,0.00022479467,0.000477055,0.00041448517,0.00044334284
2017-07-10 04:00:00,0.00010459535,0.00018872286,0.000438916,0.000449093,0.0004759453,0.00063764554
2017-07-10 05:00:00,0.00036363298,0.0004627394,0.000593649,0.00051376683,0.0006171286,0.00047881
2017-07-10 06:00:00,0.00030840744,0.0003124182,0.0003071267,0.00046730496,0.00027002094,0.00032137337
2017-07-10 07:00:00,0.00011914134,6.39083e-05,0.00023015335,0.00017369556,0.00011238859,0.00011130029
2017-07-10 08:00:00,4.9854687e-05,0.00012527898,9.719207e-05,4.0492578e-05,6.952007e-05,8.759614e-05
2017-07-10 09:00:00,0.00021234897,0.000114574745,5.9315087e-05,0.00010251532,0.00010410412,0.0002135319
2017-07-10 10:00:00,0.00011513209,8.8836634e-05,0.000103602724,4.0931627e-05,0.00010831662,6.347784e-05
2017-07-10 11:00:00,8.2732375e-05,5.1545194e-05,3.6350466e-05,0.00015363844,9.560391e-05,9.4902614e-05
2017-07-10 12:00:00,9.4140494e-05,8.6215936e-05,0.00019021676,0.00016134443,0.00018539019,9.7705095e-05
2017-07-10 13:00:00,5.8442944e-05,0.00015206647,0.00012101803,0.00016101754,9.58925e-05,7.488635e-05
2017-07-10 14:00:00,0.0001779515,9.55303e-05,8.748094e-05,9.846006e-05,7.667516e-05,5.146599e-05
2017-07-10 15:00:00,0.00011089772,3.5217436e-05,0.000108151464,0.00012000265,7.203047e-05,0.00011942006
2017-07-10 16:00:00,4.720948e-05,4.2242118e-05,4.7524623e-05,2.6217665e-05,6.776241e-05,0.000116889896
2017-07-10 17:00:00,0.00012794088,5.4028682e-05,7.532749e-05,0.00016836962,0.00014154197,0.00018076583
2017-07-10 18:00:00,5.91217e-05,3.8369642e-05,4.4757875e-05,0.00011895628,0.00014201268,6.341181e-05
2017-07-10 19:00:00,5.0824423e-05,4.3052132e-05,0.00012618837,0.00017496478,6.486253e-05,4.4077256e-05
2017-07-10 20:00:00,0.00012381969,0.00016422359,0.00015049939,7.278734e-05,5.3494532e-05,0.00014986098
2017-07-10 21:00:00,0.00014774973,9.680937e-05,4.669549e-05,3.3223678e-05,6.886068e-05,6.144025e-05
2017-07-10 22:00:00,5.6109657e-05,4.039906e-05,0.00011426132,2.5455272e-05,3.913759e-05,0.00031235238
2017-07-10 23:00:00,9.316265e-05,0.00013821972,4.4986024e-05,4.849666e-05,0.00030545503,3.8944054e-05
2017-07-11 00:00:00,7.9135374e-05,5.9800368e-05,4.098184e-05,0.0002064404,3.8136055e-05,0.00010383307
2017-07-11 01:00:00,0.00014470392,9.518652e-05,0.00027888292,7.642e-05,8.585541e-05,0.00016320447
2017-07-11 02:00:00,3.6823112e-05,0.00034271774,4.1964144e-05,0.00017171755,0.0002053419,0.00026142492
2017-07-11 03:00:00,0.00059816457,3.089973e-05,0.00016603859,0.00030274235,0.00029602868,0.00024063114
2017-07-11 04:00:00,0.0004419131,0.00022030526,9.851499e-05,2.838489e-05,4.2078198e-05,3.902115e-05
2017-07-11 05:00:00,0.00025500316,0.000322525,0.00030824906,0.00028504146,0.00027752566,0.0003057826
2017-07-11 06:00:00,0.00022623794,0.00015799457,0.00019830166,0.00015473923,0.00022097703,0.0002324732
2017-07-11 07:00:00,0.000116281706,4.8679536e-05,6.240105e-05,0.000100891855,0.000131296,3.4477536e-05
2017-07-11 08:00:00,6.014119e-05,2.3684164e-05,0.0001262865,0.0001001423,4.1269413e-05,4.9623377e-05
2017-07-11 09:00:00,3.4244582e-05,0.0001792394,7.2424096e-05,3.131931e-05,7.287544e-05,3.120983e-05
2017-07-11 10:00:00,0.00016442571,9.181415e-05,4.2142463e-05,6.4774984e-05,3.5413264e-05,3.8310143e-05
2017-07-11 11:00:00,5.6185363e-05,0.00012650942,9.620539e-05,0.000102538186,8.7592e-05,0.000104504885
2017-07-11 12:00:00,0.0001912751,6.387323e-05,0.00012423113,6.8236375e-05,6.687145e-05,4.5614193e-05
2017-07-11 13:00:00,7.45029e-05,3.093457e-05,3.0319337e-05,3.3701857e-05,6.819857e-05,8.3780506e-05
2017-07-11 14:00:00,9.819187e-05,4.884439e-05,6.7472116e-05,3.3286942e-05,6.296605e-05,3.6551817e-05
2017-07-11 15:00:00,4.4138516e-05,4.4508914e-05,7.3123876e-05,0.00012783209,6.4000924e-05,4.743927e-05
2017-07-11 16:00:00,5.1226183e-05,9.636269e-05,8.865628e-05,7.958247e-05,3.210675e-05,0.00011415837
2017-07-11 17:00:00,0.00010079948,8.712633e-05,5.1264666e-05,4.3868233e-05,0.00013995719,8.3091465e-05
2017-07-11 18:00:00,3.7981674e-05,3.5263107e-05,0.00012723201,0.00017784908,0.00014678364,0.00024509762
2017-07-11 19:00:00,9.071812e-05,0.00016157766,0.00022382414,0.00022004274,0.00032102183,0.00021872025
2017-07-11 20:00:00,0.00015696253,0.00019853227,0.0002756409,0.00022284749,0.0002191684,0.00015170798
2017-07-11 21:00:00,0.00022910035,0.000106500825,0.00025292486,0.00016119811,7.836598e-05,4.0517247e-05
2017-07-11 22:00:00,4.705094e-05,0.00010069536,7.532777e-05,3.6066347e-05,7.60324e-05,7.3884206e-05
2017-07-11 23:00:00,0.00016699985,6.9078225e-05,3.796297e-05,5.890239e-05,8.109508e-05,3.449961e-05
2017-07-12 00:00:00,6.569434e-05,0.00014643715,0.00020568684,0.00020828065,9.812162e-05,5.5700577e-05
2017-07-12 01:00:00,9.165755e-05,0.00013907006,0.00014582234,4.1279898e-05,3.4562865e-05,0.00032627862
2017-07-12 02:00:00,0.000118425574,8.7619235e-05,4.4665197e-05,5.4133092e-05,0.00025331907,0.0005897523
2017-07-12 03:00:00,3.5240344e-05,8.623492e-05,0.00015688711,0.00022854113,0.00035502936,0.0003764292
2017-07-12 04:00:00,0.00017933687,0.00014499512,0.000194674,0.00034297834,0.00042442261,0.00030539173
2017-07-12 05:00:00,9.170334e-05,0.000292833,0.0004734721,0.0006385026,0.0003341186,0.00065720786
2017-07-12 06:00:00,0.0005582796,0.00051282014,0.0008246075,0.00055947923,0.00066423527,0.00042489634
2017-07-12 07:00:00,0.00038049772,0.0002871319,0.00013893038,0.00034147687,0.00016013852,0.00017131632
2017-07-12 08:00:00,7.1242976e-05,9.967747e-05,6.621194e-05,0.00010170952,7.368809e-05,0.00018911604
2017-07-12 09:00:00,0.00024406669,4.3674238e-05,0.00014459324,9.186717e-05,9.762239e-05,0.0001549302
2017-07-12 10:00:00,0.000289387,5.5301916e-05,6.327271e-05,4.587929e-05,6.7609144e-05,0.000114025344
2017-07-12 11:00:00,0.0001868649,0.00014459617,0.00023377489,0.00034212397,0.00022140158,0.00029107725
2017-07-12 12:00:00,4.6760557e-05,0.00010525598,0.00016427744,0.00010342226,0.00017000044,0.00017332609
2017-07-12 13:00:00,0.00014371141,0.00014917609,0.00020731281,0.00018444985,0.0001448405,0.00029291146
2017-07-12 14:00:00,8.154726e-05,9.325695e-05,0.00012307108,0.00010702137,0.00017240278,0.00020394388
2017-07-12 15:00:00,6.344788e-05,5.136807e-05,6.713732e-05,0.00021206014,0.00017764095,0.0002024154
2017-07-12 16:00:00,4.0533276e-05,5.1770206e-05,0.00016140589,0.00010678063,0.00018144165,6.231557e-05
2017-07-12 17:00:00,5.175016e-05,0.00016949871,0.00013651466,0.00013313258,6.3862986e-05,3.418488e-05
2017-07-12 18:00:00,0.00018975388,0.00013910374,0.00018130742,6.0125458e-05,3.8406808e-05,0.00012001607
2017-07-12 19:00:00,4.2101867e-05,3.9902254e-05,0.00010405323,0.00015768061,0.00031822597,0.00019132005
2017-07-12 20:00:00,5.2853564e-05,8.3126775e-05,0.0001501147,0.00023876921,0.0001637454,0.00015743186
2017-07-12 21:00:00,0.00018034139,0.00020955368,0.0003205854,0.00017177167,0.00022450899,0.00018603734
2017-07-12 22:00:00,7.700935e-05,0.00022134617,0.00012715529,0.00010477172,0.00010061617,0.00014158514
2017-07-12 23:00:00,0.00020599052,5.570946e-05,7.130993e-05,6.844478e-05,4.7564827e-05,3.1206047e-05
2017-07-13 00:00:00,0.00015232385,9.065464e-05,0.0001312924,8.184464e-05,0.00013374246,0.0001885063
2017-07-13 01:00:00,3.8683265e-05,4.382599e-05,4.2682386e-05,5.6857425e-05,0.00018147548,0.0001333873
2017-07-13 02:00:00,4.541764e-05,3.9887946e-05,5.932393e-05,0.00022564312,0.00010052838,0.0003124381
2017-07-13 03:00:00,5.0072867e-05,7.2818424e-05,0.00023462567,0.00016117691,0.0003153728,0.0002471754
2017-07-13 04:00:00,0.00013653454,0.00020068613,0.00014436258,0.00038840694,0.0003648021,0.00047933214
2017-07-13 05:00:00,0.0002000783,0.00013523996,0.00035625795,0.00031144448,0.00052992854,0.0005063479
2017-07-13 06:00:00,7.651051e-05,0.0001872697,0.00024125242,0.00034823592,0.0005538369,0.0005531499
2017-07-13 07:00:00,0.00029304405,0.00024297426,0.00041853703,0.0007702086,0.0007569143,0.00076735724
2017-07-13 08:00:00,5.4443793e-05,0.00037407104,0.00047758743,0.0005177443,0.00050559867,0.00054342806
2017-07-13 09:00:00,0.0005153042,0.00033142453,0.00047798338,0.0005515657,0.00051501894,0.00064440665
2017-07-13 10:00:00,0.000116904004,0.00021379408,0.00030778028,0.00027826734,0.00040274404,0.00037625138
2017-07-13 11:00:00,0.00023037098,0.00027159572,0.00023191636,0.00043517316,0.00032059895,0.0003810742
2017-07-13 12:00:00,0.00016260832,0.00012630937,0.00027675307,0.0004062248,0.0002424872,0.00025682393
2017-07-13 13:00:00,6.4961074e-05,0.0001818049,0.0002646249,0.00022538358,0.00015751705,0.0001665933
2017-07-13 14:00:00,0.00026495202,0.00022411422,0.00027407065,0.00016697976,0.00023885493,0.00019275042
2017-07-13 15:00:00,8.9432295e-05,5.0710874e-05,3.1017586e-05,5.3715754e-05,4.272975e-05,5.039455e-05
2017-07-13 16:00:00,4.2858486e-05,6.437136e-05,3.7990154e-05,4.6510424e-05,3.3859706e-05,5.2662286e-05
2017-07-13 17:00:00,7.298165e-05,3.0248855e-05,4.346009e-05,2.4933277e-05,3.982417e-05,0.0001012378
2017-07-13 18:00:00,9.2936854e-05,4.1929285e-05,5.1673185e-05,2.6480027e-05,5.269916e-05,9.126947e-05
2017-07-13 19:00:00,5.008999e-05,3.1473315e-05,4.4733493e-05,9.669037e-05,0.000108518245,0.00011027416
2017-07-13 20:00:00,5.049069e-05,3.6955065e-05,0.000116149226,0.0001747392,0.00010627349,0.00010383131
2017-07-13 21:00:00,4.3277465e-05,8.518134e-05,0.00015669031,0.00016528837,0.00015687523,9.853553e-05
2017-07-13 22:00:00,0.00011658815,0.00013009117,8.7905486e-05,8.7649525e-05,8.901909e-05,0.0002049257
2017-07-13 23:00:00,7.963396e-05,5.8730326e-05,3.416027e-05,3.3647586e-05,0.00011744548,2.5461932e-05
2017-07-14 00:00:00,7.6223514e-05,4.8795802e-05,4.8777274e-05,9.822711e-05,3.7470363e-05,8.302378e-05
2017-07-14 01:00:00,4.386645e-05,3.8807266e-05,9.000732e-05,2.6307753e-05,5.9225815e-05,9.7175114e-05
2017-07-14 02:00:00,5.610026e-05,9.1983304e-05,4.2198066e-05,6.809511e-05,0.000100727564,3.320334e-05
2017-07-14 03:00:00,0.00014943467,3.4425462e-05,8.219832e-05,9.707996e-05,3.314792e-05,6.687641e-05
2017-07-14 04:00:00,0.00019031076,0.00017999428,0.00023375664,7.879864e-05,5.2200547e-05,3.611272e-05
2017-07-14 05:00:00,0.00011673609,0.0001076075,4.0442552e-05,6.1332335e-05,0.0001128831,0.00016373479
2017-07-14 06:00:00,6.0170925e-05,9.2541246e-05,0.00012197628,0.00018666773,0.00024626212,0.00024476336
2017-07-14 07:00:00,0.00015301396,0.0001591333,0.00021205151,0.00028108474,0.0003344306,0.00030244124
2017-07-14 08:00:00,8.793399e-05,0.000120967954,0.00016322864,0.00021622753,0.00020606871,0.00024024253
2017-07-14 09:00:00,7.523038e-05,0.00014639909,0.0001606157,0.000227714,0.00016323615,4.64915e-05
2017-07-14 10:00:00,0.00011378502,0.00019456653,0.00017737999,0.00019869549,3.200768e-05,6.713805e-05
2017-07-14 11:00:00,6.739593e-05,0.00011944258,0.000110846595,8.95243e-05,4.1031715e-05,3.1233376e-05
2017-07-14 12:00:00,0.00014095359,4.7415957e-05,0.00015692951,0.00010425553,7.149998e-05,7.1639195e-05
2017-07-14 13:00:00,9.716668e-05,0.00025306115,0.00020919825,0.00014021779,0.00014548791,5.6423494e-05
2017-07-14 14:00:00,0.00031385574,0.00012601151,0.00012557053,9.089798e-05,4.616041e-05,5.0374376e-05
2017-07-14 15:00:00,0.00011250349,8.5719e-05,7.310545e-05,0.00022638826,0.000118283664,0.00011564063
2017-07-14 16:00:00,3.801324e-05,3.9273255e-05,0.00013228154,7.850677e-05,7.887218e-05,3.141297e-05
2017-07-14 17:00:00,6.2636995e-05,9.731609e-05,5.1755414e-05,5.5469874e-05,3.552048e-05,5.1570623e-05
2017-07-14 18:00:00,0.00017782974,9.331915e-05,6.748796e-05,3.5173773e-05,5.341543e-05,5.4460073e-05
2017-07-14 19:00:00,9.959859e-05,7.861216e-05,0.00012062801,7.512019e-05,0.00014474143,0.00014914485
2017-07-14 20:00:00,4.8619815e-05,9.74251e-05,5.336032e-05,0.00013461837,8.94963e-05,8.5520755e-05
2017-07-16 21:00:00,0.00011963893,4.514798e-05,0.00016283571,5.8515954e-05,6.281717e-05,3.7175247e-05
2017-07-16 22:00:00,7.279391e-05,7.079304e-05,5.806806e-05,4.4075525e-05,3.098256e-05,7.451106e-05
2017-07-16 23:00:00,0.00020297339,9.975656e-05,7.464146e-05,4.7024434e-05,0.000113587215,3.4033244e-05
2017-07-17 00:00:00,8.3327795e-05,7.059962e-05,7.046098e-05,3.0086532e-05,0.00011842952,0.00010815687
2017-07-17 01:00:00,3.603108e-05,4.7323618e-05,7.298833e-05,7.981791e-05,0.00013653355,9.405035e-05
2017-07-17 02:00:00,4.588885e-05,0.000102221406,9.658983e-05,0.00013972662,0.00014415167,0.0002291959
2017-07-17 03:00:00,0.00015318558,9.8649274e-05,0.00020286888,0.00013547615,0.00017707942,0.00018308316
2017-07-17 04:00:00,0.00018718591,8.907316e-05,0.00014872322,0.00038120008,0.00025873363,0.00031913837
2017-07-17 05:00:00,0.00035028125,5.675457e-05,0.0002171805,0.00012358419,0.0001453428,6.9727364e-05
2017-07-17 06:00:00,0.00043183894,0.0005088089,0.00028945314,0.00040367304,0.000277663,0.00027361995
2017-07-17 07:00:00,0.00023379768,9.078413e-05,0.000111266054,6.136924e-05,6.457159e-05,9.555964e-05
2017-07-17 08:00:00,0.00016463506,8.132411e-05,0.000121797195,0.00010062372,4.076766e-05,0.00013653921
2017-07-17 09:00:00,5.2171774e-05,5.3730204e-05,4.0903975e-05,4.7636688e-05,5.2489224e-05,6.128466e-05
2017-07-17 10:00:00,0.000107660904,6.707694e-05,4.2705553e-05,0.00010147326,8.106631e-05,0.00028494443
2017-07-17 11:00:00,3.963839e-05,6.243991e-05,6.46848e-05,2.6223237e-05,0.00018601741,0.00011823225
2017-07-17 12:00:00,0.00011127293,6.212068e-05,7.875348e-05,0.00024859482,0.00016428348,0.00012342875
2017-07-17 13:00:00,0.00016606491,0.00013950582,0.00025543672,0.0002145263,0.000119634366,0.00017229757
2017-07-17 14:00:00,5.1027164e-05,0.00017168971,0.0001244443,6.21867e-05,5.39094e-05,3.474787e-05
2017-07-17 15:00:00,0.00022983491,7.9822334e-05,8.649727e-05,3.407646e-05,3.136436e-05,2.7945582e-05
2017-07-17 16:00:00,7.363849e-05,8.4294494e-05,0.00012365612,0.00018803183,0.00014883913,0.00010531839
2017-07-17 17:00:00,6.608356e-05,6.814907e-05,9.188e-05,0.00010074583,0.00011396838,0.00010576408
2017-07-17 18:00:00,5.8061913e-05,6.473212e-05,6.816853e-05,6.3345535e-05,9.034728e-05,9.3245115e-05
2017-07-17 19:00:00,4.797209e-05,4.383954e-05,5.650825e-05,8.965001e-05,7.440457e-05,7.385366e-05
2017-07-17 20:00:00,4.367187e-05,4.2987307e-05,4.1098847e-05,6.7059496e-05,4.8300284e-05,4.38579e-05
2017-07-17 21:00:00,4.1138574e-05,3.999413e-05,5.5072196e-05,6.0538838e-05,6.325119e-05,9.373011e-05
2017-07-17 22:00:00,5.9029004e-05,7.222621e-05,4.7106056e-05,4.1973915e-05,0.000121861995,0.00015517314
2017-07-17 23:00:00,4.4844946e-05,4.038635e-05,3.8264818e-05,0.00012620637,0.00017395781,5.347167e-05
2017-07-18 00:00:00,4.5700886e-05,4.614685e-05,8.408784e-05,0.0001552913,5.317297e-05,4.3343003e-05
2017-07-18 01:00:00,4.536139e-05,8.568043e-05,0.00011860556,4.2962474e-05,5.427511e-05,3.1214768e-05
2017-07-18 02:00:00,0.00013666859,0.00019001932,6.6838096e-05,5.9971713e-05,3.3177523e-05,3.0091147e-05
2017-07-18 03:00:00,0.00011264122,4.772794e-05,4.3685053e-05,9.0575006e-05,9.578962e-05,8.995841e-05
2017-07-18 04:00:00,0.00013858208,0.00014339865,0.00024785916,0.00015342413,0.00015856436,0.00010728956
2017-07-18 05:00:00,5.2691477e-05,0.000106775144,7.805803e-05,7.005796e-05,3.669563e-05,0.00014394373
2017-07-18 06:00:00,0.0001311834,8.9725036e-05,0.00010066483,5.6251985e-05,0.00015564957,0.00019773138
2017-07-18 07:00:00,4.799732e-05,4.69046e-05,3.6762485e-05,6.400754e-05,0.00010676324,0.0002789936
2017-07-18 08:00:00,4.8522677e-05,3.7174632e-05,0.00011547841,0.00020708989,0.0003460093,0.00035685542
2017-07-18 09:00:00,5.5564688e-05,0.0001196383,0.00018475477,0.00030203268,0.0003997103,0.000509815
2017-07-18 10:00:00,0.0001926616,0.00020647196,0.0003135299,0.0007246353,0.0004969281,0.000996752
2017-07-18 11:00:00,0.00016830886,0.00031423636,0.0003623297,0.0006335575,0.00091131096,0.00093767757
2017-07-18 12:00:00,0.00027600047,0.00027199995,0.00045289804,0.0010043985,0.0008430981,0.0005860471
2017-07-18 13:00:00,0.00025981592,0.00031899568,0.00069069973,0.0011917641,0.00053404644,0.0005483524
2017-07-18 14:00:00,0.0001873792,0.00057900575,0.00078948465,0.00046484094,0.0004144049,0.0003646491
2017-07-18 15:00:00,0.0007244363,0.00063409825,0.0003144437,0.00039212013,0.00027254818,0.00036917406
2017-07-18 16:00:00,0.00017283119,3.8281538e-05,3.3304103e-05,7.823615e-05,4.512915e-05,8.624133e-05
2017-07-18 17:00:00,0.00034886127,0.0001864516,0.00018264035,9.278867e-05,4.2110107e-05,3.860951e-05
2017-07-18 18:00:00,8.112296e-05,3.1743763e-05,8.203033e-05,0.00022413464,0.0001451233,9.6597185e-05
2017-07-18 19:00:00,5.2326293e-05,3.6302e-05,9.9014396e-05,0.00015080332,4.1917294e-05,0.00014592227
2017-07-18 20:00:00,0.00014978302,0.00014341829,0.00014735392,0.00011593303,0.00018774718,0.00018698549
2017-07-18 21:00:00,0.00016423277,0.0001099123,4.5986606e-05,0.0002087038,0.00013308413,0.00016170555
2017-07-18 22:00:00,8.563561e-05,4.7880167e-05,0.00011080402,0.000109237306,0.0001330146,5.756373e-05
2017-07-18 23:00:00,0.00013876746,6.557933e-05,6.652761e-05,0.00010846837,6.7009154e-05,0.00014197043
2017-07-19 00:00:00,0.00020609434,0.00012261525,0.00021831738,3.0325173e-05,0.00012159678,0.00020153189
2017-07-19 01:00:00,5.726694e-05,5.0536237e-05,0.00013779027,0.00042534556,0.0004122329,0.0003225576
2017-07-19 02:00:00,0.00012712071,0.00011360396,0.00031967365,0.00042114366,0.00036691866,0.00030095025
2017-07-19 03:00:00,0.0002813411,0.00047744662,0.00054640515,0.00033166792,0.00035758116,0.00040539497
2017-07-19 04:00:00,0.00027459895,0.00030832094,0.00018970206,0.00025022286,0.00030300702,0.00018199379
2017-07-19 05:00:00,0.00022151513,7.116596e-05,0.0001014989,6.756835e-05,8.699437e-05,0.000112459325
2017-07-19 06:00:00,0.00020622119,8.814064e-05,9.873623e-05,9.701364e-05,0.00021612353,0.00043874254
2017-07-19 07:00:00,5.1457926e-05,5.6313384e-05,6.269761e-05,0.00012755672,0.00060083397,0.0005559857
2017-07-19 08:00:00,4.177458e-05,3.7392078e-05,0.00017371846,0.0005262992,0.00045991255,0.0005220473
2017-07-19 09:00:00,6.0608967e-05,0.00015933625,0.000544247,0.00043388395,0.00053846324,0.0003471387
2017-07-19 10:00:00,0.00034097506,0.00060481817,0.0005602324,0.0007819827,0.0003402494,0.0005039664
2017-07-19 11:00:00,0.0012524937,0.0008440993,0.00062559504,0.0006837266,0.00058567594,0.0006779581
2017-07-19 12:00:00,0.0001335987,9.4635e-05,8.825974e-05,8.771828e-05,2.9439714e-05,6.37132e-05
2017-07-19 13:00:00,0.0001641805,5.2605195e-05,4.1505184e-05,0.00011244593,2.706474e-05,6.716147e-05
2017-07-19 14:00:00,0.00025333578,0.0001307855,0.00010598899,0.00012957599,3.4421722e-05,3.708707e-05
2017-07-19 15:00:00,5.015971e-05,8.195428e-05,3.0100417e-05,0.00021277592,0.00011954828,6.323566e-05
2017-07-19 16:00:00,7.3673145e-05,3.7820657e-05,0.00011257896,0.00013505803,7.3072486e-05,4.01371e-05
2017-07-19 17:00:00,0.00012900495,6.576848e-05,4.9564038e-05,2.7325743e-05,5.1157043e-05,0.00017702696
2017-07-19 18:00:00,0.00017047765,0.00012583751,6.4632666e-05,4.0464136e-05,8.745983e-05,0.0002206419
2017-07-19 19:00:00,4.4649732e-05,7.5029275e-05,0.00011315031,0.00036702224,0.0003064636,0.0002938176
2017-07-19 20:00:00,7.827194e-05,0.000113084854,0.0002522071,0.00022931505,0.00041151597,0.00027758925
2017-07-19 21:00:00,8.8643734e-05,0.00020583677,0.00028008863,0.00035790176,0.00024037088,0.00027524505
2017-07-19 22:00:00,0.0003629565,0.0002562496,0.0003060723,0.00024332154,0.00020523627,0.00031746534
2017-07-19 23:00:00,0.00012077123,8.698965e-05,8.295496e-05,0.00010997937,0.000244387,0.0002179571
2017-07-20 00:00:00,8.374193e-05,4.256922e-05,6.1757615e-05,0.00022387276,0.00012802954,0.00014786232
2017-07-20 01:00:00,7.064397e-05,3.5946763e-05,0.00015638153,0.00014513244,0.00018683722,0.0003304145
2017-07-20 02:00:00,6.3827814e-05,0.00011927011,0.00020182249,0.00013475037,0.00036834663,0.00029706612
2017-07-20 03:00:00,0.00021321618,0.00015389801,0.00025926917,0.0006349201,0.00047943834,0.0004693401
2017-07-20 04:00:00,3.6614012e-05,0.0003546936,0.0006354909,0.0006877554,0.0010151338,0.00043868832
2017-07-20 05:00:00,0.0005737774,0.0005379488,0.00081476127,0.0010373336,0.0004290082,0.0003772421
2017-07-20 06:00:00,0.00046168422,0.00028122042,0.0004650913,0.00012653621,8.701968e-05,0.00024082106
2017-07-20 07:00:00,0.00019324962,0.00022654748,6.3950014e-05,0.00018859518,8.8368564e-05,3.5818975e-05
2017-07-20 08:00:00,0.00020383712,0.00021402698,0.0003543143,5.8173282e-05,0.00010598893,0.00015241129
2017-07-20 09:00:00,0.0005523038,0.00031124748,0.0001608354,0.00028382748,7.9421225e-05,5.4389475e-05
2017-07-20 10:00:00,0.0001227979,0.00015478762,8.026417e-05,0.00040084973,0.00030126658,0.00014160387
2017-07-20 11:00:00,0.00049652957,0.0002099668,0.0004960432,0.0003455256,0.00026854352,0.00017279177
2017-07-20 12:00:00,0.00010351252,0.00017239718,0.000121492856,3.163262e-05,5.937965e-05,9.852906e-05
2017-07-20 13:00:00,0.00030685082,0.00020467363,9.9402256e-05,3.13511e-05,3.802713e-05,6.793922e-05
2017-07-20 14:00:00,0.00014372925,0.0001821558,0.00028902886,0.00042463376,0.00020885098,0.00024146376
2017-07-20 15:00:00,0.00017015934,0.00023968193,0.00030808363,9.6141404e-05,9.3252114e-05,6.399109e-05
2017-07-20 16:00:00,0.00014139498,0.00014709304,4.011657e-05,3.4249028e-05,5.2953666e-05,8.7476474e-05
2017-07-20 17:00:00,5.9908038e-05,9.366241e-05,7.95607e-05,0.00015116137,3.6414676e-05,5.62459e-05
2017-07-20 18:00:00,0.00019170342,0.00010569045,0.0001677981,4.9219856e-05,7.5825585e-05,4.9371694e-05
2017-07-20 19:00:00,4.861842e-05,4.9566188e-05,8.176946e-05,7.1137954e-05,6.117948e-05,0.00011146218
2017-07-20 20:00:00,6.214231e-05,7.4146345e-05,5.251948e-05,3.8785067e-05,9.5788564e-05,0.00016694832
2017-07-20 21:00:00,0.00018702287,0.000103725826,9.956458e-05,0.00014057539,0.00024331719,6.0728995e-05
2017-07-20 22:00:00,6.587179e-05,6.894177e-05,6.501654e-05,7.5018856e-05,7.349902e-05,5.5807024e-05
2017-07-20 23:00:00,4.22812e-05,0.0001024525,0.000148698,4.1386455e-05,8.821614e-05,0.00017130778
2017-07-21 00:00:00,0.0001720272,0.00013192081,4.280669e-05,0.00013908201,0.00019553922,0.00014705335
2017-07-21 01:00:00,5.170869e-05,0.00012234258,4.791748e-05,0.0001294831,0.00010230967,3.880129e-05
2017-07-21 02:00:00,0.00021874122,2.9454479e-05,8.924726e-05,5.6872075e-05,6.563073e-05,6.245329e-05
2017-07-21 03:00:00,0.00017499547,0.00019116775,0.00022868338,0.00011207621,0.00017153475,0.00015974109
2017-07-21 04:00:00,0.00013829206,0.000122061574,3.4745713e-05,5.857853e-05,5.9063703e-05,6.833121e-05
2017-07-21 05:00:00,5.294125e-05,0.00012204361,3.0255836e-05,3.4930887e-05,4.144892e-05,0.0003691879
2017-07-21 06:00:00,0.00023297912,3.578402e-05,4.7566482e-05,2.3914654e-05,0.0007149604,0.00038921201
2017-07-21 07:00:00,0.0001542003,8.789927e-05,0.00014336684,0.0005786615,0.00071130623,0.0005034261
2017-07-21 08:00:00,4.401414e-05,5.6784527e-05,0.00072607695,0.00060517545,0.00031680326,0.00046123157
2017-07-21 09:00:00,9.5878655e-05,0.000860099,0.0007995298,0.0004508476,0.00043124627,0.0004900805
2017-07-21 10:00:00,0.0005601269,0.0006997107,0.00048833224,0.00043315347,0.0003730734,0.00042240426
2017-07-21 11:00:00,6.660617e-05,0.00029121057,0.00012279827,6.712971e-05,8.540388e-05,5.954292e-05
2017-07-21 12:00:00,0.000326769,0.00010005377,4.057455e-05,0.00014709485,0.00010632773,0.00015800472
2017-07-21 13:00:00,0.00018944957,0.00023421452,0.0003205776,0.0003814809,0.00038102624,0.00030502366
2017-07-21 14:00:00,0.00021291683,0.0002774039,0.00029095772,0.00024990382,0.00017122869,0.00020644302
2017-07-21 15:00:00,0.00017542306,0.000100846766,0.0001472373,0.0001559077,0.00010341888,0.00016203852
2017-07-21 16:00:00,3.5324123e-05,5.728036e-05,4.1635252e-05,3.4002773e-05,4.0289902e-05,7.676768e-05
2017-07-21 17:00:00,0.000106230196,2.9602706e-05,4.6584722e-05,6.122964e-05,7.7513236e-05,5.0947307e-05
2017-07-21 18:00:00,7.350524e-05,5.0493905e-05,2.8692646e-05,6.602479e-05,8.29122e-05,9.87247e-05
2017-07-21 19:00:00,3.9605384e-05,5.7312274e-05,7.800708e-05,5.006107e-05,8.345967e-05,0.000101091704
2017-07-21 20:00:00,5.266927e-05,5.6635265e-05,4.6863763e-05,7.497736e-05,8.3283405e-05,8.407838e-05
2017-07-23 21:00:00,0.000121745084,0.00010275343,0.0001414361,0.00014176352,0.00010065378,9.6825126e-05
2017-07-23 22:00:00,0.00026981294,0.00017030654,0.00021332118,0.0002148413,0.00015123277,0.00019468674
2017-07-23 23:00:00,9.823479e-05,7.973724e-05,4.7611225e-05,6.991194e-05,6.444923e-05,0.00015646726
2017-07-24 00:00:00,4.1525647e-05,3.954575e-05,4.140605e-05,2.5303356e-05,0.00012699439,0.00027024513
2017-07-24 01:00:00,4.5812438e-05,3.7119444e-05,3.713794e-05,0.0001151991,0.00029684565,0.00022237956
2017-07-24 02:00:00,5.912152e-05,4.9807397e-05,0.00010612583,0.00031595127,0.00017599022,6.743043e-05
2017-07-24 03:00:00,3.4762066e-05,0.00015034288,0.00027775348,0.00023399365,5.7388745e-05,4.40411e-05
2017-07-24 04:00:00,0.00017469606,0.00029832174,0.00015418595,5.167521e-05,3.7176713e-05,4.6974263e-05
2017-07-24 05:00:00,0.00022907004,8.34062e-05,8.845332e-05,9.97764e-05,7.0553484e-05,0.00017629677
2017-07-24 06:00:00,0.00015734599,0.00031767413,0.0003150752,0.00032941,0.00041011928,0.00038166982
2017-07-24 07:00:00,0.00024394966,0.00014015866,0.00021883928,0.00028326604,0.00021493509,0.00029187853
2017-07-24 08:00:00,4.30801e-05,8.488699e-05,0.00013314969,0.00010650295,0.00010597246,0.00014811543
2017-07-24 09:00:00,0.000109387634,0.00014614646,0.00014543747,0.00014114764,0.00011137499,0.000173195
2017-07-24 10:00:00,0.000109222456,7.8184275e-05,0.00013056053,9.82073e-05,7.733799e-05,0.00014798183
2017-07-24 11:00:00,4.3734766e-05,4.9757706e-05,4.460542e-05,5.9174326e-05,9.991642e-05,0.00019298347
2017-07-24 12:00:00,7.1959206e-05,5.1985575e-05,7.8057514e-05,0.00015810691,0.0002016852,0.00015628968
2017-07-24 13:00:00,5.844839e-05,3.5154488e-05,0.00010441662,0.00013307134,0.00014478467,7.244443e-05
2017-07-24 14:00:00,8.600819e-05,0.00014991919,0.00015520322,0.00022973491,8.81106e-05,0.00015028406
2017-07-24 15:00:00,0.0001259618,0.000122025966,0.00012092855,7.9064936e-05,6.23153e-05,3.9393275e-05
2017-07-24 16:00:00,7.699968e-05,6.502761e-05,3.0233172e-05,1.8583652e-05,4.9568494e-05,7.6005206e-05
2017-07-24 17:00:00,8.581891e-05,3.197612e-05,4.710742e-05,8.3653686e-05,0.00010092984,6.6489265e-05
2017-07-24 18:00:00,9.490619e-05,6.5731e-05,6.423172e-05,0.000102958504,3.8937607e-05,0.0005894963
2017-07-24 19:00:00,4.6220943e-05,4.7688816e-05,8.117736e-05,8.693236e-05,0.0005292543,0.0005663439
2017-07-24 20:00:00,5.481604e-05,7.806825e-05,0.0001304282,0.00074924686,0.00038574036,0.0004746687
2017-07-24 21:00:00,8.330331e-05,0.00010751541,0.0007393584,0.0007504312,0.00072665233,0.00049271336
2017-07-24 22:00:00,0.00029128706,0.0009376806,0.0008525642,0.00071703497,0.000626492,0.00051635114
2017-07-24 23:00:00,0.0010121585,0.0005401207,0.00067774876,0.0007277833,0.00037332342,0.00046198117
2017-07-25 00:00:00,3.530153e-05,3.9716004e-05,3.8164377e-05,9.47345e-05,6.446744e-05,3.773492e-05
2017-07-25 01:00:00,5.2552845e-05,4.325667e-05,8.65303e-05,4.395815e-05,3.1891224e-05,9.075052e-05
2017-07-25 02:00:00,3.6983998e-05,8.104514e-05,3.6674595e-05,3.407375e-05,4.8065096e-05,0.00026931436
2017-07-25 03:00:00,0.000102368605,3.9586474e-05,3.683811e-05,3.6508605e-05,0.0002744949,0.0003256541
2017-07-25 04:00:00,0.00013420406,9.778901e-05,6.72115e-05,0.00041863474,0.00056670874,0.00030169266
2017-07-25 05:00:00,7.104115e-05,4.2283395e-05,0.0003727364,0.00040045552,0.00026403947,0.00036665655
2017-07-25 06:00:00,6.591195e-05,0.0003741878,0.0003695218,0.0002590574,0.0003692516,0.0006360758
2017-07-25 07:00:00,0.00076198764,0.00041410926,0.00046226647,0.0005110109,0.0007090844,0.0006125106
2017-07-25 08:00:00,0.0001389521,5.818859e-05,8.428752e-05,0.00048315283,0.00031988474,0.00032730872
2017-07-25 09:00:00,0.00014122596,4.797227e-05,0.000316258,0.0004763565,0.00025587055,6.850305e-05
2017-07-25 10:00:00,0.00015411097,0.00040147718,0.0004742759,0.00034189562,0.00018518677,0.00018032515
2017-07-25 11:00:00,0.0005951912,0.00031907653,0.00029118668,8.062326e-05,7.692703e-05,6.320553e-05
2017-07-25 12:00:00,4.7548387e-05,5.4352287e-05,0.0002791887,0.0002664939,0.00023833127,0.0002590805
2017-07-25 13:00:00,6.859812e-05,0.0002437635,0.00025600812,0.00021594395,0.0002420115,0.0003396322
2017-07-25 14:00:00,0.00033046215,0.00025919237,0.00023168715,0.00033482313,0.00029006012,0.00027051303
2017-07-25 15:00:00,4.1053245e-05,6.345532e-05,9.698053e-05,0.00016032443,0.00012211237,0.00015734733
2017-07-25 16:00:00,5.8788115e-05,8.8972396e-05,9.881464e-05,0.00016218654,0.00017107763,0.00016801176
2017-07-25 17:00:00,8.464385e-05,0.0001265944,0.000116992094,0.00018852319,0.0001593528,0.00025767012
2017-07-25 18:00:00,8.877866e-05,5.77854e-05,8.9426765e-05,0.00012653205,0.00016375494,0.00020759962
2017-07-25 19:00:00,4.8716644e-05,4.0704283e-05,0.000111360845,0.00011426284,0.00014585986,0.00018606296
2017-07-25 20:00:00,7.259671e-05,8.2354476e-05,8.936121e-05,0.00013120311,0.00013771761,0.00021224607
2017-07-25 21:00:00,6.371106e-05,9.926688e-05,0.0001270391,0.00019230068,0.00015456439,0.0001756773
2017-07-25 22:00:00,7.239701e-05,8.677117e-05,0.00013204692,0.00020298196,0.0001472773,0.00018810191
2017-07-25 23:00:00,5.273019e-05,8.4880325e-05,9.142123e-05,9.517732e-05,0.00015974193,0.00016386263
2017-07-26 00:00:00,6.5471955e-05,5.327523e-05,7.481328e-05,0.00019101637,0.00019073933,0.00027342176
2017-07-26 01:00:00,3.61309e-05,3.8062557e-05,0.00010508113,0.0001641007,0.00019549608,0.0001395695
2017-07-26 02:00:00,5.2352636e-05,0.0001245527,0.00012282543,0.00027022086,0.00013641294,9.173163e-05
2017-07-26 03:00:00,0.00013677437,0.00013686912,0.0003491938,0.0001983371,0.00012995079,0.00012389975
2017-07-26 04:00:00,7.29698e-05,0.00018345127,7.052955e-05,4.8804974e-05,9.204564e-05,5.6629524e-05
2017-07-26 05:00:00,0.00020438232,6.104069e-05,4.372278e-05,7.9132464e-05,2.5758138e-05,5.619306e-05
2017-07-26 06:00:00,0.00017705359,0.00012657864,9.811456e-05,0.00013793074,8.165895e-05,4.6395257e-05
2017-07-26 07:00:00,8.4013715e-05,3.61832e-05,5.9048445e-05,3.1383373e-05,5.4200467e-05,0.00010964186
2017-07-26 08:00:00,9.18352e-05,3.574619e-05,5.2107225e-05,9.202857e-05,0.00017136705,0.00013352292
2017-07-26 09:00:00,8.4465726e-05,3.4032455e-05,4.2989017e-05,0.00014553963,0.00011766495,6.8075795e-05
2017-07-26 10:00:00,6.730722e-05,9.823488e-05,0.000163008,0.00022150966,8.252604e-05,0.00014481146
2017-07-26 11:00:00,5.705803e-05,0.0001221733,9.8378194e-05,6.81092e-05,0.00012936891,0.00011961496
2017-07-26 12:00:00,9.540406e-05,8.6972046e-05,4.9307564e-05,8.1982056e-05,6.9563444e-05,9.373977e-05
2017-07-26 13:00:00,4.1311458e-05,4.8013782e-05,4.0665193e-05,3.5279223e-05,1.7215938e-05,5.1285657e-05
2017-07-26 14:00:00,7.0538816e-05,2.4865943e-05,4.4808065e-05,3.1342755e-05,5.1937506e-05,3.338218e-05
2017-07-26 15:00:00,7.86066e-05,4.8170965e-05,6.666108e-05,7.611519e-05,6.685848e-05,7.599665e-05
2017-07-26 16:00:00,4.565083e-05,3.7077687e-05,4.5855355e-05,2.702397e-05,0.00015416667,0.00015999065
2017-07-26 17:00:00,3.155516e-05,6.831773e-05,3.6050656e-05,0.000121077086,0.000107605505,6.196889e-05
2017-07-26 18:00:00,4.941159e-05,3.6129906e-05,0.00013011733,0.0002284035,6.982606e-05,4.6036297e-05
2017-07-26 19:00:00,5.889447e-05,0.00015413639,0.0001297286,9.4871844e-05,2.9140254e-05,8.0908576e-05
2017-07-26 20:00:00,0.00020309123,0.00021332751,6.8338224e-05,3.889139e-05,6.23325e-05,0.00012846309
2017-07-26 21:00:00,6.16163e-05,7.352088e-05,0.00014784999,6.762518e-05,0.0002639323,0.00013470944
2017-07-26 22:00:00,0.00013387448,0.000181723,8.62948e-05,0.00026602927,0.00024200408,0.00020249085
2017-07-26 23:00:00,0.00012295207,4.5483124e-05,0.00029759365,0.00012491143,9.756592e-05,2.5428422e-05
2017-07-27 00:00:00,0.00016559938,0.0001257278,7.510414e-05,7.7955345e-05,7.111749e-05,0.00018894246
2017-07-27 01:00:00,0.00040374487,0.0001715814,0.00018381476,3.485768e-05,0.00028380446,0.00019433987
2017-07-27 02:00:00,0.00011498902,9.368068e-05,0.00029374688,9.927792e-05,6.690883e-05,4.5199966e-05
2017-07-27 03:00:00,4.6680165e-05,0.00011602132,0.00020177626,0.00011008071,0.0001375995,7.743985e-05
2017-07-27 04:00:00,0.00034194512,0.00010532902,9.747106e-05,0.00018346561,7.415376e-05,0.00025744707
2017-07-27 05:00:00,0.00041784783,0.0002089225,0.00020035496,0.0002486181,0.00052982854,0.00053354166
2017-07-27 06:00:00,0.0001081726,0.00010154273,9.0813766e-05,0.0002647381,0.00064498285,0.00070508523
2017-07-27 07:00:00,4.4843513e-05,4.4853663e-05,0.00020257161,0.00057490985,0.0005874743,0.0013192447
2017-07-27 08:00:00,4.7984533e-05,0.00024015566,0.0007945843,0.0006330977,0.0016519091,0.0014465937
2017-07-27 09:00:00,0.00042862276,0.0008541607,0.0007389684,0.0016880733,0.0012787781,0.0015614383
2017-07-27 10:00:00,0.00173015,0.0012572561,0.002265847,0.0019125063,0.0016869886,0.0018086138
2017-07-27 11:00:00,4.6567184e-05,0.001062399,0.0012175469,0.00088565116,0.00079181354,0.00071567687
2017-07-27 12:00:00,0.0015155867,0.0012134146,0.0013065266,0.0009230569,0.00076218805,0.0008654256
2017-07-27 13:00:00,4.52132e-05,4.820096e-05,9.8233235e-05,0.00020542736,0.00010423058,4.2434454e-05
2017-07-27 14:00:00,2.8307884e-05,0.00012448912,0.00012902013,5.7294405e-05,5.3690066e-05,4.9576407e-05
2017-07-27 15:00:00,0.00012066894,9.361975e-05,8.315918e-05,8.860343e-05,3.310244e-05,7.38812e-05
2017-07-27 16:00:00,0.00012634811,4.0029277e-05,4.859191e-05,3.811674e-05,5.6393175e-05,2.655872e-05
2017-07-27 17:00:00,0.00010093491,8.816352e-05,0.00012260256,3.4645436e-05,5.945936e-05,3.1847212e-05
2017-07-27 18:00:00,8.244493e-05,7.447089e-05,4.0375573e-05,2.5787353e-05,4.2459335e-05,3.3886314e-05
2017-07-27 19:00:00,5.1406525e-05,6.334534e-05,5.6000474e-05,9.513929e-05,4.4693912e-05,8.778055e-05
2017-07-27 20:00:00,0.00012059011,6.9542955e-05,9.319923e-05,7.602202e-05,9.355036e-05,5.645482e-05
2017-07-27 21:00:00,4.0254097e-05,4.270484e-05,4.0425515e-05,4.440095e-05,3.908391e-05,3.6335914e-05
2017-07-27 22:00:00,4.728161e-05,2.9118693e-05,8.100001e-05,3.1375035e-05,3.9646533e-05,0.00011725148
2017-07-27 23:00:00,3.7046717e-05,5.61237e-05,6.700667e-05,6.161047e-05,0.00017072179,0.00042777907
2017-07-28 00:00:00,6.931353e-05,3.4017816e-05,2.549834e-05,0.00019049029,0.00043392793,0.00012152766
2017-07-28 01:00:00,9.1093e-05,5.5081182e-05,0.00019540213,0.0004373647,0.00014784747,0.00042820664
2017-07-28 02:00:00,4.5626493e-05,0.0001699431,0.00051838515,0.00017099692,0.00022402883,0.00017354486
2017-07-28 03:00:00,0.00017778252,0.0005296557,0.00017316903,0.00025499286,0.00023251113,0.00023625598
2017-07-28 04:00:00,0.0005166464,3.3709595e-05,0.00015747757,8.7084576e-05,6.7401976e-05,3.616949e-05
2017-07-28 05:00:00,0.00045359216,0.00021026602,0.0002009681,0.00029957638,0.00025873652,0.00025539254
2017-07-28 06:00:00,0.00023557806,8.5755964e-05,8.949538e-05,5.1463405e-05,4.5034467e-05,7.7634686e-05
2017-07-28 07:00:00,6.880967e-05,6.720245e-05,0.0001261444,0.00015129648,6.5189015e-05,5.583722e-05
2017-07-28 08:00:00,6.6036875e-05,0.000104858824,8.517446e-05,2.6673923e-05,0.00010051187,7.686606e-05
2017-07-28 09:00:00,5.578767e-05,8.3132545e-05,3.8799048e-05,0.00017042267,0.00012858337,0.00029930464
2017-07-28 10:00:00,3.932819e-05,6.1928e-05,0.00019644327,0.00014749043,0.00026657176,0.00041248268
2017-07-28 11:00:00,0.0001599667,0.00022451354,0.00024107362,0.00038616615,0.00043718374,0.0005465293
2017-07-28 12:00:00,0.00016706182,0.00014274579,0.00030713555,0.00037953607,0.00040252018,0.00028819562
2017-07-28 13:00:00,3.834995e-05,0.00018097989,0.0003085444,0.00036758723,0.00014325388,8.1588056e-05
2017-07-28 14:00:00,0.00026756656,0.00028905107,0.00025469853,0.0001708439,8.1152015e-05,0.00012315693
2017-07-28 15:00:00,0.00016942862,0.00016553374,5.2441017e-05,6.716578e-05,3.0453137e-05,8.905424e-05
2017-07-28 16:00:00,6.3292275e-05,0.000137938,0.00021855159,0.00018271807,5.1140007e-05,6.1021034e-05
2017-07-28 17:00:00,0.00019827246,0.00024264512,0.00019504923,0.00010471151,5.281576e-05,8.416983e-05
2017-07-28 18:00:00,0.00016287467,5.085167e-05,9.2944036e-05,0.00017141005,3.4413562e-05,2.7241813e-05
2017-07-28 19:00:00,0.00010473247,0.00017108818,0.00031428362,0.00016815739,0.00010073197,0.00010327204
2017-07-28 20:00:00,0.0002219944,0.00030708176,9.939178e-05,3.995499e-05,4.676926e-05,7.639568e-05
2017-07-30 21:00:00,0.00021774828,4.363375e-05,4.265059e-05,6.299106e-05,4.0472267e-05,4.7558267e-05
2017-07-30 22:00:00,0.00021268957,0.00019853268,0.0001848684,0.00017370764,0.00014931064,0.00013994216
2017-07-30 23:00:00,6.221827e-05,5.8033223e-05,3.1303396e-05,3.1372452e-05,3.6824473e-05,0.0002992413
2017-07-31 00:00:00,3.9173592e-05,5.6963214e-05,5.9677972e-05,3.0090534e-05,0.00031192802,0.00036270136
2017-07-31 01:00:00,7.653251e-05,5.1967156e-05,5.331709e-05,0.00026850842,0.00035988697,0.00017793155
2017-07-31 02:00:00,4.013673e-05,4.2526077e-05,0.00041719736,0.0005031073,0.00023771723,0.00014910629
2017-07-31 03:00:00,3.7418016e-05,0.00044775277,0.00041444504,0.00028052024,0.00017286935,0.00023004547
2017-07-31 04:00:00,0.00069771876,0.00049753836,0.0002560005,0.00022339469,0.00030518728,0.00030962972
2017-07-31 05:00:00,0.00011934522,0.00011765199,0.00016831698,5.8421847e-05,5.4621552e-05,0.00011348333
2017-07-31 06:00:00,0.00030274433,0.00026887914,0.00011891975,7.909571e-05,0.0001839234,2.9711902e-05
2017-07-31 07:00:00,9.629243e-05,7.932496e-05,9.5334726e-05,4.0548475e-05,0.00021470533,0.00010254798
2017-07-31 08:00:00,0.00019806689,0.00021445674,3.5543046e-05,0.00022793823,0.00014103694,0.00016625972
2017-07-31 09:00:00,7.787116e-05,0.00011788987,0.0001324724,7.6513265e-05,0.000103470724,0.000119193595
2017-07-31 10:00:00,0.00023860711,9.258451e-05,4.2095708e-05,6.364671e-05,0.000111116664,5.15726e-05
2017-07-31 11:00:00,0.00039161707,0.00021226167,0.00018360319,0.0002508519,0.00019882167,0.00012318762
2017-07-31 12:00:00,0.00013960915,4.375089e-05,3.867327e-05,5.5871635e-05,5.5219734e-05,5.5013097e-05
2017-07-31 13:00:00,4.6961468e-05,8.040892e-05,4.744292e-05,2.8982648e-05,3.3628618e-05,5.937171e-05
2017-07-31 14:00:00,9.442936e-05,4.7895595e-05,4.2313797e-05,3.4256915e-05,5.0174338e-05,9.682716e-05
2017-07-31 15:00:00,8.3163344e-05,9.509967e-05,0.0001288325,3.4283094e-05,4.259845e-05,2.773542e-05
2017-07-31 16:00:00,7.423057e-05,4.7241116e-05,4.4089673e-05,8.595873e-05,5.1366755e-05,3.9661812e-05
2017-07-31 17:00:00,4.0580522e-05,6.95378e-05,9.0377245e-05,7.641732e-05,7.427688e-05,7.480777e-05
2017-07-31 18:00:00,6.43065e-05,9.878354e-05,7.5082215e-05,6.3982174e-05,8.396535e-05,5.052162e-05
2017-07-31 19:00:00,7.375609e-05,4.107232e-05,3.1594813e-05,3.778427e-05,3.100435e-05,0.00014272609
2017-07-31 20:00:00,4.1681695e-05,4.293404e-05,3.9438786e-05,4.1556767e-05,0.00018746898,0.00030673016
2017-07-31 21:00:00,5.738361e-05,3.3331984e-05,5.1303046e-05,0.00019300517,0.00024310418,0.0002404838
2017-07-31 22:00:00,3.7196995e-05,3.688317e-05,0.00020893112,0.00017105375,0.000319455,0.00026719406
2017-07-31 23:00:00,7.915402e-05,0.00024781996,0.0003108492,0.00042474282,0.00027620772,0.00028928937
2017-08-01 00:00:00,0.00018021993,0.00023425547,0.00037604634,0.00035197288,0.00027328645,0.00010759623
2017-08-01 01:00:00,6.848839e-05,0.0001417284,0.00014604864,8.7034496e-05,5.2594503e-05,3.345198e-05
2017-08-01 02:00:00,0.00013281757,9.460275e-05,9.136422e-05,9.8377095e-05,5.4563658e-05,4.400695e-05
2017-08-01 03:00:00,5.7867688e-05,2.9531233e-05,0.00018801211,0.00012211791,0.00010627828,0.0001352601
2017-08-01 04:00:00,5.0531133e-05,0.00021035396,0.00015061376,0.00013958722,0.00012685642,6.2281506e-05
2017-08-01 05:00:00,0.00022496947,0.0001034563,9.586961e-05,0.00020023788,5.544468e-05,0.0003580854
2017-08-01 06:00:00,8.1513055e-05,6.8116264e-05,3.955266e-05,0.0002709366,0.0005245878,0.0005804222
2017-08-01 07:00:00,5.7596084e-05,4.9656494e-05,0.00021402832,0.0005304688,0.00053973915,9.4678086e-05
2017-08-01 08:00:00,6.770674e-05,0.00018650934,0.0005460913,0.0005031069,7.617679e-05,3.3569926e-05
2017-08-01 09:00:00,0.00041956073,0.00026073284,0.00056462246,0.00014198391,4.691796e-05,5.195421e-05
2017-08-01 10:00:00,0.0005286133,0.0003865765,9.350528e-05,0.00018041265,0.00013257768,8.902522e-05
2017-08-01 11:00:00,0.00014780313,0.00033140896,0.00054862304,0.00042156165,0.00037665176,0.00037447122
2017-08-01 12:00:00,0.0006207517,0.00049409404,0.00058646477,0.0004922125,0.00045040052,0.00064273714
2017-08-01 13:00:00,0.00010935927,0.00012923473,5.3510295e-05,0.000117590156,0.00020625361,0.00014402854
2017-08-01 14:00:00,3.9295253e-05,4.368023e-05,5.308175e-05,8.378882e-05,0.00012650735,9.655944e-05
2017-08-01 15:00:00,9.8188146e-05,6.1901614e-05,0.000103465834,9.876644e-05,9.1693226e-05,0.00012356734
2017-08-01 16:00:00,0.00013947727,0.00015777184,0.00013969002,0.00018669937,0.00014505655,0.00015800902
2017-08-01 17:00:00,6.91264e-05,8.176372e-05,4.367227e-05,8.069209e-05,0.00011256375,0.00011230664
2017-08-01 18:00:00,3.4929635e-05,3.563717e-05,4.110539e-05,5.3923734e-05,7.8867364e-05,4.8217993e-05
2017-08-01 19:00:00,5.416095e-05,3.4550547e-05,4.121116e-05,8.4359395e-05,3.3791042e-05,4.3141088e-05
2017-08-01 20:00:00,4.646156e-05,7.006953e-05,9.340386e-05,4.284075e-05,5.2004692e-05,7.346905e-05
2017-08-01 21:00:00,6.0088838e-05,6.433991e-05,4.3085518e-05,8.7872395e-05,6.051995e-05,8.557645e-05
2017-08-01 22:00:00,4.136371e-05,3.991445e-05,0.000103870385,3.6324775e-05,9.210551e-05,4.1162035e-05
2017-08-01 23:00:00,0.00011125013,0.0001723842,4.173969e-05,4.5609213e-05,3.4209417e-05,6.383907e-05
2017-08-02 00:00:00,0.00015489332,4.185537e-05,9.578729e-05,9.950358e-05,9.6554424e-05,0.00018820942
2017-08-02 01:00:00,0.00018934389,0.00016062334,0.00019830116,0.00027507287,0.00034719234,0.0003967504
2017-08-02 02:00:00,0.00010689762,8.737646e-05,0.000105349325,0.00022422605,0.0002548363,0.00014901187
2017-08-02 03:00:00,5.4737007e-05,3.499665e-05,0.00011256955,0.00026713597,6.903219e-05,3.0762098e-05
2017-08-02 04:00:00,6.0060185e-05,0.00015295882,0.00019135584,0.000116608535,4.328298e-05,4.636572e-05
2017-08-02 05:00:00,0.00016475137,0.00018537727,8.109568e-05,5.1847597e-05,7.705117e-05,5.5098983e-05
2017-08-02 06:00:00,0.0001994124,3.9548646e-05,0.0002011544,0.00020108963,0.0001377446,3.915023e-05
2017-08-02 07:00:00,0.00017487395,0.00029929949,0.00024850108,0.00023953337,9.6127646e-05,8.6382985e-05
2017-08-02 08:00:00,0.00020974006,0.00017448691,0.00017484013,3.298657e-05,5.4891676e-05,3.239064e-05
2017-08-02 09:00:00,4.4032084e-05,3.9959916e-05,0.0001124784,0.00018107121,0.00012839751,0.00015209233
2017-08-02 10:00:00,7.601863e-05,0.00011505121,0.00019787124,0.00018233435,0.00022248602,4.219509e-05
2017-08-02 11:00:00,0.00015619765,0.0001501939,0.00010533073,0.00023087105,5.6356683e-05,0.00075137947
2017-08-02 12:00:00,5.4001157e-05,3.690804e-05,9.302329e-05,0.00016214483,0.0006380339,0.00089922955
2017-08-02 13:00:00,6.80133e-05,5.982412e-05,0.00023951282,0.0007996962,0.0012127184,0.0011420448
2017-08-02 14:00:00,8.202002e-05,0.00019810208,0.0009815898,0.0014046214,0.0009386595,0.0011637429
2017-08-02 15:00:00,0.00034132166,0.0008401517,0.0013625927,0.0016532701,0.0016290395,0.0011028454
2017-08-02 16:00:00,0.001359665,0.0009583738,0.0013949873,0.0013525102,0.0010832818,0.0010115933
2017-08-02 17:00:00,0.00039155988,0.00040801454,0.00071065966,0.0002951371,0.00043809842,0.00025838954
2017-08-02 18:00:00,0.00020237158,0.0003174566,0.00023396156,0.00013259743,0.00011288336,0.00026116316
2017-08-02 19:00:00,0.00023884547,4.220934e-05,4.3636894e-05,8.89438e-05,9.667845e-05,0.00018630913
2017-08-02 20:00:00,0.00027966104,0.00020439325,0.000173353,0.00010437139,3.0502659e-05,0.000105550665
2017-08-02 21:00:00,4.6579255e-05,7.734497e-05,7.80689e-05,0.00018683856,0.000291197,0.00013451718
2017-08-02 22:00:00,3.739552e-05,0.0001601826,0.0001926144,0.0003341541,0.00020067462,7.829635e-05
2017-08-02 23:00:00,0.0001915938,0.00026871276,0.000356557,0.00032955935,9.571903e-05,3.8668957e-05
2017-08-03 00:00:00,0.00012931702,0.00020654335,0.00018053524,3.6634585e-05,0.00016758112,0.0002029028
2017-08-03 01:00:00,0.00023231748,5.0352148e-05,8.625403e-05,0.0001717358,0.00038213868,0.00020619866
2017-08-03 02:00:00,0.00012790233,0.00029430233,0.00046966682,0.00049320835,0.00028090028,0.00035682681
2017-08-03 03:00:00,0.00020575928,0.0003306843,0.00045587143,0.00028283452,0.0004102305,0.00058478804
2017-08-03 04:00:00,0.00018759725,0.0002481578,0.00016403248,0.00034299164,0.00036508663,0.0005762027
2017-08-03 05:00:00,0.00011124184,3.4574783e-05,0.00011661311,0.00035869304,0.000310651,0.0003741612
2017-08-03 06:00:00,0.00011879211,8.579619e-05,0.00024205857,0.00051565625,0.00031968576,0.00025130511
2017-08-03 07:00:00,0.00023148685,0.00033577747,0.00052331353,0.00033941184,0.0002542475,0.00064159895
2017-08-03 08:00:00,0.0003379905,0.00033659034,0.00032589206,0.00021949352,0.0008205828,0.0008062829
2017-08-03 09:00:00,0.000173848,0.000110491055,4.048857e-05,0.00056634453,0.00069472793,0.00065787684
2017-08-03 10:00:00,9.1873604e-05,0.00017492837,0.0003426705,0.0005221299,0.00028066867,0.00022554638
2017-08-03 11:00:00,0.00021590944,0.0004029619,0.0005077338,0.00056842883,0.00029260517,0.00021217535
2017-08-03 12:00:00,0.0008711496,0.00060736365,0.00041091396,0.00045097867,0.0003167389,0.0004373582
2017-08-03 13:00:00,0.00024037284,3.9311046e-05,0.00011186812,0.00021965255,0.00010218453,0.00010739214
2017-08-03 14:00:00,0.00018295173,0.00025280044,0.00046418718,0.00034057072,0.00020874894,0.0003087309
2017-08-03 15:00:00,0.00021386362,0.00027072628,0.0001711385,0.00016960078,0.00012197728,0.00022591156
2017-08-03 16:00:00,0.00019033006,5.0789637e-05,3.193131e-05,3.4680343e-05,0.00011879636,0.00017548319
2017-08-03 17:00:00,0.00014412247,0.000104041115,0.000120496275,2.8379323e-05,6.922403e-05,9.198209e-05
2017-08-03 18:00:00,4.2481362e-05,3.459337e-05,8.964936e-05,0.0001551712,3.7424812e-05,0.000107605076
2017-08-03 19:00:00,4.2958163e-05,0.00012417354,0.00021716024,2.4671775e-05,8.5851076e-05,0.0002027159
2017-08-03 20:00:00,0.00013250437,0.0002209403,2.9076084e-05,0.00013900206,0.00020227437,0.00012996273
2017-08-03 21:00:00,0.00012174689,0.00010650718,3.987924e-05,0.000102900136,2.4184203e-05,2.269141e-05
2017-08-03 22:00:00,0.00026505438,7.7474855e-05,6.059151e-05,7.3043855e-05,6.857523e-05,5.5579483e-05
2017-08-03 23:00:00,0.00020388793,0.00022966982,0.00013097924,0.00013290254,0.00020661937,0.00025801014
2017-08-04 00:00:00,0.00012084681,3.6895213e-05,4.3540316e-05,0.00014310157,0.00015779863,0.00015938669
2017-08-04 01:00:00,0.00025604278,0.00013487777,3.837192e-05,6.273108e-05,4.4143395e-05,0.00013683172
2017-08-04 02:00:00,6.757705e-05,0.00017075024,0.0001893644,0.0002032014,0.00027236302,0.00035565862
2017-08-04 03:00:00,0.00024442893,0.00014832582,0.00015568826,0.0002948061,0.0003662421,0.00020423223
2017-08-04 04:00:00,7.452181e-05,3.491462e-05,0.00021237512,0.00038518914,0.00016526291,0.00033118416
2017-08-04 05:00:00,5.131823e-05,0.00014498873,0.00020359251,0.00013425462,0.0002499559,0.00018365562
2017-08-04 06:00:00,0.00021726584,0.00030692606,0.00018878005,0.00028493453,0.00015348847,0.00047427785
2017-08-04 07:00:00,0.00017908002,4.903774e-05,0.00018908421,0.00012682288,0.0002341111,0.00047768204
2017-08-04 08:00:00,0.00018750485,6.325565e-05,3.626477e-05,0.00014127497,0.00033515098,0.00038436055
2017-08-04 09:00:00,0.00022966198,0.00015802607,0.0003660823,0.0005890226,0.0005403662,0.0004628939
2017-08-04 10:00:00,7.10837e-05,0.00016269764,0.00033050383,0.0005403978,0.00025451605,0.00031387358
2017-08-04 11:00:00,0.00026715462,0.0005146447,0.00064258237,0.00039982263,0.00043286814,0.00045275656
2017-08-04 12:00:00,0.00038921702,0.00038667946,0.0002136562,0.0002762959,0.0003007716,0.0003868186
2017-08-04 13:00:00,0.0001583649,0.00014492305,4.2346794e-05,0.00014667433,8.555997e-05,4.012653e-05
2017-08-04 14:00:00,0.00022078339,0.00015253945,8.680293e-05,5.1118925e-05,0.00011187192,5.351817e-05
2017-08-04 15:00:00,0.00014648496,0.0002717119,0.00026898363,6.9786176e-05,0.00016152555,0.0001695475
2017-08-04 16:00:00,0.00039303582,0.00017451707,5.0955307e-05,8.22976e-05,0.000128999,2.3969575e-05
2017-08-04 17:00:00,4.64973e-05,0.00015079793,0.0001160556,6.8574096e-05,0.00022716212,0.00022572697
2017-08-04 18:00:00,0.00023077111,0.000107187996,3.7840393e-05,0.00015148643,0.00019138152,0.0002529251
2017-08-04 19:00:00,0.00015163688,0.00015812887,4.715597e-05,4.0987034e-05,0.00010814368,0.00013753162
2017-08-04 20:00:00,0.00014721238,0.0001079235,0.00012804079,0.00022767778,0.00019368838,0.00029446336
2017-08-06 21:00:00,0.00026321446,0.00028171059,0.00026799913,0.00039403382,0.00024244329,0.00033922595
2017-08-06 22:00:00,7.3467505e-05,9.7055046e-05,0.00015736608,0.00017474208,0.00012992752,3.184425e-05
2017-08-06 23:00:00,8.1097896e-05,0.00010833553,0.00014656135,8.469215e-05,4.6110374e-05,8.32654e-05
2017-08-07 00:00:00,8.774227e-05,0.000108557404,6.27302e-05,6.7484274e-05,5.3826454e-05,0.0002159022
2017-08-07 01:00:00,6.73145e-05,2.8215092e-05,0.00015454074,2.7024773e-05,0.00013447026,7.440169e-05
2017-08-07 02:00:00,8.027356e-05,0.0002267797,7.6615645e-05,0.0001556647,3.765005e-05,4.260442e-05
2017-08-07 03:00:00,0.00018741513,3.901879e-05,0.00019247629,7.325445e-05,4.1947165e-05,6.405918e-05
2017-08-07 04:00:00,0.0001460309,0.00029853798,0.00017761598,0.00013388836,0.0002629682,0.000288461
2017-08-07 05:00:00,0.00029191026,7.8322075e-05,5.5975903e-05,0.000104811224,0.000107836226,4.9091414e-05
2017-08-07 06:00:00,0.00015768678,0.00014210226,0.000113966,5.2879783e-05,0.00013142025,0.00027784792
2017-08-07 07:00:00,5.327994e-05,3.0272071e-05,5.648566e-05,3.1967593e-05,0.00017351392,0.00070237153
2017-08-07 08:00:00,6.0847087e-05,0.00012778894,4.5091885e-05,0.00024935196,0.00053331663,0.0008530351
2017-08-07 09:00:00,9.147555e-05,5.1222607e-05,0.00022306622,0.0009007813,0.0012473441,0.0011004325
2017-08-07 10:00:00,0.00015421036,0.00024238336,0.0007061339,0.0011971619,0.00084500876,0.0009291561
2017-08-07 11:00:00,0.0002963357,0.00089714886,0.0013498665,0.0010572239,0.00059671554,0.0013424172
2017-08-07 12:00:00,0.0007199067,0.0011448292,0.0010789788,0.000675458,0.0011547117,0.0011396831
2017-08-07 13:00:00,0.0006884557,0.0003522638,0.00037161235,0.00044089108,0.00045330694,0.0006837001
2017-08-07 14:00:00,0.00033605803,0.00014623131,7.9680496e-05,0.00013908329,0.00017361956,0.00014472462
2017-08-07 15:00:00,9.307709e-05,0.0002947258,0.00023705089,0.00049591454,0.0002872456,0.0001788775
2017-08-07 16:00:00,0.00032502823,0.00037986776,0.00044853412,0.00029928307,0.0001525462,6.975905e-05
2017-08-07 17:00:00,0.0001379072,0.00018110815,7.4945805e-05,2.9584833e-05,0.00012011127,4.8766942e-05
2017-08-07 18:00:00,0.00012982146,3.158094e-05,0.000107845786,0.00026500082,0.00013891706,0.00010337687
2017-08-07 19:00:00,0.00011621869,0.00015463261,0.0002501159,0.0002473955,0.00015291669,0.00020784188
2017-08-07 20:00:00,9.208993e-05,0.00019353682,0.00014521676,0.0001009052,0.000119328186,0.000100514895
2017-08-07 21:00:00,0.00022742836,7.1071816e-05,2.9588276e-05,5.355481e-05,5.5723856e-05,4.0834417e-05
2017-08-07 22:00:00,0.00012579818,0.00010009936,8.4295345e-05,8.752243e-05,0.00012446307,3.158125e-05
2017-08-07 23:00:00,6.358783e-05,4.5232115e-05,3.769568e-05,6.200802e-05,9.280614e-05,9.004982e-05
2017-08-08 00:00:00,4.0097973e-05,4.636668e-05,4.3934127e-05,0.00011746788,0.00013217966,9.975132e-05
2017-08-08 01:00:00,5.148382e-05,6.29632e-05,0.0001268761,8.9873254e-05,0.00012241043,9.2666836e-05
2017-08-08 02:00:00,6.959565e-05,9.1565635e-05,9.779267e-05,0.00010727106,8.1616374e-05,0.00011180464
2017-08-08 03:00:00,0.00019122768,0.0001253686,0.0001515528,0.00016391338,0.00015055505,0.00023367142
2017-08-08 04:00:00,5.568655e-05,3.455853e-05,4.009781e-05,9.830455e-05,0.00010232005,0.00011583249
2017-08-08 05:00:00,3.7676346e-05,4.0289666e-05,7.213176e-05,0.0001182174,0.000120138764,6.5237924e-05
2017-08-08 06:00:00,7.712917e-05,9.302279e-05,0.000107646636,0.00014024694,4.031625e-05,6.343e-05
2017-08-08 07:00:00,0.0001388222,0.0001246456,0.00019174982,6.4960375e-05,2.7611082e-05,0.00013013554
2017-08-08 08:00:00,7.893729e-05,5.9290443e-05,6.368072e-05,0.00012417967,5.6609275e-05,0.00021198693
2017-08-08 09:00:00,3.7305726e-05,0.000103555605,0.00015055669,4.1041018e-05,0.00013529015,6.917711e-05
2017-08-08 10:00:00,0.00017050064,0.00020713924,3.138379e-05,0.00017169489,8.962465e-05,5.7348956e-05
2017-08-08 11:00:00,0.00015448958,0.00012127216,0.00030880253,0.00014488578,3.4890953e-05,0.00021100364
2017-08-08 12:00:00,0.00027569526,0.0003433171,0.00032350424,0.00011251756,0.0002595657,0.00027795017
2017-08-08 13:00:00,0.00018071911,8.3013176e-05,9.127056e-05,0.00010855263,0.00013750378,0.00010337685
2017-08-08 14:00:00,0.00017432267,0.00026926456,7.724996e-05,3.8980248e-05,4.571057e-05,0.00011104813
2017-08-08 15:00:00,0.00028501934,3.8103048e-05,8.432759e-05,5.837923e-05,3.639332e-05,4.2322026e-05
2017-08-08 16:00:00,0.0002877953,0.00029682677,0.00022173875,0.00019876125,0.00017578166,8.714852e-05
2017-08-08 17:00:00,6.3463645e-05,5.100821e-05,4.671559e-05,3.9435075e-05,8.965439e-05,0.00014424355
2017-08-08 18:00:00,3.2622604e-05,8.484749e-05,8.5784224e-05,0.0001261873,0.00013220547,2.8304694e-05
2017-08-08 19:00:00,8.51626e-05,6.0699214e-05,0.00013449194,0.0001821503,4.1142564e-05,8.296711e-05
2017-08-08 20:00:00,3.6024347e-05,6.7980196e-05,0.00012866051,0.00010945165,4.299396e-05,5.1937233e-05
2017-08-08 21:00:00,0.000117638665,0.00012823562,7.0046415e-05,3.4199224e-05,5.303738e-05,0.00025831847
2017-08-08 22:00:00,7.042758e-05,0.00017838113,4.6910794e-05,3.55306e-05,0.00017508167,0.00013072108
2017-08-08 23:00:00,0.000265315,8.853828e-05,4.1161176e-05,0.00011596524,0.00013142952,0.00031833304
2017-08-09 00:00:00,0.00021794997,0.00015818917,0.00037202713,0.00029706748,0.00038554435,0.00035912817
2017-08-09 01:00:00,8.970361e-05,0.0002895744,0.00023277615,0.0004888338,0.00020420384,0.0007787915
2017-08-09 02:00:00,0.00021882179,0.00016172117,0.0005011345,0.00028143876,0.0005295542,0.00023785087
2017-08-09 03:00:00,4.288941e-05,0.00018885029,0.00010852893,0.00032032223,0.00014881272,8.18241e-05
2017-08-09 04:00:00,0.00020945015,0.00013166906,0.00047538002,0.00018044602,8.57646e-05,4.0498417e-05
2017-08-09 05:00:00,8.30014e-05,0.0002796713,4.9131166e-05,0.00012414368,0.00011055667,0.00016703064
2017-08-09 06:00:00,0.0003361546,5.7199562e-05,3.4917066e-05,0.00011152103,0.00011219081,4.1762603e-05
2017-08-09 07:00:00,0.00033209546,0.00042818894,0.00031493444,0.00040574314,0.00020094687,3.898256e-05
2017-08-09 08:00:00,0.00014605123,0.000111289926,0.00020135584,5.8671656e-05,0.00023723558,0.00020987046
2017-08-09 09:00:00,0.00012771494,0.00012472364,4.965593e-05,0.0002658382,0.00031262738,0.0004144915
2017-08-09 10:00:00,5.7496516e-05,8.297253e-05,0.0004397486,0.00045036298,0.0004931275,0.0007895519
2017-08-09 11:00:00,0.00013175269,0.00038899234,0.00065377663,0.00069696055,0.00057979097,0.0003322354
2017-08-09 12:00:00,0.0005521671,0.00032756664,0.0005641732,0.0006589636,0.00024340628,0.00029676984
2017-08-09 13:00:00,6.98084e-05,0.00015121752,0.00041236068,5.3979926e-05,5.6889334e-05,3.3705415e-05
2017-08-09 14:00:00,0.00013174729,0.0003540179,3.068196e-05,9.3868e-05,6.414279e-05,7.950613e-05
2017-08-09 15:00:00,0.00035562116,0.000113380614,0.0001647501,0.00013228679,0.00014347432,0.00020398016
2017-08-09 16:00:00,0.00050864276,0.0004217032,0.00040899197,0.00045685508,0.00041885706,0.0005519439
2017-08-09 17:00:00,0.00015300467,7.833896e-05,9.935059e-05,8.8641726e-05,9.614315e-05,0.00027460267
2017-08-09 18:00:00,6.689477e-05,3.5139274e-05,6.650217e-05,6.0816783e-05,0.00021911912,0.00022953769
2017-08-09 19:00:00,5.019335e-05,0.00010006483,7.649557e-05,0.00028150965,0.00023486621,0.00017576471
2017-08-09 20:00:00,7.9856574e-05,3.8709444e-05,0.00022184364,0.00021362898,0.00012130269,0.00020209762
2017-08-09 21:00:00,3.5008983e-05,0.00022729144,0.00021415921,0.00012526497,6.87511e-05,8.016823e-05
2017-08-09 22:00:00,0.00028260864,0.00017529537,0.00014134313,0.0001716594,9.821981e-05,8.277384e-05
2017-08-09 23:00:00,3.1168267e-05,0.00014762835,9.639292e-05,0.00011405568,9.844368e-05,0.00011678094
2017-08-10 00:00:00,0.00014055082,8.089273e-05,0.00014746042,0.00010351542,0.00013921788,6.05869e-05
2017-08-10 01:00:00,6.123191e-05,4.8539532e-05,3.733617e-05,8.9724555e-05,4.342259e-05,4.097e-05
2017-08-10 02:00:00,9.075124e-05,4.33366e-05,0.00016702297,3.6776302e-05,3.895162e-05,4.7490656e-05
2017-08-10 03:00:00,6.632727e-05,8.4821506e-05,8.708518e-05,4.4890818e-05,5.150187e-05,0.00014941541
2017-08-10 04:00:00,0.0001653306,4.1243464e-05,3.0491005e-05,3.5436817e-05,7.608532e-05,0.00010530815
2017-08-10 05:00:00,0.00028355233,0.00016130367,8.144809e-05,0.00016444158,4.3134627e-05,8.4792395e-05
2017-08-10 06:00:00,6.508739e-05,9.201708e-05,6.0440445e-05,0.00015113401,0.00021106785,0.00010365842
2017-08-10 07:00:00,5.8015656e-05,9.526424e-05,0.00017339009,0.00019588698,8.8494795e-05,0.00049506576
2017-08-10 08:00:00,0.00019421142,0.00011807966,0.00022829443,6.241634e-05,0.00050182734,0.00038478652
2017-08-10 09:00:00,0.00035346902,0.00041208148,0.00019377908,0.00046210992,0.0004087948,0.0003129108
2017-08-10 10:00:00,0.00015186524,4.9541766e-05,0.0004023138,0.00039603436,0.00022869659,0.00024212484
2017-08-10 11:00:00,0.00020041456,0.00025633586,0.00024473688,8.5980006e-05,8.905348e-05,9.612302e-05
2017-08-10 12:00:00,0.0006331485,0.00047841828,0.00032715817,0.00026284822,0.00015175654,0.00035952634
2017-08-10 13:00:00,3.4815126e-05,0.00015166664,0.00010525171,0.00018348215,5.2772277e-05,0.00013196492
2017-08-10 14:00:00,0.00021320164,0.0001547533,0.00017450751,5.3644697e-05,0.00014060477,0.00013196097
2017-08-10 15:00:00,6.590124e-05,3.636618e-05,8.6330976e-05,3.3626377e-05,4.636043e-05,9.545246e-05
2017-08-10 16:00:00,0.00010616235,4.60655e-05,4.933985e-05,2.123909e-05,6.5985194e-05,0.00013449584
2017-08-10 17:00:00,0.00016716478,4.8237434e-05,5.8464982e-05,0.00017697432,0.00018279227,8.672235e-05
2017-08-10 18:00:00,0.00014262577,7.566097e-05,3.924936e-05,8.156528e-05,3.84646e-05,3.199771e-05
2017-08-10 19:00:00,4.0370618e-05,0.00012394715,0.0001999641,8.740037e-05,7.248297e-05,8.274492e-05
2017-08-10 20:00:00,0.00017694918,0.00019934945,9.238026e-05,6.78152e-05,6.147348e-05,0.0001377002
2017-08-10 21:00:00,0.00011613623,3.5447698e-05,2.9894103e-05,4.3845e-05,3.3301054e-05,3.2440636e-05
2017-08-10 22:00:00,0.00011569758,7.92947e-05,0.000100959005,6.083215e-05,4.331903e-05,3.6976748e-05
2017-08-10 23:00:00,3.7155798e-05,4.646407e-05,3.8550163e-05,3.70229e-05,8.785247e-05,9.204402e-05
2017-08-11 00:00:00,5.3784363e-05,3.9556857e-05,6.2260915e-05,7.497699e-05,0.00011128754,6.5001936e-05
2017-08-11 01:00:00,0.00013104902,7.594439e-05,0.00012565243,0.000102041544,7.166856e-05,6.995964e-05
2017-08-11 02:00:00,4.691646e-05,5.4328153e-05,7.076143e-05,4.4506607e-05,3.8307353e-05,4.5557394e-05
2017-08-11 03:00:00,0.00011573967,8.899444e-05,4.0358318e-05,3.669895e-05,4.3333344e-05,0.00011676618
2017-08-11 04:00:00,5.10619e-05,6.204079e-05,4.6267472e-05,3.9691953e-05,0.00022502581,9.523761e-05
2017-08-11 05:00:00,8.3017345e-05,6.949055e-05,4.8513022e-05,0.00029394534,0.00012353089,0.00045820657
2017-08-11 06:00:00,3.446102e-05,2.8173245e-05,0.00019361055,6.558259e-05,0.00058617734,0.0012881097
2017-08-11 07:00:00,4.410812e-05,0.00015925989,7.504223e-05,0.00087135547,0.0009693483,0.0020829504
2017-08-11 08:00:00,0.00028214586,9.231675e-05,0.00070514326,0.0014728814,0.0016191448,0.0010548402
2017-08-11 09:00:00,0.00018467057,0.00066699483,0.0009653698,0.0017115871,0.0013273736,0.0014948999
2017-08-11 10:00:00,0.0009327293,0.0012612299,0.001779955,0.0013119531,0.0012410759,0.0012553644
2017-08-11 11:00:00,0.00072044146,0.00094969134,0.0009625597,0.0009808587,0.00096072326,0.00059247314
2017-08-11 12:00:00,0.0011605507,0.000627441,0.0006334759,0.00052541785,0.0003327504,0.00017343696
2017-08-11 13:00:00,7.135496e-05,5.6415443e-05,7.1744544e-05,0.00017283323,0.00035606846,0.00026598756
2017-08-11 14:00:00,4.5829172e-05,6.115303e-05,0.00016671188,0.00027598726,0.00021624852,0.0002821256
2017-08-11 15:00:00,2.6953772e-05,0.00012317703,0.00037293363,0.00023513605,0.00021329666,0.00040853437
2017-08-11 16:00:00,0.00025900255,0.00035072546,0.0002572755,0.00030802796,0.00027329603,0.0002984453
2017-08-11 17:00:00,0.0003733788,7.7756406e-05,0.00013488186,0.0002535308,0.00013477904,0.00023284917
2017-08-11 18:00:00,0.0002031105,0.000108104054,9.894744e-05,5.4028453e-05,7.6087344e-05,0.00013701888
2017-08-11 19:00:00,6.810161e-05,0.0002539116,9.517588e-05,0.00021867864,0.0002496019,0.00035707216
2017-08-11 20:00:00,0.0003123374,7.249305e-05,0.00017279558,0.00023307577,0.00024959582,0.0003591055
2017-08-13 21:00:00,0.0001649174,2.966344e-05,8.538237e-05,0.00011076009,0.00016453426,0.00010770688
2017-08-13 22:00:00,0.00020608271,0.0001866702,0.00026990473,0.0002357091,0.00020198006,9.3630544e-05
2017-08-13 23:00:00,0.00014934277,0.00011658623,0.00013295838,8.1043836e-05,4.9993872e-05,3.135264e-05
2017-08-14 00:00:00,3.766298e-05,7.0188704e-05,4.904428e-05,0.0001236836,8.289437e-05,0.00026416022
2017-08-14 01:00:00,0.0001073266,3.5570414e-05,0.00013931599,0.00011012911,0.00019458367,6.388814e-05
2017-08-14 02:00:00,0.0001080276,0.00022490913,0.00022626242,0.00014120417,3.4843542e-05,5.0670496e-05
2017-08-14 03:00:00,0.0002039381,0.00013582963,0.00028402123,3.107351e-05,8.382592e-05,4.4033615e-05
2017-08-14 04:00:00,5.011567e-05,0.00037235618,0.00022069096,0.00021923838,0.00019323615,0.00015733123
2017-08-14 05:00:00,0.00051541696,0.00015016946,0.00022997831,0.00013755211,0.00020288692,3.7768175e-05
2017-08-14 06:00:00,0.00023717344,0.00012342264,0.00017629158,0.00018867817,0.0002734292,0.00022762202
2017-08-14 07:00:00,7.172031e-05,5.0520386e-05,5.9075104e-05,0.00013673947,7.983025e-05,7.0985225e-05
2017-08-14 08:00:00,0.00012850073,3.5730023e-05,0.00020561359,0.00016473024,0.00012235176,0.00019594173
2017-08-14 09:00:00,0.00013393724,0.00023501826,8.136797e-05,5.5241067e-05,0.00011180404,0.00014839471
2017-08-14 10:00:00,0.00027352615,0.00017506667,0.00011959657,0.00023382436,0.00018011569,0.00013014088
2017-08-14 11:00:00,9.8393626e-05,0.000115496194,3.8158272e-05,3.9163322e-05,6.6449385e-05,6.423881e-05
2017-08-14 12:00:00,5.6318866e-05,5.2594783e-05,5.425073e-05,2.8601664e-05,3.8959555e-05,3.5530313e-05
2017-08-14 13:00:00,0.00017391882,0.00011382738,5.9569764e-05,3.238961e-05,4.0180028e-05,3.002318e-05
2017-08-14 14:00:00,4.2850428e-05,7.634292e-05,8.920092e-05,6.384906e-05,8.858405e-05,0.0001269361
2017-08-14 15:00:00,5.3115826e-05,0.000103505416,5.056234e-05,6.2827625e-05,4.939488e-05,5.1006748e-05
2017-08-14 16:00:00,6.091646e-05,3.463781e-05,6.559326e-05,4.980314e-05,3.9204344e-05,0.00010899027
2017-08-14 17:00:00,3.80714e-05,3.8037775e-05,4.0021805e-05,6.181536e-05,5.9681963e-05,0.00010279065
2017-08-14 18:00:00,4.288303e-05,3.852413e-05,3.1912972e-05,6.619252e-05,0.00013043474,0.0003122472
2017-08-14 19:00:00,5.3504187e-05,4.8196605e-05,8.916077e-05,0.00011135088,0.00020203242,0.00019591395
2017-08-14 20:00:00,8.5900305e-05,7.000054e-05,0.00011187564,0.00025361773,0.0001254037,0.00013864507
2017-08-14 21:00:00,0.00012300187,0.00018522848,0.0003980706,0.00030889118,0.00014732644,0.00021335037
2017-08-14 22:00:00,6.2212785e-05,0.00026777445,0.00016372997,8.8301094e-05,0.000115102535,9.80531e-05
2017-08-14 23:00:00,0.00036501794,0.00015137409,6.274975e-05,0.00011689287,5.8138412e-05,2.930209e-05
2017-08-15 00:00:00,7.095192e-05,0.00011895175,9.143673e-05,0.00013111635,0.0001393094,0.00011814808
2017-08-15 01:00:00,0.0001268241,5.4064785e-05,7.765741e-05,0.00011272589,8.782018e-05,8.420088e-05
2017-08-15 02:00:00,0.000110669556,4.7404304e-05,5.484464e-05,3.136633e-05,4.5015695e-05,6.275246e-05
2017-08-15 03:00:00,4.2443848e-05,0.00010399815,7.443991e-05,7.687946e-05,3.122014e-05,5.449597e-05
2017-08-15 04:00:00,6.2013045e-05,5.505726e-05,2.7653621e-05,4.242962e-05,0.00010245378,2.9745403e-05
2017-08-15 05:00:00,7.423418e-05,6.826525e-05,0.000120928926,0.00013055402,5.0677423e-05,0.0001497824
2017-08-15 06:00:00,4.6566518e-05,4.377053e-05,0.00013723355,4.6399262e-05,8.026389e-05,4.7058445e-05
2017-08-15 07:00:00,7.2223644e-05,0.00011155487,4.39789e-05,8.0776175e-05,3.634986e-05,0.0008692891
2017-08-15 08:00:00,0.00010103425,3.3145134e-05,7.598975e-05,4.7730173e-05,0.00093550264,0.0012760826
2017-08-15 09:00:00,0.00014155595,4.991374e-05,9.2956536e-05,0.0008812548,0.0010010456,0.0008938036
2017-08-15 10:00:00,0.000104057624,3.13365e-05,0.00096988,0.0011385037,0.0006435309,0.00052422954
2017-08-15 11:00:00,8.8579254e-05,0.0009946706,0.0009974564,0.0010216235,0.00062589167,0.00072817627
2017-08-15 12:00:00,0.001741477,0.0010285055,0.0009328282,0.00060361216,0.00058663887,0.0007322049
2017-08-15 13:00:00,0.00032987888,0.00015179705,0.0003542602,0.00018136369,0.00010157487,0.00013206094
2017-08-15 14:00:00,0.00079745415,0.00044256364,0.00048030927,0.00030636505,0.00022787636,0.00023322836
2017-08-15 15:00:00,0.00028364896,3.5469067e-05,6.216337e-05,2.5908335e-05,5.460579e-05,0.00010413226
2017-08-15 16:00:00,0.0003100486,0.000208899,0.00021129541,0.00018380977,8.3983854e-05,0.00012723746
2017-08-15 17:00:00,6.299221e-05,3.4162178e-05,4.0024555e-05,8.563653e-05,3.80025e-05,0.00010756545
2017-08-15 18:00:00,5.6014906e-05,2.7470885e-05,9.012984e-05,7.553012e-05,9.95375e-05,0.00018380728
2017-08-15 19:00:00,7.293067e-05,0.00011465877,5.66717e-05,0.00012047909,0.0001786954,0.00026259784
2017-08-15 20:00:00,0.00020598515,9.177142e-05,6.700518e-05,0.0001634611,0.00019605915,0.00016849674
2017-08-15 21:00:00,9.679552e-05,0.00020448357,0.00035882092,0.0004456295,0.00034993075,0.00021245243
2017-08-15 22:00:00,0.0002609169,0.0001915208,0.0003101674,0.00029870783,0.0002377506,0.00016814459
2017-08-15 23:00:00,0.00015641557,0.00020593162,0.00017360457,7.150805e-05,4.8477403e-05,4.2817544e-05
2017-08-16 00:00:00,5.8403395e-05,8.3610605e-05,5.102449e-05,6.2442385e-05,0.000118177,7.468211e-05
2017-08-16 01:00:00,5.259764e-05,7.5074146e-05,0.00010453773,0.00014976003,0.0001096736,4.257208e-05
2017-08-16 02:00:00,9.2862996e-05,0.00011618503,0.00014575674,0.00012753822,3.9499595e-05,8.514312e-05
2017-08-16 03:00:00,5.5566245e-05,9.706884e-05,7.2031915e-05,0.000101475605,5.9885097e-05,4.0189632e-05
2017-08-16 04:00:00,0.00012105566,5.7672783e-05,0.0001464284,3.364765e-05,4.348209e-05,3.2179032e-05
2017-08-16 05:00:00,6.69805e-05,0.00017836288,0.00011284241,0.00011101335,8.7763765e-05,3.5951307e-05
2017-08-16 06:00:00,0.00023772265,3.778118e-05,9.7800155e-05,7.517931e-05,3.7365393e-05,0.00028183436
2017-08-16 07:00:00,0.00019733055,5.6558485e-05,0.000118740085,0.00020561341,0.000291391,0.00012297663
2017-08-16 08:00:00,0.000103779035,3.466819e-05,6.951486e-05,0.000372763,5.4813067e-05,0.00010840821
2017-08-16 09:00:00,8.401297e-05,0.000100928,0.00034677345,8.44578e-05,0.00013092106,0.00013321127
2017-08-16 10:00:00,0.000100746955,0.0004778889,5.9093447e-05,7.161098e-05,7.531935e-05,0.00014012425
2017-08-16 11:00:00,0.0007435413,4.4799377e-05,5.3775177e-05,4.2153202e-05,6.805967e-05,6.872465e-05
2017-08-16 12:00:00,0.0006294419,0.00042728081,0.0005039793,0.0007569113,0.0004143108,0.00046266444
2017-08-16 13:00:00,0.00012573578,5.308062e-05,0.00015179736,8.909904e-05,0.00017320005,0.00017289456
2017-08-16 14:00:00,0.000102679056,8.0953956e-05,8.7666944e-05,0.00012411272,0.00016225762,0.000109193956
2017-08-16 15:00:00,0.0002038089,0.00013418055,0.00013639034,0.00018636028,0.00016569937,0.00022997266
2017-08-16 16:00:00,3.7421054e-05,5.7603826e-05,0.0001045864,9.044408e-05,0.00011634385,0.00011971672
2017-08-16 17:00:00,8.2463106e-05,0.000102915474,0.00013992806,0.00011882521,0.00013384789,4.3741475e-05
2017-08-16 18:00:00,9.255643e-05,5.9515223e-05,0.000113366375,0.00010213834,4.153889e-05,4.941647e-05
2017-08-16 19:00:00,4.636748e-05,5.231986e-05,8.88672e-05,4.4758435e-05,8.7761306e-05,0.00014456995
2017-08-16 20:00:00,5.1691375e-05,5.3663483e-05,5.6866626e-05,9.2675036e-05,0.00010864131,0.00020170936
2017-08-16 21:00:00,6.379958e-05,0.00010313904,0.00013172026,0.00016678146,0.00026106022,0.00040509435
2017-08-16 22:00:00,0.00016177483,0.00016251189,0.00022829178,0.00045543318,0.00032323494,0.00037281495
2017-08-16 23:00:00,8.332057e-05,8.544843e-05,0.00027585804,0.00026650773,0.00026195365,0.00035762423
2017-08-17 00:00:00,0.00011392333,0.00021438103,0.00026440082,0.0002570277,0.00017906618,0.000520886
2017-08-17 01:00:00,0.00026120068,0.00021093994,0.00018654503,0.00021103641,0.0003111413,0.00033174877
2017-08-17 02:00:00,6.6347544e-05,9.716652e-05,0.00012591471,0.00030220603,0.00017020483,0.000359876
2017-08-17 03:00:00,6.254239e-05,9.77503e-05,0.00022405534,0.00022554123,0.00031705314,0.00017378826
2017-08-17 04:00:00,4.6859423e-05,0.0001730056,0.00020632958,0.000449747,0.00011501612,7.574135e-05
2017-08-17 05:00:00,0.00022694982,0.00018738865,0.00026059186,0.00016067765,8.477308e-05,0.000116474934
2017-08-17 06:00:00,4.730854e-05,0.00012713732,7.192919e-05,7.326585e-05,0.0002185725,0.00022292267
2017-08-17 07:00:00,0.0002496318,3.6981488e-05,5.5230517e-05,0.00023828748,0.00015761428,0.00027564197
2017-08-17 08:00:00,0.00027712696,0.00024018514,0.00045957442,0.00024045345,0.00048527392,0.0004914645
2017-08-17 09:00:00,6.638224e-05,0.0002483833,0.00020545052,0.00032344434,0.00032871036,0.00039870574
2017-08-17 10:00:00,0.00034701673,0.0001653522,0.0004620428,0.0003321694,0.00034228218,0.0003980592
2017-08-17 11:00:00,0.00013899354,0.00013860929,0.00015843961,0.00014871384,0.00012979007,0.0003315944
2017-08-17 12:00:00,0.0003274359,0.00028662055,0.0002848143,0.00027249387,0.0004948081,0.00044972188
2017-08-17 13:00:00,4.0661424e-05,9.220974e-05,8.494224e-05,0.00027075422,0.00017669475,0.00025988548
2017-08-17 14:00:00,9.8194294e-05,7.383323e-05,0.0002889736,0.00036427932,0.0002291905,0.0002444277
2017-08-17 15:00:00,6.3273146e-05,0.00025349125,0.00027434286,0.00012751133,0.00015533586,8.976034e-05
2017-08-17 16:00:00,0.0002891829,0.00017345302,0.00023567535,0.00022485797,0.00012536121,0.00016313366
2017-08-17 17:00:00,0.000104578234,4.4946144e-05,3.9451472e-05,6.714777e-05,3.773411e-05,5.2962074e-05
2017-08-17 18:00:00,5.187481e-05,3.8808135e-05,0.00012679717,4.746712e-05,5.0687824e-05,6.5986314e-05
2017-08-17 19:00:00,3.4053694e-05,0.00010165374,3.2045067e-05,3.563407e-05,6.190045e-05,5.298249e-05
2017-08-17 20:00:00,0.00010191985,3.9019713e-05,3.7635135e-05,4.3626504e-05,5.2329702e-05,5.16863e-05
2017-08-17 21:00:00,9.6283584e-05,8.6280284e-05,5.25106e-05,5.5011966e-05,0.00010890231,0.00013710411
2017-08-17 22:00:00,3.518371e-05,3.478972e-05,4.4690754e-05,6.5008964e-05,5.2660398e-05,8.2827464e-05
2017-08-17 23:00:00,4.3403874e-05,6.625175e-05,4.6347417e-05,3.7588674e-05,0.000117525015,0.00018565863
2017-08-18 00:00:00,5.471358e-05,7.448649e-05,6.682233e-05,6.9129695e-05,0.00012426559,0.00022036888
2017-08-18 01:00:00,0.00014674643,0.00010147762,7.492886e-05,0.00016554604,0.00019503346,0.00013342564
2017-08-18 02:00:00,5.0631e-05,0.00014332034,0.00026526206,0.00033269386,0.00025547983,0.0002123732
2017-08-18 03:00:00,0.00020001255,0.00030984767,0.00027824138,0.00025180468,0.0002155123,0.00021868068
2017-08-18 04:00:00,0.00012986093,0.000153767,0.00013395568,0.00010227261,8.749502e-05,6.796004e-05
2017-08-18 05:00:00,0.00012955892,7.652886e-05,4.1648716e-05,3.3829077e-05,4.834972e-05,0.00069502037
2017-08-18 06:00:00,4.61678e-05,5.9183898e-05,6.353581e-05,7.285279e-05,0.0007432619,0.0006647638
2017-08-18 07:00:00,6.206259e-05,0.00011346193,6.85312e-05,0.0006332,0.0005496313,0.0005108925
2017-08-18 08:00:00,6.3810905e-05,4.0493902e-05,0.0008189509,0.0005460294,0.00046861655,0.0006976349
2017-08-18 09:00:00,4.4424225e-05,0.00059323065,0.00054393173,0.00044754506,0.00054172415,0.0006058872
2017-08-18 10:00:00,0.0011817848,0.000518917,0.00046131437,0.00072531414,0.0006194477,0.0007629316
2017-08-18 11:00:00,0.00036675605,0.0005036038,7.771321e-05,5.4580087e-05,0.00025143972,8.518521e-05
2017-08-18 12:00:00,0.00013331663,0.00016418165,0.00036402012,0.000662695,0.00018530128,0.00043381186
2017-08-18 13:00:00,0.00035415537,0.00040440273,0.00070069096,0.0004059146,0.0003909567,0.00032312993
2017-08-18 14:00:00,0.00020944022,0.0004216189,0.0001840476,0.00020492534,0.000113154114,0.00013034543
2017-08-18 15:00:00,0.00038498885,5.3136293e-05,9.07799e-05,4.241738e-05,3.7642916e-05,2.8929438e-05
2017-08-18 16:00:00,0.0003353039,0.00021517898,0.0002452365,0.00021353042,0.00016937494,0.0001795388
2017-08-18 17:00:00,4.5425506e-05,7.3041665e-05,4.2849686e-05,5.2510597e-05,5.246978e-05,6.520228e-05
2017-08-18 18:00:00,0.00011995744,5.1619914e-05,6.321584e-05,3.1194657e-05,7.012158e-05,6.0257047e-05
2017-08-18 19:00:00,7.045774e-05,4.337789e-05,7.581832e-05,4.50267e-05,0.00011799845,7.062754e-05
2017-08-18 20:00:00,5.6687448e-05,4.6197572e-05,6.7923975e-05,8.653573e-05,5.4947748e-05,5.1223422e-05
2017-08-20 21:00:00,7.913186e-05,5.086383e-05,0.00013712123,8.061569e-05,6.879009e-05,7.9877755e-05
2017-08-20 22:00:00,0.00014791923,8.782188e-05,3.5433713e-05,3.8917653e-05,7.541041e-05,8.132211e-05
2017-08-20 23:00:00,0.0002540682,0.00012092854,0.000112544985,4.102393e-05,4.0428033e-05,0.000109831475
2017-08-21 00:00:00,6.479437e-05,5.4416792e-05,0.00015044613,0.00014419136,4.8716192e-05,0.00024540725
2017-08-21 01:00:00,4.405327e-05,0.00015416542,0.00011674364,6.3014944e-05,0.0002244538,0.00033465432
2017-08-21 02:00:00,0.00018394542,0.000110502384,3.1177147e-05,0.00020410409,0.00021164269,0.0003340517
2017-08-21 03:00:00,4.7617774e-05,0.00017260721,0.00016492477,0.0002558529,0.00031100324,0.00019458054
2017-08-21 04:00:00,0.0002548591,0.00016715043,0.00023179912,0.00038473125,0.00024232145,0.00033431474
2017-08-21 05:00:00,0.0004133058,0.0004704977,0.000578561,0.00046174036,0.00048688686,0.0003555402
2017-08-21 06:00:00,0.0001035735,0.00017305723,0.00016668889,0.00012209058,0.00015538304,0.0001853317
2017-08-21 07:00:00,0.00011156092,8.769496e-05,0.00017618753,0.00014565638,0.0001282096,0.00021003145
2017-08-21 08:00:00,4.5357163e-05,0.00012493985,5.2314706e-05,0.00010936136,0.00020020125,0.00016247325
2017-08-21 09:00:00,0.0001378581,6.819711e-05,0.00013938529,0.00026880644,0.00013869739,0.000100064084
2017-08-21 10:00:00,8.344724e-05,5.4939614e-05,0.00016914126,0.00010357256,4.1273033e-05,0.00020664727
2017-08-21 11:00:00,9.913786e-05,0.00017887422,0.00014370611,3.631985e-05,0.0002914971,0.0001859366
2017-08-21 12:00:00,0.00017004088,0.00011090226,4.9618506e-05,0.00025746174,0.00011417323,5.680317e-05
2017-08-21 13:00:00,7.265892e-05,0.00016664717,0.00010819255,3.497103e-05,5.063465e-05,5.6559194e-05
2017-08-21 14:00:00,0.00012112183,0.00015289802,6.3825566e-05,3.6373705e-05,6.411215e-05,0.00013107645
2017-08-21 15:00:00,0.0004468822,0.00016250921,0.00011993198,0.00016800709,0.00023675601,0.00015325513
2017-08-21 16:00:00,0.00025205195,0.000155956,9.5890864e-05,5.136451e-05,4.3368662e-05,3.0062729e-05
2017-08-21 17:00:00,6.2781495e-05,5.2429717e-05,0.000107530854,8.0744016e-05,7.8104094e-05,4.0461968e-05
2017-08-21 18:00:00,0.00013355573,0.0001550668,9.935718e-05,0.00015403969,8.04604e-05,3.6677033e-05
2017-08-21 19:00:00,8.044485e-05,3.992423e-05,6.225254e-05,2.7420738e-05,6.1141036e-05,3.882995e-05
2017-08-21 20:00:00,5.3930027e-05,3.4452227e-05,7.94874e-05,9.50634e-05,8.956425e-05,6.3344516e-05
2017-08-21 21:00:00,6.2798994e-05,2.8196167e-05,0.00010297917,6.098168e-05,5.558143e-05,3.4475095e-05
2017-08-21 22:00:00,9.007129e-05,0.00016043831,0.00010008448,9.214117e-05,3.762104e-05,0.00016466554
2017-08-21 23:00:00,0.000121291836,3.6638587e-05,3.525005e-05,6.80208e-05,0.00021773798,0.0005722928
2017-08-22 00:00:00,4.6882044e-05,6.16718e-05,0.00011609074,0.00040998848,0.00046637474,0.0005351317
2017-08-22 01:00:00,5.2966552e-05,9.702623e-05,0.00038509708,0.0006205177,0.0003654707,0.00038183428
2017-08-22 02:00:00,9.304233e-05,0.00037935976,0.00048156985,0.00037203316,0.00031064395,0.00047902876
2017-08-22 03:00:00,0.00034393894,0.00053859357,0.0004444276,0.0002815789,0.00035554488,0.00035737
2017-08-22 04:00:00,0.00043523125,0.00026721228,7.0298884e-05,0.000138175,0.00015960816,0.00036814273
2017-08-22 05:00:00,6.2484985e-05,0.00017698029,9.989896e-05,7.722831e-05,6.059654e-05,0.0005892379
2017-08-22 06:00:00,0.00017706343,6.16034e-05,5.882051e-05,9.362318e-05,0.00066837406,0.00050148135
2017-08-22 07:00:00,0.0001425856,0.0001153311,0.00022333638,0.0012685609,0.00071544095,0.00054525904
2017-08-22 08:00:00,4.671707e-05,0.00013602679,0.0009434718,0.0007343838,0.00031510292,0.00020135906
2017-08-22 09:00:00,0.00016294433,0.00067117263,0.00064348144,0.00053381536,0.00017498528,0.00013935876
2017-08-22 10:00:00,0.001102316,0.00057121925,0.00030833585,6.5974884e-05,5.971596e-05,4.300501e-05
2017-08-22 11:00:00,0.00037984058,0.00043490544,0.00059448445,0.000654238,0.00044854515,0.00043740813
2017-08-22 12:00:00,0.00019152046,0.00040954578,0.000499253,0.0004637783,0.0002829551,0.0005044305
2017-08-22 13:00:00,0.0004592281,0.00025085165,0.000263402,0.00017938219,0.00020129558,0.00016478088
2017-08-22 14:00:00,3.9476476e-05,5.3677537e-05,5.1619216e-05,4.4826338e-05,6.351574e-05,3.2221895e-05
2017-08-22 15:00:00,4.8914968e-05,7.28756e-05,5.616146e-05,8.16669e-05,4.8411395e-05,3.1528532e-05
2017-08-22 16:00:00,0.0001249724,3.7537568e-05,9.091784e-05,6.278253e-05,4.7011057e-05,4.1888004e-05
2017-08-22 17:00:00,0.00011839785,3.693227e-05,3.2874494e-05,5.6609253e-05,6.974087e-05,4.6589656e-05
2017-08-22 18:00:00,0.00013645554,7.6212484e-05,5.340348e-05,3.9129143e-05,4.8651727e-05,2.7178634e-05
2017-08-22 19:00:00,4.248285e-05,6.0840404e-05,8.970566e-05,5.8578156e-05,7.6968805e-05,3.3887973e-05
2017-08-22 20:00:00,7.651815e-05,8.069418e-05,5.4764503e-05,7.340162e-05,3.3894914e-05,6.4001884e-05
2017-08-22 21:00:00,5.8223646e-05,4.319025e-05,4.7806265e-05,3.9237584e-05,5.517714e-05,8.04858e-05
2017-08-22 22:00:00,6.252778e-05,3.894373e-05,6.895703e-05,3.9664872e-05,4.987413e-05,3.577412e-05
2017-08-22 23:00:00,3.480879e-05,4.7773978e-05,5.1564013e-05,6.042991e-05,5.7525016e-05,0.0001151083
2017-08-23 00:00:00,6.922083e-05,2.9939505e-05,7.809074e-05,4.1070885e-05,0.00010323896,0.00034746953
2017-08-23 01:00:00,5.223426e-05,9.1828464e-05,7.496187e-05,7.628121e-05,0.0002483715,0.00014176208
2017-08-23 02:00:00,6.18152e-05,3.5063655e-05,0.00015182994,0.00029720328,0.00017293994,0.00015145612
2017-08-23 03:00:00,5.1693358e-05,0.00021943921,0.00042876924,0.00020288852,0.00017269862,0.00063529116
2017-08-23 04:00:00,0.00030064976,0.00041238227,0.0001861007,0.00021969754,0.0004515061,0.00034323288
2017-08-23 05:00:00,0.00033259552,7.393353e-05,9.8247765e-05,0.00035794068,0.00021821442,0.00030723278
2017-08-23 06:00:00,0.00024431688,0.00011312996,0.00024202562,7.730101e-05,0.0001666309,0.0002363637
2017-08-23 07:00:00,6.754611e-05,0.00023993556,0.00027271514,0.00021955023,0.00036576047,0.00028147176
2017-08-23 08:00:00,0.00044389672,0.00017770662,0.0003296687,0.0004407023,0.0003090599,0.00019212767
2017-08-23 09:00:00,0.00021242646,3.1892836e-05,8.257938e-05,3.097034e-05,3.6200734e-05,2.9453473e-05
2017-08-23 10:00:00,0.00014921725,0.00020496505,0.00013031485,0.00013025335,0.00010523638,0.0002950181
2017-08-23 11:00:00,0.0001688006,5.404622e-05,3.3985372e-05,2.6720421e-05,0.0004023569,0.00077125296
2017-08-23 12:00:00,0.00020145735,0.00014640744,0.00011919704,0.00044765815,0.0006587523,0.00097433414
2017-08-23 13:00:00,4.9158236e-05,3.8296545e-05,0.00032320613,0.0009464467,0.00046861728,0.0007113027
2017-08-23 14:00:00,3.3366246e-05,0.00046391023,0.0010089863,0.00096964836,0.00060386537,0.00074023934
2017-08-23 15:00:00,0.0007608208,0.0007741329,0.0010388647,0.0007980415,0.00081686646,0.0010012141
2017-08-23 16:00:00,0.0006831099,0.0003224286,0.00056757213,0.0005992978,0.00034989696,0.00044968497
2017-08-23 17:00:00,4.7966765e-05,5.4389817e-05,3.7988095e-05,9.8546414e-05,8.969078e-05,3.0688632e-05
2017-08-23 18:00:00,8.726464e-05,3.986235e-05,0.00010462555,5.5687386e-05,3.5829366e-05,0.00024080926
2017-08-23 19:00:00,9.213974e-05,0.0001739505,8.91324e-05,3.599125e-05,0.00021654072,0.0001973942
2017-08-23 20:00:00,0.00013978696,6.446202e-05,4.9173323e-05,0.00021209588,0.00013254352,7.9023586e-05
2017-08-23 21:00:00,6.645407e-05,0.0001216064,0.00019032932,8.513562e-05,4.8458045e-05,2.702842e-05
2017-08-23 22:00:00,9.32424e-05,0.0001610828,0.00014738661,6.146332e-05,6.222538e-05,6.953805e-05
2017-08-23 23:00:00,0.00047465527,0.00016852259,0.000144199,0.00014727125,0.00014968701,7.015591e-05
2017-08-24 00:00:00,0.0001667859,0.00020703794,0.00014383011,0.00013783415,0.00025803983,0.00035263726
2017-08-24 01:00:00,8.9532834e-05,8.370318e-05,6.0408496e-05,0.0002672147,0.00028838048,0.0006998545
2017-08-24 02:00:00,5.2812662e-05,4.017073e-05,0.00018973628,0.00034290692,0.0005169022,0.0009366423
2017-08-24 03:00:00,3.671985e-05,0.00018554425,0.00036116762,0.00065369305,0.00097029895,0.00078578165
2017-08-24 04:00:00,0.00028553972,0.0003491128,0.00059533986,0.0008102011,0.0009737087,0.0011835276
2017-08-24 05:00:00,0.00015120962,0.00046335463,0.0007777111,0.0010443348,0.0005545491,0.00091231987
2017-08-24 06:00:00,0.00047719915,0.0009878083,0.0008000428,0.000617884,0.000722913,0.00047514308
2017-08-24 07:00:00,0.0005279449,0.00053856155,0.00045463865,0.00049527094,9.552125e-05,0.00010050227
2017-08-24 08:00:00,0.00015980528,0.00013022685,0.00023283933,0.00030174252,0.00042076546,0.00026463138
2017-08-24 09:00:00,6.934658e-05,9.026574e-05,0.00040797947,0.00062843895,0.00040819048,0.00067714055
2017-08-24 10:00:00,0.00013074244,0.00036964193,0.00079857087,0.000533158,0.0004676336,0.000460268
2017-08-24 11:00:00,0.0007451638,0.0005449267,0.0005856345,0.0005196129,0.00073166593,0.00043345845
2017-08-24 12:00:00,0.00036427772,0.00011883457,0.00019392013,0.00016176353,0.00012250079,3.3034037e-05
2017-08-24 13:00:00,0.0001925762,6.939199e-05,6.0376922e-05,8.8086716e-05,0.00012894988,0.00027092203
2017-08-24 14:00:00,0.00013959326,0.00012622894,5.609201e-05,0.00010513839,0.00015257114,0.00011963781
2017-08-24 15:00:00,3.9375558e-05,4.9855564e-05,0.00019758982,0.00026126707,0.00020619533,0.00021305693
2017-08-24 16:00:00,4.4387038e-05,0.00017362449,0.00028179347,0.00023855595,0.00015038959,0.0002675817
2017-08-24 17:00:00,0.0002796818,0.00020183512,0.00020774282,0.0001829755,0.00031895886,0.00012228178
2017-08-24 18:00:00,0.000102321865,6.7646746e-05,3.8571092e-05,0.00014338837,4.0127845e-05,5.9933638e-05
2017-08-24 19:00:00,5.643025e-05,6.130469e-05,0.00012505076,6.757727e-05,9.942748e-05,6.8253605e-05
2017-08-24 20:00:00,5.1929597e-05,0.00014551288,6.509469e-05,7.438294e-05,4.6096353e-05,5.727672e-05
2017-08-24 21:00:00,0.00024814784,4.5543373e-05,0.000103538434,4.289285e-05,4.34806e-05,9.0434034e-05
2017-08-24 22:00:00,0.00025701092,0.000257352,0.00022015531,0.00018336141,0.00023820628,0.00019102474
2017-08-24 23:00:00,8.7577675e-05,2.9745768e-05,6.0550752e-05,0.00015199932,5.5201413e-05,0.000105171704
2017-08-25 00:00:00,6.921042e-05,4.0883926e-05,7.794302e-05,3.393298e-05,5.742241e-05,8.024635e-05
2017-08-25 01:00:00,6.148767e-05,7.9911435e-05,7.385148e-05,0.00012291753,3.921497e-05,0.00020904554
2017-08-25 02:00:00,0.00015369224,5.39098e-05,0.00010583545,7.651294e-05,0.00021439018,7.1466246e-05
2017-08-25 03:00:00,0.00011574754,4.0869934e-05,0.00017641237,0.00014658779,4.941221e-05,0.0001471892
2017-08-25 04:00:00,9.830439e-05,8.855086e-05,0.00021570662,3.897838e-05,0.00017182801,5.7399986e-05
2017-08-25 05:00:00,0.00023499661,0.000115541916,5.65235e-05,0.00012555033,4.5753495e-05,0.0001731118
2017-08-25 06:00:00,0.00034934748,0.00014772284,0.00042459456,0.00013477454,0.00027320936,0.00020526392
2017-08-25 07:00:00,0.0002718262,4.2242464e-05,0.00017321977,3.5238325e-05,6.819928e-05,3.7485435e-05
2017-08-25 08:00:00,0.00034142393,2.0005678e-05,0.00020378272,9.029478e-05,0.00011669074,0.00017983394
2017-08-25 09:00:00,0.00031358277,3.3630837e-05,0.00012810784,4.1696294e-05,4.3144628e-05,2.5931178e-05
2017-08-25 10:00:00,0.00021020112,8.116148e-05,0.00026911608,0.00021355216,0.00018792877,0.00021033363
2017-08-25 11:00:00,0.00014492165,4.17929e-05,2.6598995e-05,3.7602746e-05,4.8627106e-05,0.00014258685
2017-08-25 12:00:00,0.00015102445,7.606937e-05,9.724743e-05,0.00011583543,0.00017499457,0.00023303769
2017-08-25 13:00:00,5.1024992e-05,4.7060654e-05,7.175771e-05,0.00011607783,0.00014394712,9.949719e-05
2017-08-25 14:00:00,7.771075e-05,7.264422e-05,0.00019076432,0.00021678313,0.00014036165,0.00013991793
2017-08-25 15:00:00,8.016935e-05,0.00016307004,0.00019358943,0.000112415444,8.334479e-05,6.300865e-05
2017-08-25 16:00:00,0.00013496549,0.00018480526,0.00011146735,8.1577025e-05,4.7204256e-05,5.267381e-05
2017-08-25 17:00:00,8.4031795e-05,2.4192339e-05,3.1662446e-05,6.4556116e-05,5.7948262e-05,7.422736e-05
2017-08-25 18:00:00,0.000104951105,7.5706615e-05,0.00012354593,8.926195e-05,0.000121213234,5.693068e-05
2017-08-25 19:00:00,3.2794313e-05,6.892022e-05,5.228999e-05,8.607258e-05,4.0642568e-05,4.1711595e-05
2017-08-25 20:00:00,0.00010767692,4.7639503e-05,0.00010085609,2.75216e-05,3.997308e-05,5.0051505e-05
2017-08-27 21:00:00,9.224609e-05,4.659588e-05,7.77407e-05,8.0766906e-05,5.0531322e-05,5.171354e-05
2017-08-27 22:00:00,7.870963e-05,5.170146e-05,7.438816e-05,4.4226555e-05,6.338201e-05,0.00015636969
2017-08-27 23:00:00,0.00013873758,0.00012995942,5.5238168e-05,2.5838539e-05,9.795354e-05,0.0001518044
2017-08-28 00:00:00,3.6752655e-05,6.9965834e-05,0.000108075656,0.00018703111,0.00017812634,0.00018246706
2017-08-28 01:00:00,0.00010279359,0.00014146691,0.00023128116,0.0003626204,0.00023535146,0.00021318949
2017-08-28 02:00:00,0.00010604594,0.00011919901,0.00023100637,0.00019367314,0.0001836069,0.0001903031
2017-08-28 03:00:00,0.00011678202,0.00020072648,0.00015299857,0.000117083844,0.00018319958,9.152118e-05
2017-08-28 04:00:00,0.00014181875,8.261314e-05,9.048444e-05,0.00013728844,0.00012831733,0.00017032921
2017-08-28 05:00:00,4.257746e-05,4.485999e-05,3.358886e-05,0.0002122577,0.00028211385,0.00062519335
2017-08-28 06:00:00,4.830384e-05,3.9033283e-05,0.00029999315,0.0003519999,0.00036574603,0.0005607915
2017-08-28 07:00:00,5.2708918e-05,0.00026210665,0.00028704954,0.00048482532,0.0003286209,0.00080090185
2017-08-28 08:00:00,0.0003530115,0.0003686994,0.0006840812,0.00069622585,0.0009823932,0.0006693886
2017-08-28 09:00:00,0.00014681082,0.0003258804,0.00041359014,0.00066386256,0.0005309112,0.00081959355
2017-08-28 10:00:00,0.00027323503,0.0002932791,0.00062811485,0.00041725568,0.0007648396,0.000645374
2017-08-28 11:00:00,0.00013359876,0.00051664707,0.0005200826,0.000521632,0.0003437763,0.000403521
2017-08-28 12:00:00,0.0005322966,0.00037650415,0.00060317724,0.0004861356,0.00025130567,0.00025927936
2017-08-28 13:00:00,4.5738405e-05,0.00013968219,8.7047265e-05,6.0294667e-05,6.9212714e-05,3.5373017e-05
2017-08-28 14:00:00,0.0002523425,0.000105742365,3.951756e-05,5.9598082e-05,3.6437425e-05,4.1594587e-05
2017-08-28 15:00:00,0.0001283242,0.0001769747,0.0002502274,0.00019210565,0.00011335084,0.00017576972
2017-08-28 16:00:00,0.00010529283,0.00017069936,6.589541e-05,9.455963e-05,0.00010304814,8.638579e-05
2017-08-28 17:00:00,8.295862e-05,3.2344546e-05,3.3897904e-05,6.561223e-05,4.1956286e-05,3.4481032e-05
2017-08-28 18:00:00,8.342261e-05,4.8429152e-05,3.4568675e-05,3.5948386e-05,5.354252e-05,4.7186335e-05
2017-08-28 19:00:00,5.012e-05,9.145424e-05,5.4637345e-05,2.7048334e-05,3.7732967e-05,0.00011719087
2017-08-28 20:00:00,0.000102222264,4.9584363e-05,3.8267804e-05,2.9292976e-05,0.000117020325,5.1346044e-05
2017-08-28 21:00:00,5.0836043e-05,5.28786e-05,5.741455e-05,6.32796e-05,4.293003e-05,6.4095046e-05
2017-08-28 22:00:00,5.753775e-05,3.9012677e-05,0.00010126127,5.1361156e-05,8.4337094e-05,0.00013793842
2017-08-28 23:00:00,5.260156e-05,9.584138e-05,9.8799566e-05,0.00011264808,0.000105853615,0.00022283154
2017-08-29 00:00:00,0.0001664655,8.647939e-05,0.000100006124,0.00015602361,0.00026430681,0.00023604147
2017-08-29 01:00:00,8.47893e-05,4.1647138e-05,5.9121223e-05,0.00025482968,0.00012656336,0.0005404733
2017-08-29 02:00:00,5.8179266e-05,0.00011221647,0.00024844563,0.00024867553,0.0005128887,0.00049002277
2017-08-29 03:00:00,0.00010092606,0.000250183,0.00013398867,0.00065599,0.00048509942,0.00085841015
2017-08-29 04:00:00,0.00020457726,0.00011413875,0.0006190962,0.0005716155,0.00062337157,0.00046179083
2017-08-29 05:00:00,5.849928e-05,0.00030619424,0.0005621419,0.00038135808,0.00037835998,0.00029736737
2017-08-29 06:00:00,0.0006192874,0.00044996885,0.00058497937,0.0003508677,0.00028703868,0.00037420006
2017-08-29 07:00:00,0.00033840621,0.00029058132,4.6871544e-05,0.00011604845,0.00021879087,9.984691e-05
2017-08-29 08:00:00,4.746444e-05,0.00016156356,9.890256e-05,3.619816e-05,7.186238e-05,9.588996e-05
2017-08-29 09:00:00,0.00040457226,0.00015439946,3.5603192e-05,0.00015528542,8.8707e-05,0.0001347475
2017-08-29 10:00:00,0.00013134352,0.0002332567,7.4373515e-05,9.053728e-05,5.5890185e-05,0.00025346386
2017-08-29 11:00:00,0.00018675214,3.871902e-05,2.3209339e-05,4.64763e-05,0.000112020476,0.00015345674
2017-08-29 12:00:00,0.0001681684,0.00014413295,0.00014575257,3.9309645e-05,5.953559e-05,7.6446835e-05
2017-08-29 13:00:00,4.5365592e-05,5.4737433e-05,0.00015928251,0.00020181027,5.8942187e-05,3.7209033e-05
2017-08-29 14:00:00,8.2658094e-05,0.00011634947,0.0001052551,3.6625548e-05,4.791539e-05,4.9217142e-05
2017-08-29 15:00:00,0.0002512323,0.00017885685,7.059625e-05,8.377022e-05,3.9519233e-05,3.382951e-05
2017-08-29 16:00:00,7.434909e-05,0.00010628703,0.0001020009,0.00014233262,0.00014621929,0.00010539888
2017-08-29 17:00:00,0.00014763836,0.00012710178,0.0002168795,0.0001589603,0.00012841357,5.8108217e-05
2017-08-29 18:00:00,4.22917e-05,9.785129e-05,8.4331536e-05,3.105006e-05,0.00017960173,4.257171e-05
2017-08-29 19:00:00,7.360407e-05,7.516393e-05,3.736788e-05,0.0002181951,6.21821e-05,4.6404424e-05
2017-08-29 20:00:00,3.5013076e-05,5.362736e-05,0.00020153185,0.0001373163,3.347523e-05,5.870835e-05
2017-08-29 21:00:00,7.2317605e-05,0.00023067002,0.00012332712,3.8355527e-05,7.445278e-05,7.4104304e-05
2017-08-29 22:00:00,0.00028737445,5.325398e-05,5.126937e-05,4.3741613e-05,4.9841117e-05,7.411563e-05
2017-08-29 23:00:00,0.00016578441,0.00025364652,0.000113524526,0.00010565686,7.7693134e-05,9.0629015e-05
2017-08-30 00:00:00,0.00018082005,7.110782e-05,4.4288176e-05,2.9984578e-05,4.5921995e-05,0.00026953942
2017-08-30 01:00:00,8.756638e-05,0.00012549841,9.761994e-05,0.0001280155,0.00019567896,0.00024530815
2017-08-30 02:00:00,7.168154e-05,6.651318e-05,6.306338e-05,0.0002778884,0.0003437358,0.00027440835
2017-08-30 03:00:00,4.794445e-05,2.6416928e-05,0.0002559305,0.00029891,0.00021243651,0.00036378187
2017-08-30 04:00:00,7.1694456e-05,0.00030543335,0.00046493718,0.00028667346,0.00029479,0.00042829852
2017-08-30 05:00:00,0.0004214527,0.0005473151,0.00036558503,0.00034931072,0.0006190789,0.000497931
2017-08-30 06:00:00,0.00017521057,2.9643465e-05,2.5847296e-05,0.00017369691,0.00015399163,0.00018635015
2017-08-30 07:00:00,0.00020008232,0.00016088146,0.00011760568,6.0214654e-05,9.45012e-05,0.00029157425
2017-08-30 08:00:00,7.6650365e-05,0.000337205,0.000201023,0.00025108646,0.00054032257,0.00025256458
2017-08-30 09:00:00,0.00037628232,0.0002124997,0.000272223,0.00054239965,0.00020416714,0.0002357671
2017-08-30 10:00:00,0.000115250376,4.609473e-05,0.0002517026,2.9268394e-05,4.787093e-05,0.00014546001
2017-08-30 11:00:00,7.473739e-05,0.00025977925,0.000108276094,8.013185e-05,0.00020923113,0.0002748461
2017-08-30 12:00:00,0.00037129715,7.9029e-05,7.415706e-05,0.00016818607,0.0002088382,0.00023867421
2017-08-30 13:00:00,0.0002161293,0.00022945023,5.8622587e-05,6.0486433e-05,4.774951e-05,0.00012308781
2017-08-30 14:00:00,3.935651e-05,0.0001239609,0.00025164394,0.00027008267,6.9066235e-05,8.578451e-05
2017-08-30 15:00:00,0.00026553962,0.00026748178,0.00027670802,7.141218e-05,7.9207675e-05,9.1065136e-05
2017-08-30 16:00:00,0.00012123477,6.932274e-05,0.00010082865,7.851287e-05,3.610913e-05,3.367817e-05
2017-08-30 17:00:00,7.821076e-05,0.00027287335,0.00017003872,0.00013332402,7.023225e-05,0.00013099662
2017-08-30 18:00:00,0.00026234007,0.0001159326,8.692302e-05,3.676105e-05,0.00011660823,0.00023235331
2017-08-30 19:00:00,7.507214e-05,5.923446e-05,0.00016213837,3.94022e-05,7.591146e-05,3.827712e-05
2017-08-30 20:00:00,8.191527e-05,0.000104485356,3.3061813e-05,0.000112369664,5.7304314e-05,9.809951e-05
2017-08-30 21:00:00,0.00010282043,5.2655843e-05,0.000109083594,8.1023725e-05,0.000100024,9.150361e-05
2017-08-30 22:00:00,0.00015146012,0.00023609695,0.00018775403,0.00018948046,0.00012585521,0.00013058979
2017-08-30 23:00:00,0.00014570415,7.432097e-05,0.00011652477,0.00013102205,6.34067e-05,0.00019764209
2017-08-31 00:00:00,8.0100486e-05,3.1256506e-05,3.08771e-05,5.766248e-05,0.00010910349,9.0087684e-05
2017-08-31 01:00:00,9.610229e-05,5.6351248e-05,2.5625808e-05,0.00014683616,0.00012795262,0.00023687007
2017-08-31 02:00:00,4.50435e-05,4.144963e-05,0.000117766635,0.00013480747,0.00013007848,0.000116343545
2017-08-31 03:00:00,6.8973015e-05,0.00019657731,0.00014882944,0.00022299014,0.00014507104,0.00014643703
2017-08-31 04:00:00,0.0003080288,0.00021235792,0.0002532535,0.00020836887,0.00012311374,4.2408625e-05
2017-08-31 05:00:00,5.72411e-05,6.702944e-05,2.7345655e-05,3.118872e-05,0.00014278234,0.00011689995
2017-08-31 06:00:00,0.00013390169,4.158262e-05,3.615358e-05,0.00018047329,7.881734e-05,9.927228e-05
2017-08-31 07:00:00,7.1431976e-05,7.1669e-05,0.0002546739,0.00012709737,0.00014455835,0.000223581
2017-08-31 08:00:00,3.8003447e-05,0.00017912932,0.000119652155,0.0001054748,0.00014288771,9.941106e-05
2017-08-31 09:00:00,0.00030251383,0.00010593251,0.00017007321,0.00016647774,0.00012108604,0.00011877039
2017-08-31 10:00:00,0.00018361016,0.00011158263,3.9399594e-05,0.000103811304,5.3800002e-05,3.8919665e-05
2017-08-31 11:00:00,5.960694e-05,8.063433e-05,4.0016515e-05,7.3479474e-05,0.0001343334,8.11336e-05
2017-08-31 12:00:00,7.685205e-05,3.5952493e-05,5.400326e-05,0.000131833,7.240699e-05,3.0738986e-05
2017-08-31 13:00:00,7.183838e-05,3.250303e-05,7.546203e-05,3.4606757e-05,4.8677317e-05,7.956713e-05
2017-08-31 14:00:00,7.584619e-05,0.00012491929,5.9086116e-05,2.6842932e-05,3.0216812e-05,3.846154e-05
2017-08-31 15:00:00,0.00013473055,3.445522e-05,5.427429e-05,7.1260845e-05,6.81945e-05,3.3753488e-05
2017-08-31 16:00:00,0.000120070305,0.00013681989,0.00018057505,0.00015899118,8.773523e-05,0.00013797305
2017-08-31 17:00:00,7.430577e-05,6.901557e-05,8.35328e-05,3.5100842e-05,8.4107654e-05,0.00011397378
2017-08-31 18:00:00,5.8148667e-05,3.0311538e-05,3.7960814e-05,7.226167e-05,6.7043016e-05,0.00015883689
2017-08-31 19:00:00,3.8786628e-05,4.464151e-05,4.7847592e-05,5.8997375e-05,0.00013973386,9.3942916e-05
2017-08-31 20:00:00,0.00010146495,5.1680363e-05,4.2871216e-05,0.00014776147,6.7235254e-05,4.592179e-05
2017-08-31 21:00:00,0.00011224445,0.00012783897,0.0002248446,0.00013399526,7.482078e-05,7.759894e-05
2017-08-31 22:00:00,4.7112473e-05,0.00013756796,4.8089852e-05,3.373058e-05,4.759254e-05,3.0637788e-05
2017-08-31 23:00:00,0.00012096837,6.202531e-05,3.899881e-05,3.964516e-05,3.3926182e-05,7.7308185e-05
2017-09-01 00:00:00,7.541758e-05,0.00012744198,0.00011463815,8.864713e-05,3.6454683e-05,0.00013371269
2017-09-01 01:00:00,7.315169e-05,7.214303e-05,5.0840255e-05,7.21538e-05,0.00016024655,4.5971672e-05
2017-09-01 02:00:00,4.2474832e-05,3.858995e-05,9.336922e-05,0.00034069468,4.4257256e-05,9.5234915e-05
2017-09-01 03:00:00,3.2694657e-05,9.138033e-05,0.0003016569,4.340171e-05,5.9048758e-05,0.00022554162
2017-09-01 04:00:00,0.00014348728,0.00020827158,3.5439978e-05,8.526357e-05,0.00020000203,0.00016755851
2017-09-01 05:00:00,0.00025067118,4.3237447e-05,0.00019401475,0.00036427338,0.00021351861,0.00014173432
2017-09-01 06:00:00,0.0004085527,0.00044150997,0.00048091979,0.0005507574,0.00035113862,0.0001860969
2017-09-01 07:00:00,0.0001613119,0.00019706997,0.00018185163,9.050051e-05,4.686567e-05,0.00087502133
2017-09-01 08:00:00,0.00024174886,0.00017829961,4.2988526e-05,0.000100048186,0.00049480883,0.00096078124
2017-09-01 09:00:00,6.307666e-05,0.00016652598,0.0002481794,0.0007108874,0.0006892998,0.00087771623
2017-09-01 10:00:00,0.00020774691,0.00025507226,0.0008641517,0.00072077586,0.00074208505,0.0007564659
2017-09-01 11:00:00,0.00018107115,0.0009374358,0.00083918474,0.0011492361,0.0006282506,0.00080442126
2017-09-01 12:00:00,0.0016704003,0.0012510824,0.0012349044,0.00095684966,0.0008463777,0.0015981628
2017-09-01 13:00:00,5.959206e-05,0.00028734267,0.0001968708,5.374083e-05,0.00061534444,0.00057608087
2017-09-01 14:00:00,0.00018029634,0.00010626025,0.00010581838,0.0007421316,0.00043112604,0.0008654092
2017-09-01 15:00:00,8.581375e-05,0.0001270543,0.00045988773,0.00031740233,0.0005159369,0.0009734309
2017-09-01 16:00:00,9.3499926e-05,0.0007563454,0.0005347773,0.00083442475,0.00059515465,0.000979245
2017-09-01 17:00:00,0.0007839631,0.00063904125,0.00080699177,0.00087824016,0.0006767252,0.00062796596
2017-09-01 18:00:00,0.00010196889,0.00026711152,0.00042099817,0.00028066165,5.8647314e-05,2.7922315e-05
2017-09-01 19:00:00,0.0004110332,0.0003984288,0.00040467543,0.0001248225,9.002052e-05,5.9958897e-05
2017-09-01 20:00:00,0.0001678318,0.000106844076,0.00023317707,0.00023173721,0.0002039343,0.00028105895
2017-09-03 21:00:00,4.5665493e-05,0.00040708043,0.00043489836,0.0003069236,0.00037017476,0.00043806338
2017-09-03 22:00:00,0.00043844464,0.00040008005,0.0003606224,0.00048625318,0.00039860155,0.00015320434
2017-09-03 23:00:00,7.444221e-05,8.902104e-05,6.900377e-05,0.00012415602,5.868896e-05,5.230292e-05
2017-09-04 00:00:00,4.0033156e-05,8.203733e-05,8.790104e-05,0.000113568654,6.3856154e-05,3.981784e-05
2017-09-04 01:00:00,7.763368e-05,9.93112e-05,0.00012783344,9.22657e-05,3.6978054e-05,6.3109226e-05
2017-09-04 02:00:00,5.6635745e-05,0.00019867548,0.00014143478,4.82148e-05,0.000102519574,0.00015715123
2017-09-04 03:00:00,0.00025276883,0.00013322088,9.609352e-05,0.0001219107,0.0001349166,0.00017913911
2017-09-04 04:00:00,4.5771532e-05,0.00011662161,5.4178803e-05,5.6738216e-05,5.5303888e-05,0.000108766995
2017-09-04 05:00:00,0.00014389433,3.5225978e-05,3.5279543e-05,5.77712e-05,8.907629e-05,4.49995e-05
2017-09-04 06:00:00,0.00010883374,0.000113269074,0.00014571444,3.7473186e-05,0.000115674266,0.00010971945
2017-09-04 07:00:00,7.3582e-05,9.641306e-05,7.739574e-05,4.9461447e-05,7.4758995e-05,0.0002996011
2017-09-04 08:00:00,7.4375945e-05,0.000135262,4.5354078e-05,6.0334234e-05,0.00019111963,0.00033319107
2017-09-04 09:00:00,0.00019922917,4.770678e-05,4.1667394e-05,0.00018943404,0.00037457456,0.00052191917
2017-09-04 10:00:00,0.0001653863,0.00015511074,0.00045565315,0.00055445684,0.00039473205,0.00063210534
2017-09-04 11:00:00,5.2851323e-05,0.00032469767,0.0004884782,0.0006296378,0.00046975867,0.0005337754
2017-09-04 12:00:00,0.00032485274,0.0005061663,0.00061418227,0.00070578366,0.00044827635,0.00036037428
2017-09-04 13:00:00,0.00035611546,0.00027763023,0.00037819758,0.00041827516,0.00016033408,0.0002710578
2017-09-04 14:00:00,8.991161e-05,9.754597e-05,0.00010210836,3.0437652e-05,5.4507374e-05,7.923477e-05
2017-09-04 15:00:00,4.1271793e-05,3.1438434e-05,5.8233774e-05,2.438704e-05,4.4717905e-05,0.00010189929
2017-09-04 16:00:00,3.9872317e-05,6.991977e-05,3.4747576e-05,3.265828e-05,0.00012585559,0.00017789986
2017-09-04 17:00:00,0.0001149463,3.6446767e-05,3.6569847e-05,0.00015291719,0.00019785367,0.00022576272
2017-09-04 18:00:00,8.887516e-05,8.884428e-05,8.9609624e-05,0.00011028234,0.00010158813,9.273582e-05
2017-09-04 19:00:00,3.9423754e-05,0.00013440827,0.00021775195,0.00012317946,0.00013079339,9.920966e-05
2017-09-04 20:00:00,0.00021212421,0.00017752063,0.00019313763,0.00015601281,0.00010618112,0.00012943851
2017-09-04 21:00:00,0.00012340085,6.159237e-05,4.189652e-05,3.1769014e-05,4.486001e-05,7.620046e-05
2017-09-04 22:00:00,4.759986e-05,8.324832e-05,8.351977e-05,4.957396e-05,9.4597584e-05,0.00023266888
2017-09-04 23:00:00,8.1733364e-05,5.903646e-05,5.3967247e-05,0.00015403431,0.00020202424,0.0006737622
2017-09-05 00:00:00,4.9880146e-05,3.0866806e-05,8.893585e-05,0.00014215951,0.0005670681,0.0008596238
2017-09-05 01:00:00,4.0847764e-05,6.775976e-05,0.00021362248,0.00058376417,0.0006942137,0.0011761942
2017-09-05 02:00:00,9.579123e-05,0.00013752145,0.00079162506,0.0012012378,0.00085452426,0.00080355053
2017-09-05 03:00:00,0.00014594849,0.00061214395,0.0009963555,0.001080871,0.00071507227,0.000674779
2017-09-05 04:00:00,0.00067055755,0.0011352891,0.0012654542,0.00059233134,0.000567729,0.00079303066
2017-09-05 05:00:00,0.0005827939,0.00073055,0.00041118514,0.0001364479,0.00030985533,0.00014525473
2017-09-05 06:00:00,0.0002710893,9.540169e-05,0.00017517825,7.473555e-05,0.00022380507,0.00023435515
2017-09-05 07:00:00,0.00043269637,0.0004076796,0.00023577195,0.000368223,0.000268346,0.0004811795
2017-09-05 08:00:00,8.454289e-05,4.036002e-05,0.00016855405,0.00023266436,0.00019924162,0.00014799146
2017-09-05 09:00:00,0.0001663764,0.00012143149,0.00012079457,0.00016776976,9.950149e-05,0.00017703015
2017-09-05 10:00:00,0.00026167842,0.0002537821,0.00022019164,0.0002812482,0.00026012672,0.0005879572
2017-09-05 11:00:00,9.18501e-05,7.228992e-05,6.667539e-05,0.00021485303,0.00030591933,0.00051275734
2017-09-05 12:00:00,3.2934713e-05,3.599563e-05,0.00013500937,0.00039110612,0.00038410645,0.0008091184
2017-09-05 13:00:00,4.4424218e-05,0.00014200647,0.00041229208,0.00036093482,0.0003788668,0.0006371389
2017-09-05 14:00:00,0.00017234865,0.00037688928,0.0005785619,0.0007937451,0.0006432133,0.00073306414
2017-09-05 15:00:00,0.00027967273,0.0004985906,0.0007464768,0.00057846145,0.0006390063,0.00044238294
2017-09-05 16:00:00,0.00017928815,0.00039998489,0.0003957565,0.0005428815,0.0003881794,0.00036634802
2017-09-05 17:00:00,0.00060884195,0.0002980051,0.00032551715,0.00021341514,0.0002277668,0.00024226833
2017-09-05 18:00:00,7.339666e-05,3.8905542e-05,7.3345414e-05,2.7831604e-05,6.670885e-05,6.876134e-05
2017-09-05 19:00:00,6.978783e-05,6.155935e-05,4.4042637e-05,4.2991483e-05,3.884405e-05,5.9993195e-05
2017-09-05 20:00:00,0.00016319992,2.9432858e-05,0.00010629599,0.00010825715,9.91209e-05,0.00015315534
2017-09-05 21:00:00,0.000102001846,3.772677e-05,3.5338046e-05,3.0398074e-05,7.200735e-05,3.9814677e-05
2017-09-05 22:00:00,0.00013285912,8.045892e-05,0.00010460683,0.00017418509,5.2394924e-05,6.0757604e-05
2017-09-05 23:00:00,3.162361e-05,3.6040787e-05,0.000121264915,5.5332646e-05,8.0898484e-05,0.00035486478
2017-09-06 00:00:00,5.508814e-05,9.638953e-05,4.7016674e-05,0.00015611711,0.00022169408,0.00026625878
2017-09-06 01:00:00,0.00012625882,5.640726e-05,0.00015834575,0.0004386445,0.00026670104,0.0003857635
2017-09-06 02:00:00,0.00020208003,0.00027181592,0.00039074497,0.0003385908,0.0005275118,0.00035400127
2017-09-06 03:00:00,0.00017095004,0.00041428607,0.00022348814,0.00039581326,0.00023158143,0.0002553642
2017-09-06 04:00:00,0.00020465082,0.0001410989,0.0003445335,0.00021208532,0.0001775055,0.00038284602
2017-09-06 05:00:00,4.2670395e-05,0.00012773735,7.140072e-05,9.4058654e-05,0.000240715,0.0003322758
2017-09-06 06:00:00,0.00018259337,7.656437e-05,0.000114904986,0.0003952374,0.00050545856,0.00048784018
2017-09-06 07:00:00,0.00018074253,6.2031446e-05,0.00030492927,0.00035862846,0.00034989277,0.0002499645
2017-09-06 08:00:00,6.514895e-05,0.00034440382,0.0004128062,0.00035622797,0.00042077136,0.000330168
2017-09-06 09:00:00,0.0004545291,0.00048121894,0.0005124743,0.00047888944,0.000300827,0.00050163735
2017-09-06 10:00:00,0.0001907894,0.00022872297,0.00019735184,2.3174438e-05,0.00021351219,0.00023771296
2017-09-06 11:00:00,0.0001288329,7.9442936e-05,0.0001229394,0.00020459438,0.000207392,0.00034975653
2017-09-06 12:00:00,3.2632954e-05,0.00021795949,0.00010231822,0.00019459732,0.0002405147,0.00028265797
2017-09-06 13:00:00,0.0002821206,0.00013711768,0.00021784802,0.00027970364,0.00022773856,0.00034323585
2017-09-06 14:00:00,0.00046044192,0.00043395354,0.0005384455,0.0005146473,0.00039442803,0.0003886507
2017-09-06 15:00:00,0.0001261653,0.00019541966,0.00022340938,0.00030737906,0.00011826069,0.00011264045
2017-09-06 16:00:00,0.00015187112,0.00013052562,0.0002083449,8.3930514e-05,5.9812523e-05,0.000112246926
2017-09-06 17:00:00,3.531204e-05,0.0001210888,6.288862e-05,6.7355075e-05,4.0246032e-05,5.1963725e-05
2017-09-06 18:00:00,0.00015453485,6.840988e-05,0.00010910341,3.7773258e-05,4.322281e-05,0.00020766776
2017-09-06 19:00:00,0.00018089976,0.0002524263,0.0001087196,0.00012950726,8.617224e-05,6.228768e-05
2017-09-06 20:00:00,4.228897e-05,5.1315285e-05,2.7935585e-05,0.00026193683,0.00022520244,0.00025585774
2017-09-06 21:00:00,0.0001280046,4.38182e-05,0.0003020382,0.00016701722,0.00025855337,0.00025025883
2017-09-06 22:00:00,8.335825e-05,0.00014801449,0.00022115717,0.00026136113,0.00015137304,0.00019922241
2017-09-06 23:00:00,0.00034917556,0.00026621987,0.00022151318,0.0001801933,0.00026464593,6.788844e-05
2017-09-07 00:00:00,6.0400344e-05,7.450614e-05,4.120854e-05,6.874451e-05,0.00013537359,0.00015964646
2017-09-07 01:00:00,7.658479e-05,3.3025095e-05,5.404389e-05,0.00014919646,0.00016420186,0.0002527684
2017-09-07 02:00:00,7.889958e-05,3.5647397e-05,0.00026322572,0.00019542745,0.00032237824,5.620036e-05
2017-09-07 03:00:00,9.0349735e-05,0.00017432285,0.00023804462,0.00014712685,4.8527236e-05,0.00031029014
2017-09-07 04:00:00,0.00034221064,0.00026451718,0.0003840023,3.1992677e-05,0.00018814836,0.00051921926
2017-09-07 05:00:00,3.5756257e-05,8.779738e-05,0.00021535873,0.00041254083,0.00052562414,0.0006333512
2017-09-07 06:00:00,0.0001178144,0.0001798481,0.00035804597,0.00062282727,0.00058250496,0.0005649618
2017-09-07 07:00:00,0.00048212148,0.0005562864,0.00085554173,0.00066947116,0.00039349982,0.000106713174
2017-09-07 08:00:00,0.00046904705,0.00047094267,0.0005460517,0.00035688968,0.00012015063,0.0001939047
2017-09-07 09:00:00,0.00044337957,0.00026903508,7.353186e-05,0.0004902849,0.0003731482,0.00026798964
2017-09-07 10:00:00,0.00012415487,0.00023140557,0.00082807173,0.00067374,0.0005666605,0.00060683733
2017-09-07 11:00:00,0.00020709434,0.0006935823,0.00079233607,0.0005470858,0.0005652134,0.0005039256
2017-09-07 12:00:00,0.0006588011,0.00043728654,0.00041359634,0.0004955736,0.0005753853,0.0004774122
2017-09-07 13:00:00,9.093867e-05,0.000104471364,4.3619224e-05,0.00015355217,0.00016037987,0.00022938283
2017-09-07 14:00:00,0.00026077888,3.4026325e-05,0.00014668464,0.00015834741,0.00014436955,0.00030718694
2017-09-07 15:00:00,0.00024375951,0.00032594433,0.0003812825,0.00044321886,0.0004725305,0.00034229923
2017-09-07 16:00:00,0.00031093453,0.0002349257,0.00025227014,0.0003631383,0.00023912522,0.00022693358
2017-09-07 17:00:00,5.1720657e-05,5.233006e-05,0.00020976238,0.00011331194,6.560631e-05,6.8647954e-05
2017-09-07 18:00:00,8.981507e-05,0.00024675822,0.00013467763,3.903231e-05,6.309036e-05,4.1686024e-05
2017-09-07 19:00:00,0.00027586112,6.301022e-05,3.326032e-05,2.1926864e-05,3.439022e-05,5.7760102e-05
2017-09-07 20:00:00,0.00021719022,0.00015912857,0.0001641038,0.00017575851,0.00016635758,0.00024488667
2017-09-07 21:00:00,7.798374e-05,6.6321096e-05,9.35148e-05,0.00012854002,0.00014378074,0.00022789394
2017-09-07 22:00:00,3.4527402e-05,3.7359212e-05,5.4634034e-05,0.0001340184,0.00014826175,0.00023855553
2017-09-07 23:00:00,6.926398e-05,9.171179e-05,0.0001383907,0.00017840174,0.00016671214,0.00027222716
2017-09-08 00:00:00,7.5551565e-05,0.000100909034,0.00015027543,0.00021232614,0.00027933408,0.000270384
2017-09-08 01:00:00,6.900766e-05,0.00013453445,0.0001575647,0.00027506438,0.00024434732,0.00013336197
2017-09-08 02:00:00,7.9046324e-05,0.00011581015,0.00022715439,0.00021109909,0.000102701015,9.1253445e-05
2017-09-08 03:00:00,6.755566e-05,0.00018287815,0.00018140889,6.484797e-05,5.851533e-05,0.00020153918
2017-09-08 04:00:00,0.00020667612,0.00010594329,4.7361234e-05,2.488593e-05,0.00021879595,0.00031632208
2017-09-08 05:00:00,3.937095e-05,7.729684e-05,0.00015240267,0.0004945117,0.00037864927,0.00025818025
2017-09-08 06:00:00,0.00018289768,0.00017537839,0.0003108331,0.000455408,0.000234528,0.0002093382
2017-09-08 07:00:00,5.2536718e-05,0.00033783398,0.0003486837,0.00014266366,0.00031526957,0.00018690797
2017-09-08 08:00:00,0.00026749662,0.00027351195,0.00018970978,0.00046776005,0.00015590856,0.00020461142
2017-09-08 09:00:00,5.0441766e-05,0.00014372243,0.0005634093,0.0004924547,0.0005133497,0.0007376556
2017-09-08 10:00:00,0.00021577238,0.00077401026,0.0003754851,0.00048722187,0.0006960353,0.0008002825
2017-09-08 11:00:00,0.0007255295,0.00043386908,0.00042256856,0.00076925516,0.0003600803,0.00041832926
2017-09-08 12:00:00,0.00027040445,0.0001635464,0.00011279935,4.2985015e-05,3.9250168e-05,3.2387317e-05
2017-09-08 13:00:00,3.6418365e-05,0.00025093238,0.00017528205,0.00015349047,0.00018059154,0.00021509381
2017-09-08 14:00:00,0.000411383,0.0001604765,0.0001557651,0.00015144346,0.00019392786,4.6220677e-05
2017-09-08 15:00:00,0.00028057158,0.00011601111,0.00011784089,3.0742973e-05,0.00018527692,0.0001738763
2017-09-08 16:00:00,5.7519508e-05,6.5575674e-05,0.00016555116,9.876469e-05,0.00012290924,0.00012157168
2017-09-08 17:00:00,6.3648666e-05,0.00013580394,0.00015821286,0.00011159116,0.00016361271,0.00012906686
2017-09-08 18:00:00,0.0001451158,0.00023594497,0.00020863263,0.00023658764,0.00013932078,0.00027129846
2017-09-08 19:00:00,0.0003744689,0.00026728323,0.00040735045,0.00028662942,0.00029820565,0.000303494
2017-09-08 20:00:00,4.6180194e-05,5.669036e-05,4.6987636e-05,6.4788546e-05,7.098412e-05,4.7549172e-05
2017-09-10 21:00:00,8.653323e-05,5.759734e-05,8.9668465e-05,7.4470605e-05,4.0285566e-05,4.1784097e-05
2017-09-10 22:00:00,4.3828903e-05,2.9994895e-05,3.1037263e-05,4.942672e-05,4.0323004e-05,4.7574966e-05
2017-09-10 23:00:00,6.499556e-05,4.7473888e-05,3.185463e-05,3.435844e-05,5.474655e-05,0.00017357158
2017-09-11 00:00:00,2.952374e-05,5.36857e-05,2.9176834e-05,3.705437e-05,0.00011507866,0.0001764198
2017-09-11 01:00:00,7.093855e-05,3.849012e-05,4.337837e-05,0.00017654398,0.0001522001,0.0004890019
2017-09-11 02:00:00,5.9280595e-05,7.189288e-05,0.00025931318,0.00031664904,0.000473783,0.00045099857
2017-09-11 03:00:00,8.667029e-05,0.00018164192,0.00021237234,0.00044266542,0.00042902745,0.00035509112
2017-09-11 04:00:00,0.00023289758,0.00022070896,0.00044802664,0.00028914493,0.00024441187,0.00035152733
2017-09-11 05:00:00,0.000111710826,0.00036198582,0.0003293565,0.00019643604,0.00016706272,3.3968507e-05
2017-09-11 06:00:00,0.0004494564,0.00020351024,0.00015924267,0.0001079953,4.6864287e-05,5.5771816e-05
2017-09-11 07:00:00,8.460644e-05,0.000121365665,0.00014614197,0.00029189224,0.00020406109,6.639566e-05
2017-09-11 08:00:00,0.00010930019,0.00011065451,0.00028757102,0.00014830464,5.2648313e-05,2.5837848e-05
2017-09-11 09:00:00,6.310991e-05,0.00020745685,0.000112310314,3.4045646e-05,6.179913e-05,0.00027093134
2017-09-11 10:00:00,0.00027857773,9.2982846e-05,7.5168384e-05,7.9827194e-05,0.00021886254,0.00010258423
2017-09-11 11:00:00,0.00014639764,0.00023147436,0.00029550746,8.3584615e-05,6.817373e-05,3.573834e-05
2017-09-11 12:00:00,0.00016590567,0.00016710677,0.00023638784,5.7846908e-05,6.982688e-05,0.00011705877
2017-09-11 13:00:00,8.366302e-05,0.00037676952,0.00016454786,0.00012620674,0.00019742231,0.00032190894
2017-09-11 14:00:00,0.0006078834,0.00018956322,0.00023905461,0.00018956425,0.000261068,0.00023004264
2017-09-11 15:00:00,0.00022503066,9.360792e-05,8.960144e-05,4.7775426e-05,6.616222e-05,9.9727156e-05
2017-09-11 16:00:00,5.003338e-05,5.9129987e-05,0.00011393412,0.000117405856,6.0137096e-05,0.00010369877
2017-09-11 17:00:00,6.922744e-05,0.00014079013,8.711325e-05,4.2257947e-05,0.000103492945,3.470285e-05
2017-09-11 18:00:00,9.2426846e-05,4.1192696e-05,2.373323e-05,5.267858e-05,4.974572e-05,2.7722259e-05
2017-09-11 19:00:00,7.536954e-05,7.065077e-05,4.1546526e-05,8.924039e-05,6.380602e-05,0.00016156911
2017-09-11 20:00:00,6.592355e-05,4.7303307e-05,0.00011316777,4.8604466e-05,8.537804e-05,0.0001285676
2017-09-11 21:00:00,0.00013005504,4.564994e-05,2.4452385e-05,9.838813e-05,7.4945936e-05,8.6230975e-05
2017-09-11 22:00:00,0.00011419387,6.1015056e-05,0.00021947699,0.00017915986,0.00019624685,0.00016248114
2017-09-11 23:00:00,7.113811e-05,5.9976268e-05,0.0001207499,6.2204796e-05,5.7508318e-05,4.3653505e-05
2017-09-12 00:00:00,0.0002083759,0.00015349142,0.00013287354,8.4052124e-05,7.591174e-05,0.00023913263
2017-09-12 01:00:00,4.6481327e-05,3.8485185e-05,4.6098598e-05,6.512807e-05,0.00032448562,0.00028089609
2017-09-12 02:00:00,4.0100167e-05,3.8450846e-05,6.1394865e-05,0.0003565219,0.0002243314,0.00029661655
2017-09-12 03:00:00,4.6766167e-05,5.8266953e-05,0.00038687958,0.00028351005,0.00027711564,8.3498286e-05
2017-09-12 04:00:00,6.177861e-05,0.00034589868,0.0002649818,0.00032992655,0.00010420483,0.00021382431
2017-09-12 05:00:00,0.00039987586,0.00023337209,0.00028324156,8.754762e-05,0.00011751698,4.979599e-05
2017-09-12 06:00:00,9.894445e-05,4.814897e-05,0.000295767,0.00011265797,0.00019399002,0.00013011978
2017-09-12 07:00:00,4.970736e-05,0.00022215668,7.9356876e-05,0.00020722917,5.0888288e-05,0.00028160404
2017-09-12 08:00:00,0.00038334983,0.00013531893,0.00029174777,9.9067125e-05,0.00042983418,0.00034944262
2017-09-12 09:00:00,0.00019796,4.4543438e-05,0.00014733436,0.00032716582,0.00012809921,7.114915e-05
2017-09-12 10:00:00,0.00020832762,3.470827e-05,0.0004248034,0.00026400734,0.00015604115,7.1292365e-05
2017-09-12 11:00:00,0.00017668604,0.00027178467,0.00015876674,4.426192e-05,6.993259e-05,0.00020738551
2017-09-12 12:00:00,0.000660625,0.0003873802,0.0002471794,0.000116627045,0.00032739207,0.0002762204
2017-09-12 13:00:00,0.0001372747,0.00021135891,0.0004229201,2.9655384e-05,2.0812908e-05,7.446935e-05
2017-09-12 14:00:00,0.00017079175,0.00024455052,0.00013984636,6.4585205e-05,5.36883e-05,2.5763326e-05
2017-09-12 15:00:00,0.00020604132,0.0002186217,0.00019680778,0.00012258046,9.419065e-05,0.00023777223
2017-09-12 16:00:00,0.0003512678,0.00025313275,0.000322385,0.00016340718,0.0003195707,0.00030697102
2017-09-12 17:00:00,5.6956156e-05,8.347545e-05,8.76127e-05,3.0550644e-05,7.3812174e-05,3.0808056e-05
2017-09-12 18:00:00,0.0001250894,0.00010563425,6.43898e-05,4.8863287e-05,4.1451403e-05,0.0001159841
2017-09-12 19:00:00,4.2341224e-05,0.00011693278,0.00017418529,6.675263e-05,5.705795e-05,3.5289573e-05
2017-09-12 20:00:00,0.00012959774,0.00016552035,0.0001371338,0.00011856036,5.3519074e-05,5.7921075e-05
2017-09-12 21:00:00,9.115087e-05,4.178636e-05,0.00016655806,0.00013377961,0.00010819331,0.000102244376
2017-09-12 22:00:00,6.526868e-05,0.00024899206,0.00016961098,0.00017269321,0.00013089701,3.2252425e-05
2017-09-12 23:00:00,0.00020811654,0.00014062143,0.00019282936,0.00010545587,5.6844336e-05,3.275645e-05
2017-09-13 00:00:00,9.710181e-05,4.3637847e-05,9.71398e-05,0.0001950785,0.00016360519,0.00031711065
2017-09-13 01:00:00,5.764237e-05,5.424812e-05,0.00018128697,0.00010125072,0.00024696143,0.00030689672
2017-09-13 02:00:00,7.873944e-05,0.0002028438,0.00017547175,0.00030716544,0.0004182807,0.00026176288
2017-09-13 03:00:00,0.00028169795,0.00014729486,0.0002998446,0.0002833105,0.00027738788,0.00017246397
2017-09-13 04:00:00,7.15007e-05,0.00013608657,0.00035262486,0.00012867968,4.9625065e-05,8.5812906e-05
2017-09-13 05:00:00,0.0001872967,0.00031371976,0.00017794014,6.978136e-05,0.00012146353,0.00012553362
2017-09-13 06:00:00,0.00018516328,4.8548347e-05,8.060765e-05,6.0288177e-05,4.3149812e-05,0.00012227507
2017-09-13 07:00:00,0.00019884526,0.00026218762,0.00016772923,0.00022574996,0.00023080318,6.400508e-05
2017-09-13 08:00:00,0.00015042258,9.3978924e-05,5.684699e-05,0.0002068961,5.5763096e-05,5.821662e-05
2017-09-13 09:00:00,6.408613e-05,5.453729e-05,8.170878e-05,0.00012575144,0.00013466255,5.4156048e-05
2017-09-13 10:00:00,4.40422e-05,0.00013759722,0.000111557994,9.571824e-05,4.5154593e-05,0.00013089583
2017-09-13 11:00:00,0.00020531243,9.005285e-05,0.00015195823,7.035571e-05,0.00016108628,0.00023284419
2017-09-13 12:00:00,0.00034324022,0.0002648287,5.6559216e-05,0.0001076001,0.00012909668,0.00013839465
2017-09-13 13:00:00,2.9014009e-05,0.00017901919,0.0003683491,0.00035258612,0.0002559374,0.00020141735
2017-09-13 14:00:00,0.00029884174,0.00024061263,0.0004256617,0.00032507308,0.00027949363,0.00034812285
2017-09-13 15:00:00,0.00015403774,0.0002618255,0.00018031764,0.0002043265,9.140178e-05,4.3271182e-05
2017-09-13 16:00:00,0.00014988719,7.0883194e-05,5.4422624e-05,4.0893443e-05,6.311572e-05,9.2085334e-05
2017-09-13 17:00:00,5.071731e-05,7.000059e-05,0.00012367108,0.0001678163,0.00014657344,0.00014797327
2017-09-13 18:00:00,5.0900362e-05,9.812045e-05,0.00013836929,0.00013260769,8.3191975e-05,0.00012221205
2017-09-13 19:00:00,8.919893e-05,0.00013076823,0.00013268912,5.7809888e-05,8.0231286e-05,9.0777474e-05
2017-09-13 20:00:00,7.9981495e-05,7.159123e-05,5.8480444e-05,5.0923958e-05,6.391442e-05,6.0973318e-05
2017-09-13 21:00:00,4.734727e-05,5.718067e-05,3.150737e-05,3.5263307e-05,4.0440074e-05,4.0058065e-05
2017-09-13 22:00:00,9.261573e-05,5.922704e-05,2.9245135e-05,3.414514e-05,3.1415453e-05,6.0813534e-05
2017-09-13 23:00:00,4.824259e-05,7.0244765e-05,4.954002e-05,3.143663e-05,3.4737743e-05,3.9193856e-05
2017-09-14 00:00:00,3.659312e-05,3.5238507e-05,3.370298e-05,4.193844e-05,6.183855e-05,0.00037192894
2017-09-14 01:00:00,4.5602865e-05,3.6889916e-05,6.684319e-05,3.2682532e-05,0.0003459074,0.00033932252
2017-09-14 02:00:00,4.3360003e-05,4.7349644e-05,4.1103627e-05,0.00040774237,0.00025636316,0.00072524045
2017-09-14 03:00:00,7.318416e-05,4.0149705e-05,0.00041777396,0.0005741636,0.0005220665,0.0006701033
2017-09-14 04:00:00,0.00014852223,0.0004605884,0.00058201246,0.0008821543,0.0007214362,0.0006688153
2017-09-14 05:00:00,0.0004398054,0.00041756997,0.0007918121,0.00066743017,0.0005855426,0.0012857162
2017-09-14 06:00:00,0.00014966847,0.0003383079,0.0004700912,0.00033357713,0.00076148583,0.0007266934
2017-09-14 07:00:00,0.00051323645,0.0003610278,0.00027018983,0.0010526122,0.00047822576,0.00059579377
2017-09-14 08:00:00,9.712708e-05,0.00010442744,0.0010136678,0.0002686561,0.00033840255,0.00056146685
2017-09-14 09:00:00,0.0002847645,0.00074167806,0.00021501807,0.0003125051,0.00031385108,4.2253276e-05
2017-09-14 10:00:00,0.0018017631,0.0004403862,0.0005891947,0.0007190164,0.00016014141,0.00031370838
2017-09-14 11:00:00,0.0007778284,0.00045528694,0.00019081189,0.00057782454,0.00044288617,0.00037962373
2017-09-14 12:00:00,0.00016965107,0.00030708697,0.00014957461,4.838245e-05,6.921997e-05,0.00030036608
2017-09-14 13:00:00,0.00031316475,0.00026614865,0.00017923336,0.00013438561,8.6773856e-05,0.00013452835
2017-09-14 14:00:00,0.00093603664,0.00050460064,0.00031766947,8.625528e-05,6.155419e-05,8.599697e-05
2017-09-14 15:00:00,0.00019964649,0.00021279945,0.00048666215,0.00050175993,0.00031422667,0.00039898747
2017-09-14 16:00:00,7.5597716e-05,0.00040502113,0.0002507809,0.00017423877,0.00017846626,0.0002675689
2017-09-14 17:00:00,0.0003011754,0.0002601207,0.00020698685,0.00016490274,0.00023970341,0.0004810795
2017-09-14 18:00:00,6.151991e-05,3.921739e-05,3.2561922e-05,5.2654566e-05,0.00014771587,5.841601e-05
2017-09-14 19:00:00,7.407515e-05,6.753037e-05,7.199002e-05,0.00019657098,4.1432588e-05,0.0007055503
2017-09-14 20:00:00,3.7757214e-05,9.841444e-05,0.00024239297,9.935868e-05,0.0005687576,0.000685697
2017-09-14 21:00:00,0.00016909931,0.00023839908,8.691848e-05,0.000603076,0.0006510612,0.0007663044
2017-09-14 22:00:00,0.00013079286,7.220968e-05,0.0007284249,0.0005161538,0.00036597927,0.00070031703
2017-09-14 23:00:00,0.00021258058,0.00046269654,0.00053741445,0.0004769828,0.00054966554,0.00030439376
2017-09-15 00:00:00,0.00096146134,0.00070093287,0.0006343513,0.00046335108,0.00049800344,0.00021993651
2017-09-15 01:00:00,3.2068954e-05,3.929034e-05,9.773972e-05,0.00010739732,0.00024279546,0.00010605985
2017-09-15 02:00:00,5.6350378e-05,9.164771e-05,8.815867e-05,0.00025535465,9.593033e-05,0.00013513172
2017-09-15 03:00:00,0.00018466824,7.083507e-05,0.0003038478,0.00010850473,0.00014056951,3.2610074e-05
2017-09-15 04:00:00,0.00023412534,0.00048631773,0.00021524595,0.0002586042,0.00010757991,0.0002015333
2017-09-15 05:00:00,0.00028652503,6.517459e-05,7.616099e-05,5.8021382e-05,3.6295918e-05,0.00026608494
2017-09-15 06:00:00,0.0003175896,0.0001298652,0.0003270045,0.00018537896,8.922145e-05,0.0002659591
2017-09-15 07:00:00,5.0511753e-05,0.00010514491,4.8257865e-05,0.00024125006,0.00047583616,0.00055526575
2017-09-15 08:00:00,0.00021381807,7.3818526e-05,0.00023852642,0.0003763688,0.00041478593,0.0002705184
2017-09-15 09:00:00,8.6765926e-05,0.00047402704,0.00061985187,0.00057549844,0.000327558,0.00059595937
2017-09-15 10:00:00,0.0005380846,0.00043896787,0.00074089534,0.00031940977,0.00036708434,0.00048562224
2017-09-15 11:00:00,0.00024944075,0.00030175765,5.8840786e-05,0.00020359409,0.00012903102,0.00018140192
2017-09-15 12:00:00,0.00025035205,0.0001702143,3.8744667e-05,4.378166e-05,4.628069e-05,3.094375e-05
2017-09-15 13:00:00,0.0005053172,0.00012399699,0.00020394073,0.00011699788,9.0702335e-05,0.00020250505
2017-09-15 14:00:00,0.0003045039,0.0001393499,0.00020313541,0.0001697806,8.979396e-05,0.0002016853
2017-09-15 15:00:00,0.000116887626,3.2323347e-05,2.8861916e-05,8.887316e-05,8.8284745e-05,0.00011394243
2017-09-15 16:00:00,9.431198e-05,7.767548e-05,4.566582e-05,0.00011003595,0.00016495245,0.00024938615
2017-09-15 17:00:00,4.2715044e-05,7.276691e-05,7.639311e-05,0.00014624042,0.00015121448,0.00021506824
2017-09-15 18:00:00,0.00012682696,6.7347886e-05,9.950367e-05,0.00018601994,0.00018414522,0.00021752558
2017-09-15 19:00:00,0.00018514183,0.00024914282,0.0002833085,0.00028016328,0.0002591578,0.00013976847
2017-09-15 20:00:00,8.614426e-05,8.886197e-05,0.00014467364,0.00017900136,6.3557396e-05,0.00013328243
2017-09-17 21:00:00,5.6106604e-05,0.00010664834,0.00018350716,3.6978425e-05,6.8700145e-05,0.00013167105
2017-09-17 22:00:00,8.052734e-05,0.00016383005,3.7206886e-05,3.9220693e-05,9.907962e-05,5.1560477e-05
2017-09-17 23:00:00,0.00015541808,7.339013e-05,4.7765367e-05,6.653484e-05,5.7286663e-05,6.0151742e-05
2017-09-18 00:00:00,0.00020328656,0.000106673266,3.2249518e-05,0.00016041573,3.4895562e-05,8.9400375e-05
2017-09-18 01:00:00,6.883151e-05,0.0001594254,4.749862e-05,0.000107784246,4.061869e-05,5.8964142e-05
2017-09-18 02:00:00,0.00016556105,4.272733e-05,7.875287e-05,3.5253008e-05,0.00010302281,2.9952176e-05
2017-09-18 03:00:00,0.00015557476,3.573301e-05,9.925227e-05,0.00019820097,8.685725e-05,4.8722766e-05
2017-09-18 04:00:00,0.00018684404,3.070693e-05,8.44432e-05,5.770396e-05,4.8121325e-05,0.00023407918
2017-09-18 05:00:00,0.00016261183,0.0002000358,8.957052e-05,4.8828508e-05,8.227404e-05,0.00027964907
2017-09-18 06:00:00,0.00013641322,3.3702392e-05,4.5415683e-05,0.00027008518,0.00039410527,0.00035112223
2017-09-18 07:00:00,0.0002001651,0.00017754246,0.0003708088,0.00043785304,0.0003332564,0.00045317682
2017-09-18 08:00:00,3.9862756e-05,0.00018469113,0.00042807485,0.00039817826,0.0002713611,0.0005462356
2017-09-18 09:00:00,0.0002634644,0.0004956058,0.00034062428,0.00037567058,0.00056314096,0.00054489716
2017-09-18 10:00:00,0.00029407162,0.00015427156,0.00017772538,0.00041738214,0.0003233354,0.0004516116
2017-09-18 11:00:00,6.549572e-05,3.588875e-05,0.0002946058,0.00025115532,0.0002919752,0.00027318075
2017-09-18 12:00:00,0.00012775017,0.00039360745,0.00015782435,0.0003137403,0.00028073194,0.0003261414
2017-09-18 13:00:00,0.00030321683,0.00023033054,0.00026691434,0.00023525911,0.0003498496,0.0003813603
2017-09-18 14:00:00,0.00013791987,3.803375e-05,3.4498735e-05,0.00015248885,9.479988e-05,0.0001098659
2017-09-18 15:00:00,0.00016236669,0.0001044879,0.0002555491,0.00020033345,0.00021012119,9.8100005e-05
2017-09-18 16:00:00,4.0059476e-05,0.00013868716,0.00012657885,0.00010862031,4.4080833e-05,5.4013475e-05
2017-09-18 17:00:00,0.00018803522,0.0001277914,0.00010386123,3.134017e-05,8.6912885e-05,0.0002164246
2017-09-18 18:00:00,2.9544117e-05,3.634658e-05,0.00016833268,5.5287233e-05,6.763821e-05,4.1015704e-05
2017-09-18 19:00:00,4.173178e-05,0.00013622017,7.5248856e-05,7.773508e-05,4.0789004e-05,8.670799e-05
2017-09-18 20:00:00,0.0001854498,7.95022e-05,9.189688e-05,3.5977322e-05,8.2641585e-05,3.3460834e-05
2017-09-18 21:00:00,0.00011810918,0.0003063761,0.00015216458,4.227741e-05,0.00012821428,9.938366e-05
2017-09-18 22:00:00,0.00016957337,5.1079674e-05,7.016143e-05,5.8024387e-05,4.996921e-05,3.1859898e-05
2017-09-18 23:00:00,0.00014925546,0.00019496818,8.842329e-05,0.0001240906,0.00010796232,0.00027575126
2017-09-19 00:00:00,0.00014368126,4.2991647e-05,3.7323727e-05,4.840797e-05,0.00023662343,0.00021212133
2017-09-19 01:00:00,0.00015682545,7.435251e-05,3.37879e-05,0.00018680425,0.00013150861,4.5920497e-05
2017-09-19 02:00:00,4.965567e-05,5.4567685e-05,0.00026591672,0.00026615092,5.0862916e-05,0.000108486434
2017-09-19 03:00:00,7.591166e-05,0.0003104464,0.00022453506,3.902494e-05,6.745047e-05,0.00023751878
2017-09-19 04:00:00,0.00039357255,0.00019721346,2.4577668e-05,3.544176e-05,0.00018375683,0.00038316986
2017-09-19 05:00:00,4.321923e-05,0.00024009113,0.0002398248,0.0006681987,0.00042530693,0.00063314324
2017-09-19 06:00:00,0.00040950274,0.00027832465,0.0006280538,0.0004920497,0.0005463926,0.00035023896
2017-09-19 07:00:00,6.173875e-05,0.00035413014,0.00039994018,0.0004881029,0.00012521906,6.2419924e-05
2017-09-19 08:00:00,0.00035581083,0.00032240094,0.0003690218,0.00018270775,9.7261574e-05,8.141754e-05
2017-09-19 09:00:00,0.00010732922,0.0001255274,0.00018436016,0.00022669842,0.00035156423,0.00024916598
2017-09-19 10:00:00,5.9516027e-05,0.00024961724,0.00032650374,0.0004698502,0.0003745375,0.00029852742
2017-09-19 11:00:00,0.00025489577,0.0003159255,0.00057362765,0.00040452648,0.00034046845,0.0005637229
2017-09-19 12:00:00,0.00014335368,0.00027866024,0.0002563038,0.0001387173,0.00030344643,0.00024656145
2017-09-19 13:00:00,0.0002620702,0.00014088774,9.5455965e-05,0.00017305657,0.00010664314,0.00016220167
2017-09-19 14:00:00,0.00011808002,0.00012424559,5.0094295e-05,3.7440404e-05,4.2679974e-05,7.4556825e-05
2017-09-19 15:00:00,6.2911786e-05,7.506788e-05,7.163552e-05,3.2255648e-05,3.1954474e-05,0.00012168047
2017-09-19 16:00:00,0.00017049124,0.00010966178,6.556732e-05,5.095442e-05,0.00014083499,0.0001161389
2017-09-19 17:00:00,5.1012896e-05,4.2113104e-05,7.397269e-05,3.552596e-05,3.8782968e-05,4.1583535e-05
2017-09-19 18:00:00,4.4093056e-05,5.7244764e-05,8.1925966e-05,5.861305e-05,3.6820413e-05,0.00024071569
2017-09-19 19:00:00,3.8405604e-05,9.172968e-05,9.8459284e-05,6.785416e-05,0.00019429102,0.00017503266
2017-09-19 20:00:00,0.00013354735,7.807077e-05,7.641476e-05,0.00032992155,0.00024584416,0.00022475449
2017-09-19 21:00:00,4.0259856e-05,3.777028e-05,0.0001879289,0.00018313051,0.000104390965,0.00013891225
2017-09-19 22:00:00,6.2982035e-05,0.00018753888,0.00022836136,0.00016233741,0.00010804064,7.645426e-05
2017-09-19 23:00:00,0.00028028502,0.00029554497,0.00014460072,0.00017549492,0.000102243874,5.036383e-05
2017-09-20 00:00:00,3.6516198e-05,3.587511e-05,4.1292064e-05,7.416335e-05,0.00015175462,2.9388739e-05
2017-09-20 01:00:00,7.286768e-05,5.354144e-05,7.5533644e-05,0.0001756803,4.0736497e-05,7.650072e-05
2017-09-20 02:00:00,4.7672645e-05,6.595848e-05,0.0001364723,3.508783e-05,5.1900628e-05,0.00015369197
2017-09-20 03:00:00,0.00011576101,0.0001251897,5.316496e-05,6.889559e-05,9.762219e-05,5.3383403e-05
2017-09-20 04:00:00,9.5386094e-05,8.3684325e-05,2.7116665e-05,9.315964e-05,6.825024e-05,0.000103139006
2017-09-20 05:00:00,0.00022862892,7.431748e-05,3.7161928e-05,0.0002412606,0.00011667271,4.300233e-05
2017-09-20 06:00:00,9.939149e-05,0.0001734839,4.22682e-05,3.379452e-05,0.00016523967,0.00040391748
2017-09-20 07:00:00,0.0001716559,7.573334e-05,0.00010629579,0.00010299508,0.00044221236,0.0006351482
2017-09-20 08:00:00,0.00027574584,0.0001501215,2.7894e-05,0.00048077444,0.00067431264,0.001007661
2017-09-20 09:00:00,3.5372672e-05,0.00013236405,0.0005872377,0.0009457789,0.0011597322,0.0012631962
2017-09-20 10:00:00,0.00022864374,0.00072593265,0.0008783406,0.0011127378,0.0011164619,0.0007971701
2017-09-20 11:00:00,0.000729864,0.00089257344,0.00125803,0.0011474089,0.0009769329,0.001217226
2017-09-20 12:00:00,0.0004568768,0.00068923505,0.0008069162,0.0007775673,0.00065020274,0.00071630836
2017-09-20 13:00:00,0.0002851951,0.0006624096,0.00042129218,0.00046691523,0.00036750745,0.0002899501
2017-09-20 14:00:00,0.0003355865,0.00023052614,0.00036713062,0.0002410574,0.0001974851,0.00016334282
2017-09-20 15:00:00,9.996975e-05,9.841318e-05,4.3411317e-05,6.4676926e-05,7.389419e-05,0.0001430056
2017-09-20 16:00:00,0.00024298165,4.2986634e-05,3.505274e-05,3.0486606e-05,6.614525e-05,3.764663e-05
2017-09-20 17:00:00,0.00023358343,0.0001645352,0.00023682539,0.00027020418,0.00015863229,9.0363836e-05
2017-09-20 18:00:00,4.2321895e-05,4.9349546e-05,0.000119678574,4.5359695e-05,3.7001784e-05,9.563918e-05
2017-09-20 19:00:00,6.071323e-05,0.00011535149,6.765017e-05,3.581573e-05,0.00010831027,0.00013291904
2017-09-20 20:00:00,0.00011183331,4.019785e-05,6.489003e-05,0.00014672491,0.00013974337,0.00018368756
2017-09-20 21:00:00,0.00013084464,0.000100629164,0.00028685867,0.00029875388,0.00017245876,0.00022963362
2017-09-20 22:00:00,0.000106554224,0.00019582524,0.00020758856,0.00016383421,0.00012909983,0.00019340718
2017-09-20 23:00:00,0.00012417167,0.00013092038,0.00013869721,6.717338e-05,8.61284e-05,3.2450556e-05
2017-09-21 00:00:00,3.7438833e-05,3.9889757e-05,4.4641816e-05,2.7165715e-05,6.525157e-05,0.00039195284
2017-09-21 01:00:00,4.084896e-05,3.7039674e-05,2.9829911e-05,0.00012982129,0.00025422985,0.00035533556
2017-09-21 02:00:00,7.5840544e-05,2.1773618e-05,0.00014499608,0.00032074528,0.0002750611,0.00022511596
2017-09-21 03:00:00,6.7709276e-05,0.00010658043,0.00030248918,0.0003714891,0.00020128234,0.00028671336
2017-09-21 04:00:00,0.0002200133,0.00040659445,0.0003747411,0.00025399338,0.00028866448,0.00018891753
2017-09-21 05:00:00,0.0004399664,0.00026459032,0.00017051336,0.00020766223,9.134979e-05,0.00010321847
2017-09-21 06:00:00,4.971827e-05,0.00018180674,6.10944e-05,0.00014119099,0.00015170338,0.00035692722
2017-09-21 07:00:00,0.00023422067,5.533873e-05,0.00014553468,0.00022612023,0.00027544773,0.0004644816
2017-09-21 08:00:00,0.000120210774,5.1506464e-05,6.472809e-05,0.00017540834,0.00022635749,0.00014303956
2017-09-21 09:00:00,0.00018506053,0.0001031519,0.0002642716,0.00041695512,0.00018345244,0.00018441037
2017-09-21 10:00:00,3.933763e-05,0.00016587472,0.00019674239,7.7153185e-05,0.00011598436,0.0003051695
2017-09-21 11:00:00,0.0001814838,0.0003246878,0.0001131256,0.00014053874,0.00027901048,0.0002675097
2017-09-21 12:00:00,0.00016415848,5.804812e-05,5.485215e-05,0.00041044585,0.00035119615,0.00024199946
2017-09-21 13:00:00,0.0003304204,0.00011808322,0.0005455812,0.00048679268,0.0003433455,0.00040141336
2017-09-21 14:00:00,4.358735e-05,0.0004107451,0.00042230362,0.00023787594,0.00042475376,0.00037723483
2017-09-21 15:00:00,0.0005900006,0.00034326635,0.00034044663,0.00044746677,0.00029955994,0.00034839002
2017-09-21 16:00:00,8.741345e-05,0.00014294469,4.1383937e-05,0.00011966307,3.5739697e-05,4.1994717e-05
2017-09-21 17:00:00,0.0001259516,9.3616334e-05,3.8057336e-05,5.2392967e-05,8.436365e-05,5.2752443e-05
2017-09-21 18:00:00,0.00030870477,0.0001495365,0.00020427107,0.00017040706,4.7217447e-05,4.406717e-05
2017-09-21 19:00:00,0.00010801064,3.345828e-05,4.8274876e-05,0.00018996708,0.00013039798,5.06587e-05
2017-09-21 20:00:00,0.000109315086,9.92305e-05,7.559392e-05,0.00010527278,4.0813524e-05,7.411669e-05
2017-09-21 21:00:00,6.144543e-05,0.00013972221,0.00016215733,5.9287497e-05,0.00014738475,8.8063825e-05
2017-09-21 22:00:00,0.00030548518,0.00023080675,0.00010496861,0.00016865427,9.4408555e-05,4.114552e-05
2017-09-21 23:00:00,6.356351e-05,7.807562e-05,3.683998e-05,4.832787e-05,0.00014061348,0.00017151519
2017-09-22 00:00:00,0.00023783946,4.9686652e-05,9.774518e-05,0.00019742937,0.00015572691,0.00015050237
2017-09-22 01:00:00,0.00016924381,5.4213415e-05,9.121661e-05,0.00011673644,7.5748496e-05,0.00020381942
2017-09-22 02:00:00,8.077892e-05,0.00015155284,0.00016279287,0.0001595288,0.00022615904,0.00032559966
2017-09-22 03:00:00,0.0001915612,0.00015391725,0.00015968355,0.00021668404,0.000268078,0.00037711696
2017-09-22 04:00:00,7.628288e-05,3.516389e-05,0.00016583038,0.00027118067,0.00031561198,0.00033953064
2017-09-22 05:00:00,5.3238353e-05,8.254263e-05,0.00015650163,0.00028343056,0.0002557439,0.00074068987
2017-09-22 06:00:00,0.0001321849,0.00027275417,0.000483601,0.00038837118,0.00046721092,0.0006498982
2017-09-22 07:00:00,0.0001836915,0.00034315165,0.0003513689,0.00047584876,0.00047191864,0.00047608739
2017-09-22 08:00:00,0.00029522242,0.00016347934,0.0006291812,0.00044846017,0.00025082176,0.00026779246
2017-09-22 09:00:00,5.2457046e-05,0.0003472397,0.0002955645,0.00017717521,0.00010469336,6.9297705e-05
2017-09-22 10:00:00,0.0005250872,0.00045889674,0.00017205783,8.1899656e-05,4.95014e-05,0.00015486639
2017-09-22 11:00:00,5.5512097e-05,0.00014856803,0.00025450933,0.00040150952,0.00039961358,0.00039029794
2017-09-22 12:00:00,0.0003457851,0.00022187278,0.00055074814,0.00073762785,0.00038524068,0.0002556515
2017-09-22 13:00:00,9.870455e-05,0.00031845766,0.00024661268,0.00039060717,0.00015462407,0.00027291026
2017-09-22 14:00:00,0.00021146139,0.00028005408,0.00027390267,0.00018302127,0.00014485628,0.0003041656
2017-09-22 15:00:00,0.00015412264,9.179013e-05,3.3756314e-05,3.4408837e-05,0.00014331419,5.6659406e-05
2017-09-22 16:00:00,0.000109337096,0.00013560493,7.216259e-05,5.8532347e-05,6.6399036e-05,3.9497674e-05
2017-09-22 17:00:00,8.3625324e-05,6.7002235e-05,0.00011103036,3.3878852e-05,5.665802e-05,4.790112e-05
2017-09-22 18:00:00,4.512812e-05,0.00016259498,5.3820342e-05,0.00011944155,4.504971e-05,5.2295803e-05
2017-09-22 19:00:00,0.00025721072,5.175911e-05,0.00012278852,3.202458e-05,5.082282e-05,3.192174e-05
2017-09-22 20:00:00,0.00013966914,4.9146238e-05,0.00014736908,0.00021128039,0.00015661337,0.000109783454
2017-09-24 21:00:00,0.00014260932,5.0086972e-05,8.452783e-05,2.8011822e-05,4.1800897e-05,5.0025257e-05
2017-09-24 22:00:00,0.00016420777,0.00020607507,0.00012566567,7.157048e-05,3.8045884e-05,7.354139e-05
2017-09-24 23:00:00,9.1145004e-05,2.9864455e-05,3.450481e-05,4.557726e-05,4.3828004e-05,5.17705e-05
2017-09-25 00:00:00,7.18705e-05,7.753757e-05,0.0001344487,9.178809e-05,4.2164604e-05,0.00038886117
2017-09-25 01:00:00,4.436173e-05,7.006963e-05,4.0507573e-05,4.8161633e-05,0.0001292908,0.00010326052
2017-09-25 02:00:00,5.7273388e-05,3.541772e-05,6.537152e-05,0.00024902256,8.142681e-05,8.073076e-05
2017-09-25 03:00:00,5.1873678e-05,0.00010071114,0.00019210528,4.949716e-05,0.000118460455,0.00019314664
2017-09-25 04:00:00,7.7357225e-05,0.00028177374,0.00010145357,8.181078e-05,0.00012064303,3.492324e-05
2017-09-25 05:00:00,0.0005480433,0.00013276191,5.848687e-05,0.00013520043,7.020845e-05,0.00015527433
2017-09-25 06:00:00,0.00023578026,0.00030055226,0.00040639137,0.00027481955,0.00038579752,0.00044859148
2017-09-25 07:00:00,0.00029539774,0.00023682797,7.8332036e-05,0.00024420096,0.00018038266,0.0001875715
2017-09-25 08:00:00,0.00013714602,0.00011207509,0.00014778867,0.00013560546,5.271502e-05,0.00015783797
2017-09-25 09:00:00,0.00035412516,4.8814014e-05,3.8025668e-05,5.4956e-05,0.00023460515,0.00030438186
2017-09-25 10:00:00,0.00041157965,0.00027991415,0.00019700668,7.5152064e-05,0.00013648064,5.847782e-05
2017-09-25 11:00:00,5.4470645e-05,9.035183e-05,0.00038655655,0.00033633143,0.0002996483,0.00014485049
2017-09-25 12:00:00,9.7789554e-05,0.00025467525,0.00038009693,0.00023512985,0.0001169333,0.00011894195
2017-09-25 13:00:00,0.000371021,0.00029643017,0.00025550323,9.99749e-05,6.1340914e-05,4.512916e-05
2017-09-25 14:00:00,0.00012491381,5.63186e-05,0.0001478025,0.00019639614,0.000101242134,0.00011084005
2017-09-25 15:00:00,4.8859532e-05,0.00020356989,0.00034227603,0.00023731138,0.00014932411,0.0003626472
2017-09-25 16:00:00,0.0002418676,0.00019605893,0.00023772234,0.00016972338,0.00023419887,0.00027545143
2017-09-25 17:00:00,5.681726e-05,6.0949722e-05,3.2589476e-05,8.166831e-05,8.513136e-05,0.00012937223
2017-09-25 18:00:00,3.8848622e-05,5.3149437e-05,6.886612e-05,9.021695e-05,0.00018086168,0.00017882185
2017-09-25 19:00:00,5.0976472e-05,4.8247603e-05,0.00010627328,0.00012586295,0.00014902672,0.00017013226
2017-09-25 20:00:00,0.000141211,0.00017647442,0.00016692946,0.0002546758,0.00015093193,0.00026141616
2017-09-25 21:00:00,7.8361845e-05,0.00012835435,0.00019979673,0.00010018895,0.00016089664,0.0003343963
2017-09-25 22:00:00,8.877146e-05,0.00017604137,0.00010824842,0.00014236257,0.0001443784,0.00033054457
2017-09-25 23:00:00,9.172032e-05,7.328022e-05,9.2235605e-05,0.00015197085,0.00017981298,0.00039523517
2017-09-26 00:00:00,4.8604426e-05,3.5390854e-05,0.00011921335,0.00019223266,0.00035632149,0.0003061525
2017-09-26 01:00:00,8.461103e-05,0.00012753705,0.00022534588,0.00035799234,0.00035878297,0.00021327044
2017-09-26 02:00:00,0.00011914295,0.00016871306,0.00028639525,0.00031770967,0.00012825652,0.0002508916
2017-09-26 03:00:00,0.00014042118,0.00031225535,0.0003056318,0.0001045883,0.000101471946,0.00012748111
2017-09-26 04:00:00,0.00025734023,0.00019193313,3.1647884e-05,7.176936e-05,9.7159296e-05,0.00012281218
2017-09-26 05:00:00,5.2034724e-05,0.00016504494,0.00012292933,7.9230944e-05,0.0002040616,0.0001623132
2017-09-26 06:00:00,0.00019499127,0.000104454506,7.615121e-05,0.00022030299,0.00013152129,0.00013265175
2017-09-26 07:00:00,0.00012005496,9.95502e-05,0.00016499798,2.550651e-05,3.9842722e-05,8.7398614e-05
2017-09-26 08:00:00,4.723909e-05,0.00030911,8.592252e-05,7.518546e-05,0.00015632587,0.000115051145
2017-09-26 09:00:00,0.00045278753,8.606483e-05,0.00010667333,0.00018880637,0.00011682976,0.00020689794
2017-09-26 10:00:00,0.00020827129,0.00016590633,8.56169e-05,0.00011161197,3.379273e-05,0.00026158887
2017-09-26 11:00:00,3.727813e-05,0.00011105815,7.640124e-05,0.00012264076,0.000130546,0.00011592585
2017-09-26 12:00:00,0.0001642019,7.941311e-05,0.00018328086,0.000120756486,0.00014538564,0.00011428304
2017-09-26 13:00:00,7.898997e-05,7.180361e-05,0.00024299725,0.00023910914,0.00017486815,0.00021680586
2017-09-26 14:00:00,0.00011853936,0.00024951904,0.00018045417,0.00020145324,0.00014261226,0.00014469096
2017-09-26 15:00:00,0.0004224473,0.0003639797,0.000239636,0.00026233177,0.00018977081,0.00025723546
2017-09-26 16:00:00,4.6611276e-05,4.977492e-05,2.871221e-05,2.979494e-05,4.745616e-05,5.407912e-05
2017-09-26 17:00:00,6.3178624e-05,3.1466192e-05,3.3250297e-05,4.8055543e-05,5.0202805e-05,5.411069e-05
2017-09-26 18:00:00,6.467071e-05,4.1886102e-05,7.104537e-05,8.605883e-05,8.376067e-05,0.00015871628
2017-09-26 19:00:00,4.9456758e-05,2.9140147e-05,5.3524236e-05,4.540505e-05,0.00017984443,0.00018705438
2017-09-26 20:00:00,3.839587e-05,5.246284e-05,5.458562e-05,0.00025854926,0.00012814444,0.00012359073
2017-09-26 21:00:00,4.417497e-05,4.2266056e-05,0.00025469254,0.00018035523,0.00017098391,0.000111527814
2017-09-26 22:00:00,3.906883e-05,0.00027606924,0.00022432239,0.0002385777,0.00016481926,0.00021866887
2017-09-26 23:00:00,0.0003577752,0.0002521639,0.00022518174,0.00017602215,0.0001927574,8.88145e-05
2017-09-27 00:00:00,0.00012599626,8.699986e-05,9.1962815e-05,8.336356e-05,0.00018425996,0.00014303757
2017-09-27 01:00:00,4.7024918e-05,3.0899617e-05,3.8370436e-05,0.00013276855,8.311485e-05,3.2188374e-05
2017-09-27 02:00:00,5.100559e-05,4.823379e-05,0.00014858006,0.0001152127,3.447014e-05,5.4213608e-05
2017-09-27 03:00:00,7.250529e-05,8.984243e-05,0.00011095149,3.551072e-05,5.588572e-05,4.5055505e-05
2017-09-27 04:00:00,0.00018893571,0.0001280351,4.456738e-05,4.342711e-05,5.7028512e-05,6.485073e-05
2017-09-27 05:00:00,3.5956844e-05,0.00011417588,0.00019032603,0.00010198543,5.7777666e-05,9.063668e-05
2017-09-27 06:00:00,0.00019956437,0.00017992056,0.00010327765,5.684982e-05,9.23057e-05,4.865011e-05
2017-09-27 07:00:00,0.00012081381,4.068914e-05,5.2133524e-05,0.00017930284,0.0001313904,0.0001555676
2017-09-27 08:00:00,0.00015560725,0.00012713653,0.00033125828,0.00027657015,0.00013338092,0.0001846306
2017-09-27 09:00:00,3.727992e-05,0.00015188003,0.00014449716,0.00017968912,0.00012203683,2.8807604e-05
2017-09-27 10:00:00,0.00022072672,0.00019469863,0.0001515653,6.2729465e-05,3.806384e-05,6.8310415e-05
2017-09-27 11:00:00,7.9429934e-05,6.814915e-05,6.62057e-05,0.0001564762,0.00026877044,0.0010167122
2017-09-27 12:00:00,3.09245e-05,5.178068e-05,0.00013270076,0.00013951842,0.0011976517,0.0014363735
2017-09-27 13:00:00,5.6619287e-05,8.195726e-05,0.00024040385,0.000991473,0.0010582284,0.0011968004
2017-09-27 14:00:00,0.0001427864,0.00023072048,0.0017223639,0.0012744319,0.0010423157,0.0012598912
2017-09-27 15:00:00,0.00013805547,0.0017098753,0.001609964,0.0017445701,0.0013262838,0.0012696523
2017-09-27 16:00:00,0.0020876888,0.0014264986,0.0011999847,0.002070454,0.0011987601,0.0017899725
2017-09-27 17:00:00,5.4345834e-05,5.985995e-05,6.8717774e-05,3.823316e-05,0.00017465222,0.00016130188
2017-09-27 18:00:00,3.157489e-05,7.873908e-05,4.995538e-05,0.00029292048,0.00014766277,0.00018057443
2017-09-27 19:00:00,9.0486676e-05,6.018882e-05,0.00023783102,0.00014800103,0.0001838208,7.735067e-05
2017-09-27 20:00:00,9.182764e-05,0.00030452863,0.00022977388,0.00026709627,0.00010810447,8.1583814e-05
2017-09-27 21:00:00,0.00035269145,0.00019252098,0.00018511909,8.3867504e-05,7.948329e-05,7.888506e-05
2017-09-27 22:00:00,8.706133e-05,4.721803e-05,0.00019076846,0.00020031312,9.229439e-05,8.7930115e-05
2017-09-27 23:00:00,7.309841e-05,0.0001527111,0.00012302081,5.9442067e-05,5.178437e-05,0.00029414645
2017-09-28 00:00:00,0.00022026374,0.00019926556,0.00014591047,8.369662e-05,0.00022015968,0.00025616938
2017-09-28 01:00:00,3.0339492e-05,3.916333e-05,5.2053954e-05,0.00014177771,0.0001934735,0.00031313696
2017-09-28 02:00:00,6.842732e-05,5.1866587e-05,0.0001801507,0.00016397868,0.00027790983,0.00041333275
2017-09-28 03:00:00,4.231941e-05,0.00020620848,0.00020251321,0.0003467562,0.00036308847,0.00018941725
2017-09-28 04:00:00,0.00025556376,0.00025520535,0.0004726677,0.00027008195,0.00030057004,0.00020935966
2017-09-28 05:00:00,0.00012657218,0.00025097793,0.00025034876,9.226698e-05,6.6208864e-05,0.00022980018
2017-09-28 06:00:00,0.000278252,0.00014966309,3.271224e-05,2.9169558e-05,0.00013152299,0.00027061696
2017-09-28 07:00:00,2.975853e-05,0.00012189861,0.00015648555,4.4127013e-05,0.000110495545,0.00011496849
2017-09-28 08:00:00,0.00021673198,0.00019184111,6.130047e-05,0.00010949207,0.00010826783,0.00044107952
2017-09-28 09:00:00,4.8708767e-05,0.00022338916,0.0003054316,0.00029623465,0.0006126735,0.00036327593
2017-09-28 10:00:00,0.00031622645,0.00030655594,0.00033363627,0.0005559951,0.00038344963,0.00033894298
2017-09-28 11:00:00,0.00015581446,7.5144715e-05,0.00050482835,0.00016665521,0.00013667933,0.00017414227
2017-09-28 12:00:00,4.8401893e-05,0.0003945568,0.00015231401,0.00011127366,6.298759e-05,7.6080054e-05
2017-09-28 13:00:00,0.0005193549,0.000114408576,0.00019329059,0.00011333121,8.9044865e-05,0.00018651351
2017-09-28 14:00:00,0.00031855362,0.00013853845,0.00018340859,0.00014793937,7.8844976e-05,9.116411e-05
2017-09-28 15:00:00,5.829495e-05,4.6013585e-05,3.4074117e-05,9.386687e-05,9.447321e-05,9.511453e-05
2017-09-28 16:00:00,0.00012287802,6.267633e-05,9.206231e-05,5.8723304e-05,5.9383463e-05,0.0001068648
2017-09-28 17:00:00,3.7903e-05,0.00013104583,0.00012796,0.00010643597,0.000149026,0.00011236845
2017-09-28 18:00:00,0.00018234501,0.00016315709,0.00014260258,0.00016686266,0.00012632355,0.00023987802
2017-09-28 19:00:00,5.338072e-05,3.5342473e-05,5.8471956e-05,3.5611003e-05,0.00011407109,0.00016878548
2017-09-28 20:00:00,2.769515e-05,7.076773e-05,3.317001e-05,0.00014547548,0.00014201582,0.00016310859
2017-09-28 21:00:00,7.1702925e-05,4.9439004e-05,0.000204301,0.00016525423,0.00018047652,0.00024142547
2017-09-28 22:00:00,5.995527e-05,0.00015570068,0.00013625133,0.00015581546,0.00014498548,0.00026688483
2017-09-28 23:00:00,0.00024133472,0.00018503172,0.00020770637,0.00031905583,0.00021679222,0.00038849955
2017-09-29 00:00:00,4.7239588e-05,4.4674118e-05,8.911013e-05,0.00014383714,0.00015204224,0.00050993013
2017-09-29 01:00:00,5.1724404e-05,7.4985735e-05,0.00016968827,0.00016768643,0.0004461764,0.00036771435
2017-09-29 02:00:00,5.8904006e-05,0.00013286869,0.0001753206,0.0004566208,0.00031859512,0.00043130876
2017-09-29 03:00:00,0.00018881907,0.00014761645,0.0005004646,0.00043732105,0.00037087486,8.859669e-05
2017-09-29 04:00:00,5.130997e-05,0.00042372482,0.00038962296,0.0003555241,4.745404e-05,6.035306e-05
2017-09-29 05:00:00,0.0004447281,0.0003370227,0.00042526427,5.3115215e-05,9.5809875e-05,3.6527053e-05
2017-09-29 06:00:00,4.3931872e-05,3.080564e-05,0.00039283378,0.0004232127,0.00026472477,0.00028353144
2017-09-29 07:00:00,0.00011195268,0.0003457079,0.00046322745,0.0001881578,0.00024667667,0.0002744831
2017-09-29 08:00:00,0.00064920477,0.00052674394,0.00033249642,0.00031448563,0.00029032223,0.00037854013
2017-09-29 09:00:00,8.278338e-05,8.72522e-05,4.8191665e-05,3.332385e-05,4.2139163e-05,0.00033624104
2017-09-29 10:00:00,0.00024254636,9.107885e-05,8.4875166e-05,5.2492687e-05,0.00017203874,0.00020256003
2017-09-29 11:00:00,6.743468e-05,8.817499e-05,4.9670525e-05,0.00030610917,0.00027598982,0.00029714266
2017-09-29 12:00:00,3.8080765e-05,3.6193844e-05,0.0003363967,0.00028869012,0.00032392782,0.00036568445
2017-09-29 13:00:00,3.5950798e-05,0.0003294353,0.0003207858,0.00027489703,0.00018015942,0.00033055368
2017-09-29 14:00:00,0.00045733765,0.00026537984,0.00043633766,0.00035380648,0.00049223506,0.0006714295
2017-09-29 15:00:00,5.527455e-05,4.199471e-05,2.7731952e-05,8.338675e-05,0.0003677306,0.00024690488
2017-09-29 16:00:00,0.0001252857,5.772833e-05,8.36484e-05,0.00039753024,0.00032676567,0.00026618422
2017-09-29 17:00:00,4.738684e-05,5.5906254e-05,0.00027225164,0.00021139024,0.00015890852,0.00012879989
2017-09-29 18:00:00,5.9153703e-05,0.000485325,0.00036547316,0.00028774614,0.00020660221,0.00018138836
2017-09-29 19:00:00,0.00062696036,0.00027248025,0.00026440478,0.00018009252,0.00013117968,0.00017306005
2017-09-29 20:00:00,0.00021703196,0.00016476032,0.0002433053,0.00024738512,0.00020062055,0.00029578517
2017-10-01 21:00:00,9.664058e-05,9.6940326e-05,0.00011212058,0.00013160674,0.00014401271,0.00015712863
2017-10-01 22:00:00,5.4865686e-05,4.904297e-05,6.393615e-05,0.00010870048,7.5064694e-05,3.8647213e-05
2017-10-01 23:00:00,4.9589395e-05,4.1631156e-05,5.1259358e-05,6.797208e-05,4.176096e-05,0.0002795715
2017-10-02 00:00:00,4.507636e-05,6.069611e-05,6.9602036e-05,4.7926602e-05,0.00023090668,0.00021214952
2017-10-02 01:00:00,5.2846164e-05,4.5007964e-05,5.4443757e-05,0.0002835645,0.0003194478,0.0004203126
2017-10-02 02:00:00,3.6489215e-05,0.00011872471,0.00026419776,0.00040930265,0.0003503385,0.00051397603
2017-10-02 03:00:00,0.00012525154,0.0003424153,0.00028909917,0.00039115336,0.00048991345,0.00074320403
2017-10-02 04:00:00,0.0003969985,0.0003166613,0.0003267762,0.00042186424,0.0006245871,0.00058112934
2017-10-02 05:00:00,4.534603e-05,8.465614e-05,0.00035473143,0.00045736178,0.00040396667,0.00047636437
2017-10-02 06:00:00,9.880759e-05,0.00035645044,0.00042649268,0.0006064586,0.0003253673,0.00047695675
2017-10-02 07:00:00,0.00042602562,0.00056271965,0.0005356469,0.00039453155,0.00028204324,0.00045742968
2017-10-02 08:00:00,0.00019860761,0.00020122812,0.0001970472,8.7424094e-05,0.00027915428,0.0004141689
2017-10-02 09:00:00,9.392926e-05,4.5176406e-05,3.274961e-05,0.00016334692,0.00025510596,0.00035362618
2017-10-02 10:00:00,4.5747616e-05,0.00010567794,6.9987866e-05,0.0003031655,0.00029649909,0.00034155673
2017-10-02 11:00:00,0.00016141009,9.467702e-05,0.0002749542,0.00033175698,0.00028984147,0.0004155692
2017-10-02 12:00:00,0.00020852895,0.0005016302,0.00040012307,0.00042832477,0.0003399266,0.00046981729
2017-10-02 13:00:00,0.000222877,0.0003637411,0.0004851316,0.00022410197,0.0001737467,0.00020362195
2017-10-02 14:00:00,0.00017252624,0.00019615721,0.00011039541,6.416345e-05,5.5496563e-05,5.58212e-05
2017-10-02 15:00:00,9.257941e-05,2.9233019e-05,5.4784326e-05,3.7488404e-05,4.5217188e-05,0.0001035133
2017-10-02 16:00:00,0.00010331174,0.00011499146,9.211065e-05,7.2562914e-05,0.00015293348,0.00023184175
2017-10-02 17:00:00,8.594772e-05,5.9381437e-05,3.1095256e-05,0.00011700869,9.5002935e-05,0.000108044325
2017-10-02 18:00:00,3.7384118e-05,4.1183135e-05,0.00014833672,0.00010904678,7.6410426e-05,0.00012099733
2017-10-02 19:00:00,4.599872e-05,0.00010871909,0.0001131952,8.5615975e-05,0.00012261879,7.309252e-05
2017-10-02 20:00:00,0.00018322251,0.00016477423,0.00013629293,0.00016208198,0.00010123992,0.00023194923
2017-10-02 21:00:00,4.6867688e-05,4.014684e-05,4.89453e-05,3.445515e-05,6.625273e-05,4.169747e-05
2017-10-02 22:00:00,3.643946e-05,5.1762025e-05,4.0893072e-05,7.151489e-05,4.695915e-05,0.0002478219
2017-10-02 23:00:00,0.000108256354,4.4400753e-05,8.4047126e-05,3.749612e-05,0.00017533432,0.00012253392
2017-10-03 00:00:00,4.395007e-05,3.953364e-05,7.451815e-05,0.0001831107,0.00016157608,0.00052302587
2017-10-03 01:00:00,7.607686e-05,6.942999e-05,0.00029619658,0.0001881165,0.00049280556,0.0004171252
2017-10-03 02:00:00,0.00013813256,0.0002795576,0.00026291213,0.00066283933,0.0006034402,0.00057372096
2017-10-03 03:00:00,0.0003125205,0.00013887072,0.0006513381,0.00044348344,0.00038842604,0.00071589596
2017-10-03 04:00:00,9.939205e-05,0.00046573803,0.00034171247,0.00028495165,0.00040084365,0.0006087943
2017-10-03 05:00:00,0.0006534814,0.00046137124,0.00045555257,0.00072280056,0.0005210484,0.000809003
2017-10-03 06:00:00,0.000113205984,4.461317e-05,0.00039004168,0.00029772255,0.00019356293,0.00040947748
2017-10-03 07:00:00,7.513248e-05,0.00041000897,0.00038581903,0.0002680236,0.00037193616,0.0006401619
2017-10-03 08:00:00,0.00053575495,0.00041732722,0.00041882467,0.0004022181,0.0006523059,0.00050961465
2017-10-03 09:00:00,5.3072235e-05,4.3511303e-05,0.0001522491,0.00036676836,0.00017725202,0.000117461495
2017-10-03 10:00:00,7.329535e-05,0.00012888285,0.00033832266,0.00023989055,8.826152e-05,0.00024013281
2017-10-03 11:00:00,0.00026019773,0.00036364057,0.0003528109,0.0001361041,0.0001678836,8.6260006e-05
2017-10-03 12:00:00,0.0003264941,0.00015381628,5.3891465e-05,0.00045737097,0.00017409417,0.000114233684
2017-10-03 13:00:00,0.000121860656,0.000135787,0.00061176857,0.0005537873,0.00035625685,0.00030989366
2017-10-03 14:00:00,0.00031084073,0.00077401253,0.0005284829,0.000281348,0.00018815084,0.00022724268
2017-10-03 15:00:00,0.00060161,0.0002991188,0.00017664442,0.00014148893,9.2245355e-05,8.440029e-05
2017-10-03 16:00:00,0.00020478973,0.00025758846,0.00031572353,0.0003111616,0.00023485428,0.00024323062
2017-10-03 17:00:00,0.00013340334,0.0001155512,0.0001445496,0.00013597318,0.00015627073,0.00016347619
2017-10-03 18:00:00,3.589824e-05,5.1971758e-05,5.6850247e-05,0.00010964833,7.4210475e-05,7.627873e-05
2017-10-03 19:00:00,4.298638e-05,5.8083646e-05,0.00011656018,7.157817e-05,5.021841e-05,3.710997e-05
2017-10-03 20:00:00,4.4063956e-05,0.00010040084,4.5519882e-05,2.7824042e-05,4.9118273e-05,3.4130993e-05
2017-10-03 21:00:00,9.934237e-05,3.6608748e-05,4.370405e-05,3.9007522e-05,3.6224927e-05,0.00013908313
2017-10-03 22:00:00,0.00013269564,7.95605e-05,7.1531096e-05,0.00010516584,7.012875e-05,0.00012032333
2017-10-03 23:00:00,4.7778696e-05,3.371092e-05,5.8971647e-05,0.00011732001,0.00012927307,0.000358593
2017-10-04 00:00:00,2.9360423e-05,3.857194e-05,0.00016418945,0.00020548435,0.00039872114,0.0003376207
2017-10-04 01:00:00,5.487167e-05,0.00013049119,0.00025692512,0.00032604454,0.00033266377,0.0007889459
2017-10-04 02:00:00,0.0002822647,0.0002324908,0.0005305426,0.00036663082,0.0006241729,0.00041537936
2017-10-04 03:00:00,0.00011430922,0.00027801376,0.0004145099,0.00052366476,0.0004053573,0.00035131568
2017-10-04 04:00:00,0.0004197825,0.00028787245,0.00054916943,0.0003117428,0.0002379821,0.00031189868
2017-10-04 05:00:00,6.17292e-05,0.00037103158,0.00015369256,0.0001944949,0.00017878356,0.0004537007
2017-10-04 06:00:00,0.00039406942,0.00014133046,0.00017476291,0.0002372921,0.0004960952,0.00026800385
2017-10-04 07:00:00,0.00033912316,0.00014976408,0.000101022175,0.00024601206,0.00017643602,6.08176e-05
2017-10-04 08:00:00,4.731734e-05,5.1004987e-05,0.00036141233,0.00035387182,0.00019586818,3.9833754e-05
2017-10-04 09:00:00,4.8036763e-05,0.00036780562,0.00020921408,0.0002706796,3.3903576e-05,7.785683e-05
2017-10-04 10:00:00,0.00052272907,0.00027708404,0.00017334065,3.7442012e-05,9.063368e-05,0.00015456538
2017-10-04 11:00:00,8.970553e-05,0.00021764981,0.0002957481,0.0003007791,0.00039189885,0.00054485863
2017-10-04 12:00:00,0.00013150049,0.00026155263,0.0004048689,0.0005457301,0.00031195546,0.0003177514
2017-10-04 13:00:00,0.0002933594,0.0002912947,0.00041500948,0.00023524088,0.0002084882,0.00014457897
2017-10-04 14:00:00,0.0001483344,0.0002537888,0.00019042123,5.9299364e-05,5.3293745e-05,4.1722047e-05
2017-10-04 15:00:00,0.00013336563,7.440369e-05,3.455684e-05,0.00016066083,0.00010044857,0.00014524281
2017-10-04 16:00:00,3.85917e-05,0.000137294,0.00017735611,0.00021194339,0.00019253364,9.995159e-05
2017-10-04 17:00:00,0.0001502398,0.0002044157,0.00024325766,0.00019047696,0.00010031203,0.0001294286
2017-10-04 18:00:00,0.00017644669,9.47823e-05,0.00016019036,3.3726403e-05,5.156282e-05,0.0001776204
2017-10-04 19:00:00,3.9535094e-05,4.632273e-05,0.000110322566,6.382241e-05,6.481623e-05,7.261299e-05
2017-10-04 20:00:00,7.451302e-05,0.00012280274,8.122726e-05,0.00011424745,6.508631e-05,0.00016623101
2017-10-04 21:00:00,0.00018553223,9.125646e-05,5.8058675e-05,5.4368178e-05,0.00014513881,0.00010959196
2017-10-04 22:00:00,6.512505e-05,0.00012406202,0.00014006539,0.00032186735,0.00017242404,0.00039454078
2017-10-04 23:00:00,0.00020868186,0.00013871776,0.00020959627,0.00020581478,0.00028648,9.211568e-05
2017-10-05 00:00:00,4.3208354e-05,9.80295e-05,0.00012628996,0.00018261443,5.7433383e-05,0.00017357108
2017-10-05 01:00:00,0.00019671426,0.00012668999,0.00020074373,4.95785e-05,0.00015940166,0.00043063614
2017-10-05 02:00:00,4.80087e-05,7.577918e-05,0.00018240933,0.0002655897,0.0004318934,0.00047756443
2017-10-05 03:00:00,0.0001657836,0.00019676608,0.00033533384,0.0006531465,0.00031623556,0.00062064687
2017-10-05 04:00:00,0.00038151984,0.00029391478,0.00070728495,0.0006957698,0.0007056323,0.00047825728
2017-10-05 05:00:00,0.0003905541,0.00035918306,0.00034491825,0.0006177052,0.00032549998,0.00039145746
2017-10-05 06:00:00,0.00026743807,0.00019488286,0.0003440484,0.00023867622,0.00015945395,0.0004087844
2017-10-05 07:00:00,4.892701e-05,0.00020517703,0.00011110731,2.9889292e-05,0.00033547048,0.00017298918
2017-10-05 08:00:00,0.0002722057,9.465971e-05,3.577174e-05,0.00039577362,0.00018390607,0.00010796453
2017-10-05 09:00:00,0.00014267406,0.00021798373,0.00025713653,6.9059555e-05,3.854988e-05,4.5783403e-05
2017-10-05 10:00:00,0.00012656741,0.00024377665,0.00016902972,5.953433e-05,0.00016917214,0.00021633331
2017-10-05 11:00:00,0.00059999793,0.0002503174,0.00012921152,0.00015159245,0.00024029355,0.00028933448
2017-10-05 12:00:00,0.00024179621,0.0002560012,0.00014684164,9.271259e-05,7.320955e-05,0.00020730804
2017-10-05 13:00:00,0.00017925404,3.9184746e-05,8.815748e-05,0.00013600581,0.00010078701,2.7676908e-05
2017-10-05 14:00:00,0.0001069546,0.0002313324,0.00018174454,3.3203138e-05,7.064205e-05,8.958112e-05
2017-10-05 15:00:00,0.00011146183,8.4826876e-05,0.000107754386,4.038533e-05,3.1784217e-05,7.1362636e-05
2017-10-05 16:00:00,6.4759544e-05,0.00017333281,7.2196206e-05,9.379337e-05,0.00011074726,0.00013166852
2017-10-05 17:00:00,0.0002965968,0.00010984082,0.00015013672,0.00016984054,0.00016380913,6.783386e-05
2017-10-05 18:00:00,0.00012452294,6.213917e-05,5.2893218e-05,4.24305e-05,7.732227e-05,3.6750724e-05
2017-10-05 19:00:00,6.2467996e-05,5.5291723e-05,7.7062534e-05,3.9647402e-05,6.738788e-05,0.000106370026
2017-10-05 20:00:00,6.7675115e-05,5.0455936e-05,4.519035e-05,3.9202496e-05,0.00010843911,3.382165e-05
2017-10-05 21:00:00,4.1542688e-05,7.1310315e-05,3.9038998e-05,9.301824e-05,4.6694815e-05,4.82547e-05
2017-10-05 22:00:00,0.00014635218,3.966635e-05,0.000109614964,3.6139492e-05,5.4471773e-05,0.00011643705
2017-10-05 23:00:00,0.00015546326,0.00018430852,4.1613755e-05,0.00013049073,0.000118907876,0.000154307
2017-10-06 00:00:00,0.00012218594,7.027694e-05,4.5886372e-05,0.00010911931,0.00018719559,0.00019146009
2017-10-06 01:00:00,0.0001921949,4.3198943e-05,4.059445e-05,0.00019956821,0.00023092814,0.00031970887
2017-10-06 02:00:00,0.00013395552,0.00016640585,0.0001324349,0.00010575928,0.0001535455,0.00016629232
2017-10-06 03:00:00,9.64735e-05,0.00023243116,0.00023258847,0.00029713789,0.0001903969,0.00042676044
2017-10-08 21:00:00,0.00035917372,0.00032891138,0.0003310271,0.0003368405,0.0004668971,0.00062490755
2017-10-08 22:00:00,7.279016e-05,4.1452702e-05,7.9676436e-05,0.00017209291,0.00014399124,0.00044600823
2017-10-08 23:00:00,0.000113093505,9.604681e-05,0.0002978809,0.00018529085,0.00043136018,3.237272e-05
2017-10-09 00:00:00,5.6585206e-05,0.00015641723,0.0001662739,0.0003437002,5.3565473e-05,0.000304171
2017-10-09 01:00:00,0.00024876886,0.0001793638,0.00042614707,9.425169e-05,0.00020189678,0.00012220639
2017-10-09 02:00:00,4.252676e-05,0.0002594348,0.00025643557,7.4322066e-05,3.978493e-05,0.00011926252
2017-10-09 03:00:00,0.0003717964,0.00022893136,0.0001238399,3.187626e-05,0.00013230713,9.012927e-05
2017-10-09 04:00:00,0.0009185946,0.00013987371,0.00022473904,0.00047621818,0.00026702098,0.00025209485
2017-10-09 05:00:00,0.00046321662,0.00031589088,0.00010283509,0.00013416886,0.00020644079,0.00027862564
2017-10-09 06:00:00,0.00019809893,0.00032907925,0.00023906401,0.00016498924,5.3007076e-05,0.00011056465
2017-10-09 07:00:00,0.00017166913,0.00017243333,2.9250055e-05,8.013533e-05,4.4954795e-05,0.00010783588
2017-10-09 08:00:00,3.171678e-05,0.00021477554,0.00021663608,0.000109681954,4.30281e-05,8.654566e-05
2017-10-09 09:00:00,0.00015828887,0.00027185766,0.00010062986,2.3571618e-05,7.164696e-05,3.5337085e-05
2017-10-09 10:00:00,0.000117176794,5.2099607e-05,0.00011325084,4.0046038e-05,8.912368e-05,0.00021729755
2017-10-09 11:00:00,0.00015065445,0.00019343935,0.00012353671,0.00018897258,0.00032108542,0.00051172124
2017-10-09 12:00:00,0.00011719821,3.0173345e-05,5.3601783e-05,0.0003295402,0.00042780844,0.00056871574
2017-10-09 13:00:00,0.00010352209,5.4360822e-05,0.0001714826,0.00042597853,0.00033508026,0.0002940689
2017-10-09 14:00:00,6.15992e-05,0.00034322683,0.0003977186,0.00046321208,0.00047370995,0.00036032224
2017-10-09 15:00:00,0.00035607925,0.000546823,0.00032437022,0.00038248152,0.00033985858,0.0006192145
2017-10-09 16:00:00,0.00028903258,0.00026715794,0.00014379942,0.00018745914,0.0002914915,0.00026200182
2017-10-09 17:00:00,4.848698e-05,8.54822e-05,3.449732e-05,0.00013623617,0.00011470217,0.00029505757
2017-10-09 18:00:00,6.279442e-05,2.4114339e-05,0.00017646438,0.000165644,0.0005419663,0.00046504242
2017-10-09 19:00:00,7.12645e-05,0.0002418868,0.00019284071,0.0005602509,0.00061137497,0.0005194248
2017-10-09 20:00:00,0.0002720182,0.00023510115,0.0005023631,0.0003688039,0.0005545005,0.00041424498
2017-10-09 21:00:00,4.5970315e-05,0.0003736451,0.00024478324,0.00050858734,0.0002127442,0.00028976335
2017-10-09 22:00:00,0.00042552434,0.0002820122,0.00043200178,0.0002495139,0.00030055575,6.1959385e-05
2017-10-09 23:00:00,6.0312046e-05,0.00016004991,6.447312e-05,5.7382254e-05,0.00023285771,0.00011575364
2017-10-10 00:00:00,0.00021566091,3.1999818e-05,0.00011062336,0.00019938365,8.449106e-05,8.14239e-05
2017-10-10 01:00:00,0.00028240986,0.00012067705,0.0002400275,0.00020431177,6.584056e-05,0.00015080237
2017-10-10 02:00:00,0.000108508975,0.00026149218,8.916855e-05,0.0001972794,4.7241145e-05,4.777816e-05
2017-10-10 03:00:00,0.00043435936,0.00023243371,5.8780508e-05,7.356031e-05,7.801721e-05,4.4070788e-05
2017-10-10 04:00:00,0.00012605338,0.00034256256,0.00017162829,0.00017899436,0.00020529675,0.00016048102
2017-10-10 05:00:00,0.00029750608,0.00010665264,0.00010094161,0.00019810203,9.670096e-05,0.00022100164
2017-10-10 06:00:00,0.00013606723,0.0001731927,6.403284e-05,8.862577e-05,3.5593803e-05,6.5175795e-05
2017-10-10 07:00:00,3.559222e-05,7.683967e-05,4.254967e-05,0.00018077705,0.00015256269,0.000110076966
2017-10-10 08:00:00,8.442822e-05,3.433559e-05,9.732295e-05,0.0001481546,0.00011858364,5.9784183e-05
2017-10-10 09:00:00,9.1450784e-05,9.138556e-05,0.00010057221,9.4212905e-05,5.4751134e-05,0.000100527184
2017-10-10 10:00:00,0.00014253135,0.00021096707,0.00013087565,6.354168e-05,0.00022530336,0.00017528048
2017-10-10 11:00:00,8.7266715e-05,2.7096186e-05,3.168496e-05,9.5287665e-05,0.00020600662,0.00035006984
2017-10-10 12:00:00,7.1028066e-05,0.00011796646,4.777224e-05,0.00016185651,0.00036332745,0.00017972336
2017-10-10 13:00:00,0.00010887599,5.1556417e-05,0.00021299165,0.0004990592,0.00029258733,0.00033214805
2017-10-10 14:00:00,0.00013208082,0.0003546102,0.0003114068,0.0004799556,0.00044436066,0.00042460533
2017-10-10 15:00:00,0.00026764726,0.0005296232,0.00020177232,0.0004336578,0.00022562474,0.00030899342
2017-10-10 16:00:00,0.00028102632,0.00013231396,0.00020486313,0.00018497881,0.00019611318,5.1574563e-05
2017-10-10 17:00:00,0.00016734816,3.4458804e-05,4.6337223e-05,2.905549e-05,0.00021658692,0.00045318576
2017-10-10 18:00:00,0.00018901876,0.00011474748,9.306137e-05,0.00011986052,0.00035066518,0.00021925059
2017-10-10 19:00:00,5.7717836e-05,3.2877284e-05,0.00030964747,0.00058042444,0.00042026787,0.00038431303
2017-10-10 20:00:00,4.236681e-05,0.00024402185,0.00057610957,0.0003590133,0.00029705383,0.00050310144
2017-10-10 21:00:00,0.00041013747,0.0005671005,0.0004333441,0.0004744046,0.0006139206,0.00042876738
2017-10-10 22:00:00,0.0004235293,0.00016507228,0.00015704359,0.0003772766,0.00038778363,0.00022038809
2017-10-10 23:00:00,0.00018453658,0.00013698883,0.00019757343,7.302245e-05,8.086055e-05,8.906634e-05
2017-10-11 00:00:00,8.158511e-05,0.00035732178,0.00021247109,0.00024139004,0.00029856229,0.00022590293
2017-10-11 01:00:00,0.00050991605,0.00023563454,0.00018215437,0.00023905285,0.00017417232,0.0002353078
2017-10-11 02:00:00,0.00011444785,0.00015913237,3.7815254e-05,5.820678e-05,3.8153175e-05,5.224908e-05
2017-10-11 03:00:00,2.7109161e-05,7.520057e-05,5.4959375e-05,0.00013929281,5.0418257e-05,4.8649454e-05
2017-10-11 04:00:00,0.000107809174,7.232824e-05,0.00010613841,5.1675597e-05,6.2934756e-05,3.0729097e-05
2017-10-11 05:00:00,4.0113602e-05,6.9300586e-05,4.0445084e-05,9.25333e-05,7.662748e-05,7.501495e-05
2017-10-11 06:00:00,7.805561e-05,3.2672757e-05,7.59325e-05,5.643804e-05,6.630322e-05,0.00013851735
2017-10-11 07:00:00,0.00011250536,0.00025742562,0.00012404933,0.00011612078,0.00024587015,0.000306469
2017-10-11 08:00:00,0.00014638744,9.8068835e-05,7.6344615e-05,0.00014802626,0.0002473608,0.00011146281
2017-10-11 09:00:00,8.9517285e-05,4.8243153e-05,7.605124e-05,0.00012774824,7.437873e-05,3.87676e-05
2017-10-11 10:00:00,3.089907e-05,0.00011507741,0.00018698283,0.00010557814,5.1541083e-05,0.00027561595
2017-10-11 11:00:00,0.0001016677,0.00021899151,9.909465e-05,5.334543e-05,0.00029960048,0.0002636051
2017-10-11 12:00:00,9.5352276e-05,2.9080618e-05,8.0354366e-05,0.0003318971,0.00034082384,0.00024655933
2017-10-11 13:00:00,9.987876e-05,0.00016199873,0.00051107066,0.0005301867,0.0004278987,0.00028757477
2017-10-11 14:00:00,8.7823515e-05,0.00045608118,0.00059029134,0.0003140696,0.000270002,0.00019695517
2017-10-11 15:00:00,0.00043242116,0.0003450495,0.00022235245,0.00022596944,0.00019172051,0.0002551847
2017-10-11 16:00:00,5.458802e-05,0.0001084289,0.00012555197,0.0001163187,8.0514146e-05,0.00010529235
2017-10-11 17:00:00,8.088427e-05,0.00010523254,6.26124e-05,5.5937337e-05,0.00013522875,0.0001518407
2017-10-11 18:00:00,3.9683127e-05,2.9587402e-05,4.4492073e-05,8.903414e-05,0.00011412875,0.00011246224
2017-10-11 19:00:00,2.9139215e-05,6.163143e-05,7.062303e-05,0.00015031852,0.00014573787,9.954484e-05
2017-10-11 20:00:00,6.710654e-05,7.474111e-05,0.00016648135,0.00017254388,0.00012411996,9.407103e-05
2017-10-11 21:00:00,0.00011307177,0.00021967005,0.000196624,0.00013065,5.3913023e-05,6.921112e-05
2017-10-11 22:00:00,9.877813e-05,0.00013790953,6.6647495e-05,0.000117397,0.00019590391,7.4136246e-05
2017-10-11 23:00:00,3.3986933e-05,3.523511e-05,0.00021991556,0.000288419,0.00015094195,9.058337e-05
2017-10-12 00:00:00,5.1809326e-05,0.00024477427,0.00031200057,0.00020529632,9.3280796e-05,4.9461523e-05
2017-10-12 01:00:00,0.00029829587,0.00031097088,0.00014160253,7.9629775e-05,5.0851067e-05,4.9536487e-05
2017-10-12 02:00:00,8.852648e-05,5.1138337e-05,0.00016406408,0.00018281926,0.00017536219,0.00016908851
2017-10-12 03:00:00,0.0001943884,0.00032547244,0.00020640933,0.00024134527,0.00025239508,0.00016947255
2017-10-12 04:00:00,0.0001365711,0.00019660442,0.00015133963,0.00014134035,0.00010272749,9.484417e-05
2017-10-12 05:00:00,6.8196576e-05,5.905706e-05,4.4952045e-05,2.861136e-05,2.891442e-05,4.7278867e-05
2017-10-12 06:00:00,4.476826e-05,4.5063858e-05,6.3771025e-05,4.793671e-05,4.2820095e-05,5.1753334e-05
2017-10-12 07:00:00,6.735408e-05,6.630968e-05,4.3314507e-05,2.9810935e-05,5.7209225e-05,6.3403364e-05
2017-10-12 08:00:00,4.2419477e-05,3.9558385e-05,2.7882534e-05,0.000102618484,0.0001450988,4.316677e-05
2017-10-12 09:00:00,3.0691543e-05,4.0407023e-05,9.1053094e-05,8.51184e-05,8.4984225e-05,9.8049626e-05
2017-10-12 10:00:00,3.4468005e-05,9.3714625e-05,0.00013494295,7.444627e-05,0.00014636166,9.4309886e-05
2017-10-12 11:00:00,0.00012431719,8.606202e-05,4.8638514e-05,9.5499105e-05,0.00013428365,7.4374664e-05
2017-10-12 12:00:00,4.6347468e-05,4.9673912e-05,4.0380015e-05,7.560726e-05,4.4563123e-05,4.002445e-05
2017-10-12 13:00:00,7.876871e-05,3.2361997e-05,4.9525803e-05,3.414958e-05,4.05359e-05,3.787627e-05
2017-10-12 14:00:00,8.437953e-05,0.00011625783,6.474879e-05,6.578702e-05,0.00011481253,3.8192156e-05
2017-10-12 15:00:00,7.5935735e-05,3.570084e-05,5.2449977e-05,6.909482e-05,5.0397943e-05,5.0867046e-05
2017-10-12 16:00:00,9.064898e-05,6.738485e-05,4.365306e-05,5.277541e-05,3.8361493e-05,0.000111645095
2017-10-12 17:00:00,4.126234e-05,4.9921073e-05,3.616109e-05,6.643842e-05,7.513039e-05,0.00019264065
2017-10-12 18:00:00,6.345692e-05,3.3107237e-05,4.9219117e-05,7.174839e-05,0.00014848553,0.00014447077
2017-10-12 19:00:00,0.000114790884,3.7310947e-05,0.0001165422,0.00021298756,0.00023165692,9.0678266e-05
2017-10-12 20:00:00,9.636783e-05,6.2014995e-05,0.000130579,0.00021665388,7.7424076e-05,0.0001335422
2017-10-12 21:00:00,0.00018801031,0.00025595963,0.0003007791,0.00015207306,0.00012850392,0.00020333104
2017-10-12 22:00:00,0.000106546184,0.00016073463,4.6876492e-05,0.00025470724,0.00038529094,0.00037397497
2017-10-12 23:00:00,8.49622e-05,0.00012590578,0.00028026244,0.0005190543,0.0006315455,0.000591985
2017-10-13 00:00:00,0.00018062498,0.0004151729,0.00049361226,0.0005519874,0.0005864063,0.00072129164
2017-10-13 01:00:00,0.00033214214,0.00044949897,0.000543415,0.0005311053,0.0006366641,0.00050009514
2017-10-13 02:00:00,0.00020663501,0.0003287029,0.0003485349,0.0005189409,0.00045633802,0.00042532344
2017-10-13 03:00:00,0.000104993625,0.00027747892,0.00032559969,0.00038892543,0.0002832245,0.0004878727
2017-10-13 04:00:00,0.0001607876,0.00034338262,0.00028002213,0.00032711338,0.0003764438,0.0002834621
2017-10-13 05:00:00,0.00012657182,0.00028969822,0.00017561685,0.00023324028,0.00021177747,0.0001778452
2017-10-13 06:00:00,0.00013605067,7.03235e-05,0.00013279267,0.00020397795,0.00012225218,0.00010904383
2017-10-13 07:00:00,8.071967e-05,3.4737724e-05,4.3835524e-05,2.9560695e-05,3.0393383e-05,4.3855936e-05
2017-10-13 08:00:00,7.650832e-05,7.95819e-05,4.4453693e-05,3.8525897e-05,4.6463454e-05,3.6053498e-05
2017-10-13 09:00:00,4.185465e-05,2.6916956e-05,7.9126236e-05,8.0966805e-05,8.012395e-05,7.638415e-05
2017-10-13 10:00:00,4.445608e-05,7.31537e-05,9.8108016e-05,4.9398608e-05,0.00013754003,0.00011299304
2017-10-13 11:00:00,7.443286e-05,0.00010001958,8.135939e-05,7.0088936e-05,0.000103066835,3.8166352e-05
2017-10-13 12:00:00,5.078082e-05,5.0018356e-05,5.649366e-05,3.7405447e-05,2.62246e-05,3.3825305e-05
2017-10-13 13:00:00,4.0947984e-05,7.604076e-05,3.953004e-05,5.032895e-05,5.693126e-05,0.000115555995
2017-10-13 14:00:00,6.1918596e-05,2.7759012e-05,3.6910624e-05,4.893735e-05,0.00020369454,0.0002273409
2017-10-13 15:00:00,6.180259e-05,6.0312184e-05,9.088112e-05,0.00022901218,0.0002832349,0.00028974924
2017-10-13 16:00:00,4.9273418e-05,6.795144e-05,0.00015761924,0.00036534184,0.00029779907,0.00037261506
2017-10-13 17:00:00,4.60186e-05,0.00021257556,0.00028267512,0.0003647889,0.00044520135,0.0003436117
2017-10-13 18:00:00,0.00021073173,0.00044865877,0.0004041345,0.00036105936,0.00032117238,0.00036611946
2017-10-13 19:00:00,0.00069932523,0.00068545906,0.0005069213,0.00048929977,0.00035429926,0.0004779056
2017-10-13 20:00:00,8.047788e-05,0.00015568091,3.670428e-05,4.1724263e-05,4.065682e-05,3.1011892e-05
2017-10-15 21:00:00,6.445038e-05,5.547588e-05,6.4265165e-05,3.0306193e-05,4.9410795e-05,4.5575594e-05
2017-10-15 22:00:00,9.306153e-05,8.970196e-05,4.3821907e-05,0.0001003771,9.880622e-05,7.787331e-05
2017-10-15 23:00:00,4.963063e-05,6.4903514e-05,4.043156e-05,3.9723138e-05,3.3033513e-05,0.00011515714
2017-10-16 00:00:00,9.7222495e-05,3.9649036e-05,3.2647433e-05,3.4692363e-05,0.000119029195,9.64337e-05
2017-10-16 01:00:00,7.8220386e-05,0.00010654017,6.913124e-05,0.00021434645,0.0002220857,6.37535e-05
2017-10-16 02:00:00,4.070541e-05,3.208112e-05,0.00011745914,0.000111344285,2.8539622e-05,6.384295e-05
2017-10-16 03:00:00,4.2606345e-05,0.0001660057,6.115877e-05,3.55998e-05,0.00011160486,0.00011400595
2017-10-16 04:00:00,0.00017517687,0.0001447255,3.583851e-05,9.35789e-05,8.3966515e-05,8.3495135e-05
2017-10-16 05:00:00,3.389079e-05,0.00011528138,0.00017630016,0.00023801519,0.0001970335,0.00013366822
2017-10-16 06:00:00,0.00017007109,0.00030103544,0.00023995819,0.00022161502,0.00012589908,5.5902066e-05
2017-10-16 07:00:00,0.00017972966,0.00015721627,0.00013094964,4.136085e-05,5.622091e-05,4.288111e-05
2017-10-16 08:00:00,2.9626472e-05,4.1355925e-05,8.4637424e-05,0.0001995489,9.749132e-05,2.035045e-05
2017-10-16 09:00:00,3.9155515e-05,9.684797e-05,0.00017536062,9.0715126e-05,6.1347855e-05,5.1390714e-05
2017-10-16 10:00:00,0.0001386972,0.0002152311,0.00010894065,5.932081e-05,5.8222868e-05,6.138868e-05
2017-10-16 11:00:00,0.00016390851,2.14148e-05,8.194263e-05,0.00011875237,0.00012347916,0.00011744916
2017-10-16 12:00:00,0.00013238404,0.00013804802,0.00023490848,0.00021398217,0.00021918604,0.00023177676
2017-10-16 13:00:00,0.00011316353,0.00013764159,0.00015447737,0.00014637789,0.00016507837,3.6416404e-05
2017-10-16 14:00:00,0.00014211827,0.000118897566,7.0396425e-05,7.772746e-05,8.365789e-05,5.3861524e-05
2017-10-16 15:00:00,4.963622e-05,3.9739945e-05,4.1495037e-05,0.0001306833,0.00011505247,0.00012849264
2017-10-16 16:00:00,4.414789e-05,3.132722e-05,0.0001892487,0.00011545137,0.000108235196,0.00012878091
2017-10-16 17:00:00,4.9473212e-05,0.00012524589,0.0001374075,0.00012213363,0.00011537749,3.879991e-05
2017-10-16 18:00:00,0.00029872457,0.00015381034,9.648752e-05,0.0001436554,6.197584e-05,0.0002736534
2017-10-16 19:00:00,4.6372865e-05,4.877028e-05,4.4985405e-05,0.00015355348,0.0005185516,0.00043946988
2017-10-16 20:00:00,4.0404986e-05,3.4118453e-05,0.00011366352,0.00034994227,0.00042244687,0.00020460713
2017-10-16 21:00:00,3.543217e-05,0.00014655542,0.0005314137,0.0004425502,0.00030018788,0.00035167002
2017-10-16 22:00:00,0.00018751518,0.0004818416,0.00045057418,0.00033910965,0.0003433991,0.00046956266
2017-10-16 23:00:00,0.00045322906,0.00045130998,0.0003429553,0.00019668222,0.00031201926,0.0003049898
2017-10-17 00:00:00,8.957728e-05,0.00014623128,9.6040654e-05,8.186011e-05,3.54882e-05,0.00013505411
2017-10-17 01:00:00,8.8052315e-05,2.6920117e-05,2.3728797e-05,4.409953e-05,0.00010281707,8.250453e-05
2017-10-17 02:00:00,5.4522094e-05,5.7593727e-05,0.0001350114,3.8672923e-05,0.00012106697,0.00033867572
2017-10-17 03:00:00,4.17813e-05,0.00014573593,7.1185146e-05,9.767914e-05,0.00039106287,0.00012250895
2017-10-17 04:00:00,0.00013750688,9.860375e-05,0.000112242444,0.00029770995,0.00011124948,0.00027886566
2017-10-17 05:00:00,0.00022745779,3.8468635e-05,0.00027187643,4.896501e-05,0.00021970338,0.00012615566
2017-10-17 06:00:00,0.00027335295,0.00057551777,0.000249493,0.00044278364,0.00032469898,0.00041545051
2017-10-17 07:00:00,0.00034590068,6.870774e-05,0.00019151236,0.00010185705,0.0003327402,0.00030437394
2017-10-17 08:00:00,0.00036153785,0.00011404518,0.0001460628,3.3818895e-05,0.00017416966,4.2191525e-05
2017-10-17 09:00:00,0.00028704316,9.9566205e-05,0.00031682217,0.0004926333,0.0003051714,0.00021919253
2017-10-17 10:00:00,0.00014881016,0.00011697967,0.00026440015,8.4358384e-05,8.397077e-05,7.956125e-05
2017-10-17 11:00:00,0.00022193769,0.00055977504,0.00018399653,0.00021258534,0.00018867191,0.00019778423
2017-10-17 12:00:00,0.00018845552,2.9885885e-05,3.6565605e-05,3.0323361e-05,4.0796673e-05,0.00014999139
2017-10-17 13:00:00,0.00029530947,0.00028953407,0.00013859112,0.00021077921,6.687633e-05,0.00011547201
2017-10-17 14:00:00,4.618463e-05,4.845531e-05,2.7253556e-05,0.00011125409,4.105852e-05,5.7503e-05
2017-10-17 15:00:00,3.8843194e-05,4.0997496e-05,0.00018409415,4.7197238e-05,6.4642656e-05,0.00012321954
2017-10-17 16:00:00,3.459739e-05,0.00020522339,6.227691e-05,3.4149594e-05,9.461434e-05,9.431545e-05
2017-10-17 17:00:00,0.00020841457,5.0260853e-05,8.182972e-05,9.42447e-05,0.00012662579,0.0001664291
2017-10-17 18:00:00,0.00015131276,0.0001422497,8.080186e-05,5.7140136e-05,4.8085054e-05,5.8443165e-05
2017-10-17 19:00:00,3.9637678e-05,7.2117844e-05,0.00010583112,0.00017840757,6.792188e-05,5.5075772e-05
2017-10-17 20:00:00,4.08071e-05,9.936517e-05,0.00019532484,5.1859945e-05,7.529527e-05,3.4512657e-05
2017-10-17 21:00:00,6.238357e-05,0.00015757076,3.0069687e-05,0.00012766241,6.757178e-05,4.2493342e-05
2017-10-17 22:00:00,0.00015196699,5.0741186e-05,0.00014940272,7.4558535e-05,4.0567273e-05,5.0489478e-05
2017-10-17 23:00:00,0.00021245811,0.000314856,0.00013330994,0.0001101416,6.744358e-05,3.592565e-05
2017-10-18 00:00:00,0.00016462473,8.828356e-05,3.4827586e-05,6.083252e-05,0.00011871635,0.00021165908
2017-10-18 01:00:00,9.024793e-05,0.00014297618,0.00015963432,0.00022852643,0.00027612154,0.00025949176
2017-10-18 02:00:00,0.00014612614,0.00014118299,0.00016701077,0.00025485049,0.00020611583,3.73564e-05
2017-10-18 03:00:00,8.833201e-05,0.00014927912,0.00020064479,0.00013036393,8.751029e-05,9.9952995e-05
2017-10-18 04:00:00,0.00010429379,0.00016244473,0.00013747126,0.0001806533,0.000102179256,0.00014663184
2017-10-18 05:00:00,7.8022094e-05,9.07351e-05,0.00018944858,3.2937718e-05,9.438244e-05,0.0002947497
2017-10-18 06:00:00,3.8089813e-05,0.00031764954,8.2418475e-05,3.6564095e-05,0.0001582269,0.00035299463
2017-10-18 07:00:00,0.00038478847,7.30807e-05,3.7163885e-05,0.00020453674,0.00041167234,0.00017552207
2017-10-18 08:00:00,0.00031207997,0.00030323156,0.0005245924,0.0006796698,0.00042754324,0.0004283204
2017-10-18 09:00:00,0.00012191909,0.0004111142,0.00034086488,0.00026445588,0.00032779807,0.00023054089
2017-10-18 10:00:00,0.00041598876,0.00040334798,0.00020618903,0.0002638761,0.00018281331,0.00011904722
2017-10-18 11:00:00,0.00026404037,4.1844516e-05,7.003575e-05,2.9394329e-05,5.256572e-05,0.000101133315
2017-10-18 12:00:00,0.00016873096,0.00013642317,0.0001417756,0.00012774559,4.069295e-05,0.00011056414
2017-10-18 13:00:00,5.1046653e-05,3.1089625e-05,3.068106e-05,0.00012506945,0.00029746603,0.00012934307
2017-10-18 14:00:00,4.393492e-05,7.284315e-05,7.995215e-05,0.00024251798,0.00016354563,0.00012420108
2017-10-18 15:00:00,6.935673e-05,0.00013182583,0.0002672969,0.00016489656,0.00020407893,0.00019343173
2017-10-18 16:00:00,0.0002104041,0.00033400365,0.00019415822,0.00019559509,0.00022683531,0.0002537278
2017-10-18 17:00:00,0.00031191876,6.258559e-05,0.00011930313,7.4151496e-05,0.00016255371,0.00016541891
2017-10-18 18:00:00,0.00018702731,9.590962e-05,5.3594125e-05,5.6791487e-05,6.063435e-05,4.1599287e-05
2017-10-18 19:00:00,7.013822e-05,9.6220276e-05,0.000114540395,8.5478285e-05,0.00017212468,0.0001528669
2017-10-18 20:00:00,6.819642e-05,6.942588e-05,6.102918e-05,9.680116e-05,0.0001967028,0.00017664302
2017-10-18 21:00:00,3.9304537e-05,4.3467873e-05,8.40456e-05,0.0001611983,0.00016287983,0.00015504546
2017-10-18 22:00:00,3.7901722e-05,0.00010619118,0.00015521348,0.00016398648,9.640652e-05,0.00013516407
2017-10-18 23:00:00,0.00011957803,0.00019994607,0.00014282003,0.00015691807,0.0001477867,5.051818e-05
2017-10-19 00:00:00,8.8138506e-05,8.229486e-05,7.631035e-05,0.00010911936,6.819725e-05,4.3897e-05
2017-10-19 01:00:00,4.722525e-05,5.430533e-05,6.953288e-05,7.380659e-05,0.00011829926,0.000110524095
2017-10-19 02:00:00,2.3423061e-05,4.5406865e-05,0.00010988066,0.00013480963,0.00020323547,0.00018152501
2017-10-19 03:00:00,5.1209092e-05,0.00017337644,0.00013447544,0.00019180725,0.0003120977,0.00028275346
2017-10-19 04:00:00,0.00014369101,0.00018688323,0.00017905788,0.00044538328,0.00030532532,0.0002623226
2017-10-19 05:00:00,2.753093e-05,9.30866e-05,0.0001984459,0.00022794133,9.869873e-05,0.0002105197
2017-10-19 06:00:00,7.337585e-05,0.00024633692,0.00020548768,0.0002031204,0.0002378895,0.00036460807
2017-10-19 07:00:00,0.00022006122,0.00015634965,8.061483e-05,0.00020941364,0.00028260163,0.00020969078
2017-10-19 08:00:00,3.5017747e-05,3.1224292e-05,7.709024e-05,0.00020149625,0.00011003489,0.00015513388
2017-10-19 09:00:00,4.1686468e-05,9.309273e-05,0.00021678688,0.00011306338,0.00019931895,0.00023655183
2017-10-19 10:00:00,0.00012888075,0.00030308447,0.00013259829,0.00018576987,0.0001938435,0.00011135639
2017-10-19 11:00:00,0.00029081132,4.2972493e-05,0.00011182284,0.00017185192,4.5644298e-05,0.00015740994
2017-10-19 12:00:00,0.00028486684,7.587653e-05,2.761691e-05,0.00015575404,3.549798e-05,3.996524e-05
2017-10-19 13:00:00,0.000100876634,0.00015908162,3.2394968e-05,0.0001965465,0.00013936088,0.000226875
2017-10-19 14:00:00,9.2593786e-05,0.00012927553,7.738205e-05,0.000103930746,0.00017508335,0.00012198361
2017-10-19 15:00:00,0.00013610137,4.323658e-05,3.940717e-05,6.6910645e-05,8.5048116e-05,3.044382e-05
2017-10-19 16:00:00,0.00019194713,0.0002040336,0.00020815106,0.00020707425,0.00018377666,0.0001819222
2017-10-19 17:00:00,5.0776183e-05,9.912423e-05,7.1892355e-05,3.5532907e-05,5.6904806e-05,8.7207714e-05
2017-10-19 18:00:00,0.00010793252,7.823757e-05,3.0476744e-05,7.658778e-05,9.121477e-05,9.218328e-05
2017-10-19 19:00:00,2.9429375e-05,9.237019e-05,4.969807e-05,0.0002288375,0.00014063662,0.00020375122
2017-10-19 20:00:00,9.087633e-05,4.074275e-05,0.00017170234,0.00016831628,0.00020828884,0.00022341772
2017-10-19 21:00:00,9.316595e-05,0.00014010895,0.00012581017,0.00012780332,0.00017915375,0.000114907525
2017-10-19 22:00:00,0.0002133698,0.00014433832,0.00025264357,0.00027792287,0.00013533166,0.00012687335
2017-10-19 23:00:00,3.9597096e-05,7.782813e-05,6.2538384e-05,3.194899e-05,4.0789066e-05,5.840747e-05
2017-10-20 00:00:00,7.765543e-05,5.7915317e-05,3.44457e-05,3.2362757e-05,6.960252e-05,0.00015337192
2017-10-20 01:00:00,4.0657713e-05,6.163108e-05,4.854366e-05,0.00015876582,0.00026493997,0.00020038856
2017-10-20 02:00:00,5.0587114e-05,2.3273775e-05,0.000138816,0.00021368144,0.00024015993,0.0002736684
2017-10-20 03:00:00,4.507561e-05,0.00012378156,0.00019173717,0.0001821392,0.00013968551,0.0002720602
2017-10-20 04:00:00,0.00013396618,0.0002789402,0.00016393946,0.0002973192,0.00026664927,0.00033947892
2017-10-20 05:00:00,0.00019143728,0.00012533681,9.4209776e-05,0.00016571244,0.00036373784,0.0001897911
2017-10-20 06:00:00,6.0166996e-05,3.9553943e-05,5.455859e-05,0.0003110189,0.00034431,0.00037245767
2017-10-20 07:00:00,3.783084e-05,8.906304e-05,0.00032744944,0.00030421859,0.00048468253,5.4220487e-05
2017-10-20 08:00:00,5.694516e-05,0.0003592855,0.00043218743,0.000397896,9.758699e-05,7.767694e-05
2017-10-20 09:00:00,0.00035067025,0.0005150193,0.00043857508,0.00013475028,0.00010226834,3.755412e-05
2017-10-20 10:00:00,0.00076601194,0.0009024524,0.000385737,0.0003389479,0.000290963,0.00022808
2017-10-20 11:00:00,0.0001702806,0.00038889304,0.00030920218,0.0005444406,0.0003907415,0.00039096322
2017-10-20 12:00:00,0.00055369956,0.00034689516,0.00037727365,0.00059497915,0.0006243899,0.0005980371
2017-10-20 13:00:00,4.808531e-05,0.00014025884,0.00016313345,0.00024750803,0.00024236977,0.00025611545
2017-10-20 14:00:00,0.00017651741,0.00020366478,0.0002256312,0.00019926751,0.00033941865,0.00039223107
2017-10-20 15:00:00,6.0747672e-05,0.00019235985,0.00011904871,0.00014537339,0.00018552551,0.00022723016
2017-10-20 16:00:00,0.0001299819,7.5004515e-05,0.00010916296,0.0002411848,0.00025385755,8.558952e-05
2017-10-20 17:00:00,4.7978257e-05,8.987275e-05,8.836775e-05,0.00016736603,6.706242e-05,7.124289e-05
2017-10-20 18:00:00,8.141284e-05,0.00013386867,0.00016703799,5.648034e-05,0.00010890978,0.00014731966
2017-10-20 19:00:00,8.402386e-05,0.00013938844,4.0418287e-05,5.3551565e-05,0.00017890838,8.1280785e-05
2017-10-20 20:00:00,7.116236e-05,7.441448e-05,4.5706565e-05,0.00013248666,7.9758036e-05,5.8318346e-05
2017-10-22 21:00:00,0.00014009427,0.00012521591,5.0688144e-05,2.2758666e-05,4.8001257e-05,3.9425573e-05
2017-10-22 22:00:00,6.7418005e-05,0.00017214476,8.239264e-05,0.00012859447,6.818801e-05,0.0001945688
2017-10-22 23:00:00,0.00016660633,8.858699e-05,9.14872e-05,6.481603e-05,0.00016972575,0.0003350005
2017-10-23 00:00:00,6.335091e-05,5.0685398e-05,7.184675e-05,9.692854e-05,0.0002222446,0.0001408432
2017-10-23 01:00:00,5.357673e-05,3.7910446e-05,0.00016049379,0.00037612516,0.00024382574,0.00013260516
2017-10-23 02:00:00,7.4603005e-05,0.00014443822,0.0002536847,0.00018595265,0.00022352743,0.00017028043
2017-10-23 03:00:00,0.00023664959,0.00035767723,0.00030737507,0.00027173012,0.00015198786,7.157317e-05
2017-10-23 04:00:00,0.0002464874,6.797469e-05,8.503145e-05,9.1783506e-05,9.4302624e-05,0.0001034285
2017-10-23 05:00:00,0.00017640552,8.8066794e-05,8.720472e-05,0.0002473267,0.00031876808,0.00033158436
2017-10-23 06:00:00,4.3239776e-05,5.6137964e-05,6.6209715e-05,0.0001190495,0.00022720717,0.000104747145
2017-10-23 07:00:00,4.2676274e-05,0.00018506739,0.000203976,0.00020334014,0.00015679644,6.849514e-05
2017-10-23 08:00:00,0.00021809788,0.00024983715,0.00017464752,0.000189156,7.449282e-05,0.00020390825
2017-10-23 09:00:00,9.326174e-05,8.164267e-05,4.2242595e-05,8.730174e-05,0.000101451216,9.552067e-05
2017-10-23 10:00:00,3.7689228e-05,7.270689e-05,0.00014847337,3.8542e-05,5.1347888e-05,3.329711e-05
2017-10-23 11:00:00,7.6033655e-05,0.00016100159,5.2444106e-05,4.722697e-05,5.1530373e-05,0.00017347473
2017-10-23 12:00:00,9.767491e-05,0.00015401626,9.3764356e-05,5.6769684e-05,0.00012413831,0.00012727221
2017-10-23 13:00:00,0.00028166498,0.00023337717,0.00012407867,9.437077e-05,7.403665e-05,4.4198354e-05
2017-10-23 14:00:00,4.91341e-05,6.1088285e-05,0.00023387375,0.00025909103,0.0001908839,0.0001351317
2017-10-23 15:00:00,9.8501274e-05,0.00033343415,0.00027179977,0.00017870819,0.00018248065,0.00028404515
2017-10-23 16:00:00,0.00021802337,0.0002601044,0.000115163966,0.00012486131,0.00014905908,0.00013367627
2017-10-23 17:00:00,2.654361e-05,5.285122e-05,4.3253873e-05,3.252578e-05,3.685617e-05,7.076399e-05
2017-10-23 18:00:00,7.563247e-05,7.187084e-05,3.5275843e-05,3.227286e-05,9.497259e-05,0.00014998521
2017-10-23 19:00:00,5.2814725e-05,6.4590604e-05,3.7793307e-05,0.00013573671,0.00020749833,0.0001173568
2017-10-23 20:00:00,9.1679874e-05,5.5986333e-05,0.00015043964,0.00021287192,0.00023205052,0.00018354853
2017-10-23 21:00:00,4.6789555e-05,0.0001318685,0.00015426327,0.00015180504,0.00015166569,0.0001371842
2017-10-23 22:00:00,0.00013457972,0.00029561485,0.00016125549,0.00023582391,0.00022215431,0.00029726673
2017-10-23 23:00:00,0.00018461188,4.611552e-05,7.425802e-05,0.000109826324,0.0001672205,0.00026447055
2017-10-24 00:00:00,0.00011138933,5.256389e-05,5.0145154e-05,0.000120130375,0.00029839846,7.137066e-05
2017-10-24 01:00:00,6.706453e-05,0.000106889886,0.00017794402,0.00036356386,0.00015470022,0.00021989687
2017-10-24 02:00:00,5.6935583e-05,0.00016002827,0.0002870887,7.817796e-05,0.00018727331,0.00022782884
2017-10-24 03:00:00,0.00020762972,0.00042007884,8.7995766e-05,0.00018151755,0.00022834423,0.00023222057
2017-10-24 04:00:00,0.00026162397,4.705424e-05,6.081407e-05,0.00015668667,0.0001418875,8.722038e-05
2017-10-24 05:00:00,0.00027624314,8.848954e-05,3.388978e-05,3.5192395e-05,7.279101e-05,7.415252e-05
2017-10-24 06:00:00,0.00016737718,0.00018466079,0.0001619279,0.00011360814,0.00032543187,0.00025115677
2017-10-24 07:00:00,0.000102279264,7.534372e-05,3.4920136e-05,0.0001807471,0.00032474316,0.000112676666
2017-10-24 08:00:00,4.465791e-05,0.000106333006,9.891995e-05,0.00022145704,0.000110522036,6.834673e-05
2017-10-24 09:00:00,6.904992e-05,0.00017799651,0.00019377291,0.00018098691,0.00011617069,0.0001168358
2017-10-24 10:00:00,0.0002804748,0.00030432967,0.00014925035,0.00013425497,0.00017022109,4.4272652e-05
2017-10-24 11:00:00,0.00010782718,3.2138883e-05,3.923632e-05,7.400705e-05,0.00014707884,0.00024065543
2017-10-24 12:00:00,7.5348966e-05,0.000120225995,4.4263175e-05,0.00018371575,0.00032234864,0.0002781771
2017-10-24 13:00:00,7.559448e-05,6.2447514e-05,0.00014531879,0.00027370977,0.0002852734,0.00010915174
2017-10-24 14:00:00,0.0001245961,0.00012619207,0.00023734593,0.0002310333,0.00011960883,0.00016227207
2017-10-24 15:00:00,0.0003050262,0.00035279966,0.00026797023,0.000245562,0.00026058842,0.00030141874
2017-10-24 16:00:00,0.00014941243,8.365531e-05,2.939473e-05,2.9672316e-05,8.506337e-05,9.0114154e-05
2017-10-24 17:00:00,4.66892e-05,9.6035656e-05,7.873033e-05,4.4762164e-05,2.8383323e-05,4.1448533e-05
2017-10-24 18:00:00,6.765326e-05,6.5903405e-05,3.8903774e-05,5.4120053e-05,6.900366e-05,3.604215e-05
2017-10-24 19:00:00,4.358666e-05,6.0542454e-05,0.00010256571,0.00012390199,6.3317915e-05,8.504589e-05
2017-10-24 20:00:00,6.12636e-05,9.9026765e-05,9.4554714e-05,4.750357e-05,6.403695e-05,4.0705603e-05
2017-10-24 21:00:00,7.4086944e-05,7.3739386e-05,2.2908505e-05,4.252339e-05,3.5487938e-05,5.779316e-05
2017-10-24 22:00:00,3.9924307e-05,5.375567e-05,3.4476576e-05,4.0361483e-05,0.00012781675,8.194938e-05
2017-10-24 23:00:00,7.95504e-05,3.4060187e-05,5.2911964e-05,0.00012640009,0.00011639552,0.00019401709
2017-10-25 00:00:00,4.5920522e-05,3.3648495e-05,7.7063305e-05,7.564257e-05,0.00016430474,8.586042e-05
2017-10-25 01:00:00,6.255534e-05,0.0001746219,0.00010131706,0.00022804743,0.0001791347,0.0002863967
2017-10-25 02:00:00,0.00012142038,8.1751576e-05,0.00017650858,0.00015812014,0.0002487828,0.00025053593
2017-10-25 03:00:00,3.940606e-05,0.00016961514,4.684283e-05,0.0003164118,0.00043117002,0.00011933585
2017-10-25 04:00:00,0.00018401085,8.1637125e-05,0.00032555813,0.0003797316,0.00021995981,0.0002784467
2017-10-25 05:00:00,0.00016252881,0.00014547011,0.00015192381,4.2927855e-05,0.00011207246,9.337937e-05
2017-10-25 06:00:00,0.00026565685,0.0002838625,7.995192e-05,0.00021372408,4.2572505e-05,5.689805e-05
2017-10-25 07:00:00,7.686188e-05,0.0001008327,4.3870972e-05,0.00023214173,0.00026987513,0.00029242848
2017-10-25 08:00:00,0.00024638863,7.735995e-05,0.0002840237,0.0002451493,0.00040548373,0.00025728313
2017-10-25 09:00:00,0.00014679739,0.00022166895,0.00019420753,0.00032999553,0.00020870018,0.0003226077
2017-10-25 10:00:00,0.00032791268,0.00040581744,0.00045606156,0.0004519831,0.00048221726,0.0004071658
2017-10-25 11:00:00,3.3369866e-05,0.00021283787,0.00014074177,0.0003005587,0.00040683482,0.0004858596
2017-10-25 12:00:00,0.00025209642,0.00012005713,0.00029438455,0.00028973262,0.00045354228,0.00032918356
2017-10-25 13:00:00,7.091382e-05,0.00017816745,0.000119694036,0.00037810075,0.00027294346,8.854352e-05
2017-10-25 14:00:00,0.0002287473,0.00027886085,0.00042359103,0.0002786437,0.00012615293,0.00024312797
2017-10-25 15:00:00,4.7929094e-05,0.00023201121,0.00010019596,5.7206613e-05,7.963226e-05,0.000104233666
2017-10-25 16:00:00,0.0002977237,0.000121256,3.6526417e-05,6.312406e-05,0.00010124569,0.00011652664
2017-10-25 17:00:00,0.00020317626,0.00030385464,0.00015924207,0.00014426508,0.0001468508,7.103221e-05
2017-10-25 18:00:00,0.00015729068,8.22569e-05,4.0100065e-05,3.4258937e-05,0.00018877622,0.00013679666
2017-10-25 19:00:00,0.00012833036,0.00014554485,0.00015333226,0.00043355944,0.00022305507,0.00019067069
2017-10-25 20:00:00,8.1151426e-05,6.4034284e-05,0.0002685987,0.00013977682,9.7978416e-05,0.000101348676
2017-10-25 21:00:00,3.3139877e-05,0.0002898572,0.000100307574,4.8621954e-05,6.577537e-05,9.075338e-05
2017-10-25 22:00:00,0.00029895626,0.00020853372,7.455551e-05,4.907151e-05,9.973358e-05,6.104551e-05
2017-10-25 23:00:00,0.000105772975,0.00020300051,0.00013481537,0.00012674669,0.00024817773,0.0001255254
2017-10-26 00:00:00,0.00012266902,0.00012987397,5.660625e-05,9.6871205e-05,0.00019289342,0.00010689555
2017-10-26 01:00:00,3.9213897e-05,7.905406e-05,2.6222164e-05,0.00038742606,0.00019043211,0.00010055544
2017-10-26 02:00:00,7.978849e-05,3.7551716e-05,0.00037439814,0.000170846,6.578906e-05,0.00013764141
2017-10-26 03:00:00,6.410613e-05,0.00031891235,0.00018465704,4.4853165e-05,0.00011145266,0.000239804
2017-10-26 04:00:00,0.00037508254,0.00023398345,7.6557655e-05,0.00016532754,0.00032487683,0.00041116058
2017-10-26 05:00:00,0.0001414911,0.00028919903,9.224938e-05,3.7037105e-05,0.0001632917,0.00011299209
2017-10-26 06:00:00,0.00015648607,3.9969396e-05,0.000100649864,0.00021539436,0.00022160902,0.0003728276
2017-10-26 07:00:00,0.00012663963,0.00029862204,0.00043409195,0.00030521606,0.000593901,0.00048518885
2017-10-26 08:00:00,0.0002131098,0.0003090499,0.00024218443,0.0004754674,0.00048552806,0.00024920583
2017-10-26 09:00:00,0.00019326447,0.00010577619,0.00022420258,0.00028517528,0.00020370154,0.00013314275
2017-10-26 10:00:00,0.00010113759,0.00014078988,0.00026045856,6.05036e-05,3.1375603e-05,3.6309048e-05
2017-10-26 11:00:00,0.00026993902,0.0003111633,0.0001768391,6.1597704e-05,8.47945e-05,3.4505192e-05
2017-10-26 12:00:00,0.0001448096,4.3040596e-05,6.864529e-05,9.5245385e-05,0.00018209788,5.9060967e-05
2017-10-26 13:00:00,0.00023380178,0.0002908572,0.00018622169,0.00034952187,0.00015390369,6.206699e-05
2017-10-26 14:00:00,0.00014761336,9.416627e-05,0.00018822435,5.4002896e-05,5.616819e-05,4.2301082e-05
2017-10-26 15:00:00,4.6670662e-05,9.0183355e-05,6.0326878e-05,0.00016300991,0.000117079944,0.00010382731
2017-10-26 16:00:00,0.00013638468,5.317897e-05,0.0001237028,0.00010957299,8.599873e-05,0.000109723216
2017-10-26 17:00:00,0.00022616034,0.0003526519,0.00020316448,0.00018159593,0.00025052152,0.000203494
2017-10-26 18:00:00,0.00014272939,0.00010255975,0.00010118285,0.00010143606,0.00013035917,0.00017336941
2017-10-26 19:00:00,3.854602e-05,4.187134e-05,2.7750582e-05,2.8244796e-05,0.0003748431,0.00046389175
2017-10-26 20:00:00,4.4188004e-05,5.3335403e-05,5.0010076e-05,0.00031731869,0.0005835909,0.0003385153
2017-10-26 21:00:00,3.9743136e-05,4.628295e-05,0.00031932784,0.00047845943,0.000470438,0.00035532872
2017-10-26 22:00:00,4.5531448e-05,0.0004383376,0.00049199484,0.00033119207,0.00047328588,0.00031648867
2017-10-26 23:00:00,0.00049323204,0.00077671855,0.00046134947,0.0005218746,0.0007165817,0.00042787602
2017-10-27 00:00:00,0.00031214225,0.00010453388,0.00011707141,0.00024004083,8.739587e-05,0.00017983072
2017-10-27 01:00:00,0.000214039,0.00011727712,4.095572e-05,8.073982e-05,7.094929e-05,7.24463e-05
2017-10-27 02:00:00,6.5012115e-05,0.00018261034,4.7501137e-05,0.00023038045,0.00018978174,8.587831e-05
2017-10-27 03:00:00,0.00012891313,3.7426373e-05,0.000106967556,0.00016504002,5.7953457e-05,9.615199e-05
2017-10-27 04:00:00,0.00019297258,7.595119e-05,6.910416e-05,3.323198e-05,5.9449965e-05,8.229272e-05
2017-10-27 05:00:00,0.00023124134,0.00021662384,6.3032094e-05,0.00014977026,4.0356375e-05,0.00012622154
2017-10-27 06:00:00,4.657918e-05,0.00010882178,4.6686277e-05,0.0001275425,6.347944e-05,0.0001828709
2017-10-27 07:00:00,0.0001579073,6.216244e-05,0.00017241239,6.8308815e-05,0.00020902879,0.00017065853
2017-10-27 08:00:00,9.807386e-05,5.983671e-05,0.00010699686,0.00036205866,0.0003060261,0.0004170877
2017-10-27 09:00:00,0.00019307838,0.00010569193,0.0002576838,0.0003257625,0.0003673001,0.00027155125
2017-10-27 10:00:00,0.00026237755,0.0003932257,0.00036991757,0.0005121285,0.0004946448,0.00034632304
2017-10-27 11:00:00,0.00023768998,0.00019528244,0.00039429826,0.00024798216,0.00018932731,0.00030538422
2017-10-27 12:00:00,3.467512e-05,0.0002593531,6.27613e-05,3.8847666e-05,0.00016652996,0.00015941272
2017-10-27 13:00:00,0.00028458788,6.52912e-05,5.567988e-05,0.00010948012,0.00018384133,0.00011756525
2017-10-27 14:00:00,0.00023490595,0.00030387598,9.6696705e-05,4.2838194e-05,0.00011227043,2.5792311e-05
2017-10-27 15:00:00,6.3619256e-05,7.230778e-05,0.00015037126,0.00013072314,0.00017251109,0.00020019205
2017-10-27 16:00:00,0.00017215507,0.00022937637,0.00011168975,0.00017822703,0.00031911215,0.0004286861
2017-10-27 17:00:00,0.000116013965,3.5170924e-05,9.9941666e-05,0.0002705561,0.0003453448,0.00022081254
2017-10-27 18:00:00,8.256656e-05,3.5644145e-05,0.00013432137,0.000301431,0.00019237142,0.00011333682
2017-10-27 19:00:00,0.0001246621,0.00015816228,0.00025653033,0.00027415444,0.00018647673,0.00010359383
2017-10-27 20:00:00,0.00014218452,0.00029634303,0.00012566698,7.408121e-05,5.1474555e-05,3.972076e-05
2017-10-29 21:00:00,0.0001022138,4.7159752e-05,5.410064e-05,9.0694644e-05,0.00010689056,0.0001155706
2017-10-29 22:00:00,0.00012090619,0.0001785547,0.0001988602,0.00020415797,0.00017447371,0.00018276872
2017-10-29 23:00:00,0.00013004834,0.00016184337,0.00015197226,9.676364e-05,0.0001670694,3.1135056e-05
2017-10-30 00:00:00,8.31899e-05,9.943114e-05,7.941081e-05,9.972121e-05,6.812148e-05,0.00010129158
2017-10-30 01:00:00,3.71347e-05,2.8258122e-05,4.7779715e-05,0.00012593453,0.00013766545,0.0002644562
2017-10-30 02:00:00,3.5184003e-05,5.6742996e-05,0.0001402026,0.000169644,0.00027342344,0.000332423
2017-10-30 03:00:00,6.306179e-05,0.00015696244,0.00018157893,0.00036397768,0.00035605326,0.00024332997
2017-10-30 04:00:00,0.000283399,0.00031525712,0.00028747975,0.00056209014,0.00025674203,0.0003473352
2017-10-30 05:00:00,8.85636e-05,0.00023450264,0.000395229,0.00024595464,0.00030338467,0.00030584057
2017-10-30 06:00:00,0.00019944496,0.0003390013,0.00017836143,0.00026781418,0.00021804872,0.00010242828
2017-10-30 07:00:00,0.00016590847,5.1268406e-05,9.166179e-05,0.00013782195,3.3112123e-05,4.2237676e-05
2017-10-30 08:00:00,0.00016997512,5.7040103e-05,2.7322387e-05,0.00012411605,0.00016642317,0.0002609391
2017-10-30 09:00:00,9.412907e-05,0.00013594262,5.335535e-05,3.4270663e-05,0.00019900591,3.744855e-05
2017-10-30 10:00:00,6.982632e-05,0.000116879375,7.375609e-05,0.00025699087,8.710982e-05,3.1089017e-05
2017-10-30 11:00:00,0.00016990495,0.00020892962,0.000378103,7.005145e-05,3.319936e-05,3.6332356e-05
2017-10-30 12:00:00,4.7593978e-05,0.00015885581,6.9638656e-05,0.0001556682,0.00012786781,3.5337664e-05
2017-10-30 13:00:00,0.00034933165,5.0856546e-05,8.201738e-05,0.000110153225,4.3658918e-05,4.2223855e-05
2017-10-30 14:00:00,0.00024106602,0.00040051792,0.00027134843,0.00021715192,0.0001409146,0.00013616064
2017-10-30 15:00:00,0.00011444053,0.00012643868,6.376013e-05,5.7385118e-05,4.7773832e-05,8.416709e-05
2017-10-30 16:00:00,3.092549e-05,0.00019009034,0.00013995588,0.00015914941,0.00016865808,0.00017528287
2017-10-30 17:00:00,0.00021107911,0.00015953215,0.00012638108,0.00015632421,0.00021993321,0.0002084069
2017-10-30 18:00:00,4.2390842e-05,2.4456214e-05,6.1018403e-05,7.497976e-05,0.00014479428,0.00014157569
2017-10-30 19:00:00,5.7758793e-05,4.545716e-05,7.839886e-05,0.0001572083,0.0001435213,0.000118854325
2017-10-30 20:00:00,4.1247025e-05,0.00010788183,0.00013836498,0.00012879312,0.00017611522,0.00016741357
2017-10-30 21:00:00,8.983073e-05,0.00021211625,0.00015049725,0.0001303424,0.00019733208,0.0001571282
2017-10-30 22:00:00,0.000111195695,0.00011790602,8.360149e-05,0.00014702266,6.986899e-05,3.208808e-05
2017-10-30 23:00:00,4.1776806e-05,4.3325203e-05,6.0682974e-05,2.6252019e-05,6.02437e-05,5.6151348e-05
2017-10-31 00:00:00,3.5476733e-05,7.970993e-05,3.5946305e-05,8.388869e-05,7.595078e-05,6.17094e-05
2017-10-31 01:00:00,0.00014493943,4.2852855e-05,7.728875e-05,5.9661503e-05,7.191412e-05,5.8933063e-05
2017-10-31 02:00:00,0.00013951107,0.00015563022,0.00013819619,0.00017945003,4.7531652e-05,4.7035734e-05
2017-10-31 03:00:00,0.00012793852,9.930455e-05,8.6825276e-05,4.8884773e-05,3.575509e-05,3.7045378e-05
2017-10-31 04:00:00,4.9541108e-05,2.6538815e-05,9.100456e-05,8.934298e-05,4.6324978e-05,3.4450906e-05
2017-10-31 05:00:00,5.244299e-05,0.00013351931,7.6662e-05,4.1636078e-05,4.136446e-05,3.9821178e-05
2017-10-31 06:00:00,0.00018766476,8.108407e-05,8.904103e-05,3.769918e-05,7.786009e-05,7.226493e-05
2017-10-31 07:00:00,5.9599934e-05,0.00010491029,0.00010220631,5.27848e-05,8.781305e-05,3.691558e-05
2017-10-31 08:00:00,7.437671e-05,9.261726e-05,5.059503e-05,8.4496045e-05,4.7127127e-05,4.8419934e-05
2017-10-31 09:00:00,6.0794093e-05,2.9156769e-05,3.5186364e-05,2.766562e-05,9.126102e-05,5.398314e-05
2017-10-31 10:00:00,0.00010360979,5.045878e-05,8.325012e-05,9.029282e-05,6.3794374e-05,3.675423e-05
2017-10-31 11:00:00,4.8017268e-05,3.4067463e-05,8.106197e-05,4.1753745e-05,4.4090546e-05,0.00023080406
2017-10-31 12:00:00,6.781161e-05,0.00011755569,6.8044916e-05,2.8132776e-05,0.00032231217,3.431663e-05
2017-10-31 13:00:00,7.7918565e-05,4.477108e-05,4.978628e-05,0.0003058516,4.5519344e-05,3.5787056e-05
2017-10-31 14:00:00,4.3862496e-05,9.720964e-05,0.00023826663,0.00010094172,7.855599e-05,3.8916347e-05
2017-10-31 15:00:00,9.1779846e-05,0.00026378108,6.2782776e-05,4.683661e-05,4.570861e-05,3.2921038e-05
2017-10-31 16:00:00,0.0004966263,3.579104e-05,3.8911596e-05,6.335835e-05,7.87442e-05,3.6512396e-05
2017-10-31 17:00:00,0.0004923771,0.00037764327,0.0002734049,0.0003405308,0.000301737,0.00031788024
2017-10-31 18:00:00,4.3988664e-05,5.73895e-05,6.114584e-05,2.9785248e-05,4.3722433e-05,3.6007303e-05
2017-10-31 19:00:00,8.6717475e-05,0.00010512085,3.2075706e-05,5.3466185e-05,4.307416e-05,3.7444024e-05
2017-10-31 20:00:00,4.474221e-05,6.309232e-05,7.505079e-05,7.28745e-05,7.644342e-05,0.00012637775
2017-10-31 21:00:00,0.00010254505,8.960469e-05,6.3666586e-05,8.993147e-05,0.00017002135,9.846431e-05
2017-10-31 22:00:00,5.1090792e-05,2.9286148e-05,4.267232e-05,9.1249e-05,6.628754e-05,4.7087786e-05
2017-10-31 23:00:00,5.611341e-05,3.452564e-05,4.7428526e-05,4.3319546e-05,9.786098e-05,3.473753e-05
2017-11-01 00:00:00,3.5917066e-05,5.3478827e-05,4.9877286e-05,6.311585e-05,4.208935e-05,2.8205819e-05
2017-11-01 01:00:00,7.805012e-05,3.4827037e-05,7.9716e-05,2.3652068e-05,3.7591144e-05,7.839365e-05
2017-11-01 02:00:00,5.6858982e-05,0.00017270379,8.97374e-05,7.614925e-05,0.0001647254,0.00014514185
2017-11-01 03:00:00,0.0001392412,7.179478e-05,7.3976684e-05,0.00011725916,0.00017097518,0.0002339809
2017-11-01 04:00:00,8.833287e-05,8.7884226e-05,4.1239553e-05,3.057108e-05,0.00013068848,0.00014905268
2017-11-01 05:00:00,3.4169105e-05,7.785877e-05,8.790412e-05,0.00021937254,0.0001920036,0.0002057042
2017-11-01 06:00:00,0.00011878962,0.000108288135,0.0001683105,0.00021465376,0.00018194843,0.00034691638
2017-11-01 07:00:00,4.341687e-05,0.00013454742,0.00018120736,0.00013093434,0.0002561681,0.00040073245
2017-11-01 08:00:00,0.0002135028,0.00012451048,0.0001247512,0.00039452608,0.000383035,0.00034003466
2017-11-01 09:00:00,6.14915e-05,3.4792833e-05,0.00024882078,0.0005225059,0.00023124293,0.0003250979
2017-11-01 10:00:00,6.6645945e-05,0.00026735026,0.0004111759,0.000312199,0.00040979098,0.00032222798
2017-11-01 11:00:00,0.00038354486,0.00061180827,0.00035112118,0.00041579222,0.0004208342,0.0002401256
2017-11-01 12:00:00,0.00031274627,0.000121976445,0.00019659211,0.00010717366,7.881637e-05,9.224598e-05
2017-11-01 13:00:00,0.00017204651,3.8171176e-05,3.719785e-05,9.637134e-05,8.693016e-05,2.9039858e-05
2017-11-01 14:00:00,0.00017619526,0.00011899957,5.7038425e-05,2.9644942e-05,8.374999e-05,0.00014109441
2017-11-01 15:00:00,8.6084474e-05,9.9820856e-05,0.00013864932,5.770624e-05,3.4707093e-05,3.6237936e-05
2017-11-01 16:00:00,6.1722385e-05,0.0001046819,4.335182e-05,8.300588e-05,7.8321435e-05,0.00010984589
2017-11-01 17:00:00,6.1686995e-05,8.585942e-05,8.407029e-05,0.00010247117,0.00018135215,0.00012366848
2017-11-01 18:00:00,0.00010206827,0.00013753392,0.0001691312,0.00017193513,0.0001668493,0.00032058824
2017-11-01 19:00:00,8.4909916e-05,7.976827e-05,0.00011715718,6.9519534e-05,0.00021965953,0.00019956403
2017-11-01 20:00:00,3.735379e-05,7.938568e-05,5.90807e-05,0.00016239424,0.00012354934,0.00012810994
2017-11-01 21:00:00,7.3183975e-05,5.8065943e-05,0.0001702705,0.00010157688,0.00012408095,0.00010742202
2017-11-01 22:00:00,4.6777775e-05,0.00014009299,7.252201e-05,7.795539e-05,9.5588905e-05,0.00014086017
2017-11-01 23:00:00,0.00023474662,0.000106110965,0.00011316744,9.182161e-05,0.00013507398,6.9435584e-05
2017-11-02 00:00:00,7.9598656e-05,6.455424e-05,5.2548967e-05,2.4493964e-05,8.020468e-05,8.569951e-05
2017-11-02 01:00:00,3.8219914e-05,2.5087162e-05,7.2470044e-05,4.3573607e-05,9.818296e-05,0.00010491558
2017-11-02 02:00:00,4.382894e-05,8.38521e-05,4.9529644e-05,0.00012461309,0.00018020459,0.00018887717
2017-11-02 03:00:00,8.608082e-05,0.000110218294,0.000108740256,0.00011891025,0.00020449418,0.0001536131
2017-11-02 04:00:00,0.00011894457,0.0001579379,0.00019983815,0.00030921336,0.00024912413,0.00054085336
2017-11-02 05:00:00,8.4399944e-05,0.0001579365,0.00017507067,0.00013449932,0.0007754177,0.0006975507
2017-11-02 06:00:00,5.933674e-05,0.00019687031,7.373717e-05,0.00062628026,0.00062115944,0.0012145177
2017-11-02 07:00:00,6.7129535e-05,4.119559e-05,0.00047213092,0.00069559895,0.0010324094,0.0012803209
2017-11-02 08:00:00,7.315219e-05,0.00067246816,0.0004014889,0.0010601445,0.0012711296,0.0010231909
2017-11-02 09:00:00,0.0009268419,0.00065552385,0.00127899,0.0013817796,0.0016174274,0.0015149977
2017-11-02 10:00:00,5.748222e-05,0.000819467,0.00090055197,0.0012109852,0.0011891045,0.001305521
2017-11-02 11:00:00,0.00088218483,0.0008700153,0.00086990476,0.00080235396,0.0013795696,0.0014614365
2017-11-02 12:00:00,0.00029819264,0.00041745833,0.00049359904,0.0008397505,0.0008596233,0.00074636604
2017-11-02 13:00:00,7.266451e-05,0.00031714153,0.00055483653,0.00072496186,0.0008147983,0.00067269366
2017-11-02 14:00:00,0.00028231836,0.0007356082,0.00045167372,0.00068924844,0.0005267632,0.0004490289
2017-11-02 15:00:00,0.00034757896,0.0003107163,0.00040738657,0.00046496058,0.0002865703,0.000411568
2017-11-02 16:00:00,9.013025e-05,0.00025005956,0.00020637066,0.00015075378,0.00034379473,0.0002186668
2017-11-02 17:00:00,0.00026118953,0.0001735093,7.341167e-05,0.00014704115,0.00021004061,0.0003118083
2017-11-02 18:00:00,6.641664e-05,9.694912e-05,4.1498504e-05,0.00019023597,0.00026731577,0.00019917439
2017-11-02 19:00:00,9.020197e-05,8.5545435e-05,0.00015294271,0.000294948,0.00030184732,0.00019549504
2017-11-02 20:00:00,0.00014123034,0.00027659404,0.00028628256,0.00031056063,0.0003231575,0.00018226235
2017-11-02 21:00:00,0.00010207115,0.00022107753,0.00014578659,0.00017432883,8.379414e-05,0.00013226662
2017-11-02 22:00:00,0.00013715013,8.990791e-05,4.720238e-05,4.0767773e-05,7.110415e-05,5.7920253e-05
2017-11-02 23:00:00,4.943596e-05,9.663603e-05,8.8306464e-05,4.1106436e-05,0.00014730684,0.00010219954
2017-11-03 00:00:00,8.129624e-05,9.398842e-05,4.7127367e-05,0.000115409886,0.00010204896,3.6570193e-05
2017-11-03 01:00:00,8.795244e-05,3.4219018e-05,9.9709585e-05,0.00013486865,6.163139e-05,6.54631e-05
2017-11-03 02:00:00,7.081915e-05,6.545037e-05,0.00020571005,8.528609e-05,0.00015707144,5.741066e-05
2017-11-03 03:00:00,0.00017707255,0.0001677591,3.6867634e-05,0.0001022987,4.0645922e-05,8.128086e-05
2017-11-03 04:00:00,0.00039307008,0.00014430842,0.00021915404,0.00017061323,0.00026074063,0.00038812374
2017-11-03 05:00:00,0.00019569034,4.474967e-05,0.00014965957,4.4962304e-05,0.00021804032,0.00028273396
2017-11-03 06:00:00,0.00013838267,2.5609477e-05,0.0001230334,0.00027679946,0.0003413802,0.0006684458
2017-11-03 07:00:00,0.0001012602,4.1162093e-05,0.00019454664,0.0005261238,0.00055903324,0.0004915821
2017-11-03 08:00:00,0.00012415375,0.0004346929,0.00044032463,0.0005645626,0.00078301626,0.0005008886
2017-11-03 09:00:00,0.00038396486,0.00037051353,0.0006568692,0.0006166793,0.00043076937,0.00037489287
2017-11-03 10:00:00,0.00014922163,0.0004744662,0.00038182084,0.00031152292,0.0002531311,0.00024744184
2017-11-03 11:00:00,0.00042011717,0.0003346144,0.00022228474,7.343342e-05,0.00019449448,3.4931778e-05
2017-11-03 12:00:00,4.237698e-05,3.247246e-05,0.00016688551,0.00011275538,0.0001821858,0.00021884758
2017-11-03 13:00:00,4.1633375e-05,0.0001577689,6.719807e-05,0.0002482504,0.00023083009,0.00025858937
2017-11-03 14:00:00,0.00018151679,0.00011169899,0.00025733665,0.00022916074,0.00031472105,0.00032995173
2017-11-03 15:00:00,7.5659926e-05,0.00014652725,0.00010011181,0.0001545567,0.00022505829,4.7809735e-05
2017-11-03 16:00:00,0.00018497794,0.0002505283,0.0002382815,0.00024779871,0.00010734941,0.00021427304
2017-11-03 17:00:00,2.4832116e-05,9.52599e-05,0.00011199251,7.98804e-05,0.0001015968,0.00011675689
2017-11-03 18:00:00,8.264702e-05,0.00014655683,5.008926e-05,9.0942965e-05,7.482816e-05,0.00013443772
2017-11-03 19:00:00,6.723742e-05,0.00014863949,4.497229e-05,4.0649196e-05,9.810344e-05,7.856658e-05
2017-11-03 20:00:00,0.00017492002,3.3710312e-05,3.130112e-05,5.6774985e-05,5.3072818e-05,0.00012018852
2017-11-05 22:00:00,0.00022013721,0.00018121988,0.0002730966,0.00021390256,0.0002704854,0.00023539203
2017-11-05 23:00:00,4.1969975e-05,9.572152e-05,6.2383544e-05,0.000115026065,0.00017544231,0.00014738478
2017-11-06 00:00:00,0.00010548583,3.618499e-05,8.201379e-05,0.00014132331,0.00011370649,0.00014320412
2017-11-06 01:00:00,4.6562913e-05,7.528188e-05,6.968561e-05,8.517144e-05,8.952784e-05,9.4155046e-05
2017-11-06 02:00:00,8.142797e-05,0.00012907544,0.00011554959,9.866404e-05,0.00012354918,0.00031903893
2017-11-06 03:00:00,6.037174e-05,5.139901e-05,5.835638e-05,4.931459e-05,0.00023678997,0.00025849667
2017-11-06 04:00:00,3.997728e-05,3.281303e-05,3.602683e-05,0.0002829989,0.00023829073,0.00026633998
2017-11-06 05:00:00,4.0169947e-05,4.194394e-05,0.0001319515,0.0003443626,0.00023073152,0.00018010328
2017-11-06 06:00:00,5.1250765e-05,0.00033636295,0.00033224118,0.00021070219,0.00016123666,3.1605374e-05
2017-11-06 07:00:00,0.00022729064,0.00033661103,0.0002236268,0.00013359028,6.843754e-05,3.4350473e-05
2017-11-06 08:00:00,0.00011653907,8.316204e-05,4.8999278e-05,0.000296661,0.000179352,0.00017008613
2017-11-06 09:00:00,3.5586985e-05,9.8921424e-05,0.00025109586,0.0003419358,0.00031254799,0.00018068835
2017-11-06 10:00:00,0.00010527577,0.00045182023,0.00026809322,0.00026488327,0.00014774285,4.280474e-05
2017-11-06 11:00:00,0.000294938,0.00022092479,0.00017686162,8.019468e-05,9.39042e-05,5.996609e-05
2017-11-06 12:00:00,0.00014741949,5.716185e-05,0.0002258358,0.00036484285,0.0002601742,0.00027773308
2017-11-06 13:00:00,4.924506e-05,0.00013742711,0.00031767294,0.00013383444,0.00026829197,0.00039001514
2017-11-06 14:00:00,0.00015766935,0.00042153208,0.00021717345,0.00025631321,0.00059020205,0.00044270084
2017-11-06 15:00:00,0.00023677772,7.017782e-05,0.00015027472,0.00037914253,0.00027171368,0.0003096539
2017-11-06 16:00:00,0.00018149224,3.845865e-05,0.00020434849,0.00013071635,0.00013698339,8.054861e-05
2017-11-06 17:00:00,0.00015994352,0.00045037785,0.00033327515,0.0002479018,0.0001572411,0.00020185836
2017-11-06 18:00:00,0.000253568,0.00015359285,0.00018911238,6.861975e-05,0.0001875848,7.877731e-05
2017-11-06 19:00:00,0.00011346114,0.00011703005,0.00016972423,8.232112e-05,9.6871045e-05,0.0002120638
2017-11-06 20:00:00,3.8472688e-05,0.00010470958,5.725947e-05,5.4273114e-05,0.00017780592,0.00013236862
2017-11-06 21:00:00,9.9966834e-05,4.2055497e-05,4.1265095e-05,0.00020136038,0.00019003732,0.00019586617
2017-11-06 22:00:00,0.00016065204,5.7000692e-05,0.00015431076,8.001734e-05,0.00010992134,0.0001631168
2017-11-06 23:00:00,8.1116326e-05,0.000274981,0.00018088588,0.00024977932,0.00027194747,0.00016984303
2017-11-07 00:00:00,0.00023387138,0.00014871726,0.0001517798,0.00026595572,0.00017442644,6.478124e-05
2017-11-07 01:00:00,7.0766895e-05,4.547453e-05,9.1541035e-05,2.9664956e-05,0.00013743447,8.354646e-05
2017-11-07 02:00:00,5.230328e-05,0.00018583616,4.479912e-05,5.1518127e-05,8.08666e-05,4.0924653e-05
2017-11-07 03:00:00,0.00017419408,3.8719347e-05,0.00011344368,8.762977e-05,6.6468085e-05,5.291605e-05
2017-11-07 04:00:00,0.000199569,0.00025774908,0.00020772863,0.000206651,0.00010741076,6.5402615e-05
2017-11-07 05:00:00,0.0001573716,0.00014365975,0.000104401566,5.7544567e-05,7.849032e-05,4.9318704e-05
2017-11-07 06:00:00,3.736621e-05,5.9236478e-05,0.00012164253,0.00016634283,6.018736e-05,0.00014613317
2017-11-07 07:00:00,8.667927e-05,0.00020210928,0.0001567237,9.005319e-05,8.875647e-05,6.676057e-05
2017-11-07 08:00:00,0.00011919996,0.00020332076,3.5869667e-05,5.5380075e-05,4.2443302e-05,5.21626e-05
2017-11-07 09:00:00,3.5406116e-05,0.000101197926,5.6658733e-05,9.3094655e-05,6.840939e-05,0.00015520035
2017-11-07 10:00:00,0.00018051281,9.083704e-05,0.0001246986,8.779193e-05,0.0002946893,0.00029652432
2017-11-07 11:00:00,8.7090215e-05,2.6642272e-05,4.567494e-05,0.00011534897,0.00022546112,8.873915e-05
2017-11-07 12:00:00,7.907919e-05,5.1239884e-05,0.00015219917,0.00029762406,0.0002014089,0.00021638133
2017-11-07 13:00:00,5.9346254e-05,0.00016781986,0.00028831192,9.879704e-05,0.00013017711,0.00010431821
2017-11-07 14:00:00,0.00018113255,0.0003109484,0.00012517312,0.00019521786,0.00016220084,7.0948576e-05
2017-11-07 15:00:00,0.00014815386,3.4807672e-05,7.647307e-05,3.2427677e-05,7.808902e-05,4.5481516e-05
2017-11-07 16:00:00,0.00020082119,0.00015538001,9.4335715e-05,0.00025638804,0.00018698219,0.00011992583
2017-11-07 17:00:00,6.926552e-05,4.126995e-05,6.291392e-05,3.423333e-05,4.2988264e-05,6.7561734e-05
2017-11-07 18:00:00,4.2551575e-05,0.00011888956,6.893272e-05,4.4658595e-05,4.1513416e-05,0.00015736421
2017-11-07 19:00:00,0.000141627,7.977628e-05,4.172249e-05,2.8705283e-05,0.00013585929,0.0001486443
2017-11-07 20:00:00,4.7762776e-05,0.000109995875,0.00012133778,8.7615255e-05,0.00010535857,0.00011669884
2017-11-07 21:00:00,7.218389e-05,0.00010952274,8.505797e-05,0.00020963757,0.0002310282,0.00018727663
2017-11-07 22:00:00,4.5485907e-05,0.00014340428,0.00012361642,0.0002511324,0.0002251888,0.00020225064
2017-11-07 23:00:00,0.00020252584,0.00024818062,0.00024322575,0.00034457527,0.00026763877,0.00024964905
2017-11-08 00:00:00,7.0070055e-05,0.0001395032,8.716165e-05,0.00012125283,0.00010477808,3.551799e-05
2017-11-08 01:00:00,8.413108e-05,9.672639e-05,6.789664e-05,8.880073e-05,6.2410974e-05,0.00017943334
2017-11-08 02:00:00,3.764785e-05,4.7897927e-05,4.1045903e-05,0.00010937072,0.00027132954,8.666882e-05
2017-11-08 03:00:00,3.8211107e-05,5.7990157e-05,0.00012730599,0.0002498155,9.32994e-05,3.123089e-05
2017-11-08 04:00:00,5.2468495e-05,0.00014782234,0.00033891195,0.00012541484,4.4962326e-05,0.00013942768
2017-11-08 05:00:00,0.00017323981,0.00037823242,0.00015224211,4.6447585e-05,0.00013175394,8.597829e-05
2017-11-08 06:00:00,0.0002169702,2.6787668e-05,9.698707e-05,2.8250559e-05,4.010218e-05,0.00022338587
2017-11-08 07:00:00,0.0002342665,0.00034256943,0.00016809638,0.00016620143,0.00046088098,0.0004695173
2017-11-08 08:00:00,0.00016390638,3.159365e-05,3.35381e-05,0.0003325002,0.00040108222,0.000118411604
2017-11-08 09:00:00,0.00017753581,0.00011078645,0.00015077733,0.0002829079,3.8829105e-05,0.0001591418
2017-11-08 10:00:00,5.7089197e-05,0.000391734,0.0003338806,0.00015474936,0.0003184005,0.00020922426
2017-11-08 11:00:00,0.0003152793,0.00040755025,7.497641e-05,0.00027060334,0.00014665924,0.00024288216
2017-11-08 12:00:00,0.00010173981,0.00019699022,3.2796474e-05,8.956798e-05,5.1896044e-05,3.1141e-05
2017-11-08 13:00:00,0.00038698688,0.00010433243,0.00020331168,0.00016723969,0.00012418604,0.00010448376
2017-11-08 14:00:00,0.00024098532,9.634845e-05,0.000100270154,0.0002765376,0.00016899485,0.00018012486
2017-11-08 15:00:00,0.00014419464,7.050767e-05,4.2091204e-05,3.9781313e-05,4.22871e-05,7.0545844e-05
2017-11-08 16:00:00,9.480124e-05,9.5912284e-05,7.886678e-05,0.00017034524,7.6862845e-05,5.8949718e-05
2017-11-08 17:00:00,6.659575e-05,5.6071476e-05,7.989611e-05,2.794801e-05,6.2188024e-05,5.908101e-05
2017-11-08 18:00:00,4.4531433e-05,3.3553668e-05,3.9828883e-05,2.8355102e-05,0.00015466916,0.00020381357
2017-11-08 19:00:00,8.137664e-05,3.4528748e-05,3.800046e-05,0.0001214185,0.00023735435,0.00036166713
2017-11-08 20:00:00,0.00010378034,5.143326e-05,0.0001857332,0.00028712416,0.0004887062,0.00048291858
2017-11-08 21:00:00,5.0911425e-05,0.000116179486,0.00019975964,0.00046647163,0.0005587002,0.00043246002
2017-11-08 22:00:00,0.00021757382,0.00023605152,0.0005383889,0.00044834713,0.00036521562,0.00036515523
2017-11-08 23:00:00,0.00011424619,0.0004076656,0.00042318713,0.00034052815,0.00034170022,0.00029736
2017-11-09 00:00:00,0.00045328742,0.00033773598,0.00037289492,0.00033704692,0.0002987433,0.00028089673
2017-11-09 01:00:00,0.00015877082,6.328477e-05,5.8038215e-05,8.932166e-05,5.519807e-05,0.00020652034
2017-11-09 02:00:00,4.283278e-05,6.225871e-05,3.807328e-05,3.9746283e-05,0.00020962511,0.00026879355
2017-11-09 03:00:00,4.62203e-05,3.0115265e-05,6.227785e-05,0.00016521562,0.00036420615,0.00020750494
2017-11-09 04:00:00,5.3041007e-05,3.55861e-05,0.00021224131,0.0003280196,0.00024856426,0.00012432026
2017-11-09 05:00:00,4.6887133e-05,0.00022224954,0.00032564305,0.00022893288,0.00012099963,5.2645242e-05
2017-11-09 06:00:00,0.00031104768,0.000497338,0.00019063235,0.00014532721,7.084163e-05,6.744696e-05
2017-11-09 07:00:00,0.0001715905,3.3046395e-05,0.000119522076,0.00013081908,0.00015076128,9.6419964e-05
2017-11-09 08:00:00,0.0002097755,0.000224706,0.00030494528,0.0002751876,0.00019857587,0.0003354842
2017-11-09 09:00:00,0.00014941678,0.00011886323,0.00012743704,0.00012572955,0.00022261968,0.00033765877
2017-11-09 10:00:00,8.80373e-05,6.125651e-05,5.7281406e-05,0.00018182343,0.00027753072,0.00017728777
2017-11-09 11:00:00,3.4223063e-05,4.8234997e-05,0.00013258359,0.00021446614,0.0001642015,6.237889e-05
2017-11-09 12:00:00,5.4328e-05,0.00010739579,0.00028074143,0.00014012134,5.5490516e-05,8.139779e-05
2017-11-09 13:00:00,0.00024018131,0.00031776002,0.00017255048,8.5195075e-05,0.000112867594,0.00011397506
2017-11-09 14:00:00,0.0001887035,3.575385e-05,5.961995e-05,5.6612906e-05,4.7765137e-05,6.801379e-05
2017-11-09 15:00:00,0.00015384157,0.00030710065,0.00014290577,0.0001482999,0.00020664044,0.00022460707
2017-11-09 16:00:00,0.0001262869,6.619102e-05,5.1131214e-05,0.00012068675,9.927025e-05,7.1881754e-05
2017-11-09 17:00:00,6.296248e-05,7.619425e-05,2.752682e-05,3.3893688e-05,4.971619e-05,4.099349e-05
2017-11-09 18:00:00,3.5110803e-05,5.2138083e-05,4.430264e-05,6.1034847e-05,4.669e-05,3.6864432e-05
2017-11-09 19:00:00,9.546187e-05,0.0001112565,6.6787696e-05,5.9172573e-05,7.853688e-05,4.0411e-05
2017-11-09 20:00:00,3.81446e-05,3.1656087e-05,5.206997e-05,3.8376693e-05,4.7880956e-05,3.371202e-05
2017-11-09 21:00:00,4.5724235e-05,5.329225e-05,4.431166e-05,7.9666024e-05,5.385895e-05,3.389087e-05
2017-11-09 22:00:00,6.2592444e-05,3.1463416e-05,8.843611e-05,3.5347675e-05,4.427284e-05,7.188202e-05
2017-11-09 23:00:00,3.962674e-05,5.063166e-05,3.030943e-05,4.6101795e-05,3.955499e-05,7.72508e-05
2017-11-10 00:00:00,0.000101814185,3.4825593e-05,4.1109266e-05,8.168926e-05,0.00011656157,4.514055e-05
2017-11-10 01:00:00,6.941349e-05,6.560705e-05,3.219371e-05,5.2137893e-05,3.1740452e-05,0.00019936582
2017-11-10 02:00:00,4.812426e-05,4.4618857e-05,9.036642e-05,2.8593968e-05,0.00019626005,0.00010771034
2017-11-10 03:00:00,0.000100575766,0.00013837476,4.341617e-05,0.00020925555,0.00013074436,0.00011323495
2017-11-10 04:00:00,7.790979e-05,2.5812113e-05,0.00019705403,0.00020769499,0.00016149589,0.000170057
2017-11-10 05:00:00,8.35248e-05,0.00033350202,0.0002341748,0.0002864979,0.0003078663,0.00020741024
2017-11-10 06:00:00,0.000280089,0.00023321534,0.00018898967,0.00024888013,0.00015738489,6.896512e-05
2017-11-10 07:00:00,4.190794e-05,4.8568698e-05,4.153274e-05,4.4113447e-05,8.245329e-05,4.0723717e-05
2017-11-10 08:00:00,3.3327517e-05,4.7535857e-05,4.9173228e-05,6.5910186e-05,4.8641996e-05,0.00043794487
2017-11-10 09:00:00,5.680426e-05,3.6837017e-05,9.97299e-05,4.2875472e-05,0.00072379527,0.00043345263
2017-11-10 10:00:00,7.324087e-05,0.00014518725,3.7176666e-05,0.00066046213,0.0004114242,0.00041416936
2017-11-10 11:00:00,0.00015020337,5.1662402e-05,0.00048701063,0.00044833153,0.00041618216,0.00041518727
2017-11-10 12:00:00,0.00014414,0.00060975685,0.0004975138,0.00047214213,0.00075747474,0.00068801414
2017-11-10 13:00:00,0.0006538251,0.0005014619,0.000460848,0.0006461429,0.0004736612,0.00039632642
2017-11-10 14:00:00,0.00016251169,8.5977365e-05,8.979334e-05,3.8710314e-05,5.479105e-05,7.188596e-05
2017-11-10 15:00:00,0.00022810481,0.00024660997,0.00012464447,0.00014526905,0.00023190916,4.144709e-05
2017-11-10 16:00:00,4.593362e-05,3.628847e-05,5.5276992e-05,3.871156e-05,0.00014924986,9.579287e-05
2017-11-10 17:00:00,0.00010384909,8.009578e-05,3.396184e-05,0.00015304454,0.0002291571,5.4480548e-05
2017-11-10 18:00:00,3.6137266e-05,8.945441e-05,0.0001306492,6.8956164e-05,5.5892404e-05,4.381679e-05
2017-11-10 19:00:00,9.05763e-05,8.636853e-05,0.000111323956,5.0229944e-05,5.1697283e-05,0.00010190606
2017-11-10 20:00:00,0.00023346131,0.00020385104,5.0698323e-05,9.925392e-05,0.00024762156,0.00012966192
2017-11-10 21:00:00,3.83058e-05,0.00014356383,9.065926e-05,3.3538636e-05,4.4385604e-05,7.7155055e-05
2017-11-12 22:00:00,0.00019849204,8.769919e-05,3.9680373e-05,3.821288e-05,0.0001016286,4.9172402e-05
2017-11-12 23:00:00,8.551478e-05,0.0001845658,0.00012484021,5.594899e-05,9.0761714e-05,5.0163417e-05
2017-11-13 00:00:00,0.00018297289,6.765716e-05,2.958911e-05,3.4827935e-05,4.2501153e-05,4.099138e-05
2017-11-13 01:00:00,7.545346e-05,0.00015362512,9.018243e-05,0.00013629283,0.00011494591,0.000107386906
2017-11-13 02:00:00,0.00010002234,5.208666e-05,7.998315e-05,5.775251e-05,5.078907e-05,0.00014281004
2017-11-13 03:00:00,6.962521e-05,3.4626617e-05,4.2653348e-05,2.931154e-05,0.00014326476,2.8042434e-05
2017-11-13 04:00:00,9.005716e-05,3.9509283e-05,3.166134e-05,0.0001777729,6.352126e-05,0.00024125041
2017-11-13 05:00:00,4.4203483e-05,3.9981413e-05,7.374463e-05,3.2337088e-05,0.00020086739,0.0002564155
2017-11-13 06:00:00,3.8755312e-05,0.00013291203,4.2818127e-05,0.00034340456,0.00030758968,0.00030208818
2017-11-13 07:00:00,0.00013214159,3.2881446e-05,0.00022759063,0.00033212066,0.0002668495,0.00034458656
2017-11-13 08:00:00,0.000160205,0.00016080384,0.00016545087,0.00030647276,0.00024437005,0.00021347604
2017-11-13 09:00:00,0.0002735363,0.00020264184,0.0002613686,0.000437203,0.00030135442,0.00014899745
2017-11-13 10:00:00,4.5965306e-05,0.00014977687,0.000103516475,0.00011142071,6.056502e-05,0.00023268131
2017-11-13 11:00:00,9.0178575e-05,8.849085e-05,8.6314256e-05,6.712091e-05,0.0002443561,0.00021340346
2017-11-13 12:00:00,3.865592e-05,4.0763098e-05,0.00020658337,0.00036191387,0.00030188644,0.0001817701
2017-11-13 13:00:00,3.5291643e-05,0.00018173529,0.00036543692,0.00026227356,0.00022328673,0.0002869899
2017-11-13 14:00:00,0.00022274266,0.0003947464,0.00036156358,0.000307715,0.00032079255,0.00022749628
2017-11-13 15:00:00,0.0002916451,0.00021569937,0.000115630624,0.00013521255,0.000106051666,0.00010693667
2017-11-13 16:00:00,5.8317724e-05,9.6660246e-05,4.188402e-05,8.691107e-05,5.143778e-05,3.589593e-05
2017-11-13 17:00:00,8.5138185e-05,3.960052e-05,4.849426e-05,3.1597865e-05,4.2707514e-05,4.476524e-05
2017-11-13 18:00:00,6.879367e-05,4.5087058e-05,6.9061214e-05,6.0999668e-05,0.000105544306,3.941289e-05
2017-11-13 19:00:00,3.4926037e-05,2.4879278e-05,5.361707e-05,5.5562043e-05,6.360522e-05,5.8727583e-05
2017-11-13 20:00:00,4.0444756e-05,7.622914e-05,6.297168e-05,4.1707146e-05,7.8103876e-05,4.9173188e-05
2017-11-13 21:00:00,4.59617e-05,6.398777e-05,7.278977e-05,4.8602742e-05,3.7934027e-05,4.102721e-05
2017-11-13 22:00:00,6.386953e-05,0.00011570341,5.292303e-05,3.119506e-05,7.59409e-05,6.159491e-05
2017-11-13 23:00:00,0.0001574241,3.437746e-05,3.5223507e-05,8.048987e-05,8.017094e-05,0.00011144888
2017-11-14 00:00:00,0.00021781577,9.255158e-05,5.29421e-05,3.3054912e-05,6.558957e-05,0.00017709151
2017-11-14 01:00:00,4.253037e-05,8.099269e-05,0.00011677562,0.00015034701,0.00024825407,0.0005593165
2017-11-14 02:00:00,8.592125e-05,9.791093e-05,0.00013239264,0.00035303668,0.0005707537,0.000609067
2017-11-14 03:00:00,6.2720326e-05,0.00012909793,0.00026889535,0.00064336986,0.00051410444,0.00047667985
2017-11-14 04:00:00,6.439175e-05,0.0002536558,0.0004333048,0.00043990868,0.0005877299,0.00047727206
2017-11-14 05:00:00,0.00032394705,0.0006583529,0.00049905037,0.00040226395,0.00053487276,0.00048189654
2017-11-14 06:00:00,0.0003805274,0.00037330374,0.00022520345,0.00032289544,0.00031564248,0.00027218377
2017-11-14 07:00:00,3.1248444e-05,2.2101442e-05,6.457452e-05,3.3391618e-05,5.357621e-05,0.00013090989
2017-11-14 08:00:00,3.7605136e-05,4.9710514e-05,3.9973223e-05,0.00010201814,0.00010886031,9.355814e-05
2017-11-14 09:00:00,6.9220405e-05,3.1598855e-05,5.166754e-05,0.00016289651,0.00010788951,9.933034e-05
2017-11-14 10:00:00,9.921842e-05,0.00014819673,0.00012404124,7.089359e-05,6.016713e-05,0.00014680291
2017-11-14 11:00:00,6.800929e-05,0.00021117464,0.000110626585,0.0001443597,0.00019136924,9.264681e-05
2017-11-14 12:00:00,0.0002878742,0.0001676693,0.00013125397,0.0002775336,0.00013662197,0.00024808673
2017-11-14 13:00:00,4.6660498e-05,3.7563474e-05,8.492231e-05,4.7663696e-05,0.00010860865,0.0001410139
2017-11-14 14:00:00,4.425866e-05,9.977593e-05,3.1183583e-05,0.000113613,0.0001728206,0.000103010956
2017-11-14 15:00:00,9.7781776e-05,3.6806698e-05,0.00013717158,0.000114136565,0.00013612137,0.00019068512
2017-11-14 16:00:00,0.00013980639,6.6737e-05,0.00010834671,4.1564428e-05,0.0001407303,0.00016254335
2017-11-14 17:00:00,0.00016233635,0.00020936043,0.0001091695,0.00027490236,0.00035975987,0.00018933258
2017-11-14 18:00:00,5.555754e-05,4.0208863e-05,9.224995e-05,0.00013886581,0.00010734323,0.00010215842
2017-11-14 19:00:00,0.00010201188,5.4210166e-05,0.0001876263,3.6033474e-05,7.35105e-05,7.367987e-05
2017-11-14 20:00:00,0.00017804999,0.0002802485,0.00011951224,0.00012454684,0.00012467265,0.0001294395
2017-11-14 21:00:00,0.00013035125,3.1417585e-05,4.8596772e-05,3.1404492e-05,5.2401174e-05,6.0386927e-05
2017-11-14 22:00:00,0.0001257195,8.804444e-05,7.618752e-05,9.7425676e-05,5.1006427e-05,9.3345305e-05
2017-11-14 23:00:00,5.829771e-05,4.2796088e-05,4.662057e-05,5.592874e-05,4.74364e-05,4.6981884e-05
2017-11-15 00:00:00,4.153798e-05,4.0005776e-05,5.7282177e-05,3.6373094e-05,8.7205764e-05,3.6040426e-05
2017-11-15 01:00:00,3.323322e-05,4.9786242e-05,4.2964875e-05,7.4635325e-05,4.139267e-05,5.3960837e-05
2017-11-15 02:00:00,4.734024e-05,2.8913939e-05,7.185221e-05,4.6037505e-05,4.9489958e-05,5.4445856e-05
2017-11-15 03:00:00,5.753627e-05,0.00011421328,5.241101e-05,2.6954322e-05,0.00010593452,6.6643e-05
2017-11-15 04:00:00,9.606107e-05,4.052827e-05,6.214804e-05,6.681756e-05,0.0001085471,4.485519e-05
2017-11-15 05:00:00,9.084891e-05,0.00011876179,3.8847644e-05,0.00013286048,7.534497e-05,5.1391336e-05
2017-11-15 06:00:00,0.00010741771,5.0918647e-05,0.00010058939,3.4815883e-05,0.00012802378,5.809749e-05
2017-11-15 07:00:00,0.00013743993,8.004955e-05,3.3810957e-05,0.00022416131,0.00010984157,3.2493313e-05
2017-11-15 08:00:00,0.0002712554,7.52072e-05,9.413472e-05,4.2411255e-05,6.8667905e-05,0.00010242014
2017-11-15 09:00:00,0.0001227282,0.00029102017,0.00014880237,8.84763e-05,0.00021801075,0.00016055841
2017-11-15 10:00:00,0.00017094772,0.00015548369,4.027306e-05,0.0001311125,0.00012794588,7.128775e-05
2017-11-15 11:00:00,0.0001073023,0.00020265912,4.537789e-05,5.4231106e-05,0.0001060503,8.536258e-05
2017-11-15 12:00:00,0.00016861061,8.651398e-05,2.9898592e-05,2.914531e-05,4.3703792e-05,6.0400504e-05
2017-11-15 13:00:00,0.0002808186,0.0001420184,8.939245e-05,7.114817e-05,6.039837e-05,2.8940765e-05
2017-11-15 14:00:00,0.00013054966,0.00011168854,0.00011746542,0.00013282878,0.0001311301,7.183876e-05
2017-11-15 15:00:00,5.1421437e-05,6.094714e-05,5.7825644e-05,0.00010598052,4.7512793e-05,4.4216842e-05
2017-11-15 16:00:00,5.214933e-05,3.316948e-05,7.2828e-05,4.3825105e-05,3.6404253e-05,3.169859e-05
2017-11-15 17:00:00,4.813359e-05,5.5561577e-05,4.281886e-05,4.6487814e-05,3.7890313e-05,7.455605e-05
2017-11-15 18:00:00,7.013092e-05,7.231094e-05,3.851491e-05,2.8530021e-05,0.00012328407,3.449623e-05
2017-11-15 19:00:00,0.0001644846,8.014808e-05,7.696861e-05,0.00013184626,8.3758336e-05,4.40485e-05
2017-11-15 20:00:00,5.7669597e-05,6.664399e-05,6.804518e-05,2.7747597e-05,8.142341e-05,3.1305502e-05
2017-11-15 21:00:00,5.5028755e-05,0.00011334111,3.5451914e-05,2.8261196e-05,5.573059e-05,2.4030127e-05
2017-11-15 22:00:00,0.00014665973,5.283906e-05,3.7589438e-05,7.332665e-05,2.7286547e-05,7.3725794e-05
2017-11-15 23:00:00,0.00014206271,0.00011716231,8.724962e-05,0.00012049027,0.00017039353,0.00017994258
2017-11-16 00:00:00,6.612003e-05,4.4773147e-05,5.2026633e-05,0.000119925986,0.00016688553,0.00013155284
2017-11-16 01:00:00,9.4083145e-05,2.6346488e-05,0.00010696274,0.0001501577,8.6696346e-05,4.0531548e-05
2017-11-16 02:00:00,7.008294e-05,0.00014089055,0.00027903594,0.00012039744,5.0638144e-05,0.00011183534
2017-11-16 03:00:00,0.00014170873,0.00029604256,0.00012642556,4.8115755e-05,8.322794e-05,0.0001568161
2017-11-16 04:00:00,0.0001258928,3.502285e-05,0.00012441454,4.461515e-05,0.00011458325,0.00036712305
2017-11-16 05:00:00,7.3575466e-05,0.0002659355,8.77533e-05,5.1027026e-05,0.00042574323,0.00020224127
2017-11-16 06:00:00,0.00021314839,5.1014318e-05,9.4962685e-05,0.00047028364,0.00035269675,4.282167e-05
2017-11-16 07:00:00,0.00017821611,0.0002663588,0.0006636479,0.00046549365,0.0001375744,0.0003534071
2017-11-16 08:00:00,0.00022182366,0.0006585169,0.00040607748,2.5886065e-05,0.00046381072,0.00030298677
2017-11-16 09:00:00,0.0003900584,0.00041032757,0.00011261401,0.00022653434,0.0001698552,0.0003937787
2017-11-16 10:00:00,0.00019867936,0.0005379551,0.00011279075,0.00021312949,9.203324e-05,4.4600787e-05
2017-11-16 11:00:00,0.0005540792,5.46338e-05,9.311532e-05,0.0002036093,0.00012683732,0.00022515876
2017-11-16 12:00:00,0.0005192348,0.00020858269,0.0004877712,0.00041296406,0.0005294667,0.00063985604
2017-11-16 13:00:00,0.000102115206,0.00024046234,0.000115297466,0.00020091404,0.00019871723,0.00012688327
2017-11-16 14:00:00,0.0005198104,0.00023061692,0.0003421903,0.00028936597,0.00019479467,0.00015200453
2017-11-16 15:00:00,0.00013511145,4.4048702e-05,4.600022e-05,0.00010764322,0.00010306898,4.3388343e-05
2017-11-16 16:00:00,0.00016200538,9.305268e-05,4.6642355e-05,2.8407461e-05,3.9269187e-05,7.0275724e-05
2017-11-16 17:00:00,4.1739826e-05,0.00011135109,0.00010768389,0.00010502975,4.632914e-05,4.1235107e-05
2017-11-16 18:00:00,0.00014416616,0.000213266,6.3152984e-05,4.629188e-05,4.7787624e-05,7.032956e-05
2017-11-16 19:00:00,6.395255e-05,3.3270793e-05,5.452858e-05,0.00011910249,6.439408e-05,4.6333276e-05
2017-11-16 20:00:00,6.9633694e-05,9.165056e-05,0.00016074895,4.828274e-05,6.951857e-05,9.938597e-05
2017-11-16 21:00:00,7.175398e-05,0.00011173832,5.053138e-05,4.030388e-05,4.204968e-05,3.1792293e-05
2017-11-16 22:00:00,0.00014061517,3.905936e-05,3.7352656e-05,3.6124635e-05,6.896734e-05,3.4024673e-05
2017-11-16 23:00:00,9.8911354e-05,0.00013142831,6.1799285e-05,0.00015738142,0.00012449686,5.9298207e-05
2017-11-17 00:00:00,4.9148985e-05,2.8641683e-05,4.4117714e-05,3.205459e-05,5.3029013e-05,0.00018599602
2017-11-17 01:00:00,4.5634515e-05,2.964258e-05,3.3171073e-05,4.2464202e-05,0.00013804216,0.00012256972
2017-11-17 02:00:00,6.555723e-05,4.952474e-05,5.0026945e-05,0.00016338285,0.00016227916,0.00013644098
2017-11-17 03:00:00,5.5702538e-05,8.025901e-05,0.00012520411,0.00013929399,0.00024787284,8.4963445e-05
2017-11-17 04:00:00,6.58077e-05,0.00018353165,0.00014523837,0.00013173584,7.4742646e-05,8.222797e-05
2017-11-17 05:00:00,0.00025417248,0.0002681955,0.000120729776,3.5252804e-05,0.00012703761,3.8017064e-05
2017-11-17 06:00:00,5.0729614e-05,0.00041214973,0.0002175631,8.915792e-05,0.00025673897,0.00019528087
2017-11-17 07:00:00,0.00038528227,0.00034090542,0.0001002127,0.00015047826,0.00022722963,0.00028961478
2017-11-17 08:00:00,0.00021098007,0.00031001974,0.000118536766,0.00020432725,6.628913e-05,3.5195088e-05
2017-11-17 09:00:00,0.00019156597,2.4817535e-05,4.1834846e-05,0.00019642756,0.000122687,6.923254e-05
2017-11-17 10:00:00,0.00027695758,0.00015398896,0.00024942556,0.00037194538,0.00018915752,0.00022147695
2017-11-17 11:00:00,5.0728035e-05,0.00023633243,0.00013879046,6.8293506e-05,6.36483e-05,0.00010288873
2017-11-17 12:00:00,0.00033556318,0.00022576695,0.00011780208,0.00013193054,0.00017033053,0.00018547813
2017-11-17 13:00:00,7.644294e-05,0.00014651699,6.8660454e-05,9.387694e-05,4.022042e-05,3.035818e-05
2017-11-17 14:00:00,8.792782e-05,7.644578e-05,3.9218605e-05,6.561642e-05,5.693687e-05,3.7497397e-05
2017-11-17 15:00:00,7.712043e-05,9.397937e-05,0.00012848029,0.00010067919,7.134745e-05,3.317594e-05
2017-11-17 16:00:00,5.1196264e-05,9.271315e-05,8.5664375e-05,4.040272e-05,5.653572e-05,3.9164337e-05
2017-11-17 17:00:00,0.000111470974,8.121198e-05,3.2895347e-05,4.936444e-05,2.4556919e-05,0.00013964865
2017-11-17 18:00:00,4.4975583e-05,9.339293e-05,0.000117465475,7.514096e-05,0.00020062043,0.00017979144
2017-11-17 19:00:00,0.00011998911,0.000119884106,8.203701e-05,0.00026698053,0.00018566522,0.00018000565
2017-11-17 20:00:00,7.533914e-05,4.089454e-05,0.0001727924,0.00018719515,0.00015833008,8.023374e-05
2017-11-17 21:00:00,7.3531126e-05,0.0001321781,0.000119018274,0.00012213143,6.396554e-05,7.987841e-05
2017-11-19 22:00:00,0.00026731726,0.00018539606,0.00014098523,7.7887365e-05,0.00013309951,5.5535143e-05
2017-11-19 23:00:00,4.537097e-05,2.9149396e-05,0.00011138837,4.4210145e-05,0.00013132763,2.4214582e-05
2017-11-20 00:00:00,4.4761757e-05,0.00012867995,5.0910647e-05,9.6955286e-05,4.070658e-05,0.00010516499
2017-11-20 01:00:00,0.000128898,2.9269544e-05,0.00011926598,4.5464974e-05,0.00017285814,4.5700977e-05
2017-11-20 02:00:00,9.785188e-05,4.317611e-05,0.00011880663,0.0002013577,0.00012822443,0.00015997427
2017-11-20 03:00:00,0.00013889337,7.419542e-05,0.00010729472,6.324605e-05,0.00012903473,7.520962e-05
2017-11-20 04:00:00,0.00017723753,0.00027917317,0.00015002006,0.00015128283,0.00016465432,0.00010231283
2017-11-20 05:00:00,0.00015821829,3.1625787e-05,5.8300848e-05,4.84024e-05,4.0564417e-05,6.435402e-05
2017-11-20 06:00:00,0.0001326705,4.522005e-05,9.915487e-05,0.00013927839,0.00013643768,0.00036120598
2017-11-20 07:00:00,9.231283e-05,3.4489105e-05,5.7047633e-05,9.724e-05,0.00026425268,0.00016136744
2017-11-20 08:00:00,9.2017355e-05,0.00014143412,0.000116519535,0.00033397187,0.00024327305,0.00018535653
2017-11-20 09:00:00,9.8209246e-05,0.00016048053,0.00025077703,0.00011460814,0.00025431183,0.0001276399
2017-11-20 10:00:00,6.880616e-05,0.00029181814,0.00013955768,0.0001929018,7.626433e-05,0.00012027748
2017-11-20 11:00:00,0.00027927285,0.00012501472,0.0001767764,3.077535e-05,0.00015122815,0.00013556765
2017-11-20 12:00:00,0.00018710356,0.00010555997,0.00017144291,0.00011934733,7.065491e-05,4.1110936e-05
2017-11-20 13:00:00,7.250158e-05,8.6713495e-05,4.72082e-05,6.952403e-05,8.404326e-05,8.680526e-05
2017-11-20 14:00:00,0.000120708944,3.6391153e-05,3.4731136e-05,4.431658e-05,5.4047276e-05,4.344736e-05
2017-11-20 15:00:00,8.131485e-05,0.00012305958,0.00016755785,0.00014414625,0.000109024004,8.807987e-05
2017-11-20 16:00:00,5.0476683e-05,6.942763e-05,8.4129446e-05,4.9856466e-05,4.7880956e-05,4.4990004e-05
2017-11-20 17:00:00,5.285271e-05,6.0194117e-05,3.657438e-05,3.507861e-05,5.09368e-05,5.7711044e-05
2017-11-20 18:00:00,5.2494197e-05,3.2982978e-05,5.3069616e-05,4.5204124e-05,4.9321858e-05,4.9264374e-05
2017-11-20 19:00:00,6.673563e-05,6.8395755e-05,5.556117e-05,2.9213674e-05,3.0658415e-05,4.4880733e-05
2017-11-20 20:00:00,3.459464e-05,4.739485e-05,7.836314e-05,5.8847945e-05,7.219001e-05,7.295176e-05
2017-11-20 21:00:00,3.0224915e-05,0.00012860842,8.53239e-05,9.08901e-05,7.9454854e-05,0.000108396016
2017-11-20 22:00:00,0.00013564114,5.0676732e-05,0.00011722903,9.666657e-05,0.000125848,7.829732e-05
2017-11-20 23:00:00,4.184288e-05,4.2842512e-05,3.642159e-05,2.5876125e-05,5.8239937e-05,9.018179e-05
2017-11-21 00:00:00,5.1463696e-05,3.400172e-05,5.058909e-05,5.9575123e-05,5.6616915e-05,0.00020863021
2017-11-21 01:00:00,4.1162733e-05,3.64274e-05,5.4659045e-05,9.641853e-05,0.00023768726,0.00046930206
2017-11-21 02:00:00,3.5740843e-05,4.225508e-05,8.3129606e-05,0.00018627354,0.0005055641,0.00047900988
2017-11-21 03:00:00,3.7353213e-05,0.00012620835,0.00019855326,0.0005578313,0.0004781198,0.0004898671
2017-11-21 04:00:00,0.00021166976,0.00028468517,0.00034673445,0.0007076196,0.00048016952,0.00048443838
2017-11-21 05:00:00,0.000564583,0.00072375376,0.00050264946,0.0005378785,0.0006545792,0.0007664966
2017-11-21 06:00:00,0.0003398303,0.00042846825,0.00034548898,0.0004523373,0.0007478107,0.0007773963
2017-11-21 07:00:00,9.8756136e-05,0.000109859895,0.00017623621,0.00041055353,0.00058010756,0.0004314494
2017-11-21 08:00:00,5.6640027e-05,0.00010843871,0.00035384967,0.00039101165,0.00037270912,0.00039770937
2017-11-21 09:00:00,0.00012455,0.00045588822,0.00047976276,0.00043587445,0.00058669323,0.00038326925
2017-11-21 10:00:00,0.0003690369,0.00043929156,0.0003507508,0.0004577579,0.00041275233,0.0007025129
2017-11-21 11:00:00,0.000111440866,7.87666e-05,0.000118631804,0.00018058669,0.00052629976,0.0005293946
2017-11-21 12:00:00,4.0169452e-05,4.3537195e-05,0.00018090161,0.00040404618,0.0007070013,0.0003905839
2017-11-21 13:00:00,5.2559615e-05,0.00016617944,0.0003450449,0.00055871066,0.00048280632,0.00057764526
2017-11-21 14:00:00,0.00012482547,0.00035705074,0.0005977186,0.0006444315,0.0004910592,0.0004498171
2017-11-21 15:00:00,0.00029417902,0.0005140446,0.0004359672,0.00036885246,0.00043714023,0.00041153346
2017-11-21 16:00:00,0.0003353092,0.00020595544,0.00019070346,0.00017176926,0.00019032598,0.0001310636
2017-11-21 17:00:00,0.00012526521,9.436531e-05,6.957159e-05,4.3116477e-05,0.0001326496,0.00013028382
2017-11-21 18:00:00,3.6668018e-05,4.0964198e-05,7.5238044e-05,5.926869e-05,4.1649295e-05,7.712799e-05
2017-11-21 19:00:00,4.9668266e-05,8.363924e-05,3.2415097e-05,4.6844878e-05,4.792423e-05,3.878127e-05
2017-11-21 20:00:00,4.047778e-05,6.9407935e-05,5.9787937e-05,0.000101748796,5.53699e-05,3.524027e-05
2017-11-21 21:00:00,0.00014928161,0.0001006172,0.00013546458,7.191628e-05,5.388775e-05,8.84935e-05
2017-11-21 22:00:00,4.402412e-05,4.319675e-05,4.497514e-05,6.7670095e-05,4.4151937e-05,7.1890165e-05
2017-11-21 23:00:00,6.187565e-05,3.503204e-05,5.078131e-05,3.0679472e-05,9.1357804e-05,4.012429e-05
2017-11-22 00:00:00,8.281126e-05,0.00015162918,5.5878678e-05,6.5389206e-05,4.0105802e-05,0.00026211367
2017-11-22 01:00:00,7.972849e-05,4.495933e-05,8.779459e-05,3.1732052e-05,0.00022151749,0.00041694488
2017-11-22 02:00:00,0.00010085793,0.00017837832,4.4239434e-05,0.00018758053,0.00046533116,0.00043655475
2017-11-22 03:00:00,0.0001387244,3.837015e-05,0.00017478818,0.0006587584,0.0005896728,0.00062612176
2017-11-22 04:00:00,0.00014342785,0.00038070427,0.00076634,0.0008599786,0.0007033647,0.0006032573
2017-11-22 05:00:00,0.0003659642,0.000748747,0.00067461457,0.0005630794,0.0005171448,0.00058338733
2017-11-22 06:00:00,0.0006738111,0.00039449937,0.0004959425,0.0006119082,0.00025942954,0.00039195613
2017-11-22 07:00:00,4.1831456e-05,0.00011775692,0.000101653255,3.817281e-05,7.890648e-05,0.00019320258
2017-11-22 08:00:00,0.000112204965,0.00010987212,4.0598276e-05,7.552309e-05,0.00030254366,0.00038074626
2017-11-22 09:00:00,2.9556566e-05,0.00014964145,3.8990078e-05,0.0004014664,0.0006353361,0.0007037726
2017-11-22 10:00:00,0.00016800697,5.3130916e-05,0.00035517893,0.0005854195,0.0006829503,0.00053702714
2017-11-22 11:00:00,0.00011103817,0.00031820755,0.0003722795,0.0006339726,0.0004729856,0.00036945948
2017-11-22 12:00:00,0.00039366636,0.0006621629,0.0006323089,0.0007240887,0.000506945,0.0004959383
2017-11-22 13:00:00,0.00037378687,0.00040891132,0.0002742814,0.00021009495,0.00035767586,0.00028283935
2017-11-22 14:00:00,9.561397e-05,5.4220916e-05,3.8926864e-05,0.00012875238,0.000137457,0.00015028684
2017-11-22 15:00:00,9.765396e-05,0.00014005144,5.070385e-05,4.4008673e-05,8.913729e-05,0.00020818153
2017-11-22 16:00:00,8.946919e-05,9.469445e-05,6.641911e-05,0.00010588925,0.00033558562,0.00017245038
2017-11-22 17:00:00,0.000111704474,0.00012708406,0.00021046391,0.00038759282,0.0002843053,0.00021966072
2017-11-22 18:00:00,4.7154503e-05,8.9431596e-05,0.0003043989,0.00015836395,0.00018820529,7.3864445e-05
2017-11-22 19:00:00,7.6679804e-05,0.00045294708,0.00012890284,0.0001854252,0.00010271727,0.00014984688
2017-11-22 20:00:00,0.00033430758,0.00010841441,7.358662e-05,5.0106122e-05,0.00011871063,0.00013083889
2017-11-22 21:00:00,0.00020114976,0.00020988964,0.00022548114,0.00011524121,0.00012436952,7.700224e-05
2017-11-22 22:00:00,2.987071e-05,0.00011080344,3.6295707e-05,0.00011383322,0.00010569659,3.0067462e-05
2017-11-22 23:00:00,0.00012197193,5.2953495e-05,4.4559165e-05,4.7348618e-05,4.6137404e-05,0.00020268622
2017-11-23 00:00:00,0.00012375595,0.00018066342,0.00013293521,0.0001345679,0.00013796531,0.00014004
2017-11-23 01:00:00,6.0261304e-05,8.130148e-05,4.089158e-05,0.00023365534,0.000111894966,9.098314e-05
2017-11-23 02:00:00,4.2536583e-05,4.7787842e-05,0.0003279125,8.552556e-05,9.193827e-05,4.365752e-05
2017-11-23 03:00:00,5.6807443e-05,0.00032800637,6.38977e-05,0.0001713373,5.3375556e-05,7.27827e-05
2017-11-23 04:00:00,0.00039658515,0.000121512356,0.00011346781,8.9845504e-05,0.00016366367,0.0001588947
2017-11-23 05:00:00,0.00053908955,0.00018412265,0.00031639187,0.00038228524,0.00048570664,0.0006038408
2017-11-23 06:00:00,0.00033635338,4.5836165e-05,4.2544292e-05,9.393321e-05,0.00011619305,5.4930002e-05
2017-11-23 07:00:00,0.0002222298,0.000326078,0.0003770035,0.0003368604,0.00019911681,0.0001224013
2017-11-23 08:00:00,0.000103546205,0.00019310818,0.00014150172,2.833541e-05,6.187269e-05,6.7270164e-05
2017-11-23 09:00:00,0.00010795064,0.00017507726,6.9030335e-05,9.481196e-05,4.8560407e-05,4.1347757e-05
2017-11-23 10:00:00,9.920756e-05,0.0001903545,0.00023570754,0.00012216119,8.966102e-05,9.9387755e-05
2017-11-23 11:00:00,0.00025226752,0.00030588958,0.00014529,0.00016361417,0.000105330415,6.691564e-05
2017-11-23 12:00:00,7.597359e-05,4.2719323e-05,5.635721e-05,5.1946357e-05,0.00010871454,0.00014315327
2017-11-23 13:00:00,0.0001095193,0.00015577658,0.00010349772,0.00012868567,0.00014284944,0.00010296088
2017-11-23 14:00:00,4.6261135e-05,3.9644012e-05,6.58639e-05,0.00012058108,4.956787e-05,7.4369935e-05
2017-11-23 15:00:00,4.733973e-05,5.486478e-05,0.00010064327,5.3346565e-05,7.73628e-05,3.8123086e-05
2017-11-23 16:00:00,0.00011009241,0.00015369886,4.4746255e-05,9.996298e-05,6.545336e-05,7.330996e-05
2017-11-23 17:00:00,7.7791774e-05,5.071776e-05,5.618797e-05,3.362247e-05,0.00012370852,0.00015978035
2017-11-23 18:00:00,0.00012700842,4.6366877e-05,8.297384e-05,0.00015240963,0.0003404359,0.00055537414
2017-11-23 19:00:00,6.7019806e-05,3.0773685e-05,0.00012002838,0.00019623153,0.0005538599,0.000566588
2017-11-23 20:00:00,7.159505e-05,0.0001936541,0.0003252759,0.0006054328,0.0007551392,0.00041090458
2017-11-23 21:00:00,0.00016628356,0.0002717363,0.00058415247,0.000645419,0.00053319894,0.00037059895
2017-11-23 22:00:00,0.00015193394,0.00074155885,0.0005084873,0.00043219526,0.00019427932,0.00025087662
2017-11-23 23:00:00,0.00046614485,0.0004093356,0.00024799322,0.00022005098,0.0001249079,0.0002451527
2017-11-24 00:00:00,0.00015856409,7.742946e-05,0.0001375263,8.757514e-05,3.0873303e-05,0.00027772083
2017-11-24 01:00:00,0.00019161233,0.00022062687,0.00020534084,0.00014739143,0.00043561478,0.00034180528
2017-11-24 02:00:00,0.00010805524,8.658772e-05,6.878669e-05,0.00026645465,0.00026081654,0.00015226078
2017-11-24 03:00:00,3.6168894e-05,0.00012795044,0.00017787049,0.00022191808,0.00016757344,3.483047e-05
2017-11-24 04:00:00,0.0001666182,0.00020746769,0.00023499064,0.00014775651,5.3213775e-05,0.00011723953
2017-11-24 05:00:00,0.00044479338,0.00034755914,0.000284485,0.00011258844,0.0002613745,0.00023049861
2017-11-24 06:00:00,5.7492027e-05,9.773064e-05,0.00017672726,7.398286e-05,7.035803e-05,4.262058e-05
2017-11-24 07:00:00,0.00013086534,0.00025056765,0.00011845798,5.779216e-05,5.0899223e-05,8.712915e-05
2017-11-24 08:00:00,0.00016390129,2.798865e-05,4.3780674e-05,9.473397e-05,3.89406e-05,0.00015740599
2017-11-24 09:00:00,0.00013476948,0.0001680192,0.00015734191,0.00010416678,0.0002030844,3.7706122e-05
2017-11-24 10:00:00,6.6904024e-05,0.00016749647,3.9922117e-05,0.000191629,5.6284807e-05,7.511621e-05
2017-11-24 11:00:00,7.507324e-05,5.2869367e-05,0.00014448442,7.018986e-05,8.821724e-05,7.216498e-05
2017-11-24 12:00:00,0.00014244502,9.003954e-05,0.00013569322,0.0002628094,0.00016764022,0.000110340814
2017-11-24 13:00:00,0.00022177833,4.6529287e-05,9.933594e-05,5.408772e-05,5.401913e-05,4.1334664e-05
2017-11-24 14:00:00,0.00033855066,0.00023188503,0.00025260253,0.0002471185,0.00018682373,7.147424e-05
2017-11-24 15:00:00,8.56069e-05,3.86835e-05,2.8536724e-05,5.9552993e-05,0.0001530082,0.00039075402
2017-11-24 16:00:00,3.9969884e-05,7.647467e-05,0.000101544436,0.00025688703,0.00037960036,0.0006702439
2017-11-24 17:00:00,6.854871e-05,7.512031e-05,0.00016455387,0.0005948045,0.00088075595,0.00082363206
2017-11-24 18:00:00,5.4566706e-05,0.00019473014,0.0004139404,0.00063618465,0.0007236247,0.0005919154
2017-11-24 19:00:00,0.00018715319,0.00045000284,0.0008290769,0.00065623835,0.00069623673,0.0006547996
2017-11-24 20:00:00,0.00029736973,0.00088230503,0.00045702062,0.00044102495,0.0006749881,0.0006537841
2017-11-24 21:00:00,0.0007624334,0.00029770407,0.00029475839,0.0004108389,0.00044290602,0.00025351063
2017-11-26 22:00:00,0.0002015778,0.00014951227,3.8804195e-05,2.74095e-05,7.098547e-05,4.5664856e-05
2017-11-26 23:00:00,3.85098e-05,0.000113588365,8.545913e-05,0.00020456812,0.000112495254,0.00013392993
2017-11-27 00:00:00,0.00017081502,0.00013539343,0.00019441309,9.636175e-05,6.976431e-05,0.00011477783
2017-11-27 01:00:00,4.4856177e-05,0.00012159049,3.9302504e-05,3.2915264e-05,0.0002257525,0.0006265432
2017-11-27 02:00:00,0.00015680057,6.1885235e-05,4.9820155e-05,0.00022346585,0.0006998082,0.0005830727
2017-11-27 03:00:00,8.93246e-05,0.0001077625,0.00033389113,0.0006882196,0.0008305437,0.0005707257
2017-11-27 04:00:00,5.2938958e-05,0.0003080699,0.000853459,0.00091962935,0.0007946595,0.0003183062
2017-11-27 05:00:00,0.00031655273,0.00088442175,0.00070953224,0.00039322424,0.0006045429,0.00040952303
2017-11-27 06:00:00,0.001015388,0.00080966484,0.0005312435,0.00029183552,0.00031176972,0.00021148415
2017-11-27 07:00:00,7.785405e-05,0.00015724017,0.0002694487,0.00028575148,0.00033584333,0.0003728959
2017-11-27 08:00:00,0.00014190258,0.0003692497,0.00016619782,0.00029693267,0.00048098995,0.0005600247
2017-11-27 09:00:00,0.00020105427,7.904182e-05,0.00017689989,0.0003407704,0.00054669083,0.00051445066
2017-11-27 10:00:00,0.00012780195,0.000119936434,0.00023557388,0.00029218732,0.00041459524,0.0003129498
2017-11-27 11:00:00,0.00025117688,0.00037868178,0.00048048154,0.00068124454,0.00056922494,0.00041596158
2017-11-27 12:00:00,0.00025807522,0.00029221986,0.00046215852,0.0002888015,0.00037343326,0.0005267616
2017-11-27 13:00:00,0.00018356838,0.0003182773,0.00012730893,0.00035300117,0.00037779854,0.00033900622
2017-11-27 14:00:00,0.0001419091,4.2887583e-05,0.00016365452,0.00018824544,0.0002698441,0.00020009743
2017-11-27 15:00:00,0.00015189142,6.773907e-05,0.0001396704,0.00017248846,0.0001371839,7.78538e-05
2017-11-27 16:00:00,0.00021552709,0.00021760119,0.00027423303,0.00020583071,0.00017229789,0.00014758014
2017-11-27 17:00:00,8.649291e-05,0.00015226944,9.189703e-05,4.6371035e-05,4.1028943e-05,5.8345286e-05
2017-11-27 18:00:00,9.459867e-05,3.8416805e-05,5.5471715e-05,5.2472584e-05,0.0001575386,3.7066005e-05
2017-11-27 19:00:00,6.158103e-05,8.5525615e-05,9.011383e-05,0.00012853298,6.8604735e-05,7.700462e-05
2017-11-27 20:00:00,6.288698e-05,9.8783756e-05,0.00018183475,3.9148923e-05,5.7399964e-05,7.814679e-05
2017-11-27 21:00:00,7.9840946e-05,0.00016030103,3.3612603e-05,3.468949e-05,5.8402387e-05,6.819595e-05
2017-11-27 22:00:00,9.513615e-05,6.322629e-05,3.0306015e-05,2.9260173e-05,3.4630426e-05,6.673647e-05
2017-11-27 23:00:00,0.00016059044,0.00012532163,7.635322e-05,6.365755e-05,4.652749e-05,3.921245e-05
2017-11-28 00:00:00,5.1958235e-05,7.284851e-05,8.674165e-05,0.00010038658,0.00013506804,4.302556e-05
2017-11-28 01:00:00,6.722407e-05,6.453802e-05,8.67416e-05,6.465739e-05,3.858943e-05,5.0497612e-05
2017-11-28 02:00:00,2.5339214e-05,5.6838406e-05,6.0710332e-05,3.5817506e-05,3.9793915e-05,0.0001525107
2017-11-28 03:00:00,7.065149e-05,6.243218e-05,5.8210015e-05,2.1976803e-05,0.000108536085,3.747107e-05
2017-11-28 04:00:00,5.3987515e-05,9.9018886e-05,5.4257973e-05,0.00015186911,7.05074e-05,0.00025282646
2017-11-28 05:00:00,0.00011434871,8.004725e-05,0.00014753961,6.971408e-05,0.00025421567,0.0002738615
2017-11-28 06:00:00,5.445007e-05,0.00012319245,2.673832e-05,0.00018193797,0.00025761573,0.00014071759
2017-11-28 07:00:00,0.00018866356,3.909441e-05,0.00021958393,0.0002715554,0.0001649622,3.2315114e-05
2017-11-28 08:00:00,0.0001637548,7.6091615e-05,0.00016319787,9.3240145e-05,9.1281996e-05,5.3076987e-05
2017-11-28 09:00:00,0.00031575217,0.00027745313,0.00020380519,4.3514374e-05,0.00014152673,4.7993584e-05
2017-11-28 10:00:00,9.9430894e-05,3.5388715e-05,0.00021178379,4.518631e-05,0.00024799036,0.00024381898
2017-11-28 11:00:00,0.00011956628,0.0003489768,0.00013585083,0.00025141108,0.00036199426,0.00038888754
2017-11-28 12:00:00,0.00027820026,5.7172674e-05,0.00026075594,0.0002640357,0.00031112303,0.00021892543
2017-11-28 13:00:00,0.000261877,6.653087e-05,9.233526e-05,9.710119e-05,5.00762e-05,4.248452e-05
2017-11-28 14:00:00,0.0002812962,0.0003106421,0.000255213,0.00030235972,0.00018642,0.00010879085
2017-11-28 15:00:00,5.5084358e-05,9.1252914e-05,4.791834e-05,5.7753045e-05,9.0278394e-05,9.7053104e-05
2017-11-28 16:00:00,7.564186e-05,3.6134574e-05,5.932496e-05,8.6264605e-05,0.00016563905,4.612114e-05
2017-11-28 17:00:00,8.528315e-05,0.00013241137,0.000106827814,0.00020434815,7.926205e-05,6.813012e-05
2017-11-28 18:00:00,9.7961405e-05,9.7542594e-05,0.0001038933,4.0719326e-05,5.9902774e-05,5.6192384e-05
2017-11-28 19:00:00,7.286963e-05,9.55301e-05,4.7115132e-05,3.1018433e-05,4.6940426e-05,3.303571e-05
2017-11-28 20:00:00,5.4275468e-05,5.8089117e-05,5.765433e-05,2.8712291e-05,3.8620612e-05,3.8451206e-05
2017-11-28 21:00:00,0.00012060785,0.00011917338,7.1867704e-05,3.1407224e-05,3.8908536e-05,9.172325e-05
2017-11-28 22:00:00,3.5017158e-05,3.859257e-05,7.4881085e-05,5.1319836e-05,3.672043e-05,4.446613e-05
2017-11-28 23:00:00,4.095832e-05,8.645291e-05,3.3059667e-05,2.7482844e-05,6.1880426e-05,0.00016920523
2017-11-29 00:00:00,5.1502982e-05,3.8272585e-05,5.613304e-05,6.525782e-05,0.00013137411,0.00021644095
2017-11-29 01:00:00,4.523404e-05,9.847568e-05,0.00016742798,0.0001967386,0.00028824992,0.00033325292
2017-11-29 02:00:00,5.924846e-05,8.8486806e-05,0.00016905415,0.00028363868,0.0005688763,0.00021641556
2017-11-29 03:00:00,6.948493e-05,0.00017677622,0.00021262221,0.0004281786,0.00018775412,0.00011749426
2017-11-29 04:00:00,0.00014935803,0.00024362857,0.00039390824,0.0001839225,9.6598975e-05,9.348523e-05
2017-11-29 05:00:00,9.886446e-05,0.0002636302,7.1045055e-05,3.7211357e-05,4.7515394e-05,9.569897e-05
2017-11-29 06:00:00,0.0002669546,3.5003126e-05,0.00012920341,0.00012603829,0.00018083047,9.168967e-05
2017-11-29 07:00:00,0.00020050365,0.00032075105,0.00022785577,0.0004224472,0.0002978917,9.3457915e-05
2017-11-29 08:00:00,0.0001358969,6.578367e-05,0.00019009403,0.00010888583,0.0002276474,0.00030135465
2017-11-29 09:00:00,6.5935084e-05,0.00010520265,2.7971708e-05,0.00039778833,0.00041409497,0.00032307956
2017-11-29 10:00:00,0.00016664571,5.828264e-05,0.0003193416,0.00036238847,0.0005481003,0.0003829647
2017-11-29 11:00:00,0.00017123503,0.00055837166,0.0005906167,0.00067560433,0.00081099593,0.000823449
2017-11-29 12:00:00,0.00040680973,0.0006357045,0.0005515906,0.000520517,0.00075581926,0.000770257
2017-11-29 13:00:00,0.00022919166,0.0002572264,0.0002749017,0.000267514,0.00071498903,0.00055230653
2017-11-29 14:00:00,5.6364384e-05,0.00013931844,0.000115226096,0.0003411342,0.00048563222,0.0003474317
2017-11-29 15:00:00,0.00014644084,0.000109847024,0.00049919,0.00036701802,0.00034885574,0.0002505716
2017-11-29 16:00:00,6.355824e-05,0.00031393016,0.00026090944,0.00037229713,0.00024574454,0.00019221108
2017-11-29 17:00:00,0.0004991819,0.0004075279,0.0002781023,0.00027307763,0.00017206714,0.000190659
2017-11-29 18:00:00,7.261033e-05,5.7217734e-05,8.540985e-05,0.00015048878,0.00016689167,4.3066495e-05
2017-11-29 19:00:00,2.3761453e-05,5.0259598e-05,7.0624534e-05,0.0001069861,4.0199153e-05,3.6285488e-05
2017-11-29 20:00:00,6.94285e-05,9.2504124e-05,7.859001e-05,2.8786524e-05,3.924662e-05,0.000122025216
2017-11-29 21:00:00,0.00010035879,6.9719834e-05,7.079004e-05,3.2520737e-05,0.00015371453,0.0001990043
2017-11-29 22:00:00,3.466111e-05,0.00014430667,9.460408e-05,0.00022460689,0.0002573457,0.0001370799
2017-11-29 23:00:00,0.00013645636,8.586203e-05,0.0001763424,0.00019657894,0.00016557751,0.00018934523
2017-11-30 00:00:00,5.0439852e-05,0.00014697679,0.00016337588,5.549925e-05,6.5419954e-05,7.143787e-05
2017-11-30 01:00:00,0.00016311635,0.00023642197,0.00011312119,9.402634e-05,8.066562e-05,0.00033405385
2017-11-30 02:00:00,6.684832e-05,5.7923833e-05,5.6857352e-05,9.051068e-05,0.00015143538,0.000102287086
2017-11-30 03:00:00,0.00010358006,0.0001369969,0.00012444067,0.00012692205,9.380327e-05,0.0001306924
2017-11-30 04:00:00,5.3111587e-05,5.3377695e-05,0.00017220405,0.00017517123,0.00021689195,0.00017455794
2017-11-30 05:00:00,4.405723e-05,0.0002354527,0.00017474382,0.00017163678,0.00023145636,0.00015821875
2017-11-30 06:00:00,0.00025100104,0.00030150416,0.00033052755,0.00015944013,0.00019035029,0.00025945558
2017-11-30 07:00:00,4.4315562e-05,4.459929e-05,3.1566018e-05,3.7847454e-05,6.133178e-05,4.254734e-05
2017-11-30 08:00:00,8.204173e-05,5.2319618e-05,4.6949706e-05,5.7302652e-05,5.289615e-05,2.5370848e-05
2017-11-30 09:00:00,3.4940414e-05,7.629013e-05,4.1596108e-05,2.7529011e-05,8.47567e-05,4.7446152e-05
2017-11-30 10:00:00,5.3963828e-05,7.158801e-05,3.337957e-05,4.6034773e-05,7.2904666e-05,5.211625e-05
2017-11-30 11:00:00,0.00012332872,4.216273e-05,4.5164903e-05,9.505201e-05,7.8493766e-05,7.8038116e-05
2017-11-30 12:00:00,7.558833e-05,9.303414e-05,3.7621987e-05,3.657209e-05,4.4141074e-05,5.0762133e-05
2017-11-30 13:00:00,5.4406548e-05,5.6119166e-05,5.8292422e-05,6.417455e-05,6.903617e-05,4.2819145e-05
2017-11-30 14:00:00,9.2954026e-05,0.0001060178,0.00010874643,0.00012169324,9.8330915e-05,5.9174537e-05
2017-11-30 15:00:00,3.7977334e-05,3.485708e-05,4.0061044e-05,4.8333008e-05,6.1536215e-05,2.680877e-05
2017-11-30 16:00:00,5.1722163e-05,4.1042535e-05,4.9613987e-05,3.302637e-05,5.1208808e-05,4.209055e-05
2017-11-30 17:00:00,4.7475703e-05,3.3931872e-05,5.671355e-05,3.8984443e-05,3.2854594e-05,9.376573e-05
2017-11-30 18:00:00,5.1365445e-05,7.474774e-05,3.757617e-05,4.6321413e-05,9.5547555e-05,3.3022632e-05
2017-11-30 19:00:00,5.8738216e-05,3.7663332e-05,4.1772473e-05,0.00011816512,5.111889e-05,6.3244974e-05
2017-11-30 20:00:00,6.277358e-05,5.380036e-05,7.455863e-05,3.2076765e-05,9.897638e-05,3.9643823e-05
2017-11-30 21:00:00,3.3611446e-05,0.00013148508,3.696809e-05,7.2275296e-05,4.6497902e-05,4.18957e-05
2017-11-30 22:00:00,0.0001388465,4.8003916e-05,7.363006e-05,5.0488623e-05,4.1161766e-05,3.870026e-05
2017-11-30 23:00:00,0.000100088146,0.00018644774,9.004323e-05,0.0001404382,6.330135e-05,5.5380813e-05
2017-12-01 00:00:00,0.00014075002,3.5570396e-05,8.7647604e-05,4.2484982e-05,3.9629515e-05,3.8184862e-05
2017-12-01 01:00:00,0.00015136841,4.071943e-05,5.285311e-05,0.00012819598,9.842954e-05,4.079244e-05
2017-12-01 02:00:00,7.576633e-05,6.744811e-05,3.4746117e-05,4.205845e-05,0.00011526409,0.00022453454
2017-12-01 03:00:00,3.535836e-05,8.6590124e-05,7.03849e-05,5.1956802e-05,0.00016929087,0.00011788804
2017-12-01 04:00:00,9.224148e-05,6.936866e-05,9.2311166e-05,0.00016897332,0.00019378957,3.9966577e-05
2017-12-01 05:00:00,4.649776e-05,0.00018854889,0.00029592915,0.00021537916,0.00016809901,0.00031641658
2017-12-01 06:00:00,0.00012438431,0.00026600945,0.00019054093,0.0001100702,0.00034108045,0.0005211767
2017-12-01 07:00:00,0.00020792913,0.00014129924,3.1041516e-05,0.00016959239,0.00035720007,0.0008710491
2017-12-01 08:00:00,5.8863065e-05,0.0002136171,7.7293866e-05,0.00037008696,0.00070516363,0.00081504654
2017-12-01 09:00:00,0.00020605011,0.00014960331,0.00052368944,0.0005838133,0.0007482681,0.0007892842
2017-12-01 10:00:00,0.0003302747,0.00053464173,0.0009103558,0.0008937543,0.00077415915,0.00062794535
2017-12-01 11:00:00,0.0004406456,0.0006831601,0.00090395217,0.0008612873,0.00047460303,0.00046032673
2017-12-01 12:00:00,0.0004179309,0.0004698868,0.00050423417,0.00054117665,0.00031769605,0.00037476103
2017-12-01 13:00:00,0.00031100094,0.00028500086,7.94645e-05,9.7371754e-05,0.000119832875,0.00013061133
2017-12-01 14:00:00,5.097257e-05,0.00010393416,0.000121491415,0.00012815946,5.823972e-05,7.219497e-05
2017-12-01 15:00:00,0.00013648033,0.00018728263,0.00011877505,8.3404186e-05,9.754211e-05,3.760973e-05
2017-12-01 16:00:00,6.147708e-05,3.352554e-05,3.4727804e-05,2.3581135e-05,8.757137e-05,4.1555144e-05
2017-12-01 17:00:00,4.5952143e-05,0.000108135326,3.991479e-05,0.00011031822,3.732426e-05,9.631349e-05
2017-12-01 18:00:00,7.210967e-05,3.3658725e-05,0.000112443115,3.0222927e-05,0.0001256221,7.003e-05
2017-12-01 19:00:00,8.6386666e-05,8.817103e-05,5.800904e-05,0.0002224476,0.0001433428,0.00011535671
2017-12-01 20:00:00,0.00013863048,3.204183e-05,0.00014410396,7.340551e-05,0.00011965914,4.359422e-05
2017-12-01 21:00:00,0.000101088015,0.00035048815,0.00015993675,0.00028811567,0.0001698566,0.00013798843
2017-12-03 22:00:00,0.00026685034,0.00013659558,0.00010368413,5.734949e-05,7.344102e-05,2.9437777e-05
2017-12-03 23:00:00,0.00011308055,2.5569072e-05,0.00012036423,0.000109102235,0.00013486299,7.067951e-05
2017-12-04 00:00:00,9.240686e-05,6.3772626e-05,5.5565226e-05,8.219164e-05,4.2403433e-05,6.307513e-05
2017-12-04 01:00:00,0.00013540205,8.491054e-05,0.00012473809,5.216343e-05,0.00012718563,0.00030661718
2017-12-04 02:00:00,3.953587e-05,5.656466e-05,4.083721e-05,3.557582e-05,0.00018363126,7.1502596e-05
2017-12-04 03:00:00,8.5935324e-05,3.9162893e-05,7.857625e-05,0.00017175042,9.61203e-05,0.00011401338
2017-12-04 04:00:00,0.00011447067,4.0501185e-05,0.00013096914,3.578862e-05,0.000115169554,7.462171e-05
2017-12-04 05:00:00,8.275233e-05,0.00025735606,0.000115651186,0.00019404787,0.00021618175,0.00027518166
2017-12-04 06:00:00,0.00016886488,4.8637943e-05,0.00012638891,0.00010958589,0.00016339099,0.0003220166
2017-12-04 07:00:00,0.00013453558,3.064699e-05,4.5028617e-05,7.447517e-05,0.0002530907,4.1957457e-05
2017-12-04 08:00:00,0.00019602625,5.450752e-05,0.00018622297,0.00032105093,9.902246e-05,0.00012305782
2017-12-04 09:00:00,4.590382e-05,6.4054875e-05,0.00020401915,2.8654506e-05,0.00025581813,0.00027718293
2017-12-04 10:00:00,0.00011118738,0.00033585983,4.194346e-05,0.00022285875,0.00035794993,0.00048337228
2017-12-04 11:00:00,0.00030772615,6.343546e-05,0.00036852199,0.0005279456,0.00042303462,0.00044712317
2017-12-04 12:00:00,0.0004871564,0.00057960174,0.00050740555,0.00066345476,0.0007192246,0.0008392732
2017-12-04 13:00:00,0.00030204892,0.00041933884,0.00049426395,0.0005729173,0.00047616524,0.00034697144
2017-12-04 14:00:00,0.00015333777,0.00029289845,0.00024376692,0.00028957962,0.00021501027,0.00021906964
2017-12-04 15:00:00,0.0001329145,0.00011945931,0.00014124092,0.00014657536,0.00022882945,0.00015964748
2017-12-04 16:00:00,3.4042478e-05,5.684068e-05,3.776169e-05,0.00012001421,8.2017716e-05,4.6222347e-05
2017-12-04 17:00:00,4.488185e-05,5.7901543e-05,7.6074335e-05,4.8278926e-05,4.6606703e-05,9.145005e-05
2017-12-04 18:00:00,3.6409565e-05,6.218692e-05,3.2087624e-05,4.5946337e-05,8.958537e-05,4.732488e-05
2017-12-04 19:00:00,6.083547e-05,3.8309903e-05,6.503435e-05,8.812115e-05,4.7897123e-05,3.954787e-05
2017-12-04 20:00:00,6.5479355e-05,0.0001316155,0.00017084918,3.1890144e-05,6.353968e-05,7.504927e-05
2017-12-04 21:00:00,6.8711444e-05,0.0001261356,3.0711362e-05,3.516856e-05,5.657009e-05,7.110919e-05
2017-12-04 22:00:00,7.0094444e-05,6.424937e-05,4.202203e-05,2.9495415e-05,3.742509e-05,3.698594e-05
2017-12-04 23:00:00,0.00016010914,0.00013462994,4.846885e-05,4.248674e-05,0.00010878088,3.7523834e-05
2017-12-05 00:00:00,4.6717745e-05,7.771791e-05,8.2926075e-05,4.053139e-05,0.000100254525,0.00011493631
2017-12-05 01:00:00,7.815526e-05,6.52538e-05,4.7233905e-05,7.589936e-05,0.00013710091,6.90168e-05
2017-12-05 02:00:00,3.152305e-05,4.9696006e-05,6.0325052e-05,0.00020336077,3.4586694e-05,0.00016223748
2017-12-05 03:00:00,8.322242e-05,5.128039e-05,0.00025037612,3.523454e-05,0.00019689712,0.00023898097
2017-12-05 04:00:00,0.00013333508,0.00020706943,5.754239e-05,0.00016961043,0.00018605572,0.00017131398
2017-12-05 05:00:00,0.00032946482,4.9221748e-05,0.00018281308,0.00035084924,0.00032533097,0.00027269585
2017-12-05 06:00:00,0.0004088532,3.7899423e-05,3.9010294e-05,4.2378037e-05,9.8676035e-05,6.920037e-05
2017-12-05 07:00:00,0.0002672582,0.0002853132,0.0002576111,0.0003694716,0.00017497397,0.00030392534
2017-12-05 08:00:00,0.00012136983,0.00012164505,0.00012373121,3.642771e-05,0.00015616011,0.00026966765
2017-12-05 09:00:00,5.3698255e-05,8.374001e-05,8.0284e-05,0.00011959692,0.00019943576,7.674288e-05
2017-12-05 10:00:00,0.00013270053,0.00013476616,0.00011671221,0.00029967786,0.00011485491,0.0001538008
2017-12-05 11:00:00,0.00025123692,5.6495937e-05,0.0001510883,4.7501682e-05,0.00012490973,0.00022823211
2017-12-05 12:00:00,0.00031931445,0.00051349174,0.0003104209,0.00035584043,0.00051809836,0.00052565476
2017-12-05 13:00:00,0.00017354896,3.4756074e-05,0.00012416905,0.0002362777,0.0006310565,0.00047344173
2017-12-05 14:00:00,0.00013151765,2.830703e-05,0.00013750847,0.00034395617,0.000393844,0.00032878472
2017-12-05 15:00:00,0.00017889132,0.0002919416,0.00047901084,0.0006361797,0.0004858205,0.00034097434
2017-12-05 16:00:00,0.00019385644,0.00053038006,0.00038193492,0.0005384986,0.00022555185,0.00025731017
2017-12-05 17:00:00,0.00034222487,0.00027827773,0.00023912244,0.00023351285,0.000135101,0.00011933147
2017-12-05 18:00:00,5.463175e-05,4.0114093e-05,0.00012758667,0.000104162005,0.00015857087,5.5835404e-05
2017-12-05 19:00:00,8.500034e-05,0.000103845705,8.747689e-05,9.777629e-05,2.8720384e-05,0.00012481483
2017-12-05 20:00:00,0.0001675047,0.00020662305,0.00018074737,8.0083504e-05,0.00018177787,0.00018910655
2017-12-05 21:00:00,5.698577e-05,5.348481e-05,5.901751e-05,2.316209e-05,8.513088e-05,7.205152e-05
2017-12-05 22:00:00,3.1405572e-05,0.00010970742,5.1108156e-05,5.823645e-05,4.909775e-05,3.5595498e-05
2017-12-05 23:00:00,0.000115800445,3.359546e-05,5.1121136e-05,2.8897277e-05,5.0018338e-05,0.00013604586
2017-12-06 00:00:00,0.00017244433,0.00015291842,0.00017077288,0.00015400082,0.00019173631,0.0002480834
2017-12-06 01:00:00,5.6914465e-05,4.0670067e-05,3.4145676e-05,0.0001099486,0.00018138881,0.000277098
2017-12-06 02:00:00,5.152096e-05,4.7739446e-05,0.000117617274,0.0002107494,0.0002745402,0.0001588486
2017-12-06 03:00:00,4.237738e-05,0.00015083078,0.00030519807,0.00022023272,0.00019663345,4.341147e-05
2017-12-06 04:00:00,0.0001681501,0.00029531508,0.0002765611,0.00023870118,7.8495716e-05,7.388839e-05
2017-12-06 05:00:00,0.0002267739,0.00019113804,0.00013364054,0.00016339243,0.00022342305,0.00019013429
2017-12-06 06:00:00,6.1289065e-05,5.525294e-05,0.00030342734,0.00038604328,0.00063072774,0.00036511966
2017-12-06 07:00:00,9.465732e-05,0.00024871397,0.00032593595,0.00046099813,0.0005032637,0.00044937327
2017-12-06 08:00:00,0.00033703414,0.0004958181,0.00041150156,0.00038624887,0.00050391146,0.00018457141
2017-12-06 09:00:00,8.5910295e-05,0.00025203222,0.00013921833,0.00019569311,4.9968912e-05,0.00011455274
2017-12-06 10:00:00,0.00011426952,9.372784e-05,8.898452e-05,7.637128e-05,0.00015297564,9.437784e-05
2017-12-06 11:00:00,4.6494988e-05,3.0427167e-05,0.00017670811,0.0002760591,0.00019225209,0.00027690412
2017-12-06 12:00:00,3.6711524e-05,0.00022746006,0.0002676705,0.00017632432,0.00019069076,0.00032852287
2017-12-06 13:00:00,0.0002575373,0.00036556754,0.00023801214,0.00030314663,0.00028323985,0.00016691831
2017-12-06 14:00:00,0.00018378571,5.1255094e-05,8.786369e-05,0.00010330527,3.7338923e-05,4.1762796e-05
2017-12-06 15:00:00,0.00011878727,2.9713374e-05,9.229196e-05,9.6660064e-05,0.00013463225,9.977203e-05
2017-12-06 16:00:00,0.000107259344,0.00013992218,4.556098e-05,7.4400006e-05,4.632071e-05,4.5031884e-05
2017-12-06 17:00:00,0.00010539535,8.515562e-05,0.00011759705,0.00011396008,6.276634e-05,4.461591e-05
2017-12-06 18:00:00,0.00024675118,0.00028771485,0.00020627561,0.00015487523,0.00013183516,5.5900895e-05
2017-12-06 19:00:00,0.000106582025,5.938835e-05,3.0841285e-05,4.7574114e-05,0.0001319937,0.00016210966
2017-12-06 20:00:00,8.06681e-05,8.2720726e-05,0.000114051414,0.00017697593,0.00019118664,0.00020769492
2017-12-06 21:00:00,9.436409e-05,8.9736255e-05,0.00018956326,0.0001902401,0.0001673717,0.00017716757
2017-12-06 22:00:00,7.751088e-05,0.00012738183,0.0001965971,0.00017697502,0.00011223886,0.000114593255
2017-12-06 23:00:00,0.00014067566,0.0001736071,0.0001658519,0.00010187574,0.00017237934,0.00016984157
2017-12-07 00:00:00,9.8970435e-05,8.0083926e-05,2.9204632e-05,4.7897214e-05,9.0140406e-05,5.7283218e-05
2017-12-07 01:00:00,4.800562e-05,9.9457226e-05,3.855947e-05,3.0389429e-05,4.8098787e-05,0.00017639765
2017-12-07 02:00:00,8.728044e-05,4.037001e-05,4.0386487e-05,5.3413114e-05,0.00024159966,0.0004289025
2017-12-07 03:00:00,5.727263e-05,9.612786e-05,3.582263e-05,0.00021634028,0.00042796103,0.00039805606
2017-12-07 04:00:00,6.087226e-05,2.664426e-05,0.00023361051,0.00039018813,0.00052916154,0.0003730793
2017-12-07 05:00:00,7.875191e-05,0.00036922,0.0005399331,0.00051418645,0.000409732,0.00032917355
2017-12-07 06:00:00,0.00029323043,0.00041014564,0.00054069347,0.0003304437,0.00028189181,7.084321e-05
2017-12-07 07:00:00,0.00033504804,0.00025921906,0.00013018497,2.755986e-05,0.0001578027,0.00077147986
2017-12-07 08:00:00,3.268639e-05,6.978231e-05,0.00015653393,0.00045494514,0.0007531167,0.0012056828
2017-12-07 09:00:00,0.0001295506,0.00022263265,0.00036271336,0.0006576068,0.0010601822,0.0006597199
2017-12-07 10:00:00,0.00017836926,0.00033330242,0.0007837636,0.0010409972,0.0007417239,0.00052579545
2017-12-07 11:00:00,0.00036393406,0.00079896254,0.00088300183,0.0007500832,0.00047865752,0.00078503694
2017-12-07 12:00:00,0.0007846065,0.0009336984,0.0006153051,0.0003683071,0.0005946066,0.0004458838
2017-12-07 13:00:00,0.00028503413,3.2036623e-05,0.00010268708,8.720609e-05,6.7291534e-05,3.4587145e-05
2017-12-07 14:00:00,0.0004149071,0.00039539827,0.00019068841,0.00036996344,0.00022832124,0.00026750888
2017-12-07 15:00:00,0.00021497226,0.00017900745,5.5985733e-05,3.3431235e-05,3.6308968e-05,0.000118077296
2017-12-07 16:00:00,0.0004090095,9.283177e-05,0.00012523796,0.0001232967,4.079571e-05,7.5270145e-05
2017-12-07 17:00:00,0.00028654447,0.00013925211,0.00011714962,0.0002627041,0.00015279763,6.9320646e-05
2017-12-07 18:00:00,6.7040186e-05,6.503383e-05,0.00012563377,2.858144e-05,0.00010229308,0.00016056412
2017-12-07 19:00:00,3.9521627e-05,0.00017090245,5.424253e-05,7.0745606e-05,6.672862e-05,5.955604e-05
2017-12-07 20:00:00,0.00026802454,9.212244e-05,9.896266e-05,9.020671e-05,6.32e-05,0.00011517011
2017-12-07 21:00:00,0.00022662427,0.00029591483,0.00024762,0.00020374532,0.00033762847,0.00029116395
2017-12-07 22:00:00,0.00019871486,0.0001700476,9.878206e-05,0.00013061056,0.00015431878,0.0003589718
2017-12-07 23:00:00,5.6508536e-05,4.9202125e-05,4.1302643e-05,3.8421324e-05,0.00021506137,0.0001413855
2017-12-08 00:00:00,4.1315703e-05,4.467324e-05,3.9241473e-05,0.00019003,0.00013749463,7.796531e-05
2017-12-08 01:00:00,0.00010136406,6.649464e-05,0.00024958138,0.0001677691,9.447404e-05,0.00026559457
2017-12-08 02:00:00,2.6609881e-05,0.00023775123,0.00014933907,6.27968e-05,0.00017897811,0.00015275793
2017-12-08 03:00:00,0.00030563798,0.00014945258,6.792147e-05,0.00018338398,7.5656615e-05,0.00027070296
2017-12-08 04:00:00,0.00013812524,0.00019376932,4.153748e-05,0.0003557512,0.0004055278,0.00037437372
2017-12-08 05:00:00,0.0001114349,7.988647e-05,0.000246331,0.00035271316,0.0003131422,0.00039573514
2017-12-08 06:00:00,0.00031814395,0.00017713649,0.0002628419,0.00022293934,0.00026077413,0.0006184731
2017-12-08 07:00:00,0.0005224754,0.00054667715,0.0003307431,0.0004978373,0.00060022227,0.0007667177
2017-12-08 08:00:00,0.00027379193,5.293006e-05,0.00014353036,0.00042245936,0.00060209766,0.0003387868
2017-12-08 09:00:00,0.00022458933,5.4680328e-05,0.00026189236,0.00029973572,0.00028060703,0.00020658612
2017-12-08 10:00:00,0.0001817251,0.00054325565,0.0006096776,0.00051579595,6.654778e-05,5.619479e-05
2017-12-08 11:00:00,0.0003993639,0.00052670675,0.00028055438,0.00017980157,0.00021491142,4.8287064e-05
2017-12-08 12:00:00,0.00017436272,6.807926e-05,0.00050610886,0.0003638048,0.0003548287,0.0002672957
2017-12-08 13:00:00,0.00011946641,0.0007659735,0.00054777064,0.00032977233,0.00039743274,0.00037376076
2017-12-08 14:00:00,0.0007507778,0.0005751048,0.00027677877,0.00035134956,0.00030513306,0.00032665295
2017-12-08 15:00:00,4.391037e-05,0.00021490184,0.00011630234,0.00020838529,0.00022688147,0.00035905966
2017-12-08 16:00:00,0.00024537477,0.00016279554,0.00018280627,0.00015978498,0.00047769368,0.00061426015
2017-12-08 17:00:00,3.5976856e-05,5.721674e-05,6.0274047e-05,0.0003384065,0.00045565818,0.00027077063
2017-12-08 18:00:00,7.150151e-05,8.979477e-05,0.00032584448,0.0005856307,0.0003822602,0.00022888696
2017-12-08 19:00:00,3.4571232e-05,0.00039581125,0.00045206546,0.000313306,0.00019280834,0.00018492591
2017-12-08 20:00:00,0.00041158687,0.00048104662,0.00025618632,0.00021677997,0.00022587039,0.00023976974
2017-12-08 21:00:00,0.00027454525,2.6868593e-05,7.45496e-05,6.954575e-05,3.2727636e-05,2.6854283e-05
2017-12-10 22:00:00,0.0002622209,0.00032587873,0.0002113936,0.00017060267,0.00015488605,9.34502e-05
2017-12-10 23:00:00,9.7881755e-05,3.7058413e-05,3.818889e-05,2.3202507e-05,5.700363e-05,7.7438846e-05
2017-12-11 00:00:00,5.238802e-05,7.448026e-05,7.4274554e-05,0.00014373058,0.00011648777,0.00028107612
2017-12-11 01:00:00,5.904441e-05,5.2971813e-05,6.628813e-05,0.00011086117,0.00035713078,3.2074273e-05
2017-12-11 02:00:00,4.785546e-05,5.3739335e-05,0.000105734885,0.0003155575,4.190949e-05,0.0001744902
2017-12-11 03:00:00,7.906583e-05,8.181115e-05,0.0002118005,2.5235893e-05,0.00022374147,0.00026255078
2017-12-11 04:00:00,5.320865e-05,0.00025213364,6.0158996e-05,0.00019334992,0.0001925528,0.00013410098
2017-12-11 05:00:00,0.00037812223,0.00010051764,0.00013935353,0.00025622666,0.00011649785,9.33276e-05
2017-12-11 06:00:00,0.0003735329,0.000109738554,4.661083e-05,8.561309e-05,0.00011071848,6.1611456e-05
2017-12-11 07:00:00,0.00037054255,0.00033023788,0.0001600993,0.00025329663,0.00041898157,0.00031815728
2017-12-11 08:00:00,0.00010000715,5.416559e-05,4.2690797e-05,0.00012634855,0.00013696225,7.6660435e-05
2017-12-11 09:00:00,0.0001930608,9.0225105e-05,6.664914e-05,0.00012364329,3.6448437e-05,4.052849e-05
2017-12-11 10:00:00,6.653623e-05,0.00023806651,0.00021935994,0.00013354876,0.00014725277,0.0001682242
2017-12-11 11:00:00,0.00025341852,0.00018305394,6.5622095e-05,0.00010244441,0.00016401481,8.371394e-05
2017-12-11 12:00:00,7.243244e-05,5.727553e-05,4.77063e-05,4.5572047e-05,5.4898977e-05,0.000106224725
2017-12-11 13:00:00,0.00018520984,0.00010673918,4.9749633e-05,0.00010241881,0.000114915965,0.00019019682
2017-12-11 14:00:00,3.5157682e-05,7.0723145e-05,4.350405e-05,8.1555845e-05,9.359646e-05,0.00021595099
2017-12-11 15:00:00,9.1299735e-05,3.1442065e-05,0.0001056395,9.10157e-05,0.00017139381,0.00021849012
2017-12-11 16:00:00,0.000118633805,0.00015176322,0.00015551194,0.00017887275,0.00029588197,0.00032273054
2017-12-11 17:00:00,0.00018067418,0.00010762975,0.00019241817,0.00022677265,0.00017959117,0.00023717065
2017-12-11 18:00:00,4.54469e-05,9.5778945e-05,0.00014922723,0.00017941218,0.00016045469,0.00021689817
2017-12-11 19:00:00,0.00014658079,0.0001590728,0.00012162506,0.00020936757,0.00020293759,0.0002372728
2017-12-11 20:00:00,0.00011392463,6.241792e-05,0.00011813191,0.00012639532,0.00012573166,0.00015959244
2017-12-11 21:00:00,3.6803194e-05,4.198629e-05,7.888527e-05,7.2835195e-05,9.127414e-05,4.628352e-05
2017-12-11 22:00:00,8.55578e-05,7.496436e-05,8.387616e-05,9.687192e-05,3.1370597e-05,3.6754034e-05
2017-12-11 23:00:00,7.00971e-05,6.597532e-05,6.157757e-05,3.888667e-05,7.377043e-05,3.733095e-05
2017-12-12 00:00:00,4.462181e-05,4.5855366e-05,5.3426495e-05,8.614622e-05,0.00010681359,0.0001471503
2017-12-12 01:00:00,5.7114477e-05,8.434893e-05,7.94053e-05,0.000104881554,0.00022422014,0.00030669855
2017-12-12 02:00:00,0.00013464021,0.000116883166,0.00010612413,0.00020472871,0.00028644566,0.00030635283
2017-12-12 03:00:00,5.3271193e-05,4.60861e-05,0.00016369758,0.00027725118,0.00024388135,6.425442e-05
2017-12-12 04:00:00,4.6753747e-05,0.00017845616,0.00021120878,0.00017173271,6.831352e-05,4.4705925e-05
2017-12-12 05:00:00,0.00016675772,0.00029914748,0.00023020149,6.972259e-05,2.897508e-05,0.00024867067
2017-12-12 06:00:00,0.00017458388,0.00011887198,8.084692e-05,8.051289e-05,0.00016782031,0.00015787572
2017-12-12 07:00:00,0.00012316815,0.00026301734,0.00033496428,3.0942738e-05,0.00018797368,0.00028340792
2017-12-12 08:00:00,0.00021171026,0.0002068265,7.336969e-05,0.00022552801,0.00031284126,0.00023826875
2017-12-12 09:00:00,5.643772e-05,0.00020443645,0.0003626951,0.0005783419,0.00039940013,0.0004288532
2017-12-12 10:00:00,0.00047024092,0.00038428477,0.00039303835,0.0004969089,0.00053305965,0.0006276229
2017-12-12 11:00:00,0.00024429883,0.0003043384,0.00016654801,0.00040622795,0.00062566396,0.00042328637
2017-12-12 12:00:00,0.00014147119,4.1654803e-05,0.0002467439,0.00038247555,0.0003733135,0.0002637408
2017-12-12 13:00:00,8.934996e-05,0.00014932196,0.00029632912,0.00025710507,0.00016641548,7.288335e-05
2017-12-12 14:00:00,0.00021674435,0.00041618448,0.00031039605,0.0002255162,0.00012518754,0.00011565406
2017-12-12 15:00:00,0.00031072885,0.00016842132,9.909388e-05,5.3581156e-05,5.4257845e-05,0.00013078174
2017-12-12 16:00:00,5.6308843e-05,0.00016493147,0.00022905113,0.00020925465,0.00029249475,0.00026710724
2017-12-12 17:00:00,0.00021034059,0.00024783914,0.0003076652,0.00025759902,0.00026380076,0.0001241616
2017-12-12 18:00:00,0.00023719462,0.00013800681,0.0001829816,0.00020847467,6.4344145e-05,0.00017725264
2017-12-12 19:00:00,4.272635e-05,7.551972e-05,8.381941e-05,4.4028377e-05,4.4111814e-05,5.6777662e-05
2017-12-12 20:00:00,8.239837e-05,8.468839e-05,6.002942e-05,3.8050297e-05,6.333433e-05,0.00018931038
2017-12-12 21:00:00,6.509328e-05,9.2400966e-05,4.468659e-05,4.501816e-05,0.00014296477,0.00010108166
2017-12-12 22:00:00,0.00021931609,5.5302622e-05,4.0606872e-05,0.00013557482,7.327948e-05,0.000172083
2017-12-12 23:00:00,0.00016372105,9.7207194e-05,0.0002830374,0.00022760783,0.00029080248,0.00013230501
2017-12-13 00:00:00,5.7597652e-05,0.00020006433,0.00018102674,0.00017972216,5.634069e-05,4.9550505e-05
2017-12-13 01:00:00,0.00037836324,0.00012024656,0.00017617548,7.881665e-05,5.9731105e-05,7.096766e-05
2017-12-13 02:00:00,9.156502e-05,3.3743716e-05,0.0001441043,0.00028915508,0.00023921084,0.00024803498
2017-12-13 03:00:00,0.00013115138,0.00010587261,0.0002433887,0.00014016256,0.00020644383,0.000114935996
2017-12-13 04:00:00,0.00016097922,0.00032359484,0.00025712035,0.00027850014,0.00019309009,0.0003968063
2017-12-13 05:00:00,0.00023470333,0.00019020903,0.0001376216,5.651846e-05,0.00025043386,0.00020656256
2017-12-13 06:00:00,4.2657324e-05,3.268113e-05,6.5959495e-05,0.00012547651,0.00016969195,0.00019988311
2017-12-13 07:00:00,4.583025e-05,8.237729e-05,0.00017889694,0.00013750565,0.00022789868,0.00039355183
2017-12-13 08:00:00,0.00010667633,0.00017537513,0.00012910448,0.00021931417,0.00041134236,0.0004079201
2017-12-13 09:00:00,0.00031013202,0.00021694947,0.0003477237,0.00061625516,0.00047831782,0.0004428136
2017-12-13 10:00:00,6.335804e-05,9.580316e-05,0.00030845546,0.00029567158,0.0002653347,0.00026062693
2017-12-13 11:00:00,0.000114107235,0.00034015492,0.00040196424,0.00038245064,0.00019914591,0.0003285215
2017-12-13 12:00:00,0.00030648778,0.00031006645,0.0002554846,0.00019210909,0.00018657028,0.00019463839
2017-12-13 13:00:00,4.8785227e-05,5.3300715e-05,4.393157e-05,3.341246e-05,3.2061027e-05,6.9617636e-05
2017-12-13 14:00:00,4.3329368e-05,7.211093e-05,3.8369424e-05,3.8967646e-05,0.00012019755,6.260726e-05
2017-12-13 15:00:00,9.153909e-05,7.320732e-05,6.2418534e-05,0.00010638533,6.722746e-05,0.0001666026
2017-12-13 16:00:00,4.4242493e-05,5.3476062e-05,5.845808e-05,2.1387215e-05,0.00015460917,0.000113622045
2017-12-13 17:00:00,3.949862e-05,5.9320806e-05,4.434098e-05,0.00012914174,0.00012963914,4.3598015e-05
2017-12-13 18:00:00,0.00012607416,5.7096484e-05,0.00010781003,0.00017165781,6.1796134e-05,6.761103e-05
2017-12-13 19:00:00,5.93172e-05,0.00011791264,0.00013545447,3.159694e-05,3.5168276e-05,5.4067277e-05
2017-12-13 20:00:00,0.00019707106,0.00017002487,5.191473e-05,8.142017e-05,6.463207e-05,0.00013842747
2017-12-13 21:00:00,5.4428183e-05,0.00012857842,0.00010439011,6.432178e-05,4.0313455e-05,6.595796e-05
2017-12-13 22:00:00,0.0001791754,0.00010286897,6.4240405e-05,2.267488e-05,6.529216e-05,0.0001151916
2017-12-13 23:00:00,6.419924e-05,4.5142366e-05,0.000113056485,3.0563668e-05,6.840906e-05,6.12857e-05
2017-12-14 00:00:00,5.460358e-05,0.00010869227,2.7815257e-05,0.00010250928,8.546114e-05,4.5688117e-05
2017-12-14 01:00:00,8.623998e-05,4.193314e-05,9.648446e-05,9.450817e-05,5.2198608e-05,0.00012132777
2017-12-14 02:00:00,0.00014104226,0.00016436167,0.0001387235,0.0001437631,0.00012650763,0.00013728952
2017-12-14 03:00:00,9.56823e-05,8.493352e-05,4.6673296e-05,9.375591e-05,0.00010250613,0.00022303683
2017-12-14 04:00:00,4.2156284e-05,3.7402566e-05,5.073118e-05,4.9377657e-05,0.00016643359,9.42349e-05
2017-12-14 05:00:00,7.6389886e-05,4.475448e-05,4.1995063e-05,0.00020683045,8.054164e-05,0.00015200784
2017-12-14 06:00:00,9.347773e-05,0.00011805029,0.00020191133,0.00012222947,0.00024098021,4.1265845e-05
2017-12-14 07:00:00,4.6362147e-05,0.00019544973,5.3573352e-05,0.00022949044,0.000112316724,7.30092e-05
2017-12-14 08:00:00,0.00019422991,5.468399e-05,0.0001712797,0.00014887485,7.291655e-05,5.030294e-05
2017-12-14 09:00:00,0.00014495499,7.570705e-05,0.00022377034,0.00020484572,0.00015273347,0.0001117524
2017-12-14 10:00:00,0.00016557206,0.0001992399,0.000115322626,3.752052e-05,4.665736e-05,9.563449e-05
2017-12-14 11:00:00,0.00056057837,0.00019854783,0.00014069234,0.00017795309,0.00024591805,0.00021968978
2017-12-14 12:00:00,7.027446e-05,0.00011146314,0.00013533485,6.30676e-05,6.3061445e-05,0.00039688553
2017-12-14 13:00:00,0.00017692466,0.00013514662,3.8540216e-05,3.9113158e-05,0.0002814328,0.00025283828
2017-12-14 14:00:00,2.7379196e-05,0.000117183816,0.00010841404,0.00025628813,0.00024865416,0.00018668428
2017-12-14 15:00:00,0.00019568672,9.380393e-05,0.00021040328,0.00017932795,0.00022436597,0.00020417878
2017-12-14 16:00:00,4.8643717e-05,0.00041384355,0.00029790122,0.00043384326,0.00026598087,0.0003134862
2017-12-14 17:00:00,0.00048247952,0.00032059164,0.00032160623,0.00032727432,0.00032625202,0.00041878794
2017-12-14 18:00:00,5.6553177e-05,5.1208408e-05,5.1181603e-05,2.2228041e-05,7.103668e-05,0.00013344616
2017-12-14 19:00:00,7.757378e-05,3.1058036e-05,5.884033e-05,0.000112049296,0.00015349346,0.00011873095
2017-12-14 20:00:00,9.1896196e-05,2.9274463e-05,4.4273056e-05,0.00011028656,6.320564e-05,6.829055e-05
2017-12-14 21:00:00,7.418318e-05,0.00014088031,0.00015385356,0.00014319948,0.00011205583,9.336334e-05
2017-12-14 22:00:00,7.391499e-05,0.00012830786,8.107186e-05,7.103356e-05,0.00015579797,0.00012341673
2017-12-14 23:00:00,8.78211e-05,3.650319e-05,3.6389105e-05,8.91443e-05,6.5351545e-05,0.00019506486
2017-12-15 00:00:00,8.699403e-05,5.1911185e-05,3.9144965e-05,2.6246295e-05,0.00015774246,0.00017827877
2017-12-15 01:00:00,3.160524e-05,0.000105304156,5.2746465e-05,0.00022837777,0.00021299477,0.0003577881
2017-12-15 02:00:00,0.00011071119,5.4908513e-05,0.00017054628,0.00022746467,0.00044114035,0.0003279963
2017-12-15 03:00:00,6.6041925e-05,0.0001520295,0.00021818618,0.00047929815,0.00036654586,0.00020231365
2017-12-15 04:00:00,0.00028410536,0.00026545094,0.00034870143,0.0004420024,0.00034123682,0.0003154844
2017-12-15 05:00:00,4.019915e-05,0.00034029968,0.0001953239,0.00010416711,0.00020397318,0.00018690855
2017-12-15 06:00:00,0.00025564485,0.00024989215,0.00011729768,0.00012132961,0.0001736334,0.000115507806
2017-12-15 07:00:00,4.5384797e-05,9.025715e-05,5.2822255e-05,3.0480476e-05,0.0003904008,0.00019241759
2017-12-15 08:00:00,0.00018675918,3.307936e-05,3.136304e-05,0.0004130547,0.0002242573,0.00014288504
2017-12-15 09:00:00,0.000100600526,0.00014856321,0.00022238315,0.00014828927,6.903003e-05,0.00016158348
2017-12-15 10:00:00,8.1851096e-05,0.00032781778,0.00021072532,0.00016436444,0.00035941403,0.00023139258
2017-12-15 11:00:00,0.00038434519,0.00033482973,0.00017673665,0.00028788322,0.00030190725,0.00035305897
2017-12-15 12:00:00,0.000117626296,0.00015569922,4.9275324e-05,0.000102968464,3.5310768e-05,7.5423595e-05
2017-12-15 13:00:00,0.00012132252,6.289145e-05,3.7005095e-05,0.00010870405,0.00013201278,0.00012618442
2017-12-15 14:00:00,0.00014381329,0.000102802005,0.00017178988,0.00023223172,0.00017000159,0.00017081646
2017-12-15 15:00:00,8.881255e-05,5.36284e-05,9.4642935e-05,6.223143e-05,0.00012461594,6.261111e-05
2017-12-15 16:00:00,0.00015242235,0.00015860974,0.00013074414,0.00020977073,0.00017887464,0.00012247023
2017-12-15 17:00:00,0.00010925919,3.1299907e-05,9.433413e-05,6.049229e-05,6.904384e-05,8.766814e-05
2017-12-15 18:00:00,5.4390413e-05,3.0119943e-05,3.8961065e-05,2.8769746e-05,4.6309528e-05,0.00012215669
2017-12-15 19:00:00,0.00011715513,6.7574714e-05,4.633764e-05,9.689118e-05,0.0001345812,0.0001465581
2017-12-15 20:00:00,3.8152662e-05,4.830948e-05,4.4902154e-05,9.104207e-05,8.993729e-05,0.00015469198
2017-12-15 21:00:00,5.912502e-05,4.134277e-05,0.00010523439,8.0117345e-05,0.00015048895,0.00012810204
2017-12-17 22:00:00,9.3301096e-05,0.00015237495,0.00010092413,0.00016770544,0.00013499853,0.00012798699
2017-12-17 23:00:00,0.00012747046,7.429269e-05,0.00014937687,9.2827584e-05,0.00010440028,7.4463554e-05
2017-12-18 00:00:00,4.488063e-05,6.134088e-05,4.7012276e-05,4.505006e-05,4.256871e-05,6.509476e-05
2017-12-18 01:00:00,9.98703e-05,3.1937143e-05,5.090611e-05,3.0210613e-05,7.629645e-05,0.00018691187
2017-12-18 02:00:00,5.314794e-05,3.8110367e-05,3.3090906e-05,4.523862e-05,0.00014687899,0.00015713264
2017-12-18 03:00:00,4.4458906e-05,3.5847497e-05,5.9001366e-05,0.0001813752,0.00027186185,0.00024616567
2017-12-18 04:00:00,3.8234182e-05,5.516805e-05,0.00020766117,0.0002478099,0.000209973,0.00013578651
2017-12-18 05:00:00,0.00010222611,0.00018703815,0.00025185107,0.00030733307,0.00010371397,0.00019933702
2017-12-18 06:00:00,0.00027548108,0.00021547907,0.0002652687,8.152854e-05,0.00017235301,5.2485546e-05
2017-12-18 07:00:00,6.989885e-05,5.5691402e-05,6.540017e-05,2.0483561e-05,0.0002087823,4.448652e-05
2017-12-18 08:00:00,4.515948e-05,9.145234e-05,6.224256e-05,0.00026212554,4.3530355e-05,3.6444384e-05
2017-12-18 09:00:00,0.00014465683,8.132643e-05,0.00019433613,5.2967804e-05,6.3236315e-05,3.9006103e-05
2017-12-18 10:00:00,5.332892e-05,0.0002447488,5.1140534e-05,6.416843e-05,9.493832e-05,3.9962502e-05
2017-12-18 11:00:00,0.0003090754,3.215971e-05,4.2420612e-05,8.109148e-05,4.454929e-05,3.8610924e-05
2017-12-18 12:00:00,0.0002738883,0.00020043935,0.00030251028,0.00020915506,0.00023397483,0.000121142635
2017-12-18 13:00:00,4.217903e-05,0.00010437858,5.561662e-05,5.5426368e-05,0.00014980591,0.0002446409
2017-12-18 14:00:00,0.00010243212,6.584186e-05,5.5985733e-05,0.00013250661,0.000213004,0.00028552147
2017-12-18 15:00:00,0.0001475464,0.00012949726,0.00021906891,0.0004933921,0.00040408134,0.00035768625
2017-12-18 16:00:00,3.904074e-05,0.00014409787,0.00020813149,0.00037968502,0.00026139896,0.0001362785
2017-12-18 17:00:00,0.00012774173,0.00030650286,0.0003187117,0.00019043757,0.00020780634,0.0001512392
2017-12-18 18:00:00,0.00033358537,0.00035911065,0.00018835922,0.00014644089,0.00017181697,0.00019741555
2017-12-18 19:00:00,0.00013119481,3.348617e-05,5.5155342e-05,3.908028e-05,6.428321e-05,8.13109e-05
2017-12-18 20:00:00,0.00015919798,0.00011466365,0.00012971195,3.2160566e-05,3.120446e-05,3.6266087e-05
2017-12-18 21:00:00,6.1915875e-05,6.0958428e-05,6.451512e-05,7.029029e-05,7.51165e-05,3.913508e-05
2017-12-18 22:00:00,3.3555287e-05,9.090367e-05,0.00013261836,8.537331e-05,4.5249606e-05,5.0465726e-05
2017-12-18 23:00:00,0.000120305514,0.000119289,0.00011388742,6.506133e-05,5.3047388e-05,3.0379708e-05
2017-12-19 00:00:00,4.3643908e-05,2.8318702e-05,4.5693476e-05,5.5671822e-05,0.000109850145,4.03218e-05
2017-12-19 01:00:00,3.9345457e-05,7.026585e-05,5.3444106e-05,0.00010832843,5.0488175e-05,0.0003300385
2017-12-19 02:00:00,0.00010355006,6.261535e-05,9.469826e-05,4.7016336e-05,0.00027035686,0.00018760828
2017-12-19 03:00:00,3.6888447e-05,5.564013e-05,3.5478817e-05,0.00027283296,0.00013577669,6.391579e-05
2017-12-19 04:00:00,0.000103953105,3.4642027e-05,0.0002795545,0.00014705543,5.293972e-05,5.8289177e-05
2017-12-19 05:00:00,9.8131066e-05,0.00021695207,0.000111217145,2.6496871e-05,5.3036743e-05,4.642074e-05
2017-12-19 06:00:00,0.00044308335,0.00017112379,8.63593e-05,5.471875e-05,4.8972255e-05,0.00020333681
2017-12-19 07:00:00,0.00017641396,0.00016495839,0.0002087672,0.00028797783,0.00046705082,0.00051748776
2017-12-19 08:00:00,0.00019236241,0.00010306463,0.00014082665,0.00031290913,0.0005626025,0.00068044796
2017-12-19 09:00:00,5.5542863e-05,4.4338754e-05,0.00038568216,0.00045680653,0.00059617823,0.00048652777
2017-12-19 10:00:00,3.9279814e-05,0.00034636093,0.000409692,0.0006759883,0.00066010543,0.00044365702
2017-12-19 11:00:00,0.0005360653,0.00041941757,0.0008467891,0.00079459697,0.0006142661,0.00049260806
2017-12-19 12:00:00,0.0001941262,0.00031944967,0.00039842588,0.00031523698,0.00034388746,0.00016131815
2017-12-19 13:00:00,0.00028536498,0.00031461086,0.00038530328,0.00016183397,6.090347e-05,4.1093885e-05
2017-12-19 14:00:00,0.00012957705,0.00013026493,3.3256372e-05,0.000100837235,0.0001939547,0.00013856297
2017-12-19 15:00:00,3.3140233e-05,0.00011013126,0.00022850774,0.00033654374,0.00019919199,0.00018371269
2017-12-19 16:00:00,0.00015666979,0.00017528071,0.00031075548,0.00017054222,0.00014983054,0.00017456232
2017-12-19 17:00:00,0.00015973717,0.00024200458,0.00019708801,0.00010920158,0.00015562124,0.00027703858
2017-12-19 18:00:00,0.0001590279,3.4469613e-05,3.645092e-05,4.242968e-05,9.295929e-05,6.3374864e-05
2017-12-19 19:00:00,0.00011230186,0.00016009489,5.4602224e-05,3.0948515e-05,4.4480068e-05,4.9690723e-05
2017-12-19 20:00:00,5.5853954e-05,2.7282338e-05,8.60356e-05,4.8397895e-05,0.00013227889,0.00023404272
2017-12-19 21:00:00,0.00011267048,0.00017951305,0.00010054596,0.00012463862,0.0002776596,0.00023187084
2017-12-19 22:00:00,0.00016773144,5.09632e-05,9.1298076e-05,0.00024044601,0.00019747803,0.00013240596
2017-12-19 23:00:00,9.171782e-05,2.6166426e-05,0.00011012926,0.00010455097,7.625649e-05,0.00011171909
2017-12-20 00:00:00,0.000100933576,0.0002424123,0.00012364332,0.00013614651,0.00015338563,7.310886e-05
2017-12-20 01:00:00,0.00019627178,8.883313e-05,9.7792414e-05,0.00011145785,0.00013075223,6.786075e-05
2017-12-20 02:00:00,0.00011709321,7.630681e-05,5.3626718e-05,0.00020083858,0.00022604081,0.00010733246
2017-12-20 03:00:00,4.9101614e-05,2.7138003e-05,0.00015197774,0.00014852255,8.242101e-05,4.9609735e-05
2017-12-20 04:00:00,4.0387356e-05,0.00021111913,0.00023861359,9.449147e-05,5.258092e-05,0.000205371
2017-12-20 05:00:00,0.00040795296,0.00022787695,8.96168e-05,6.753803e-05,0.00018618515,0.00023448118
2017-12-20 06:00:00,6.6295404e-05,0.00015012246,0.00015299834,3.9795348e-05,2.896191e-05,0.00017934888
2017-12-20 07:00:00,0.00017734962,0.00015054077,3.877031e-05,4.0899486e-05,0.00020641983,0.00013561324
2017-12-20 08:00:00,6.371445e-05,0.00015988396,0.00010887945,9.9435056e-05,3.726426e-05,0.0001122118
2017-12-20 09:00:00,0.00017855281,0.00018325736,8.635767e-05,3.5739224e-05,8.617244e-05,0.000109248635
2017-12-20 10:00:00,3.6449732e-05,0.00023157893,0.00013868418,0.00025476603,0.00029886526,0.00025745327
2017-12-20 11:00:00,0.00038686307,0.00018447218,0.0002552927,0.00025674232,0.0002821637,0.00039223064
2017-12-20 12:00:00,0.0001507511,2.655209e-05,6.518243e-05,6.754088e-05,0.00014078773,0.000839948
2017-12-20 13:00:00,0.000119258955,0.00015184468,0.0001679815,0.0003308595,0.00072106667,0.00082068366
2017-12-20 14:00:00,8.8242356e-05,0.00010012455,0.00016528691,0.00072449,0.00097333844,0.00047822695
2017-12-20 15:00:00,7.522348e-05,0.00015362696,0.00067730877,0.0007641249,0.00095540466,0.00066594017
2017-12-20 16:00:00,0.0001572429,0.0009302287,0.00095602486,0.0007857691,0.00066813105,0.0009119196
2017-12-20 17:00:00,0.0010117742,0.00085390545,0.0008237283,0.0008279219,0.0008260543,0.00068189943
2017-12-20 18:00:00,0.00010519115,5.856771e-05,7.314854e-05,0.00023980364,0.00025640705,0.00023934017
2017-12-20 19:00:00,5.843474e-05,3.192868e-05,0.00016546532,0.00015710838,0.0001852435,8.3955514e-05
2017-12-20 20:00:00,4.6077817e-05,0.00023410225,0.00020721692,0.00020074076,0.00013968982,0.0001494811
2017-12-20 21:00:00,0.00025716584,0.00019523289,0.00015203172,7.369959e-05,0.0001313024,8.345212e-05
2017-12-20 22:00:00,8.319732e-05,9.357535e-05,4.538345e-05,4.308776e-05,7.488378e-05,0.00013786474
2017-12-20 23:00:00,3.7454385e-05,0.0001308768,8.7459644e-05,9.186626e-05,0.00017358673,0.00016562954
2017-12-21 00:00:00,0.0002459704,7.6373224e-05,0.00012504212,0.00015704414,0.00021773565,0.0002795168
2017-12-21 01:00:00,6.4642845e-05,4.7908e-05,8.0326136e-05,0.00013781375,0.00017561081,9.455877e-05
2017-12-21 02:00:00,4.947296e-05,0.00015256951,0.00020358662,0.0003268166,0.00016014733,0.00021705772
2017-12-21 03:00:00,0.00010817425,0.00014743878,0.00020511074,0.00010578959,0.00021152708,4.0863586e-05
2017-12-21 04:00:00,6.213766e-05,0.0001486092,4.222669e-05,0.0001300198,0.00011067107,5.9443075e-05
2017-12-21 05:00:00,0.00011040685,2.9386747e-05,6.638678e-05,0.00014676228,3.3034856e-05,9.1612674e-05
2017-12-21 06:00:00,0.00016188405,3.776831e-05,0.00028447507,8.8063556e-05,0.00012587786,5.209729e-05
2017-12-21 07:00:00,0.00014800453,0.00010831029,4.0191524e-05,7.043382e-05,9.600991e-05,0.00039639964
2017-12-21 08:00:00,0.00035749582,8.101644e-05,0.00020661099,2.6188402e-05,0.00025653886,0.00056622777
2017-12-21 09:00:00,0.00021812694,3.5495144e-05,0.00016102316,0.0004334391,0.0008120005,0.0006520161
2017-12-21 10:00:00,0.00013756765,8.7580396e-05,0.00029464127,0.00067831593,0.00041007268,0.0004501315
2017-12-21 11:00:00,0.00022465737,0.0004413936,0.0008059736,0.00088108104,0.0005146404,0.00038437144
2017-12-21 12:00:00,0.00041456067,0.0005071319,0.0004937046,0.00035694812,0.0003460977,0.00038590858
2017-12-21 13:00:00,0.0005638992,0.00044094314,0.00016013735,8.910209e-05,0.00013095952,0.00016280175
2017-12-21 14:00:00,4.897252e-05,0.00013152801,0.00022481912,0.00023035955,0.00013180207,4.346349e-05
2017-12-21 15:00:00,0.00026540697,0.00032709254,0.00016457873,0.00015588144,4.5458797e-05,0.00016245288
2017-12-21 16:00:00,0.00019540497,7.4758056e-05,5.098215e-05,0.00023182429,0.00037647987,0.00018076401
2017-12-21 17:00:00,0.00013574385,0.00015792757,0.00034131412,0.0004469531,0.0003773906,0.00013419673
2017-12-21 18:00:00,7.810232e-05,0.0002353894,0.00027040305,0.00021174616,0.00010953173,6.9857975e-05
2017-12-21 19:00:00,0.00027509822,0.00038088628,0.0002464008,6.225119e-05,6.346048e-05,7.280183e-05
2017-12-21 20:00:00,0.0002057159,4.173057e-05,0.00014656191,0.00013052192,0.00013231307,6.48603e-05
2017-12-21 21:00:00,0.0002108261,0.00031102565,0.00031814058,0.00023736991,0.00022929965,0.00026493828
2017-12-21 22:00:00,0.0002372451,0.00017616183,0.00014751691,8.10569e-05,0.00012028582,9.824353e-05
2017-12-21 23:00:00,4.8849783e-05,3.2023534e-05,6.5902146e-05,2.3564799e-05,4.549179e-05,3.5332596e-05
2017-12-22 00:00:00,3.1210333e-05,7.078366e-05,4.421578e-05,3.1099207e-05,3.6978236e-05,7.55927e-05
2017-12-22 01:00:00,8.3746425e-05,5.7670735e-05,3.0071978e-05,5.150959e-05,7.7976845e-05,4.086752e-05
2017-12-22 02:00:00,7.364207e-05,4.335528e-05,6.8284404e-05,0.000107141524,3.79717e-05,0.00016829804
2017-12-22 03:00:00,4.390533e-05,1.944273e-05,0.00011975087,3.5195648e-05,0.00012916127,0.00027840544
2017-12-22 04:00:00,3.4064517e-05,9.8286706e-05,4.4578734e-05,0.00017333835,0.00022600003,0.000174176
2017-12-22 05:00:00,0.00018909943,3.1236505e-05,0.00016584029,0.0002843316,0.00016906761,0.00020424044
2017-12-22 06:00:00,0.00016779809,7.7056844e-05,0.0001572032,9.786031e-05,8.1880724e-05,9.3623545e-05
2017-12-22 07:00:00,0.00037742403,0.00032596904,0.00019895246,0.00026375504,0.00018127929,7.2582596e-05
2017-12-22 08:00:00,0.00018597132,3.984609e-05,5.8374833e-05,2.7944185e-05,0.00026335436,0.00046061637
2017-12-22 09:00:00,0.00019280781,7.224338e-05,7.552051e-05,0.00039077926,0.00047787104,0.0003164984
2017-12-22 10:00:00,5.7122536e-05,3.6215148e-05,0.00032612355,0.0003169629,0.00022794721,0.00044866354
2017-12-22 11:00:00,5.513676e-05,0.0003759142,0.000460472,0.0002988399,0.0005080873,0.00057657005
2017-12-22 12:00:00,0.00046335108,0.0004973174,0.0003017096,0.00054363644,0.0005213149,0.00050446164
2017-12-22 13:00:00,0.00030115974,3.9839455e-05,0.0001460112,0.00029648797,0.00028186335,0.00032894255
2017-12-22 14:00:00,0.0002340158,2.9639548e-05,0.00012802039,0.00012112979,0.000107497675,0.00023696765
2017-12-22 15:00:00,0.0001939978,0.00035612003,0.000255943,0.00029117646,0.0003077801,0.0004474963
2017-12-22 16:00:00,0.00021568482,0.00015357154,0.00013891257,0.0002962146,0.00020926753,0.0002726356
2017-12-22 17:00:00,5.6170877e-05,3.3640008e-05,9.129211e-05,0.00011306603,0.000111282694,0.00010310209
2017-12-22 18:00:00,7.947942e-05,0.00012518307,0.00012994987,0.00019175545,0.0001061281,4.898346e-05
2017-12-22 19:00:00,9.097858e-05,0.0001196605,0.00019591668,6.843678e-05,4.4135617e-05,2.7647822e-05
2017-12-22 20:00:00,8.6472755e-05,0.00011785969,4.3323136e-05,0.00010230838,8.5121086e-05,0.0001754708
2017-12-22 21:00:00,6.338144e-05,7.2167255e-05,0.00017049616,0.00017403104,0.00020195422,0.000202374
2017-12-26 00:00:00,0.00012438172,0.0001889385,0.00019755388,0.00029062858,0.00021483809,0.00023758628
2017-12-26 01:00:00,0.00014451987,0.00011994172,0.00024138865,0.0001457792,7.558675e-05,0.00021634967
2017-12-26 02:00:00,3.5004086e-05,9.7876844e-05,5.468443e-05,4.021212e-05,0.00012982194,0.00027954622
2017-12-26 03:00:00,0.00015295958,6.6883294e-05,6.170434e-05,0.00015478636,0.00032582055,0.00031104047
2017-12-26 04:00:00,9.25724e-05,5.1948216e-05,7.453752e-05,0.00023559073,0.00040918373,0.00038476207
2017-12-26 05:00:00,2.8766855e-05,9.072166e-05,0.00024057597,0.00031023732,0.00040278168,0.00046102836
2017-12-26 06:00:00,0.00011879493,0.0003106115,0.00048441,0.00035371643,0.0004494362,0.00033612511
2017-12-26 07:00:00,0.00031283908,0.00035159668,0.00034491692,0.00032558458,0.00040087715,0.0003433453
2017-12-26 08:00:00,0.00019974816,0.00013884409,0.00022275992,0.00016054009,0.00017793426,0.00013847597
2017-12-26 09:00:00,4.1024778e-05,0.00010057976,6.0405226e-05,8.3537445e-05,7.981794e-05,0.0002119462
2017-12-26 10:00:00,0.00016536396,5.9406964e-05,8.336317e-05,5.5579945e-05,0.00025414696,0.0002515857
2017-12-26 11:00:00,5.6491357e-05,2.7461776e-05,3.5573943e-05,0.00016332553,0.00023261721,0.00012523221
2017-12-26 12:00:00,5.5071814e-05,2.657587e-05,0.00021925212,0.00023747157,0.0001870701,6.982699e-05
2017-12-26 13:00:00,4.8428712e-05,0.00016163243,0.00015825123,0.0001117508,8.079767e-05,4.602895e-05
2017-12-26 14:00:00,0.00023819966,0.0002139123,0.0001637648,6.0488168e-05,4.8088517e-05,0.00012636272
2017-12-26 15:00:00,0.00011116339,5.7294976e-05,0.00026641192,0.00022212666,0.00044453685,0.00036447207
2017-12-26 16:00:00,0.000195039,0.00032436577,0.00023766805,0.00034309726,0.0003418668,0.00038203306
2017-12-26 17:00:00,0.0003985131,0.00018192186,0.0003351991,0.00032200952,0.0003033094,0.00021696182
2017-12-26 18:00:00,7.090698e-05,0.00010119558,0.00012562003,0.00013929498,9.86855e-05,7.760764e-05
2017-12-26 19:00:00,0.00014979088,0.00022260298,0.00014828515,0.00014735233,0.00015406474,0.00012604932
2017-12-26 20:00:00,6.387164e-05,7.898903e-05,3.240559e-05,2.993152e-05,3.677437e-05,3.8622966e-05
2017-12-26 21:00:00,4.445011e-05,4.048966e-05,6.161702e-05,4.0630977e-05,3.861391e-05,9.631507e-05
2017-12-26 22:00:00,7.917385e-05,4.6324658e-05,5.489772e-05,2.6153453e-05,9.103148e-05,7.420198e-05
2017-12-26 23:00:00,4.9752325e-05,3.0049709e-05,3.335126e-05,5.7703237e-05,7.533218e-05,8.5252475e-05
2017-12-27 00:00:00,4.584799e-05,5.253297e-05,5.2924886e-05,6.910968e-05,0.00012438049,0.00010232033
2017-12-27 01:00:00,5.1848292e-05,4.951939e-05,7.476796e-05,0.00012232395,0.00013832,0.000109167515
2017-12-27 02:00:00,0.000103291044,0.000101824764,0.00010652897,0.00013006495,0.0001633201,0.00029665788
2017-12-27 03:00:00,4.6713387e-05,8.210916e-05,8.313959e-05,8.3424435e-05,0.00020509063,0.0002097562
2017-12-27 04:00:00,9.4581184e-05,7.938993e-05,9.479243e-05,0.00023678382,0.00016465213,0.00020016132
2017-12-27 05:00:00,3.788255e-05,5.654843e-05,0.000153849,0.00011390568,0.00017385751,0.00019307948
2017-12-27 06:00:00,5.9738108e-05,0.00017706279,0.00017816067,0.00013432269,0.00017531043,0.00018986841
2017-12-27 07:00:00,0.00021198687,0.00015264591,0.00012798196,0.00020430851,0.00018246609,0.00038219578
2017-12-27 08:00:00,3.9278926e-05,2.3562223e-05,4.9657152e-05,3.3786448e-05,0.00025483643,0.00023082942
2017-12-27 09:00:00,4.0440907e-05,6.145143e-05,5.555951e-05,0.00022492392,0.00019303232,6.7584944e-05
2017-12-27 10:00:00,5.2912426e-05,7.664637e-05,0.00025563128,0.00020888672,4.6369765e-05,4.4086435e-05
2017-12-27 11:00:00,5.4516524e-05,0.00023806118,0.00018519149,3.3673376e-05,3.131119e-05,0.00016096719
2017-12-27 12:00:00,0.00041444515,0.00030495884,2.3701272e-05,2.1339323e-05,0.00014743727,0.00020054574
2017-12-27 13:00:00,3.285775e-05,0.0002493232,0.00030241374,8.2078484e-05,2.3034325e-05,0.00019516352
2017-12-27 14:00:00,0.00036283242,0.00026217964,9.070189e-05,3.3201934e-05,0.00025738304,0.00023052463
2017-12-27 15:00:00,3.9392387e-05,0.00012312541,0.00024503798,0.00047750783,0.00052490854,0.00031636973
2017-12-27 16:00:00,0.00028610232,0.0003096138,0.00046466227,0.00044719953,0.00027160262,0.0003646809
2017-12-27 17:00:00,0.0001685115,0.00033374797,0.00028194574,0.0002511701,0.00022284364,0.00023280832
2017-12-27 18:00:00,0.0002701617,0.00033780627,0.0002073007,0.00013030699,0.00018405949,0.000109358785
2017-12-27 19:00:00,4.086729e-05,7.019528e-05,7.506049e-05,5.65043e-05,0.000113852824,3.450783e-05
2017-12-27 20:00:00,7.923538e-05,9.690201e-05,5.463356e-05,0.000111372,4.2519005e-05,5.069183e-05
2017-12-27 21:00:00,5.4186883e-05,4.7954767e-05,6.3710395e-05,3.9888422e-05,3.353793e-05,4.1368603e-05
2017-12-27 22:00:00,8.485516e-05,5.1158342e-05,7.572434e-05,6.5954766e-05,5.6547517e-05,0.00013026141
2017-12-27 23:00:00,0.00013359048,3.62284e-05,3.3770546e-05,1.9561065e-05,5.0399824e-05,3.6567195e-05
2017-12-28 00:00:00,0.0001205301,7.031932e-05,0.00012362661,0.00012555566,6.5454646e-05,0.00012295997
2017-12-28 01:00:00,4.593703e-05,2.8073277e-05,5.5171222e-05,3.0386462e-05,4.3610944e-05,0.00018036671
2017-12-28 02:00:00,3.6922364e-05,6.968563e-05,2.3945737e-05,3.982142e-05,0.0001630019,3.738581e-05
2017-12-28 03:00:00,7.25975e-05,5.5451204e-05,5.1819017e-05,0.00021075115,4.1318777e-05,5.961324e-05
2017-12-28 04:00:00,9.2921204e-05,2.9738516e-05,0.00021215045,7.910484e-05,4.4978377e-05,0.000114643786
2017-12-28 05:00:00,8.595143e-05,0.00016974047,3.686037e-05,5.0492625e-05,6.768272e-05,4.5250337e-05
2017-12-28 06:00:00,0.00040515896,5.5077253e-05,3.175108e-05,0.00010794768,4.720995e-05,0.00011227927
2017-12-28 07:00:00,0.0002608087,0.00023196431,0.0001624581,0.0002032113,0.00010288564,0.00014100886
2017-12-28 08:00:00,0.00011783914,5.8926926e-05,4.1846237e-05,0.00010376404,3.4121116e-05,3.8507438e-05
2017-12-28 09:00:00,0.00020193409,6.3733096e-05,0.00013848256,9.2074086e-05,6.925708e-05,0.00016954057
2017-12-28 10:00:00,0.00017080974,4.0120496e-05,5.594745e-05,9.601191e-05,0.00028067955,0.00040874205
2017-12-28 11:00:00,9.9011115e-05,5.5961747e-05,2.6012007e-05,0.00022722367,0.00052519335,0.0004331853
2017-12-28 12:00:00,0.000111596746,9.342573e-05,0.00028153215,0.0005206245,0.00052812946,0.0003943031
2017-12-28 13:00:00,7.410983e-05,0.00018218555,0.00059553335,0.00048390208,0.0004099436,0.0004215314
2017-12-28 14:00:00,0.0003157498,0.0005792124,0.00038860986,0.0005514404,0.00046764064,0.00040064086
2017-12-28 15:00:00,0.0005392839,0.0003391636,0.00021447885,0.0002306849,0.00021799523,0.0002564678
2017-12-28 16:00:00,5.1788753e-05,0.00010734701,4.207204e-05,0.00011224077,8.7971224e-05,0.00010487659
2017-12-28 17:00:00,0.000106533975,3.5573303e-05,4.3083175e-05,3.307981e-05,0.00018383008,0.00010159537
2017-12-28 18:00:00,0.00010832852,2.729449e-05,5.462172e-05,9.3900824e-05,6.394441e-05,4.02236e-05
2017-12-28 19:00:00,7.763628e-05,5.195317e-05,0.00016700012,9.721382e-05,5.6694877e-05,9.6174306e-05
2017-12-28 20:00:00,4.0370975e-05,0.0001338569,7.633228e-05,3.2549622e-05,5.246357e-05,9.5972326e-05
2017-12-28 21:00:00,0.00019493615,0.00012629623,3.8038754e-05,7.308284e-05,0.00010630574,6.508431e-05
2017-12-28 22:00:00,6.1502185e-05,0.000104112696,5.8936996e-05,3.434868e-05,6.791209e-05,6.6672874e-05
2017-12-28 23:00:00,0.00014722516,4.7989688e-05,3.9636143e-05,2.7673565e-05,8.238824e-05,8.75037e-05
2017-12-29 00:00:00,7.389975e-05,7.3126714e-05,6.783325e-05,0.00016863825,0.00015410078,0.0001702446
2017-12-29 01:00:00,6.893471e-05,3.6919122e-05,0.00017624037,0.000108248205,0.00013635022,9.507954e-05
2017-12-29 02:00:00,6.659084e-05,8.1078346e-05,5.306164e-05,5.1657218e-05,4.2932916e-05,4.378642e-05
2017-12-29 03:00:00,0.00014986665,0.00012619377,6.0128117e-05,9.6567754e-05,5.885723e-05,5.553276e-05
2017-12-29 04:00:00,5.307444e-05,3.699889e-05,4.459172e-05,0.00010133007,0.00015152709,0.00016125522
2017-12-29 05:00:00,3.4431447e-05,4.544601e-05,7.163044e-05,0.00012181278,0.00016772602,4.886176e-05
2017-12-29 06:00:00,4.4124114e-05,8.103261e-05,0.00013392574,0.00019477896,5.6511068e-05,4.576752e-05
2017-12-29 07:00:00,9.072144e-05,0.00013015901,0.00017777323,3.0867897e-05,5.944381e-05,6.732627e-05
2017-12-29 08:00:00,0.00015188343,0.0001657865,3.099487e-05,8.7293294e-05,0.00013466083,0.00018869867
2017-12-29 09:00:00,6.624507e-05,0.00013979377,0.00012779166,0.00018570483,0.000288812,0.00020112543
2017-12-29 10:00:00,0.00018712856,0.00016584029,0.00021930838,0.00032806714,0.00019518132,0.00028798258
2017-12-29 11:00:00,8.8612476e-05,0.000109667555,0.00019300188,7.6730525e-05,0.00014707509,3.7392332e-05
2017-12-29 12:00:00,7.657988e-05,0.00010969978,4.696488e-05,8.926534e-05,5.973371e-05,4.563488e-05
2017-12-29 13:00:00,6.4879285e-05,2.4847997e-05,4.1521635e-05,0.00010937659,6.5078726e-05,6.054119e-05
2017-12-29 14:00:00,0.000114636896,3.6398043e-05,0.0001703311,0.00011431482,9.813301e-05,0.00014460695
2017-12-29 15:00:00,8.238634e-05,0.000121264056,5.4519187e-05,2.750285e-05,8.383789e-05,0.0001242242
2017-12-29 16:00:00,0.00024499887,0.000109914086,9.4759685e-05,0.00014328977,0.0001597308,0.00010463119
2017-12-29 17:00:00,6.9189955e-05,7.417854e-05,3.380621e-05,6.551114e-05,3.11208e-05,8.169837e-05
2017-12-29 18:00:00,3.9551458e-05,5.925499e-05,0.00012035698,4.3907854e-05,6.572611e-05,0.0001362918
2017-12-29 19:00:00,9.5226096e-05,0.00012840981,6.7546884e-05,3.5848647e-05,0.00023799659,0.00030086716
2017-12-29 20:00:00,0.00011689278,3.460539e-05,8.5697015e-05,0.0002115454,0.0004027291,0.00034703998
2017-12-29 21:00:00,8.754635e-05,0.0002367819,0.0002844246,0.00044697977,0.00037306992,0.0003603266
2018-01-02 00:00:00,0.0001090562,0.00027788492,0.00040798442,0.00037117986,0.00022993081,0.0002709505
2018-01-02 01:00:00,0.00022973835,0.0004348012,0.00027441263,0.00021466824,0.00016499255,0.00024318635
2018-01-02 02:00:00,0.00014791738,9.810874e-05,5.759854e-05,5.312502e-05,6.787203e-05,3.877995e-05
2018-01-02 03:00:00,4.63445e-05,0.00010403489,7.7189565e-05,5.0592833e-05,5.7860925e-05,0.00014892413
2018-01-02 04:00:00,0.00011512405,6.384461e-05,6.950571e-05,5.0962662e-05,0.00011925297,9.520032e-05
2018-01-02 05:00:00,4.0056526e-05,3.2966283e-05,4.1707393e-05,6.186755e-05,4.6647838e-05,6.693907e-05
2018-01-02 06:00:00,4.273088e-05,3.7333728e-05,0.00010692887,7.3338175e-05,8.28492e-05,2.8290662e-05
2018-01-02 07:00:00,4.2994383e-05,0.00013353475,6.901453e-05,8.6626555e-05,2.9708515e-05,3.2209642e-05
2018-01-02 08:00:00,0.00017681233,5.6166326e-05,6.824097e-05,3.1499592e-05,3.4486664e-05,4.179459e-05
2018-01-02 09:00:00,8.970199e-05,5.3458367e-05,6.0120394e-05,0.0001043243,6.734446e-05,8.42003e-05
2018-01-02 10:00:00,4.9223927e-05,6.6086126e-05,7.8970064e-05,3.5403944e-05,6.834114e-05,4.5901303e-05
2018-01-02 11:00:00,0.00013110193,0.00013247384,5.0744966e-05,9.978075e-05,3.6113033e-05,8.280189e-05
2018-01-02 12:00:00,4.6150944e-05,5.869015e-05,4.035027e-05,7.211579e-05,4.1079573e-05,0.0002587481
2018-01-02 13:00:00,0.0001266411,4.4354674e-05,0.00014014424,3.3673055e-05,0.00021145963,0.00012225556
2018-01-02 14:00:00,6.468429e-05,5.0525377e-05,4.495286e-05,0.00023481694,0.0002193597,4.4266824e-05
2018-01-02 15:00:00,0.00014567446,3.5402685e-05,0.00019829193,0.00013860196,5.9513823e-05,3.4758436e-05
2018-01-02 16:00:00,0.00011695687,0.00035524287,0.00020490415,5.9976745e-05,5.7119167e-05,8.671595e-05
2018-01-02 17:00:00,0.00036852626,0.00019765091,4.2160835e-05,2.406731e-05,3.365222e-05,9.882929e-05
2018-01-02 18:00:00,8.795739e-05,0.00029506037,0.00019375484,0.00017324298,0.00029840987,0.00031119646
2018-01-02 19:00:00,0.00033941874,0.00014996895,0.0001687913,0.0001937167,0.0002862093,0.00039911672
2018-01-02 20:00:00,6.9577225e-05,6.440129e-05,5.837109e-05,8.256709e-05,0.0001926035,0.00016021308
2018-01-02 21:00:00,5.115647e-05,9.7195014e-05,0.00013353364,0.00021282208,0.00014440058,0.00026125848
2018-01-02 22:00:00,0.00018918731,0.00011727519,0.00024658546,0.00017110638,0.00033842985,0.00032848798
2018-01-02 23:00:00,6.46702e-05,0.00016047654,0.00013260776,0.00022216747,0.00017962891,0.000121214565
2018-01-03 00:00:00,0.00015627862,8.3492865e-05,0.00019481256,0.00018334022,0.00012134925,0.00012681852
2018-01-03 01:00:00,5.7942103e-05,5.855702e-05,6.272356e-05,3.4557954e-05,3.673166e-05,3.4261473e-05
2018-01-03 02:00:00,0.00010809101,7.980864e-05,4.463499e-05,7.1615446e-05,3.274584e-05,0.000101480015
2018-01-03 03:00:00,3.3335768e-05,5.067126e-05,4.3722568e-05,6.738036e-05,3.8882525e-05,4.8569596e-05
2018-01-03 04:00:00,5.924561e-05,3.6959762e-05,5.0037946e-05,2.8938985e-05,5.3936874e-05,0.00012722942
2018-01-03 05:00:00,3.7337126e-05,4.810604e-05,4.0810064e-05,2.1571748e-05,0.00013303495,0.000108841276
2018-01-03 06:00:00,8.430222e-05,4.0161536e-05,3.224848e-05,0.00015805123,0.00014457045,0.00028664718
2018-01-03 07:00:00,0.00012196849,2.7672153e-05,0.00011229888,8.401787e-05,0.00020683276,0.0002961195
2018-01-03 08:00:00,7.0604416e-05,0.00015069646,0.0001675262,0.00027625385,0.00026289164,0.00013994455
2018-01-03 09:00:00,0.00019074409,0.00015036028,0.00019579873,0.00025858698,0.00013573808,8.7763794e-05
2018-01-03 10:00:00,5.0765644e-05,0.00011480578,0.00016354788,8.637774e-05,0.0002204356,6.2145824e-05
2018-01-03 11:00:00,0.00021965997,0.00018793107,4.671145e-05,0.00016192636,8.783146e-05,6.261876e-05
2018-01-03 12:00:00,0.00010474096,3.898885e-05,0.00030287998,0.00020731096,0.00018222752,0.00029432063
2018-01-03 13:00:00,0.00018575536,0.00042256527,0.00022154652,0.00029661373,0.00035953548,0.00024735354
2018-01-03 14:00:00,0.0005155171,0.00015535651,0.00012891358,0.0001411273,0.00012508658,0.00010425069
2018-01-03 15:00:00,0.00032500358,0.00012766571,9.487237e-05,0.00014555025,0.00013412874,0.0001636438
2018-01-03 16:00:00,4.818841e-05,6.4330045e-05,7.231917e-05,3.1590247e-05,4.5012534e-05,0.00012328695
2018-01-03 17:00:00,9.33636e-05,6.712572e-05,5.3137257e-05,5.5574936e-05,0.00014228772,9.467468e-05
2018-01-03 18:00:00,3.7401864e-05,0.00010254301,9.835823e-05,0.00016359048,0.00010270401,0.0001254622
2018-01-03 19:00:00,0.00013639279,0.0001479805,0.0001851177,0.00021346724,0.0001609149,0.00010024781
2018-01-03 20:00:00,4.2105676e-05,0.00011635546,9.1494425e-05,9.838078e-05,3.3882567e-05,4.651889e-05
2018-01-03 21:00:00,0.00011041879,8.141668e-05,9.228459e-05,2.6656304e-05,5.5121985e-05,4.3123655e-05
2018-01-03 22:00:00,5.41388e-05,3.311932e-05,8.043849e-05,4.7665104e-05,0.00010526004,7.905254e-05
2018-01-03 23:00:00,5.162457e-05,5.862564e-05,3.8888935e-05,6.0284754e-05,5.7615416e-05,0.00023723285
2018-01-04 00:00:00,0.00012627491,6.760813e-05,0.000108356544,9.122404e-05,0.00021044977,0.00025045936
2018-01-04 01:00:00,6.6588116e-05,4.3708347e-05,3.5752328e-05,0.00017368037,0.0001945651,0.0001517824
2018-01-04 02:00:00,8.093198e-05,5.3114196e-05,0.00015367531,0.00020566987,0.00021146976,8.05297e-05
2018-01-04 03:00:00,3.7568683e-05,0.00016275854,0.00021755527,0.00015547803,5.8003257e-05,8.542994e-05
2018-01-04 04:00:00,0.00027230833,0.00018728181,0.00014578878,6.096887e-05,6.739391e-05,0.0002806758
2018-01-04 05:00:00,7.570773e-05,5.6624154e-05,0.00010311863,8.6078086e-05,0.00015402562,0.00019542861
2018-01-04 06:00:00,2.4551122e-05,0.00016494188,0.0001380981,0.0001296664,0.00019024566,0.00015996449
2018-01-04 07:00:00,0.00019635879,0.00013786113,0.00014643338,0.00015057492,0.00021654184,0.00017281658
2018-01-04 08:00:00,7.695567e-05,0.0003008215,0.0003338995,0.00040051932,0.0003300215,0.0002545253
2018-01-04 09:00:00,0.0004742848,0.00029387252,0.0003510239,0.00031013266,0.00042232,0.0004356743
2018-01-04 10:00:00,8.200575e-05,9.225461e-05,7.916287e-05,0.00019078101,0.00019691371,7.539254e-05
2018-01-04 11:00:00,3.7905455e-05,3.592689e-05,0.00010489352,0.00017422464,4.7053665e-05,0.000121616526
2018-01-04 12:00:00,4.627197e-05,0.0001293346,0.00016707383,3.653416e-05,0.00014290414,6.522149e-05
2018-01-04 13:00:00,0.00019019922,0.00016305353,4.1790307e-05,0.000105926105,8.620983e-05,8.477717e-05
2018-01-04 14:00:00,0.00010891058,0.00010463456,3.1294716e-05,4.115145e-05,7.782809e-05,6.9062924e-05
2018-01-04 15:00:00,0.00028525558,8.188219e-05,9.669557e-05,0.00010551545,0.0001319793,0.00016178977
2018-01-04 16:00:00,0.00014645605,7.888571e-05,6.292856e-05,4.2202526e-05,2.9551113e-05,8.777621e-05
2018-01-04 17:00:00,6.104114e-05,5.6942547e-05,8.514571e-05,8.681168e-05,0.00019445793,5.3658205e-05
2018-01-04 18:00:00,4.881994e-05,4.472183e-05,7.940469e-05,0.00013196339,5.574052e-05,4.6614237e-05
2018-01-04 19:00:00,3.0901097e-05,6.180349e-05,0.00014095641,2.2918133e-05,3.997622e-05,5.5638517e-05
2018-01-04 20:00:00,6.696523e-05,0.00018180227,4.37101e-05,4.0394225e-05,0.00011146629,0.00010731293
2018-01-04 21:00:00,0.00015877518,9.205503e-05,6.228055e-05,8.790885e-05,0.00014581106,0.0002290654
2018-01-04 22:00:00,0.00025708583,0.00023119865,0.00019714901,0.00020433456,0.00025556295,0.00029760003
2018-01-04 23:00:00,5.719588e-05,9.054729e-05,8.939882e-05,0.0001321919,0.00010783417,0.00024790538
2018-01-05 00:00:00,8.8244036e-05,5.851189e-05,0.00015130977,0.000115383555,0.00015834409,0.00032584148
2018-01-05 01:00:00,6.887173e-05,7.7558005e-05,9.9029065e-05,0.00013868652,0.00035095506,0.000405915
2018-01-05 02:00:00,0.00010816195,7.5534685e-05,0.00016346629,0.00033290926,0.00025175494,0.00034716743
2018-01-05 03:00:00,4.3719574e-05,0.00012072038,0.0002866346,0.00037667426,0.0004175153,0.00034023123
2018-01-05 04:00:00,0.000186156,0.00029133286,0.00031343286,0.00037795503,0.00031500592,0.00022474583
2018-01-05 05:00:00,0.00030104222,0.00019824717,0.00034571672,0.0002520656,0.00021877848,0.0001709122
2018-01-05 06:00:00,4.460235e-05,0.00012989438,7.869253e-05,2.8743783e-05,4.144175e-05,6.362563e-05
2018-01-05 07:00:00,0.00012772105,9.991077e-05,3.0482732e-05,4.0553372e-05,5.438963e-05,9.237392e-05
2018-01-05 08:00:00,6.1029827e-05,0.000110877896,9.913896e-05,6.375704e-05,3.8839382e-05,6.629395e-05
2018-01-05 09:00:00,0.00011817459,0.00013136335,3.3990134e-05,4.8739636e-05,0.00012993318,0.0001193291
2018-01-05 10:00:00,3.3705386e-05,8.032612e-05,0.00012187487,0.00015560754,0.00018495356,7.4984855e-05
2018-01-05 11:00:00,0.00012120529,0.00010904909,0.00022495235,0.00022600392,6.842004e-05,0.00019109536
2018-01-05 12:00:00,8.489012e-05,0.00015955234,0.00015322614,2.5330763e-05,0.00014930076,0.00013394366
2018-01-05 13:00:00,0.00012533467,0.00011685573,4.6153975e-05,0.00012660255,0.00013668658,0.0002611917
2018-01-05 14:00:00,4.691738e-05,0.0001628254,6.7378816e-05,6.690688e-05,0.00013580766,4.5325927e-05
2018-01-05 15:00:00,0.00021971858,8.0671205e-05,8.426267e-05,0.00017193453,6.2087245e-05,0.00010319431
2018-01-05 16:00:00,0.0002541167,0.00025673263,0.0002771893,0.00014352154,4.20957e-05,5.5080105e-05
2018-01-05 17:00:00,5.540078e-05,0.00012457477,4.6703368e-05,0.000151529,0.00014560267,0.00010316323
2018-01-05 18:00:00,0.00011136604,3.173989e-05,0.00015439816,0.00017913555,0.00015592962,0.00015156994
2018-01-05 19:00:00,8.915587e-05,0.00027215853,0.00027333657,0.00027719027,0.00025222404,9.1877184e-05
2018-01-05 20:00:00,0.00024978784,0.0001984478,0.00025203836,0.00021417363,0.00011358861,0.00010420243
2018-01-05 21:00:00,2.9152478e-05,5.557974e-05,3.2173346e-05,5.738402e-05,3.2147513e-05,7.0327565e-05
2018-01-07 22:00:00,8.041709e-05,3.8388618e-05,4.270107e-05,3.303461e-05,8.557389e-05,3.384741e-05
2018-01-07 23:00:00,5.210591e-05,9.4557654e-05,4.9961716e-05,0.000140856,6.449662e-05,0.00010355685
2018-01-08 00:00:00,0.0001276772,4.4150627e-05,0.0001561027,3.904841e-05,8.709234e-05,8.47389e-05
2018-01-08 01:00:00,6.76074e-05,4.3778662e-05,4.794612e-05,2.9036424e-05,7.310505e-05,9.765992e-05
2018-01-08 02:00:00,0.00011490088,4.0539227e-05,5.2745858e-05,8.791782e-05,0.00018606428,0.00015236154
2018-01-08 03:00:00,0.00012922232,5.1201965e-05,4.195148e-05,7.848458e-05,6.508343e-05,0.00020763588
2018-01-08 04:00:00,5.6583565e-05,9.730796e-05,0.00019597096,0.00012518333,0.00027334216,0.0002754911
2018-01-08 05:00:00,9.435547e-05,0.00018243115,7.9476245e-05,0.0002386432,0.00047091176,0.00046635084
2018-01-08 06:00:00,0.000112021815,6.42802e-05,0.00023300461,0.00036404305,0.00036408307,0.00054256263
2018-01-08 07:00:00,8.520484e-05,0.00017076897,0.0003963816,0.00035219287,0.00039237028,0.00041309654
2018-01-08 08:00:00,0.0003552466,0.00045738847,0.00032684606,0.0004739885,0.00065407326,0.00041590075
2018-01-08 09:00:00,0.000284999,0.00018904686,0.0002430331,0.00042679164,0.0001906428,0.00031686912
2018-01-08 10:00:00,2.9463748e-05,0.00010311789,0.00019685943,8.5426895e-05,0.00016063772,0.00026069203
2018-01-08 11:00:00,0.00017500485,0.00026877155,0.00010110221,0.00015768255,0.00035633572,0.0004791084
2018-01-08 12:00:00,0.00014711592,3.533867e-05,6.9008915e-05,0.0002267712,0.00044273725,0.00029093318
2018-01-08 13:00:00,0.00019323452,3.8733506e-05,0.00019045867,0.0003606838,0.00033547278,0.00021420754
2018-01-08 14:00:00,0.00011135058,0.0003020118,0.0004702809,0.0003682702,0.00031087166,0.0002245847
2018-01-08 15:00:00,0.00033354372,0.00044194597,0.00044619857,0.00026263902,0.00019947498,9.405296e-05
2018-01-08 16:00:00,0.0002665901,0.00019547176,6.566438e-05,2.8934655e-05,0.00016482724,0.00013118384
2018-01-08 17:00:00,4.3623808e-05,9.905009e-05,0.00019697603,0.00034411272,0.0002528204,6.891098e-05
2018-01-08 18:00:00,0.00016216666,0.00019715267,0.00023997246,0.0002710314,8.993963e-05,7.369941e-05
2018-01-08 19:00:00,0.0001257909,0.00020363055,0.00012208847,2.837143e-05,3.9834315e-05,6.3742584e-05
2018-01-08 20:00:00,0.00025008916,0.00014473769,8.5621745e-05,6.380584e-05,3.5571822e-05,4.2970732e-05
2018-01-08 21:00:00,5.2473508e-05,0.0002637132,0.00019001996,0.00013650313,0.00015626125,0.00025116332
2018-01-08 22:00:00,0.00031349406,0.0002171256,0.00012294421,0.00017309492,0.00020789496,0.00033375065
2018-01-08 23:00:00,3.465531e-05,9.873504e-05,5.113672e-05,3.455504e-05,9.4652714e-05,0.0001771624
2018-01-09 00:00:00,0.000115551804,8.060914e-05,4.515201e-05,0.0001496186,0.00021340231,0.00021960857
2018-01-09 01:00:00,7.079935e-05,0.00013024625,0.00023251743,0.00020620304,0.00034333166,0.0004053089
2018-01-09 02:00:00,0.00014446264,0.00020688538,0.00018174615,0.00034623005,0.00047797244,0.00039427733
2018-01-09 03:00:00,0.00014823,0.00014951784,0.0002570154,0.00042214783,0.00062929536,0.0004902049
2018-01-09 04:00:00,7.3561e-05,0.00017268953,0.00024473696,0.0005990129,0.00054841663,0.00046876454
2018-01-09 05:00:00,0.000121457226,0.00026396292,0.0004322384,0.0003706025,0.00039895604,0.0003098719
2018-01-09 06:00:00,0.00018117022,0.0004836097,0.0004476493,0.00036590322,0.00032024973,0.00023132503
2018-01-09 07:00:00,0.00048395793,0.00047180452,0.00012684711,0.00018060829,0.00016846533,7.527092e-05
2018-01-09 08:00:00,5.5651723e-05,0.00015241868,8.317805e-05,0.00017728031,0.00043596362,0.00030670463
2018-01-09 09:00:00,0.00021348342,7.882386e-05,0.00015376224,0.00042651963,0.00031203972,0.00023485404
2018-01-09 10:00:00,7.190307e-05,3.6549867e-05,0.0003242112,0.00023503971,0.0001299269,0.00022709984
2018-01-09 11:00:00,9.236034e-05,0.00036899545,0.00024498283,0.0001809813,0.00027738127,0.00019589675
2018-01-09 12:00:00,0.00036334715,0.00020183931,9.9074365e-05,0.00015164739,0.00017279439,5.659206e-05
2018-01-09 13:00:00,0.00012852253,0.0001712716,9.198622e-05,9.508606e-05,0.00019306567,0.00028160063
2018-01-09 14:00:00,0.00010205194,2.3308869e-05,2.8839102e-05,0.000116788215,0.00017434622,0.00016042923
2018-01-09 15:00:00,9.322554e-05,8.122423e-05,6.7546665e-05,0.000112406495,9.855744e-05,0.000116732735
2018-01-09 16:00:00,4.1932428e-05,0.00011431959,0.00023923609,0.00011070855,0.00019387252,0.00016500664
2018-01-09 17:00:00,0.00022425536,0.00023661237,0.00018903776,0.00017083477,0.000220711,0.000117494725
2018-01-09 18:00:00,0.000100519064,2.990807e-05,5.6052395e-05,0.00010080093,6.759765e-05,3.750767e-05
2018-01-09 19:00:00,6.797256e-05,3.9318882e-05,5.6218163e-05,2.4953873e-05,0.00010277739,0.00019284202
2018-01-09 20:00:00,4.4727552e-05,7.717391e-05,4.455216e-05,5.044677e-05,0.00016183565,0.00011612004
2018-01-09 21:00:00,0.000100420286,4.4500553e-05,9.402741e-05,0.00017175349,0.00012800701,8.553369e-05
2018-01-09 22:00:00,6.378553e-05,0.00016050113,0.00027124182,0.00022441018,0.00012442545,6.4689964e-05
2018-01-09 23:00:00,0.000112669244,0.0003236371,0.00015250877,0.00013091134,3.999372e-05,0.00019313999
2018-01-10 00:00:00,0.00022208861,0.00010505128,3.370633e-05,5.6694622e-05,0.000102451464,0.00011897535
2018-01-10 01:00:00,0.00010027011,0.00012794857,0.00018178581,5.227281e-05,5.1301246e-05,3.9684663e-05
2018-01-10 02:00:00,8.6842934e-05,0.00016949108,3.726643e-05,0.00010253148,6.6531284e-05,0.00010518304
2018-01-10 03:00:00,0.00012961194,8.65831e-05,0.00011359096,0.0001245959,0.00017685331,0.00034805416
2018-01-10 04:00:00,0.00030863585,0.00030401655,0.00016262269,0.00024843277,0.0005448597,0.0005555719
2018-01-10 05:00:00,0.000116481184,4.9248225e-05,0.00012516724,0.0003130313,0.00034831732,0.00028196204
2018-01-10 06:00:00,7.850082e-05,5.006996e-05,0.00029214143,0.0003169882,0.00017356788,0.000100815385
2018-01-10 07:00:00,9.358407e-05,0.00044133555,0.00034536468,0.00032422025,0.000117562486,0.0003144743
2018-01-10 08:00:00,0.00045452983,0.00035686485,0.00015757051,6.763794e-05,0.00025896763,0.00019199033
2018-01-10 09:00:00,6.7346584e-05,5.2304793e-05,0.00021000729,3.2421503e-05,7.423996e-05,0.00011891817
2018-01-10 10:00:00,0.00011512178,0.00032185123,4.1720145e-05,0.00010830734,0.0001780588,0.00016028319
2018-01-10 11:00:00,0.00018831532,9.468311e-05,2.9424476e-05,0.00010737462,4.9297334e-05,6.1018465e-05
2018-01-10 12:00:00,0.0003000195,0.00012870641,4.2350013e-05,9.4628405e-05,6.864532e-05,0.00022023857
2018-01-10 13:00:00,0.00015556379,0.00022021373,0.0001405247,0.00016834054,3.0898096e-05,5.6326695e-05
2018-01-10 14:00:00,0.000102200305,6.978544e-05,4.2897314e-05,0.000120573444,0.00018315625,0.00016252436
2018-01-10 15:00:00,5.3250067e-05,6.6135275e-05,0.0002443909,0.00021782093,0.00021732155,0.00023042245
2018-01-10 16:00:00,3.9297687e-05,0.00019537634,0.00015245123,0.00022754066,0.0002527522,0.0002018533
2018-01-10 17:00:00,0.00018633761,0.00023792201,0.00019169878,0.00021150782,0.00019566956,0.0001481217
2018-01-10 18:00:00,9.812788e-05,7.202768e-05,8.578086e-05,9.4045055e-05,8.3731284e-05,0.00011974446
2018-01-10 19:00:00,4.2868083e-05,4.8982612e-05,4.610651e-05,4.9247774e-05,8.518745e-05,6.542083e-05
2018-01-10 20:00:00,4.8017708e-05,3.8603524e-05,4.492159e-05,5.9745737e-05,8.562565e-05,3.530495e-05
2018-01-10 21:00:00,2.8369144e-05,4.2521173e-05,4.9998605e-05,6.482092e-05,6.453789e-05,9.7390344e-05
2018-01-10 22:00:00,4.9038143e-05,6.0689104e-05,0.00011142687,4.4890603e-05,6.374582e-05,0.000115320145
2018-01-10 23:00:00,6.4684566e-05,0.00013317967,9.449979e-05,0.00012364263,8.622959e-05,0.00022615476
2018-01-11 00:00:00,0.0001610718,8.1938844e-05,0.00016294213,0.00014011157,0.00024022,0.00026527315
2018-01-11 01:00:00,8.8606306e-05,2.4381177e-05,4.0100957e-05,0.00012942257,9.1393274e-05,7.631602e-05
2018-01-11 02:00:00,7.7751996e-05,7.022889e-05,0.00019043178,0.00013849312,0.00011885122,0.0003018043
2018-01-11 03:00:00,3.4069355e-05,0.00016313733,0.00015640185,0.00010265812,0.00029538054,0.00032034094
2018-01-11 04:00:00,0.0001783315,0.00012187184,6.9154536e-05,0.00030240853,0.00037382444,0.00044376682
2018-01-11 05:00:00,4.1505467e-05,6.625317e-05,0.00014121746,0.0002650906,0.00033807193,0.00038229412
2018-01-11 06:00:00,6.49988e-05,0.00029834016,0.00040382223,0.000357257,0.00056587055,0.0002789263
2018-01-11 07:00:00,0.000467648,0.00040069284,0.00052627805,0.00043726942,0.000462881,0.00071143324
2018-01-11 08:00:00,0.00014159255,0.00026697872,0.00019699069,0.00023040522,0.0004647459,0.00028708845
2018-01-11 09:00:00,0.00022776485,0.0002908932,0.00015572555,0.00036745015,0.000223843,0.000114913324
2018-01-11 10:00:00,0.00016543744,2.3851162e-05,0.00025018325,0.000144873,2.7267912e-05,0.00016498397
2018-01-11 11:00:00,0.00019803435,0.0001568389,7.023785e-05,0.00011188473,5.3491738e-05,7.6294884e-05
2018-01-11 12:00:00,0.0004951039,0.00014678178,3.1755775e-05,9.744195e-05,4.7519217e-05,0.00010344961
2018-01-11 13:00:00,0.000160869,0.00031985823,8.8409266e-05,0.00028128474,0.0001415656,0.00020810931
2018-01-11 14:00:00,0.00021055683,3.9634546e-05,0.00014475196,4.9527054e-05,7.352445e-05,8.422342e-05
2018-01-11 15:00:00,0.00025239665,4.2588887e-05,0.000101627185,7.706851e-05,5.2407846e-05,0.00010635037
2018-01-11 16:00:00,0.00022420095,5.971971e-05,0.00010803497,0.00012663288,6.664166e-05,0.00010763114
2018-01-11 17:00:00,0.00015592249,5.613456e-05,4.0262712e-05,6.7561676e-05,4.1779036e-05,0.00014417146
2018-01-11 18:00:00,5.7675406e-05,9.7095704e-05,4.099197e-05,8.6522035e-05,6.573287e-05,4.087433e-05
2018-01-11 19:00:00,5.0465576e-05,4.1842857e-05,3.8197475e-05,0.00012716617,4.0556824e-05,4.4093922e-05
2018-01-11 20:00:00,0.00011893062,3.3048036e-05,0.0001284191,7.250075e-05,4.7756184e-05,0.0001057428
2018-01-11 21:00:00,0.00010636908,7.982637e-05,3.0504829e-05,3.4691868e-05,4.2213684e-05,3.478145e-05
2018-01-11 22:00:00,0.00023898274,5.7259273e-05,5.7864298e-05,0.00010159895,7.801722e-05,5.4105487e-05
2018-01-11 23:00:00,0.00013509221,8.0506696e-05,4.8546874e-05,4.570058e-05,7.752376e-05,0.0002482131
2018-01-12 00:00:00,3.2215212e-05,4.4778542e-05,4.5226607e-05,2.1255753e-05,0.00018159952,0.00019069239
2018-01-12 01:00:00,0.00012868868,6.106493e-05,3.6269354e-05,0.00019542199,0.000214331,0.00024363362
2018-01-12 02:00:00,3.7330516e-05,7.182142e-05,0.00020466997,0.00023519568,0.00035088186,0.00037463722
2018-01-12 03:00:00,5.6597e-05,0.00023594103,0.00020896598,0.00037348852,0.0004304428,0.00027378526
2018-01-12 04:00:00,0.00025298787,0.00024001616,0.00022350099,0.00025478436,0.0002881515,0.00019432543
2018-01-12 05:00:00,4.5850404e-05,8.49555e-05,0.00014940908,0.00010974828,6.643272e-05,0.000113085836
2018-01-12 06:00:00,6.962022e-05,0.00018309212,0.0001060074,6.301958e-05,0.00011876546,7.1218754e-05
2018-01-12 07:00:00,0.00014942842,5.4840013e-05,3.668103e-05,8.69635e-05,4.6950016e-05,0.00032252708
2018-01-12 08:00:00,9.887975e-05,0.00011896983,5.4276723e-05,9.190251e-05,0.00018124391,9.629581e-05
2018-01-12 09:00:00,6.1932275e-05,3.5412602e-05,4.2524254e-05,0.00023645443,0.00014570447,0.00012978989
2018-01-12 10:00:00,0.00011242594,5.606944e-05,0.0004084342,0.00020946862,0.00019339436,9.8928336e-05
2018-01-12 11:00:00,9.239315e-05,0.00023118519,0.00015108957,0.00013322003,3.1975884e-05,4.1644613e-05
2018-01-12 12:00:00,0.00046217808,0.00020586229,0.00018146446,7.218464e-05,0.00010528552,5.6354682e-05
2018-01-12 13:00:00,0.0001604067,0.000117977244,0.00026251483,0.00021952472,0.00018107418,0.00014641239
2018-01-12 14:00:00,5.336517e-05,0.0001892889,0.0001311835,0.00014231383,6.127292e-05,8.9765315e-05
2018-01-12 15:00:00,0.00015509677,0.00011477677,0.00012436531,2.7177222e-05,0.00016398758,8.6678556e-05
2018-01-12 16:00:00,3.4465233e-05,3.5991943e-05,7.340952e-05,0.00028389305,0.00022956618,0.00014348449
2018-01-12 17:00:00,5.196362e-05,5.4498567e-05,0.00029811764,0.00023390671,0.00012184214,6.7629786e-05
2018-01-12 18:00:00,0.00011939546,0.00026560566,0.000247364,0.00011196984,7.100246e-05,5.4015207e-05
2018-01-12 19:00:00,0.0002564881,0.00019204832,8.111337e-05,2.2051283e-05,4.29211e-05,0.00011343835
2018-01-12 20:00:00,0.00013996309,0.00014419714,0.00023446874,0.0001975828,8.493281e-05,6.69908e-05
2018-01-12 21:00:00,0.00013751439,0.00014286903,0.00015225048,4.265378e-05,3.188546e-05,8.107299e-05
2018-01-14 22:00:00,0.00012442064,0.00013317523,3.5552333e-05,9.2240516e-05,0.00017987021,0.00019036412
2018-01-14 23:00:00,5.4019205e-05,0.000118346674,0.00015209657,0.00024006449,0.0003040934,0.00037299408
2018-01-15 00:00:00,0.00015670688,0.00019139527,0.00029380142,0.00030911822,0.00035718922,0.00056144164
2018-01-15 01:00:00,6.0898667e-05,0.00022050571,0.00025794425,0.00031048254,0.00050612143,0.0006124745
2018-01-15 02:00:00,0.00016229879,0.0002128149,0.00020983985,0.00060496875,0.00055507885,0.00049302453
2018-01-15 03:00:00,9.6288655e-05,0.00015936012,0.0004261642,0.00050819636,0.00043158463,0.00018938402
2018-01-15 04:00:00,0.00010505798,0.0003966862,0.00032268817,0.00034149794,0.00020704056,0.0004398604
2018-01-15 05:00:00,0.0004854973,0.00039089494,0.00034188837,0.00014585174,0.00036716886,0.0006602944
2018-01-15 06:00:00,5.36836e-05,5.919713e-05,0.00012037852,0.00011681038,0.0003331979,0.00026129128
2018-01-15 07:00:00,3.9907005e-05,0.00018315534,7.0425805e-05,0.0002784193,0.00029132087,0.00021090823
2018-01-15 08:00:00,0.00031309747,5.2495732e-05,0.00027045206,0.00024500527,0.00029508298,0.00023598294
2018-01-15 09:00:00,0.0003788531,0.00047519722,0.000407952,0.00042615036,0.0004113667,0.000298998
2018-01-15 10:00:00,0.0003222809,0.00023856528,0.00018589282,0.00014287133,0.00017761574,8.753402e-05
2018-01-15 11:00:00,5.8015827e-05,8.916459e-05,4.710082e-05,2.732668e-05,6.495467e-05,9.516239e-05
2018-01-15 12:00:00,5.467955e-05,6.663603e-05,6.5668646e-05,6.078544e-05,0.00011499334,9.898782e-05
2018-01-15 13:00:00,0.00020900909,9.291361e-05,0.000120519326,0.00010189941,0.00010039184,4.1857977e-05
2018-01-15 14:00:00,4.580923e-05,4.317792e-05,0.00017550403,0.00020404383,0.000114808056,9.7037984e-05
2018-01-15 15:00:00,0.00010439961,0.00016131508,0.00010635815,6.799526e-05,7.998802e-05,7.444816e-05
2018-01-15 16:00:00,0.0002728283,0.00024940597,0.00013581265,0.00015870764,0.00012647438,9.993553e-05
2018-01-15 17:00:00,4.7072383e-05,7.075784e-05,4.1517986e-05,7.3777934e-05,0.000114143004,0.000110774876
2018-01-15 18:00:00,9.733799e-05,5.273947e-05,8.735871e-05,6.228875e-05,9.9824276e-05,7.482203e-05
2018-01-15 19:00:00,4.0398456e-05,3.4948862e-05,4.1807598e-05,5.062442e-05,4.3090564e-05,6.509632e-05
2018-01-15 20:00:00,7.4754804e-05,5.310534e-05,6.3287975e-05,2.9858204e-05,0.000101018384,9.2559756e-05
2018-01-15 21:00:00,4.9662136e-05,4.2220105e-05,4.7332305e-05,4.4411172e-05,3.8731552e-05,4.7675487e-05
2018-01-15 22:00:00,4.774233e-05,6.119366e-05,5.973642e-05,2.9161578e-05,4.143502e-05,7.024859e-05
2018-01-15 23:00:00,7.537462e-05,4.0231997e-05,2.7279913e-05,5.995257e-05,9.02551e-05,0.00012306064
2018-01-16 00:00:00,0.000110200985,7.259065e-05,3.9967927e-05,3.8738202e-05,0.00011651251,0.00017707373
2018-01-16 01:00:00,4.9047878e-05,9.987802e-05,9.865231e-05,0.00023553366,0.00027050608,0.0002995541
2018-01-16 02:00:00,9.929641e-05,0.00013087709,0.000254803,0.00031240203,0.0004718193,0.0003604569
2018-01-16 03:00:00,6.583363e-05,0.00015295796,0.00022500321,0.000349408,0.00038671689,0.00043104705
2018-01-16 04:00:00,0.00019663197,0.00022421406,0.00042319967,0.00027974334,0.0003689187,0.00047537216
2018-01-16 05:00:00,8.717355e-05,0.0002984903,0.00023593179,0.00038314174,0.000386598,0.0002944738
2018-01-16 06:00:00,0.0002485875,0.00022096184,0.00038744128,0.00027892343,0.0003102784,0.00032239483
2018-01-16 07:00:00,4.4617795e-05,0.0001416883,0.00011332539,8.999338e-05,0.00019160469,0.00028268623
2018-01-16 08:00:00,0.0001763602,0.00010417051,6.338257e-05,0.00023677509,0.0002514059,0.0001184391
2018-01-16 09:00:00,3.9838513e-05,7.526673e-05,7.7401055e-05,0.00012325578,4.809155e-05,8.54176e-05
2018-01-16 10:00:00,8.1608625e-05,0.000103239574,0.00014347593,3.331071e-05,8.623541e-05,8.125926e-05
2018-01-16 11:00:00,0.0002554101,0.00025330472,4.929594e-05,0.00023548593,0.00015303704,6.0443894e-05
2018-01-16 12:00:00,6.372666e-05,0.0001464,3.120632e-05,2.4372726e-05,0.00010096596,0.00016319778
2018-01-16 13:00:00,0.00019089873,4.537367e-05,5.851018e-05,0.00014143196,0.00016128627,0.00017185834
2018-01-16 14:00:00,0.00018438301,0.00015225628,3.143435e-05,3.1215735e-05,8.098874e-05,6.9071895e-05
2018-01-16 15:00:00,4.1505227e-05,0.00013225652,0.00014880176,0.00021082188,0.00012588916,0.000117090516
2018-01-16 16:00:00,0.00020380974,0.00015382748,0.00018797943,0.00017244891,0.00020710923,9.8560435e-05
2018-01-16 17:00:00,6.3123276e-05,9.8132885e-05,7.344559e-05,6.5504224e-05,5.0495597e-05,8.0236445e-05
2018-01-16 18:00:00,0.00014518283,6.262982e-05,5.4771892e-05,5.4936107e-05,7.23666e-05,0.00014001306
2018-01-16 19:00:00,5.5772427e-05,4.11105e-05,0.00015556075,2.5646725e-05,7.996062e-05,0.00012635009
2018-01-16 20:00:00,4.1854226e-05,0.00011628789,3.910104e-05,0.00013365198,0.00019895096,6.211043e-05
2018-01-16 21:00:00,0.00015450055,4.436927e-05,0.00014124798,0.00015236171,6.398513e-05,4.4007596e-05
2018-01-16 22:00:00,0.00020832717,0.00022497664,0.00029154052,0.00015935655,6.432996e-05,4.7262256e-05
2018-01-16 23:00:00,0.00015789675,0.00019049906,7.47991e-05,4.2643132e-05,0.00012840933,0.000106688276
2018-01-17 00:00:00,9.00327e-05,3.9327835e-05,0.00012521619,0.000245661,0.00022239778,0.0001544842
2018-01-17 01:00:00,0.00013485926,0.00019074601,0.0003371634,0.00032530565,0.00022468595,5.109742e-05
2018-01-17 02:00:00,0.00010556162,0.00014958062,0.00023325834,0.00012899257,7.16678e-05,5.7607314e-05
2018-01-17 03:00:00,0.00020354828,0.00010980114,3.703189e-05,0.000121109544,4.247607e-05,0.0006950111
2018-01-17 04:00:00,4.6553952e-05,8.6934866e-05,0.00023284672,0.000110392284,0.0009794799,0.0011020319
2018-01-17 05:00:00,0.00012993034,0.0002628296,0.00015395712,0.0006177959,0.0006945831,0.0007597475
2018-01-17 06:00:00,0.00028627788,7.41645e-05,0.00066301366,0.00076719845,0.00074038276,0.00075409154
2018-01-17 07:00:00,0.00013033334,0.0007416422,0.00086580636,0.0006014398,0.00070876663,0.00045917506
2018-01-17 08:00:00,0.0011374123,0.00089030305,0.0007468577,0.0006395186,0.00058204547,0.00050409895
2018-01-17 09:00:00,0.00020649124,7.431287e-05,3.841392e-05,0.00012099814,0.00015824821,0.00036068415
2018-01-17 10:00:00,0.00014363076,0.0001770433,0.0002749842,0.0002486111,0.0005931883,0.0003717295
2018-01-17 11:00:00,6.94205e-05,0.000157716,0.00016442419,0.00038065648,0.0004357787,0.0004990138
2018-01-17 12:00:00,0.00019943617,0.00019002619,0.0005330599,0.00058918033,0.00046443183,0.00030682958
2018-01-17 13:00:00,7.561661e-05,0.0003449498,0.0002664992,0.00034667933,0.000334229,0.00033094978
2018-01-17 14:00:00,0.0005330583,0.0003000185,0.00026264373,0.00032116886,0.0002558706,0.00052108866
2018-01-17 15:00:00,5.3157084e-05,3.3450542e-05,3.3407752e-05,2.9213641e-05,0.0001761773,0.00013123619
2018-01-17 16:00:00,6.162672e-05,4.4658515e-05,5.941855e-05,0.00019550444,0.00012398991,5.8766233e-05
2018-01-17 17:00:00,4.437292e-05,5.0857012e-05,0.00016916665,0.00011629757,3.992528e-05,3.722611e-05
2018-01-17 18:00:00,4.0180257e-05,0.00015505358,0.00013118894,5.3907854e-05,4.3204065e-05,4.3023978e-05
2018-01-17 19:00:00,0.00019968556,0.00014513763,3.241716e-05,6.057685e-05,5.091449e-05,0.000113685535
2018-01-17 20:00:00,9.086089e-05,0.00016663398,0.00019381878,0.00019032083,0.00025720452,8.3460516e-05
2018-01-17 21:00:00,0.00014147618,0.0002046707,0.00015268907,0.00022354667,6.5200584e-05,4.293453e-05
2018-01-17 22:00:00,7.4482115e-05,5.00339e-05,0.0001251084,4.756092e-05,0.000112537215,6.540669e-05
2018-01-17 23:00:00,5.2917665e-05,9.7409895e-05,6.562204e-05,0.00018427908,0.0001239911,0.00019114798
2018-01-18 00:00:00,0.00018251424,0.00010868098,0.0002139134,0.00010747672,0.00019489948,0.0002481352
2018-01-18 01:00:00,0.00023890652,0.0003110252,0.00020958048,0.00027724926,0.00032153833,0.00031106774
2018-01-18 02:00:00,0.00017279295,3.476833e-05,0.0001343152,0.000129696,0.00018345412,4.4112203e-05
2018-01-18 03:00:00,0.00011521944,7.703404e-05,9.9456876e-05,0.00011161844,3.7172904e-05,4.3581404e-05
2018-01-18 04:00:00,0.00016491566,0.0002016893,0.0001763387,6.2747604e-05,9.5292075e-05,9.613016e-05
2018-01-18 05:00:00,6.159803e-05,9.327969e-05,9.230535e-05,6.4663946e-05,4.1604468e-05,0.0006737829
2018-01-18 06:00:00,4.3145115e-05,0.00013282274,8.33665e-05,4.131993e-05,0.0006720818,0.0010184984
2018-01-18 07:00:00,0.00028467397,0.0001294331,7.242899e-05,0.00090523285,0.001343361,0.001397345
2018-01-18 08:00:00,5.6675468e-05,9.604563e-05,0.00070628483,0.00091027416,0.0011660144,0.0011301055
2018-01-18 09:00:00,7.5690004e-05,0.0007770761,0.0011730614,0.0012806224,0.0014722677,0.0009827898
2018-01-18 10:00:00,0.0014340753,0.0011130912,0.0011124263,0.0014425308,0.0008650576,0.0013376559
2018-01-18 11:00:00,0.0005349598,0.0007564497,0.00071312266,0.00037606095,0.00037848955,0.0005397104
2018-01-18 12:00:00,0.00034074188,0.0002307465,5.450554e-05,9.5427145e-05,6.601265e-05,6.65084e-05
2018-01-18 13:00:00,4.2242853e-05,0.00019172714,0.00012053317,0.00015410924,0.00010764244,0.00018413246
2018-01-18 14:00:00,0.00033251557,0.00021720224,0.00014016763,0.00014695636,0.00023724708,0.00020858235
2018-01-18 15:00:00,6.196278e-05,3.480911e-05,5.2517684e-05,4.4527093e-05,6.463917e-05,5.8990656e-05
2018-01-18 16:00:00,3.980435e-05,5.1482435e-05,9.074454e-05,6.028778e-05,4.1785104e-05,7.6940094e-05
2018-01-18 17:00:00,6.500915e-05,0.00013447125,0.00013978823,3.1892218e-05,8.744154e-05,0.0001994177
2018-01-18 18:00:00,0.00019255465,0.0001797889,3.5690176e-05,4.9540875e-05,0.00028322125,7.711743e-05
2018-01-18 19:00:00,4.7118134e-05,8.0606806e-05,0.00016194109,0.0002732344,0.00015003284,0.00017658484
2018-01-18 20:00:00,0.00021817372,0.00020143905,0.00032312554,0.00021281661,0.00015692161,0.00022464123
2018-01-18 21:00:00,8.963682e-05,0.00028041654,0.000107833366,0.00013935323,0.00018678527,0.00015801487
2018-01-18 22:00:00,0.0003316646,4.4400393e-05,6.128411e-05,8.55357e-05,0.00016473513,4.2873857e-05
2018-01-18 23:00:00,0.00030105322,0.00014108395,8.169425e-05,7.925812e-05,0.00020604923,9.674442e-05
2018-01-19 00:00:00,4.1072075e-05,0.000109579676,9.669519e-05,3.2081323e-05,6.221835e-05,0.0002320997
2018-01-19 01:00:00,9.151245e-05,0.00011784775,4.067169e-05,3.5239755e-05,0.00020857021,0.0005514242
2018-01-19 02:00:00,6.888671e-05,9.6543175e-05,6.76761e-05,0.00013278659,0.00058711483,0.0009872927
2018-01-19 03:00:00,0.00021343897,9.713201e-05,0.000107595806,0.00090793817,0.0010239119,0.0006805267
2018-01-19 04:00:00,9.628572e-05,0.0002526759,0.0009875253,0.0011687572,0.0009934657,0.001062054
2018-01-19 05:00:00,0.00028357966,0.0008553867,0.0010675067,0.0007086821,0.0008607744,0.0006930481
2018-01-19 06:00:00,0.0010159261,0.000784744,0.00065033033,0.0009180211,0.0007673119,0.0005763348
2018-01-19 07:00:00,0.00025762792,0.00013266702,0.00018359088,0.00023679131,0.00014084588,0.0003643709
2018-01-19 08:00:00,0.00016728285,3.3087683e-05,0.00012333854,8.816424e-05,0.00017517952,0.0002890318
2018-01-19 09:00:00,0.00012999703,0.00022744152,4.4556735e-05,0.0002976839,0.00029778606,0.00013388618
2018-01-19 10:00:00,0.00016452567,8.075958e-05,0.00016434348,0.00023876381,7.957762e-05,0.00010927007
2018-01-19 11:00:00,0.00023433189,6.769898e-05,0.0001908918,5.968934e-05,3.425437e-05,0.00021206208
2018-01-19 12:00:00,0.0003784376,0.00031354473,0.0001325562,0.0001855349,0.00045440663,0.0005397688
2018-01-19 13:00:00,0.0001793348,0.000112037174,6.171137e-05,0.00025204165,0.0005208615,0.00046284203
2018-01-19 14:00:00,0.00024715374,0.00024588266,0.0001892588,0.00038081998,0.0005055642,0.0006332285
2018-01-19 15:00:00,9.082784e-05,0.000391419,0.00054053514,0.00076227146,0.0005129795,0.0007623382
2018-01-19 16:00:00,0.00053470803,0.00061083835,0.0006549077,0.00093282195,0.0007192993,0.00067613664
2018-01-19 17:00:00,0.00033282026,0.00032804252,0.0005148155,0.0004649866,0.00031439168,0.00026465175
2018-01-19 18:00:00,0.00014295515,0.00022703431,0.0003081726,0.0001235448,9.413638e-05,0.0002326421
2018-01-19 19:00:00,0.00022647734,0.00022083914,6.306829e-05,5.5686134e-05,0.00014950139,7.7000965e-05
2018-01-19 20:00:00,0.00010585836,8.967511e-05,0.00010194409,2.7278043e-05,6.9412396e-05,4.5280853e-05
2018-01-19 21:00:00,0.00026009764,0.00020179436,8.133269e-05,0.00012223104,5.390306e-05,7.136379e-05
2018-01-21 22:00:00,3.653498e-05,0.00011141361,6.4864784e-05,0.00010808278,0.00022427955,0.00040042677
2018-01-21 23:00:00,0.00013246227,5.745957e-05,0.00013720368,0.00025194674,0.00025165334,0.00024302976
2018-01-22 00:00:00,7.304545e-05,4.058458e-05,0.00014429823,0.00030587707,0.000110515095,0.00017207184
2018-01-22 01:00:00,0.000104831226,0.00025710292,0.00039172906,0.00012885885,0.00020553637,0.00046287593
2018-01-22 02:00:00,0.00015760303,0.00036432687,0.00013295024,0.00015399151,0.0003144235,0.00054091547
2018-01-22 03:00:00,0.00023325726,5.2232655e-05,3.0896055e-05,0.00021368125,0.0006475849,0.00065677275
2018-01-22 04:00:00,0.00020901773,0.00014262075,0.00012711076,0.0005624413,0.0006456579,0.0003574649
2018-01-22 05:00:00,7.539654e-05,0.00024001779,0.0007362125,0.0008666797,0.0004992716,0.00048426868
2018-01-22 06:00:00,0.00032359222,0.0007372759,0.0009615852,0.00055834017,0.00050456123,0.000839306
2018-01-22 07:00:00,0.00048336602,0.0004959918,0.0003416708,0.00037137044,0.000659997,0.00028531134
2018-01-22 08:00:00,0.00030477485,5.8497015e-05,0.00015375017,0.00025573772,3.8496626e-05,3.9186736e-05
2018-01-22 09:00:00,0.00037137116,5.2320134e-05,0.000115559866,0.00021036636,0.00017032851,0.00010052767
2018-01-22 10:00:00,0.00024854485,0.00038216717,7.603026e-05,5.501001e-05,0.00012029114,0.00023865465
2018-01-22 11:00:00,0.00026759898,0.00013128239,9.678199e-05,5.9523667e-05,3.58963e-05,5.0058934e-05
2018-01-22 12:00:00,0.0002787816,0.00030582515,0.00024430346,0.0001380804,0.00014054637,0.00017021832
2018-01-22 13:00:00,4.819945e-05,5.19742e-05,0.00020617117,0.00012856071,9.6402895e-05,8.611976e-05
2018-01-22 14:00:00,0.00011074466,0.00017057998,0.00015605826,7.9619815e-05,8.9357796e-05,3.639467e-05
2018-01-22 15:00:00,0.00012666173,0.000100931575,3.58572e-05,4.8114936e-05,8.166896e-05,3.9984978e-05
2018-01-22 16:00:00,5.721895e-05,8.4128005e-05,4.3179618e-05,0.00013878313,0.00013567037,9.103469e-05
2018-01-22 17:00:00,9.3803115e-05,6.169956e-05,0.0002048465,0.00012102866,8.7366236e-05,9.1956965e-05
2018-01-22 18:00:00,4.161269e-05,0.00012141843,7.989567e-05,5.1281026e-05,7.82273e-05,5.3594787e-05
2018-01-22 19:00:00,0.00017077345,7.290007e-05,4.820399e-05,0.00010509964,4.5547724e-05,4.5478293e-05
2018-01-22 20:00:00,9.9015655e-05,7.2868694e-05,3.8890328e-05,7.380185e-05,9.601615e-05,4.7424986e-05
2018-01-22 21:00:00,6.758108e-05,6.321603e-05,3.9674258e-05,4.551711e-05,5.620963e-05,5.038717e-05
2018-01-22 22:00:00,8.690129e-05,2.5202848e-05,4.1968087e-05,8.336113e-05,2.9845836e-05,3.986347e-05
2018-01-22 23:00:00,7.0018556e-05,7.6857265e-05,4.9444487e-05,6.7514586e-05,3.1288182e-05,8.404597e-05
2018-01-23 00:00:00,8.691495e-05,0.00012010532,4.4237724e-05,3.3490756e-05,3.479013e-05,0.00017283874
2018-01-23 01:00:00,0.00017475491,3.4212128e-05,7.179251e-05,2.7621461e-05,0.00028732597,0.00027910044
2018-01-23 02:00:00,0.00018660282,5.7782145e-05,8.805441e-05,0.00014541287,0.00021828485,0.0003619922
2018-01-23 03:00:00,0.00010042523,2.5826479e-05,0.00034414468,0.00042861336,0.00035966694,0.0006032678
2018-01-23 04:00:00,7.690311e-05,0.00024924328,0.0003643366,0.000397948,0.00054999924,0.00050354836
2018-01-23 05:00:00,0.00036107417,0.0004894715,0.0003813956,0.0008333151,0.00067453407,0.00059467414
2018-01-23 06:00:00,0.00022891462,0.00023272107,0.0003773241,0.00038569784,0.00021233669,0.00026069846
2018-01-23 07:00:00,5.4816737e-05,0.00030233336,0.00014748285,6.807551e-05,0.00022992103,0.00038087706
2018-01-23 08:00:00,0.0004966823,0.00024518903,3.5470857e-05,0.00019301377,0.00029219376,6.4780616e-05
2018-01-23 09:00:00,5.30812e-05,0.00027270406,6.920801e-05,5.452244e-05,0.00013742122,0.0004241032
2018-01-23 10:00:00,0.00026586457,5.8392983e-05,0.00010951504,0.00018344205,0.0003854684,0.0003575768
2018-01-23 11:00:00,0.00021083232,0.00031732806,5.280883e-05,0.000101127436,0.00012800924,0.0004701368
2018-01-23 12:00:00,0.000203299,0.00010189093,0.0002435593,0.00030931464,0.0007783121,0.0005975679
2018-01-23 13:00:00,0.00041011086,0.0004423621,0.00049670896,0.00073266396,0.0007418592,0.0007015994
2018-01-23 14:00:00,0.00033745513,0.00017547392,0.0003573422,0.0005184454,0.00036407547,0.0003674142
2018-01-23 15:00:00,3.382887e-05,0.00033070936,0.00032722458,0.0002352324,0.00018020709,0.00015261877
2018-01-23 16:00:00,0.00047702147,0.0003947759,0.00034835478,0.00018054483,0.00019041813,0.000313177
2018-01-23 17:00:00,9.822686e-05,3.591742e-05,9.262456e-05,0.00017998874,3.6629874e-05,0.0003198247
2018-01-23 18:00:00,9.301397e-05,0.00019717081,0.00019324539,3.4008284e-05,0.0004569824,0.00022034855
2018-01-23 19:00:00,0.00014486659,0.000110675195,5.7540754e-05,0.0004436407,0.00029858382,3.478023e-05
2018-01-23 20:00:00,5.156036e-05,0.0001261598,0.00045830925,0.00035961767,7.4981246e-05,0.00012296769
2018-01-23 21:00:00,0.00029638485,0.00070675503,0.0005059038,0.00012466835,0.00017812646,7.933242e-05
2018-01-23 22:00:00,0.0006806782,0.00025604182,5.7786972e-05,6.151682e-05,0.00029147844,0.0002846946
2018-01-23 23:00:00,0.00030140035,0.0004424449,0.0004963167,0.00073892536,0.00059019023,0.0010400069
2018-01-24 00:00:00,0.00047166934,0.00034708428,0.0005566903,0.00053403206,0.00079876377,0.00097334286
2018-01-24 01:00:00,3.4248624e-05,0.00027035482,0.00034178866,0.0006829744,0.00075400766,0.00047944539
2018-01-24 02:00:00,0.00038789582,0.00037646393,0.00060684443,0.000771038,0.00051962846,0.00034238235
2018-01-24 03:00:00,8.127421e-05,0.0003671087,0.0002644423,0.0003237871,0.00014562916,0.00017947126
2018-01-24 04:00:00,0.0004708481,0.00039640826,0.0002862417,0.00013958936,0.00013968357,0.00040118938
2018-01-24 05:00:00,7.483408e-05,7.319749e-05,0.0001788683,0.00015955507,0.0001654008,0.00015662498
2018-01-24 06:00:00,0.00014095994,0.0002607604,0.00021211343,0.0001299156,8.326559e-05,4.711721e-05
2018-01-24 07:00:00,0.0002134256,0.00012703417,0.00019572214,0.00018833623,9.943958e-05,4.928371e-05
2018-01-24 08:00:00,4.497613e-05,0.00029633797,0.00028992372,0.00018824446,0.00017411509,7.570486e-05
2018-01-24 09:00:00,0.0005760817,0.00023210152,0.00016634668,0.00014381098,8.159941e-05,4.8600596e-05
2018-01-24 10:00:00,8.682987e-05,0.00018992886,0.00020741779,0.00046144731,0.00023377014,0.0004211244
2018-01-24 11:00:00,0.00013648282,0.00015135111,0.00041504746,0.00021663081,0.0004967123,0.0007474435
2018-01-24 12:00:00,4.0382565e-05,0.00038398278,0.0001189741,0.00034806482,0.00072594034,0.00025697696
2018-01-24 13:00:00,0.0004722744,0.00012641108,0.0003977562,0.0007666412,0.00022076693,0.000121757
2018-01-24 14:00:00,0.00026596288,0.00014409595,0.00038449513,7.448812e-05,0.000238383,0.0006705132
2018-01-24 15:00:00,0.00040977623,0.0008050009,0.00015210519,0.00018085718,0.00051707856,0.00068616576
2018-01-24 16:00:00,0.0004518129,0.00018701938,0.0004457379,0.0010306138,0.0013344142,0.0010638061
2018-01-24 17:00:00,0.0009314208,0.00086466665,0.0011796787,0.0013308205,0.0013748304,0.0010935353
2018-01-24 18:00:00,0.00054766005,0.0005515738,0.0012781977,0.00069389894,0.000716103,0.00042591116
2018-01-24 19:00:00,0.000683093,0.0006992814,0.00046474254,0.0003989878,0.00028803686,0.00022857606
2018-01-24 20:00:00,0.00037073987,5.6437006e-05,8.8956476e-05,9.889499e-05,0.00014040775,6.4172826e-05
2018-01-24 21:00:00,0.00036657287,0.00027803495,0.00040030695,0.00030216412,0.00015354458,0.00032171587
2018-01-24 22:00:00,0.00022015671,0.00022937331,0.00017784788,3.367554e-05,0.00012389637,0.00034405518
2018-01-24 23:00:00,7.7081575e-05,4.8922942e-05,0.00017143783,5.2400766e-05,0.0001985842,0.00021750206
2018-01-25 00:00:00,3.5783254e-05,0.00017485439,2.605334e-05,0.00015008032,0.00016130132,0.00016508413
2018-01-25 01:00:00,0.0002760316,3.019406e-05,0.00016242066,0.00019144111,0.00015909575,0.000102088234
2018-01-25 02:00:00,0.00028472822,0.00047570196,0.00022189811,0.00039540228,0.00029447698,0.00036325268
2018-01-25 03:00:00,0.00026966128,0.00022056386,0.00019892072,0.00010317495,0.00016662267,0.00027401894
2018-01-25 04:00:00,3.8715276e-05,2.6854465e-05,3.9621013e-05,0.00012723642,0.00026674205,0.0002635141
2018-01-25 05:00:00,3.7440634e-05,6.556343e-05,7.785355e-05,0.0003065744,0.00044231955,0.00047129169
2018-01-25 06:00:00,5.1909086e-05,0.00013288243,0.00023831723,0.00040928827,0.00037967725,0.00054062315
2018-01-25 07:00:00,0.00022037681,0.00027215245,0.000472507,0.00044660346,0.00049363996,0.0006836993
2018-01-25 08:00:00,0.00025895488,0.00039943794,0.00037686332,0.00044329758,0.0004696083,0.00020768133
2018-01-25 09:00:00,0.0002390342,0.00018144987,0.00025787324,0.00040973056,0.00012383923,0.00012918572
2018-01-25 10:00:00,3.8404487e-05,0.00010324539,0.00020492407,2.5411717e-05,4.95002e-05,0.00013557811
2018-01-25 11:00:00,0.00017615754,0.00028813886,3.8209288e-05,5.7335856e-05,0.00013978075,0.00019909673
2018-01-25 12:00:00,0.0002540082,0.00015401367,0.00012877458,0.0002711758,0.0002599372,8.485396e-05
2018-01-25 13:00:00,0.00039799456,0.0004795011,0.00048544235,0.0003683946,0.0002533429,0.00019620758
2018-01-25 14:00:00,4.4727494e-05,0.00016919358,0.00013593005,4.053543e-05,3.3694807e-05,8.2967905e-05
2018-01-25 15:00:00,0.00018191058,0.00019883041,7.157839e-05,3.46863e-05,5.527872e-05,5.332521e-05
2018-01-25 16:00:00,5.826088e-05,0.00023897094,0.00014153846,9.718242e-05,0.00014789267,6.330269e-05
2018-01-25 17:00:00,0.0003843303,0.0002126844,0.00012804772,0.00019096445,0.000107260275,0.000102888465
2018-01-25 18:00:00,8.6454915e-05,0.0001164694,5.284655e-05,0.00017115341,0.0001377175,4.6493773e-05
2018-01-25 19:00:00,7.931119e-05,3.6781952e-05,8.06791e-05,4.0279047e-05,8.323983e-05,8.547388e-05
2018-01-25 20:00:00,0.00010611917,5.0398838e-05,3.8341474e-05,8.27034e-05,8.260327e-05,0.0003579516
2018-01-25 21:00:00,0.0001529367,8.760836e-05,2.2518423e-05,3.748319e-05,0.00026947854,0.00019082452
2018-01-25 22:00:00,7.368433e-05,0.000115994764,0.00012044545,0.00040509464,0.00031596265,0.00022411917
2018-01-25 23:00:00,0.0001518124,0.00014234638,0.00037962006,0.0003941099,0.00024918595,0.00033682378
2018-01-26 00:00:00,5.344012e-05,0.00035987078,0.00018341237,0.00020646291,0.00014812638,0.00041082114
2018-01-26 01:00:00,0.00041714613,0.00024430137,0.0002408869,0.00016765535,0.00032023754,0.00045116027
2018-01-26 02:00:00,9.695895e-05,7.8203695e-05,8.824583e-05,6.174444e-05,0.00016796973,0.00016156021
2018-01-26 03:00:00,5.37847e-05,7.755563e-05,0.00013245188,0.00021345836,0.0002567933,0.0001292972
2018-01-26 04:00:00,3.808542e-05,0.00016648132,0.00032202684,0.00035742496,0.0002537602,0.00015522206
2018-01-26 05:00:00,0.0001983697,0.00036951166,0.00022792273,0.00018768013,0.00016942639,4.691627e-05
2018-01-26 06:00:00,0.00030025665,0.00017699231,3.605429e-05,2.2925478e-05,0.0001507314,0.00031043118
2018-01-26 07:00:00,3.992107e-05,0.00015176425,0.00014681148,0.00034704222,0.00043880695,0.00038747326
2018-01-26 08:00:00,0.00014443253,0.00011857313,0.00033248984,0.0004883419,0.0004008267,0.00084108865
2018-01-26 09:00:00,3.8372116e-05,0.00025814644,0.00037422657,0.0002588803,0.000782015,0.000330238
2018-01-26 10:00:00,0.00034680346,0.0004312669,0.00027145146,0.00066145655,0.00041944906,0.0004095069
2018-01-26 11:00:00,0.00027163446,0.00011672302,0.0005928176,0.0002476484,0.00030005767,0.00025874595
2018-01-26 12:00:00,0.00012808436,0.0003776635,7.9770245e-05,0.00015922634,0.00012040212,0.0001181996
2018-01-26 13:00:00,0.000662965,0.00020681325,0.00025885025,0.00025737297,0.00019430352,0.00033075135
2018-01-26 14:00:00,0.00040391783,0.00017175985,0.00013815156,0.0001404448,4.05868e-05,5.7722544e-05
2018-01-26 15:00:00,8.747376e-05,6.8568435e-05,6.946511e-05,0.00024065399,0.00032975318,0.00018634538
2018-01-26 16:00:00,2.4828825e-05,3.3275213e-05,0.00013885355,0.00021812241,0.00031551407,0.00034384776
2018-01-26 17:00:00,3.72023e-05,0.00016262624,0.00017991036,0.00027365104,0.00018007416,0.00010439567
2018-01-26 18:00:00,0.00029372372,0.00022726115,0.0003342274,0.0003315142,0.00012564045,4.2052176e-05
2018-01-26 19:00:00,0.000107852815,0.0006828001,0.00034937207,0.00037189323,9.2296206e-05,0.00022631392
2018-01-26 20:00:00,0.0007717532,0.0005834557,0.00037931072,0.00016173901,0.00022342044,9.6346695e-05
2018-01-26 21:00:00,5.538267e-05,0.00021531175,0.00040243648,0.00032201564,0.0003822891,0.00034971684
2018-01-28 22:00:00,0.00025872324,0.0003137498,0.00022399184,0.00037325665,0.00039761674,0.0002608853
2018-01-28 23:00:00,0.00026071043,6.9644215e-05,0.0002114115,0.00022769086,0.00018845171,0.00028269066
2018-01-29 00:00:00,0.00013286855,3.1397733e-05,6.7684254e-05,3.7948073e-05,0.0001623575,9.066076e-05
2018-01-29 01:00:00,0.00018056892,0.00023627572,7.9342404e-05,0.00026818004,4.4947912e-05,4.275988e-05
2018-01-29 02:00:00,8.070666e-05,4.106958e-05,0.00016438036,0.00010271066,0.00019459687,0.00023124221
2018-01-29 03:00:00,0.0001816361,0.00014832277,0.00014914533,0.00021811412,0.0002496318,0.000387342
2018-01-29 04:00:00,0.00030478288,7.974025e-05,0.00015183406,0.00023851417,0.00035230708,0.00024711163
2018-01-29 05:00:00,0.0003693949,0.00040262763,0.0003356362,0.00045626992,0.00045985062,0.00025746753
2018-01-29 06:00:00,9.390924e-05,0.00016919518,0.00030376727,0.00022638767,5.6413253e-05,0.00014421564
2018-01-29 07:00:00,0.00020408908,0.00026810556,0.00017805005,3.2044445e-05,7.9262936e-05,2.8248221e-05
2018-01-29 08:00:00,0.00029511537,8.160363e-05,0.00012276789,2.7895821e-05,0.00013691497,5.7116027e-05
2018-01-29 09:00:00,0.00013656337,0.0003013113,0.0001720297,0.00027885934,0.000100610225,0.0003034455
2018-01-29 10:00:00,0.0003532106,0.0001223815,0.00023074428,4.8515176e-05,0.00037887957,0.0001221895
2018-01-29 11:00:00,0.00017090328,3.707335e-05,0.00017185077,0.00017542216,3.9974144e-05,0.000112025205
2018-01-29 12:00:00,0.00018724437,5.8152487e-05,0.00024083251,0.00011068511,3.4777935e-05,0.00011080135
2018-01-29 13:00:00,0.00024957175,0.00020855866,4.562244e-05,0.00012557808,0.00018751784,0.00015215694
2018-01-29 14:00:00,0.00047072084,0.0001357137,9.3819384e-05,3.452969e-05,3.6578196e-05,6.9052e-05
2018-01-29 15:00:00,0.00028928454,0.0003211724,0.00030969246,0.00052895874,0.00032186977,0.0003489373
2018-01-29 16:00:00,0.00012392683,0.0002275916,0.00017581353,0.0001664084,0.0001768238,0.00013361059
2018-01-29 17:00:00,0.00015600758,0.0001365378,0.00011339069,0.00011104721,6.160608e-05,0.00022020555
2018-01-29 18:00:00,3.850719e-05,4.169916e-05,3.478707e-05,3.8256057e-05,8.868819e-05,9.2435585e-05
2018-01-29 19:00:00,5.6127265e-05,3.1779673e-05,4.3834534e-05,9.1490256e-05,8.5342224e-05,4.58267e-05
2018-01-29 20:00:00,4.277709e-05,7.019761e-05,0.00010425803,7.73047e-05,3.1181804e-05,4.7453115e-05
2018-01-29 21:00:00,5.6899127e-05,9.3183655e-05,9.131073e-05,2.5507234e-05,2.5373281e-05,4.390994e-05
2018-01-29 22:00:00,0.00018669572,0.00011823453,8.5430176e-05,3.2671065e-05,5.5896173e-05,4.778646e-05
2018-01-29 23:00:00,4.1296036e-05,7.4851814e-05,0.00013092483,8.8816174e-05,9.1646034e-05,0.0002157803
2018-01-30 00:00:00,0.00010888783,0.000118467855,9.052164e-05,9.149968e-05,0.00021929858,0.00018234835
2018-01-30 01:00:00,6.515515e-05,5.1824307e-05,5.1677256e-05,0.0001901234,0.0001369632,0.0002293976
2018-01-30 02:00:00,7.0722854e-05,3.6807214e-05,0.00013637001,7.374819e-05,0.00022743187,0.00024753672
2018-01-30 03:00:00,4.7601712e-05,0.000121204605,0.00012306421,0.00027625373,0.00030308228,0.00018812914
2018-01-30 04:00:00,0.00019029106,8.302534e-05,0.000213736,0.0002955539,0.00014686119,0.00020802421
2018-01-30 05:00:00,8.446418e-05,0.00012596678,0.00016628511,3.1963802e-05,0.00015664232,4.064591e-05
2018-01-30 06:00:00,0.0002626905,0.00021292822,8.0739184e-05,0.00020489699,3.2415344e-05,8.453927e-05
2018-01-30 07:00:00,3.2041386e-05,0.00014749244,4.869151e-05,0.00013994207,0.00025466646,0.00051988807
2018-01-30 08:00:00,0.00017620578,5.6840046e-05,0.00014050712,0.00026677895,0.00050661276,0.0003497053
2018-01-30 09:00:00,0.00025858686,3.7297494e-05,0.00010466219,0.00038032152,0.0007151613,0.00028681147
2018-01-30 10:00:00,0.00030853122,0.00036815248,0.0006346731,0.0006741343,0.00056737993,0.00049521297
2018-01-30 11:00:00,0.00020978153,0.00037082052,0.0006287556,0.00022356314,0.00026401435,0.00027980932
2018-01-30 12:00:00,0.00034444648,0.0005505544,0.00019165843,0.000282723,0.00031457716,0.00047427905
2018-01-30 13:00:00,0.0003073226,4.3935448e-05,3.7692276e-05,4.0410236e-05,0.00025906373,0.00016733087
2018-01-30 14:00:00,0.00024634326,0.00020825987,0.00015506445,2.5518226e-05,3.9314375e-05,3.1305946e-05
2018-01-30 15:00:00,3.811553e-05,6.026023e-05,0.0002431874,0.0001538473,0.00027165536,0.00016521776
2018-01-30 16:00:00,5.46638e-05,0.0002261365,0.00019428563,0.0002061972,0.00023923308,0.00037369414
2018-01-30 17:00:00,0.00021657006,0.0001991341,0.0002300836,0.00020592139,0.00039864372,0.00018221902
2018-01-30 18:00:00,3.8532486e-05,3.696655e-05,3.6061054e-05,0.00011767644,4.2832497e-05,0.00012716063
2018-01-30 19:00:00,5.8482565e-05,5.2140684e-05,0.00019211671,9.204369e-05,0.00016038315,0.0001810212
2018-01-30 20:00:00,5.3687105e-05,0.000213249,8.258238e-05,0.0001665864,0.00021742954,0.00021635696
2018-01-30 21:00:00,0.0003037031,6.276514e-05,0.00012599946,0.00013844897,0.00021891609,0.00027026443
2018-01-30 22:00:00,0.00018974481,5.258129e-05,3.430354e-05,7.701827e-05,0.00017540403,0.00017267796
2018-01-30 23:00:00,0.000123943,0.00012879161,0.00015513839,0.00022495657,0.00029622624,0.000112707174
2018-01-31 00:00:00,8.973281e-05,0.00010308268,0.00019114409,0.00020887569,4.783222e-05,7.678531e-05
2018-01-31 01:00:00,0.000106327534,0.00015981316,0.00016518972,2.888851e-05,2.9271227e-05,0.00032036396
2018-01-31 02:00:00,0.00013421284,0.00014101449,6.058819e-05,4.8498532e-05,0.00036859876,0.00019331586
2018-01-31 03:00:00,7.552408e-05,0.00018419843,0.00014027237,0.0001890342,0.00025301406,0.00014325455
2018-01-31 04:00:00,0.00027787383,0.00019465724,0.00020800573,0.00011471647,0.00017361713,0.00011902655
2018-01-31 05:00:00,4.7180318e-05,0.0005068398,0.00044080144,0.00025084894,0.00023512234,0.00030872884
2018-01-31 06:00:00,0.0005539353,0.00044132234,0.00035853463,0.0002799047,0.00029230677,0.0004393057
2018-01-31 07:00:00,8.3643026e-05,4.8073274e-05,3.6112484e-05,4.748363e-05,0.00024435276,0.000568141
2018-01-31 08:00:00,3.39197e-05,4.659288e-05,3.0452331e-05,0.0003582916,0.00072247913,0.00050804584
2018-01-31 09:00:00,5.2114116e-05,3.5027002e-05,0.00040529645,0.0007461163,0.0005205723,0.000622341
2018-01-31 10:00:00,4.8227383e-05,0.000434516,0.0006185436,0.0005310964,0.00053891185,0.0007606323
2018-01-31 11:00:00,0.00061370886,0.00067825447,0.0005374899,0.00057705265,0.0005461501,0.0006873249
2018-01-31 12:00:00,0.0004468455,0.00020874417,0.00032316806,0.00032566782,0.0006072192,0.00044287683
2018-01-31 13:00:00,0.00020304036,3.563845e-05,3.2122058e-05,0.00021150729,0.00013115858,0.00010822745
2018-01-31 14:00:00,0.00016051627,0.00015076355,0.00040807747,0.0002936194,0.00025520666,0.00032189282
2018-01-31 15:00:00,5.9705708e-05,0.00027890992,0.00024517646,0.00012734624,0.00017587202,0.00015965718
2018-01-31 16:00:00,0.00039900176,0.00014675365,9.264895e-05,0.00013812329,0.00016452928,3.6611902e-05
2018-01-31 17:00:00,0.00015814154,0.00015284527,8.951158e-05,0.00012350541,0.00019702369,0.00016260805
2018-01-31 18:00:00,8.309455e-05,2.383822e-05,4.1197036e-05,0.00016893273,7.755296e-05,6.302602e-05
2018-01-31 19:00:00,0.0001119055,7.7787394e-05,0.00014740697,4.1529427e-05,0.00012651454,0.00026919885
2018-01-31 20:00:00,4.9011764e-05,0.00025653877,0.00010527382,4.820884e-05,0.00022343309,0.00022048624
2018-01-31 21:00:00,0.00017789198,8.8663975e-05,7.828588e-05,0.00021346136,0.0003598749,0.00036206635
2018-01-31 22:00:00,0.00013564307,0.00022852466,0.00039649956,0.00044807536,0.0005056659,0.00051841966
2018-01-31 23:00:00,0.00021458569,0.00032088617,0.00050375954,0.000507975,0.00044176774,0.00051704247
2018-02-01 00:00:00,0.0002361655,0.00023492999,0.0002803493,0.00045384676,0.00021530777,8.2314175e-05
2018-02-01 01:00:00,0.00015765497,0.00020028137,0.00032696204,0.00014914443,6.642572e-05,0.000320744
2018-02-01 02:00:00,6.8935464e-05,0.00025129717,6.5351014e-05,0.00015427356,0.0004685896,4.049961e-05
2018-02-01 03:00:00,0.00025254593,2.55481e-05,0.0001860244,0.00044498537,7.023735e-05,0.00030122453
2018-02-01 04:00:00,0.00026695163,0.00047837643,0.00060136965,0.00020697896,0.0003278028,0.0005125028
2018-02-01 05:00:00,0.00028417044,0.00061863835,6.433051e-05,0.00034771758,0.00031168276,0.0002827711
2018-02-01 06:00:00,0.00046519467,0.00014797313,5.4834214e-05,0.00018835315,0.00015767719,0.00080903637
2018-02-01 07:00:00,0.00080193265,0.00026401193,0.00010771286,0.00014039781,0.0011541233,0.00084430777
2018-02-01 08:00:00,0.00023214152,0.0004949808,0.00026650025,0.00074963,0.0006259024,0.000685729
2018-02-01 09:00:00,0.00018207186,0.0001191136,0.0013720675,0.001225623,0.0011153682,0.00091289787
2018-02-01 10:00:00,6.138604e-05,0.0012524535,0.0013987187,0.0012076261,0.0011453707,0.0010611335
2018-02-01 11:00:00,0.0020496666,0.0011478823,0.0014365779,0.0007553585,0.0008077523,0.00072903896
2018-02-01 12:00:00,9.931706e-05,0.00013284113,0.00010468856,8.867023e-05,0.00018268176,0.00082143454
2018-02-01 13:00:00,0.0002377178,4.110678e-05,5.3560805e-05,8.166962e-05,0.0013491786,0.0010419405
2018-02-01 14:00:00,0.00030462976,0.00014321895,0.00030526627,0.0014487162,0.0011225363,0.0011012341
2018-02-01 15:00:00,9.4976946e-05,6.141231e-05,0.0014583723,0.0007680403,0.0010914297,0.0011467119
2018-02-01 16:00:00,0.00018008683,0.0011623487,0.00095304917,0.0012574024,0.0015887227,0.0011873161
2018-02-01 17:00:00,0.0019862906,0.0009632421,0.00076996954,0.0013010977,0.0012978552,0.00079493807
2018-02-01 18:00:00,0.0002528258,4.3867043e-05,0.00024074476,4.9910665e-05,0.0001882789,0.00037648247
2018-02-01 19:00:00,0.00019871244,0.00044429276,0.0001359222,4.050451e-05,0.00029572254,0.00025246988
2018-02-01 20:00:00,0.00036143782,6.78122e-05,9.698719e-05,0.00048679882,0.00028736936,0.0003701055
2018-02-01 21:00:00,0.00044792698,0.00068027247,0.0010353719,0.0006212259,0.000533833,0.000566097
2018-02-01 22:00:00,0.00027074633,0.0004782498,0.00037561543,0.00048666168,0.00039145624,0.00040600714
2018-02-01 23:00:00,0.00048714996,0.00030798916,0.00027622978,0.00020830841,0.00032212344,0.00048353587
2018-02-02 00:00:00,8.79637e-05,3.193067e-05,0.00012875877,2.4853172e-05,0.00020642583,0.00049519044
2018-02-02 01:00:00,6.763858e-05,0.000102103586,5.8027683e-05,0.00025317524,0.00057565136,0.00031054372
2018-02-02 02:00:00,0.00013643377,5.784012e-05,0.00031317846,0.00042443982,0.0005128868,0.00021882323
2018-02-02 03:00:00,0.00023464703,0.00046464897,0.0006203634,0.0006370799,0.0003870699,0.00039940537
2018-02-02 04:00:00,0.00028027096,0.00068448,0.00061386975,0.0003020401,0.0003642832,0.0001146258
2018-02-02 05:00:00,0.000550511,0.00020008741,0.00010009657,7.3249255e-05,0.00012742022,8.374369e-05
2018-02-02 06:00:00,0.00013018504,0.00024357079,0.00020543816,0.0005519847,0.0004042249,0.00050259416
2018-02-02 07:00:00,0.0001448879,0.00014433487,0.00034085722,0.00024504642,0.00033542997,0.00027459228
2018-02-02 08:00:00,5.9225982e-05,0.0002913824,0.0002053372,0.00033108838,0.00020614787,0.00027628057
2018-02-02 09:00:00,0.0004089257,0.0002625952,0.00037747773,0.00028865642,0.00034758702,0.0004993679
2018-02-02 10:00:00,4.966076e-05,0.00017416566,4.6038615e-05,7.7759054e-05,0.00016132716,3.8115082e-05
2018-02-02 11:00:00,0.00025086463,3.8347778e-05,0.00011729026,0.00024801746,6.71298e-05,4.952916e-05
2018-02-02 12:00:00,0.00030457234,4.0596606e-05,9.021829e-05,0.00016368083,0.000194644,0.000101758844
2018-02-02 13:00:00,0.00015816715,0.00026613165,5.4206623e-05,1.9051347e-05,0.00022416166,0.00024369541
2018-02-02 14:00:00,0.0002141024,6.1097904e-05,0.00017347328,0.00014675062,0.00014743286,8.273575e-05
2018-02-02 15:00:00,0.00031880807,0.00036202758,3.0502493e-05,3.759729e-05,9.13834e-05,6.378286e-05
2018-02-02 16:00:00,0.000106482825,0.00022573837,0.00025260495,0.00016173413,0.00025011695,0.000108937085
2018-02-02 17:00:00,0.00041809506,0.00030258117,0.00019852562,0.0004406283,0.00017625692,0.00019548117
2018-02-02 18:00:00,4.3356784e-05,0.00010700038,6.760274e-05,0.00011363015,2.6930215e-05,0.00027682172
2018-02-02 19:00:00,0.00021529425,6.0888662e-05,0.00013716072,3.54137e-05,0.00030680664,0.00021530913
2018-02-02 20:00:00,0.00022070107,4.4254677e-05,0.00011277717,0.000318374,0.00035657146,0.00015261644
2018-02-02 21:00:00,0.00032294056,9.220783e-05,0.0002750635,0.00021317214,3.6077694e-05,6.0942173e-05
2018-02-04 22:00:00,0.00019242159,0.0005188459,0.00047188546,0.00021729688,0.00021953706,0.00026305838
2018-02-04 23:00:00,0.00052088517,0.00034256204,7.18836e-05,0.00012646013,9.063577e-05,7.691476e-05
2018-02-05 00:00:00,0.000109889945,0.00028210552,0.0001849383,0.00023451545,0.00027685307,8.16117e-05
2018-02-05 01:00:00,0.00024336507,0.00022135576,0.00012608289,0.00025491024,4.633763e-05,0.000106701315
2018-02-05 02:00:00,5.506393e-05,4.118806e-05,4.929413e-05,0.00019140619,0.00012450259,7.027068e-05
2018-02-05 03:00:00,5.518968e-05,4.5468834e-05,0.00012011057,7.4433905e-05,3.589003e-05,8.702366e-05
2018-02-05 04:00:00,5.7543686e-05,0.00014375028,0.00013565985,3.998831e-05,0.00013129528,0.00017722964
2018-02-05 05:00:00,0.0002940879,9.637322e-05,6.85206e-05,0.0001384734,0.00031660043,0.0002999709
2018-02-05 06:00:00,9.577405e-05,0.00011264385,2.9487244e-05,0.00011768214,0.0002267866,0.00039693023
2018-02-05 07:00:00,0.00010810465,5.1035164e-05,0.00018525646,0.00032558577,0.0004910109,0.0005512573
2018-02-05 08:00:00,0.00020047456,0.00025511146,0.00036118214,0.0005685628,0.00068661076,0.0005259298
2018-02-05 09:00:00,0.00019755769,0.00019099656,0.00047003926,0.00053907017,0.0005454862,0.0006816693
2018-02-05 10:00:00,0.00018165783,0.0003139612,0.00042894934,0.00031527018,0.00045382825,0.00023766293
2018-02-05 11:00:00,0.00042012343,0.00052224984,0.0003112596,0.00041891073,0.00013823799,0.000109985405
2018-02-05 12:00:00,0.00022604257,0.00013332031,0.00015001924,7.999816e-05,0.00014447005,0.00024871528
2018-02-05 13:00:00,0.00015833348,3.2482974e-05,0.00023746875,0.00023784913,0.0005217179,0.0003007153
2018-02-05 14:00:00,8.1757826e-05,0.00024879441,0.00023551218,0.00035975853,0.00029869628,0.00026550656
2018-02-05 15:00:00,0.00036397116,0.00036320416,0.00041740353,0.00034936582,0.00031556856,0.0002490856
2018-02-05 16:00:00,0.00012086863,0.00024147355,0.00014413368,0.000110643756,0.00010141833,0.00010727846
2018-02-05 17:00:00,0.00023162365,9.333777e-05,4.5305904e-05,3.2627227e-05,5.465777e-05,4.5736677e-05
2018-02-05 18:00:00,0.00010853333,0.00012814914,0.00012487007,0.000110125664,0.00014945565,6.480192e-05
2018-02-05 19:00:00,5.1471397e-05,4.0500632e-05,4.8914364e-05,0.0001151945,4.6279845e-05,0.00017112792
2018-02-05 20:00:00,3.935143e-05,4.2901476e-05,6.86773e-05,8.541418e-05,0.000147551,3.0209514e-05
2018-02-05 21:00:00,3.926014e-05,9.394888e-05,5.2889456e-05,0.00019782553,5.67899e-05,0.00015540446
2018-02-05 22:00:00,8.9566725e-05,8.637421e-05,0.00010600535,6.7886824e-05,0.00012575394,0.00016369663
2018-02-05 23:00:00,0.00018371436,9.626424e-05,6.694053e-05,6.489042e-05,0.00014129939,0.00031301417
2018-02-06 00:00:00,0.00032787016,0.00012295312,0.0001267752,0.00027561307,0.0004579667,0.00045657184
2018-02-06 01:00:00,0.00021275273,4.655681e-05,6.930009e-05,0.00019124956,0.00016348835,0.00015393822
2018-02-06 02:00:00,0.00010948501,0.0001806211,0.00029084203,0.00028497606,4.533596e-05,0.00022123853
2018-02-06 03:00:00,0.00015801955,0.00034762523,0.0002286265,0.00010389244,0.00028762544,0.00036836741
2018-02-06 04:00:00,0.00038621586,0.00016572504,0.00025976865,0.000383252,0.0008165047,0.0007175495
2018-02-06 05:00:00,0.00015581984,0.0005564117,0.00062103284,0.00068916206,0.001094441,0.0007897049
2018-02-06 06:00:00,0.0004837488,0.000640559,0.00067343825,0.0012491118,0.001243453,0.0011625449
2018-02-06 07:00:00,0.0003124376,0.00048044315,0.00067677314,0.00051881373,0.0007437346,0.00042454898
2018-02-06 08:00:00,0.00022013058,0.000585242,0.00034389485,0.0006212315,0.0005665842,0.00017531522
2018-02-06 09:00:00,0.00061739923,0.00021291563,0.000375865,0.00031289185,5.7025623e-05,0.00027041524
2018-02-06 10:00:00,0.00022414143,8.797581e-05,3.864005e-05,0.0004659219,0.00043640743,0.0003294788
2018-02-06 11:00:00,0.00035268674,0.00016569438,0.00016446266,0.00040589523,0.00023727369,0.00035202852
2018-02-06 12:00:00,9.4052826e-05,0.00058186066,0.00061602786,0.00060884166,0.0006513181,0.00042271745
2018-02-06 13:00:00,0.0005304288,0.0008558779,0.00039581597,0.0005540487,0.0003183136,0.00047266312
2018-02-06 14:00:00,0.00043037886,9.228956e-05,0.00017760183,5.68194e-05,0.00011538937,0.00012457112
2018-02-06 15:00:00,0.00034053638,8.717675e-05,0.00015746763,5.9801583e-05,0.00014154706,0.00013553222
2018-02-06 16:00:00,0.0002316226,3.3151024e-05,0.00019451737,9.0544454e-05,2.7262855e-05,3.5332338e-05
2018-02-06 17:00:00,0.0002179675,4.066441e-05,6.829497e-05,0.00011501601,8.391565e-05,0.00022237998
2018-02-06 18:00:00,0.00018622194,6.8481524e-05,3.3379176e-05,4.47624e-05,0.00015669518,0.00010931277
2018-02-06 19:00:00,0.000106829655,0.00016577824,0.00010931582,0.0003124464,0.00016318382,0.00020232673
2018-02-06 20:00:00,0.00010615103,0.00013303911,0.00024774772,0.00014152117,0.00012717326,0.00028288565
2018-02-06 21:00:00,8.295235e-05,0.00023426079,0.00013358252,9.848758e-05,0.00020825672,0.00012249492
2018-02-06 22:00:00,0.0001990188,8.712291e-05,7.1225084e-05,0.00016808957,0.00012982321,0.00023946713
2018-02-06 23:00:00,6.650376e-05,6.6296256e-05,8.595789e-05,2.9369556e-05,0.00025834123,0.00026714418
2018-02-07 00:00:00,3.1370928e-05,0.00012222881,6.867318e-05,0.00026136305,0.00036107813,0.00027239588
2018-02-07 01:00:00,0.00020954448,7.892312e-05,0.00025998865,0.00032531953,0.00040784955,0.00025524103
2018-02-07 02:00:00,9.525067e-05,0.0002291706,0.00032159634,0.0002284554,0.00021479849,0.0003677958
2018-02-07 03:00:00,0.00034411318,0.0005570972,0.00026144128,0.00019290305,0.0002606609,0.0003025995
2018-02-07 04:00:00,0.00026585977,0.000113980845,3.056876e-05,0.0001512078,7.9281235e-05,0.00022715166
2018-02-07 05:00:00,7.377427e-05,0.00013962403,5.4808923e-05,7.513618e-05,6.9889065e-05,0.000111299145
2018-02-07 06:00:00,0.00014285087,9.966819e-05,3.961422e-05,0.0001495613,0.00016055323,0.00022126436
2018-02-07 07:00:00,0.00034997595,7.438773e-05,0.0002284858,0.00032000104,0.000280695,0.0002652287
2018-02-07 08:00:00,0.00014554066,4.763836e-05,9.236248e-05,0.0001756309,0.00010140554,5.4554905e-05
2018-02-07 09:00:00,0.00019562259,0.00023221863,0.00020853443,0.00018762592,0.00013001397,0.00021191873
2018-02-07 10:00:00,8.511836e-05,0.00012327662,5.2918676e-05,3.5995938e-05,0.00043396873,0.000493457
2018-02-07 11:00:00,9.8011405e-05,3.495543e-05,6.4120584e-05,0.00044205814,0.000501177,0.0004881431
2018-02-07 12:00:00,0.00013232023,0.00012467032,0.00045445058,0.00066215714,0.00052864023,0.0006862617
2018-02-07 13:00:00,9.551844e-05,0.00048335025,0.00063930644,0.00056887825,0.00049073045,0.0005172994
2018-02-07 14:00:00,0.00057247,0.0005480279,0.0005395265,0.00053264515,0.00048546266,0.00042627013
2018-02-07 15:00:00,0.00020267544,0.00016859877,0.00019259687,0.00016373835,0.00024031669,0.00015507167
2018-02-07 16:00:00,6.341996e-05,5.5422126e-05,3.0030684e-05,3.3116918e-05,4.5893983e-05,4.3334363e-05
2018-02-07 17:00:00,0.0001084766,3.0225916e-05,6.929729e-05,6.722535e-05,3.11912e-05,6.323058e-05
2018-02-07 18:00:00,6.5163615e-05,3.0970965e-05,3.3898894e-05,5.882105e-05,8.985427e-05,8.994936e-05
2018-02-07 19:00:00,6.4842694e-05,4.21915e-05,4.295378e-05,5.1304974e-05,5.0469054e-05,3.856488e-05
2018-02-07 20:00:00,3.413073e-05,6.302748e-05,8.574668e-05,8.3617386e-05,8.149659e-05,0.000120241784
2018-02-07 21:00:00,9.8047305e-05,0.00013795008,0.00012083036,4.9600174e-05,0.00010110569,0.000102374
2018-02-07 22:00:00,7.731399e-05,3.9568866e-05,3.7793136e-05,8.614046e-05,7.340846e-05,5.1291983e-05
2018-02-07 23:00:00,3.8133723e-05,4.398509e-05,7.175438e-05,2.846953e-05,3.538693e-05,0.00021404182
2018-02-08 00:00:00,3.3072072e-05,8.830106e-05,5.4762375e-05,2.129849e-05,0.00032943557,0.00021125311
2018-02-08 01:00:00,0.00015935874,6.911041e-05,5.4770226e-05,0.00022114402,0.000200629,0.00011509155
2018-02-08 02:00:00,5.7602643e-05,6.759802e-05,0.00038414667,0.00024153868,5.4812266e-05,0.00022118106
2018-02-08 03:00:00,3.3954486e-05,0.0003760614,0.00028565325,5.601122e-05,0.0002957833,8.403954e-05
2018-02-08 04:00:00,0.0004548585,0.00030636904,8.555058e-05,0.0002510647,0.00012582657,0.00016647416
2018-02-08 05:00:00,0.00016315897,0.0005938305,0.0008469261,0.00031431235,0.00048318706,0.0006662268
2018-02-08 06:00:00,0.00042154954,0.0005628726,0.0004604004,0.00032830742,0.0006301114,0.00051830924
2018-02-08 07:00:00,0.0003747876,5.8449048e-05,0.00013501264,0.00029474637,0.00023009442,0.00017061786
2018-02-08 08:00:00,0.0002751526,7.218774e-05,0.00012527317,3.492004e-05,5.3761112e-05,0.00031875202
2018-02-08 09:00:00,0.00012078113,0.0002739363,0.00030643068,0.00010732442,0.00049316767,0.00053800055
2018-02-08 10:00:00,0.00035250903,0.00014021575,7.3217314e-05,0.00037860742,0.00052579556,0.00038824673
2018-02-08 11:00:00,8.234806e-05,0.00014789801,0.00023117245,0.0002791975,0.0003360338,0.00045607545
2018-02-08 12:00:00,0.00012402152,0.00036850048,0.0004553567,0.00025662882,0.00057651725,0.0006911689
2018-02-08 13:00:00,0.00060426316,0.0005445561,0.000558051,0.00055325544,0.00057908474,0.0008079237
2018-02-08 14:00:00,0.0001535237,0.00015187579,0.00030760057,0.00036674147,0.0005270164,0.00031216838
2018-02-08 15:00:00,5.047873e-05,0.00014053874,0.00023816967,0.00036699467,0.00030054047,0.0003066065
2018-02-08 16:00:00,0.0003174383,0.00036832472,0.00050285086,0.00026176884,0.00034249874,0.0003912987
2018-02-08 17:00:00,0.00018989372,0.00026480536,0.00010643868,7.4675605e-05,0.00017792563,0.00018762285
2018-02-08 18:00:00,0.00022986266,4.7461526e-05,4.3664633e-05,8.4278836e-05,8.0706166e-05,5.6525867e-05
2018-02-08 19:00:00,0.00018256981,0.00011638842,6.383202e-05,9.560785e-05,0.00019537592,0.0003003012
2018-02-08 20:00:00,6.0257466e-05,7.1178845e-05,2.4740466e-05,5.336507e-05,0.0001478436,7.600633e-05
2018-02-08 21:00:00,0.00012905459,6.870352e-05,7.3507035e-05,7.0912676e-05,5.211961e-05,0.00011838819
2018-02-08 22:00:00,7.664405e-05,0.00018630462,0.00016220321,0.00012142744,0.00027129048,0.00017710285
2018-02-08 23:00:00,0.00013530327,0.00015202412,9.689495e-05,0.00017343099,0.0001266371,8.833715e-05
2018-02-09 00:00:00,9.7579374e-05,2.7386466e-05,7.7644596e-05,3.727564e-05,4.710708e-05,0.000116010924
2018-02-09 01:00:00,0.00010886568,4.2558986e-05,4.123941e-05,3.266856e-05,0.0001886076,3.270658e-05
2018-02-09 02:00:00,9.618736e-05,6.917915e-05,5.92161e-05,6.698694e-05,6.172212e-05,0.00017123125
2018-02-09 03:00:00,5.9555285e-05,3.285813e-05,0.00026934364,2.9717577e-05,8.3393636e-05,6.187264e-05
2018-02-09 04:00:00,3.2049596e-05,0.00020942099,4.466003e-05,0.00011221049,9.369143e-05,8.271304e-05
2018-02-09 05:00:00,0.00023567886,2.9458513e-05,0.000118603224,5.4022228e-05,0.00010127068,6.45673e-05
2018-02-09 06:00:00,0.00026227476,0.00031562793,0.00027717155,0.00018236606,0.0002396773,0.0007029822
2018-02-09 07:00:00,0.00011273463,5.5973745e-05,7.1991955e-05,5.8669306e-05,0.00059974,0.00069308485
2018-02-09 08:00:00,5.5084678e-05,5.5763736e-05,6.3008854e-05,0.00038795624,0.000938895,0.00050400355
2018-02-09 09:00:00,2.5441721e-05,3.2339383e-05,0.0005343766,0.0007472938,0.0006775514,0.00048300388
2018-02-09 10:00:00,3.0030942e-05,0.0006086312,0.0009335739,0.000501943,0.0005560371,0.00021738379
2018-02-09 11:00:00,0.0007011657,0.0010196847,0.0006645074,0.0005144473,0.00022370019,0.00025888148
2018-02-09 12:00:00,0.0003783058,0.00014498824,2.8330778e-05,0.00028027402,0.00030036212,6.316632e-05
2018-02-09 13:00:00,0.00016654386,0.00028224746,0.000585112,0.0004439307,0.00019423998,0.0004262834
2018-02-09 14:00:00,0.00018613564,0.00040982713,0.000525509,0.00015706824,0.00033923387,0.00019504939
2018-02-09 15:00:00,0.0004954417,0.0003888951,8.7280845e-05,0.0001615384,0.00010219002,0.00014439886
2018-02-09 16:00:00,2.6344913e-05,0.00019654099,8.675704e-05,0.00023385926,0.00047048135,0.0002648652
2018-02-09 17:00:00,0.00027094624,0.00016089795,0.00018796379,0.0003882361,0.0002779036,0.00010725632
2018-02-09 18:00:00,0.00025808776,3.9764123e-05,0.00023397598,4.9224655e-05,7.044014e-05,4.6498095e-05
2018-02-09 19:00:00,0.00016552747,0.0004700832,0.00023017563,6.681765e-05,0.0001313304,2.4975116e-05
2018-02-09 20:00:00,0.00045230993,0.00014754628,5.435943e-05,2.0563168e-05,4.8905542e-05,2.2421611e-05
2018-02-09 21:00:00,0.0003110645,0.0003243709,0.00030296072,0.0003586773,0.00022864681,0.00028951498
2018-02-11 22:00:00,0.00021731897,0.00010796458,0.00018071855,7.261418e-05,0.00012558464,0.00013154258
2018-02-11 23:00:00,9.202165e-05,4.3238317e-05,6.0634786e-05,2.0505602e-05,4.8299626e-05,5.9807182e-05
2018-02-12 00:00:00,0.000118522876,5.5298286e-05,0.00010738815,6.570299e-05,3.5087287e-05,0.00014031795
2018-02-12 01:00:00,0.000120806006,4.4926084e-05,3.0141353e-05,7.744335e-05,0.00020462705,3.5262077e-05
2018-02-12 02:00:00,9.300832e-05,8.342905e-05,4.423747e-05,0.00014201681,0.0001051938,8.030655e-05
2018-02-12 03:00:00,3.9132214e-05,9.853329e-05,0.0002393657,4.09552e-05,4.4832257e-05,5.6685498e-05
2018-02-12 04:00:00,0.00012515491,0.00024481086,4.3368178e-05,2.4728128e-05,4.494632e-05,0.00015425292
2018-02-12 05:00:00,0.00020135976,0.00012815752,7.619445e-05,9.59111e-05,6.464455e-05,0.00014317113
2018-02-12 06:00:00,0.0004479745,0.00027774973,0.0002540951,7.101997e-05,3.6929887e-05,5.3677617e-05
2018-02-12 07:00:00,3.8653932e-05,2.9339659e-05,0.00020350025,0.00022818503,0.00039224952,0.0006266653
2018-02-12 08:00:00,4.28122e-05,0.00022375854,0.00019194107,0.00022156976,0.00074988115,0.00042980257
2018-02-12 09:00:00,0.00023389213,0.0002641753,0.00033400598,0.00047081822,0.00060821796,0.0003843678
2018-02-12 10:00:00,0.000106856794,0.00015594858,0.00060451427,0.00023776542,0.00030425275,0.0002861985
2018-02-12 11:00:00,5.32253e-05,0.00053097855,0.00030817604,0.0002667999,0.00015126674,0.00022117421
2018-02-12 12:00:00,0.0005761388,0.00018642747,0.00026312674,8.80948e-05,0.00019700162,0.00041436596
2018-02-12 13:00:00,0.00025520718,9.066309e-05,0.00031035725,0.00019266327,0.00011586176,0.00022655947
2018-02-12 14:00:00,7.082223e-05,0.00015367098,3.3254815e-05,0.00029920158,0.00036824128,0.0006689246
2018-02-12 15:00:00,0.00021204194,6.1541214e-05,0.00025710682,0.0003423706,0.0007167575,0.000375362
2018-02-12 16:00:00,0.00012833397,0.00036718836,0.00052842795,0.0006931669,0.0006488106,0.0005728543
2018-02-12 17:00:00,0.00047298716,0.00050005823,0.00068922376,0.0004244551,0.00046957124,0.00052288716
2018-02-12 18:00:00,0.00022146436,0.0005108421,0.00024077838,0.00033045016,0.00017981938,0.00023632971
2018-02-12 19:00:00,0.00047602045,0.00015353214,0.0002206645,6.0610637e-05,0.00018059455,0.00016152115
2018-02-12 20:00:00,0.00020264745,4.0464503e-05,0.00024797156,0.00010636154,9.251075e-05,3.939337e-05
2018-02-12 21:00:00,0.00011248904,0.00015802734,4.2906362e-05,5.9044807e-05,0.0001166479,0.00019307695
2018-02-12 22:00:00,0.0003131139,0.00012825665,6.2936604e-05,2.8114388e-05,0.00013327661,7.5167205e-05
2018-02-12 23:00:00,0.00013581767,0.0001745747,0.00019679088,0.00024188448,0.00011285948,4.897596e-05
2018-02-13 00:00:00,8.046448e-05,8.795558e-05,0.00022308866,2.7730113e-05,6.636835e-05,0.00016819689
2018-02-13 01:00:00,7.9362704e-05,0.00025387164,5.431507e-05,0.000111276975,0.0002844279,0.00048495707
2018-02-13 02:00:00,0.00018128206,9.998766e-05,0.00016670454,0.0003253235,0.0006759397,0.00042219117
2018-02-13 03:00:00,0.00037232033,0.0002579991,0.00046694587,0.0005939165,0.0006577649,0.0006581375
2018-02-13 04:00:00,0.00013305228,0.00028195683,0.00051073486,0.00027756463,0.00045220598,5.746052e-05
2018-02-13 05:00:00,0.00027036233,0.00042983377,0.00027130765,0.00025346407,0.00010216051,0.00042554163
2018-02-13 06:00:00,0.00042308692,0.00013988311,0.00016040397,0.0002821545,0.0007114238,0.00073069346
2018-02-13 07:00:00,0.00032987547,0.00010464321,0.0005482665,0.0007347653,0.0010812035,0.0008503311
2018-02-13 08:00:00,7.319399e-05,0.0003877543,0.00090467284,0.00052896846,0.0008766791,0.0007577953
2018-02-13 09:00:00,0.00079987495,0.0008756587,0.00087889074,0.00091726513,0.0009591082,0.00025329032
2018-02-13 10:00:00,0.0005844436,0.00037131496,0.00034777736,0.00033104297,7.899774e-05,0.0002051458
2018-02-13 11:00:00,7.8122684e-05,4.4144024e-05,5.5628123e-05,0.0003356238,0.00046289127,0.00077964336
2018-02-13 12:00:00,0.00014168856,3.1090767e-05,0.0005288281,0.000521102,0.0006854586,0.0005789485
2018-02-13 13:00:00,0.00015541937,0.00058556657,0.0009580802,0.00048027243,0.00052477716,0.00034810102
2018-02-13 14:00:00,0.0006694618,0.00077928643,0.0008159679,0.000544846,0.00033313563,0.00021044801
2018-02-13 15:00:00,0.00016103998,0.00029162038,0.0001304112,0.000108717904,6.544025e-05,4.7731326e-05
2018-02-13 16:00:00,0.00010675062,3.6224894e-05,0.00026140537,0.0001558914,0.00015583141,0.00014682142
2018-02-13 17:00:00,9.502904e-05,0.00033730484,0.00039396348,0.0003191587,0.00029965886,0.00013584062
2018-02-13 18:00:00,0.0003919516,0.00021659918,0.00020397447,0.00012117084,6.5136126e-05,4.2664255e-05
2018-02-13 19:00:00,5.6827554e-05,9.9932404e-05,0.00013846942,0.00014382333,0.00015492449,0.00013712977
2018-02-13 20:00:00,0.00010184197,8.144165e-05,0.00014033644,0.00019480922,0.000110816894,0.00014632156
2018-02-13 21:00:00,4.9580358e-05,9.670121e-05,0.00015171876,5.4896806e-05,9.2949595e-05,0.00011129846
2018-02-13 22:00:00,0.0001745352,0.00011703593,5.437688e-05,3.8471666e-05,9.311946e-05,0.00013377196
2018-02-13 23:00:00,6.3143154e-05,5.4280736e-05,4.1788968e-05,2.7192184e-05,4.668346e-05,0.00010422505
2018-02-14 00:00:00,0.000100569356,7.62847e-05,3.2138894e-05,2.3979985e-05,9.185013e-05,7.386987e-05
2018-02-14 01:00:00,4.1585667e-05,5.16746e-05,0.00011874249,0.00011937929,3.2310327e-05,6.843645e-05
2018-02-14 02:00:00,5.8874408e-05,7.5053846e-05,0.00017895177,3.533663e-05,0.00010874547,0.00042624195
2018-02-14 03:00:00,5.548748e-05,0.00011478977,6.488293e-05,0.00012566382,0.00055355,0.0005733987
2018-02-14 04:00:00,0.00011644537,0.00011012688,0.00018517351,0.00047041298,0.00069988536,0.0005273413
2018-02-14 05:00:00,0.00013979209,0.0003901407,0.00048682973,0.0005931743,0.000499257,0.0007149892
2018-02-14 06:00:00,9.943466e-05,0.00036797446,0.00066459295,0.00039794177,0.0005392416,0.0004669484
2018-02-14 07:00:00,0.00056342076,0.00052685814,0.00046860558,0.0004038268,0.00046009402,0.00041775202
2018-02-14 08:00:00,0.00021165474,2.3723827e-05,0.00010433817,0.00011436397,0.0001153396,0.00069258665
2018-02-14 09:00:00,0.00020404723,5.0649345e-05,5.8351416e-05,2.0967296e-05,0.0006333397,0.0006974904
2018-02-14 10:00:00,0.0001620258,0.00012849305,9.2891954e-05,0.0006204819,0.00088330044,0.0010037527
2018-02-14 11:00:00,8.1953534e-05,3.9196108e-05,0.00075362093,0.00056150183,0.000933932,0.00083715667
2018-02-14 12:00:00,8.976638e-05,0.00064139656,0.0007221232,0.0005926563,0.0011302783,0.000839672
2018-02-14 13:00:00,0.00071648636,0.00099311,0.0009314466,0.0008368515,0.00093974546,0.0010146843
2018-02-14 14:00:00,0.00024838222,0.00025329186,0.00042899622,0.0001313926,0.00044834497,0.00033914746
2018-02-14 15:00:00,0.00016436471,0.00028895482,6.457319e-05,0.00024381513,0.00023678638,0.00031329796
2018-02-14 16:00:00,0.00017110692,9.210623e-05,0.00012370016,8.661646e-05,0.00022605655,3.2153108e-05
2018-02-14 17:00:00,0.0003168868,3.5588964e-05,4.022057e-05,9.616554e-05,0.00011680644,0.0001344033
2018-02-14 18:00:00,0.00027026018,0.00019182368,0.00028770193,7.423563e-05,6.393171e-05,6.725722e-05
2018-02-14 19:00:00,5.2181487e-05,0.00010584312,0.00013877777,0.00014161628,0.0001567088,0.00017635907
2018-02-14 20:00:00,0.00013909751,0.00015499273,0.00014434956,0.00012476677,0.0001560552,0.00015373944
2018-02-14 21:00:00,0.00035398474,0.00030322938,0.00030358272,0.00025225512,0.0002725679,8.32377e-05
2018-02-14 22:00:00,7.226957e-05,5.2289175e-05,8.236392e-05,4.4238986e-05,0.00017152069,6.602828e-05
2018-02-14 23:00:00,3.031026e-05,4.999975e-05,5.4078268e-05,0.00016489171,3.114417e-05,8.0817044e-05
2018-02-15 00:00:00,7.425794e-05,3.708796e-05,0.00020653983,2.4725758e-05,9.5143965e-05,8.345975e-05
2018-02-15 01:00:00,2.675542e-05,0.00026097655,4.4081862e-05,0.00011973583,0.00011374818,0.00038932578
2018-02-15 02:00:00,0.00036510947,4.4582303e-05,0.00018500257,8.291691e-05,0.00044577447,0.00050943036
2018-02-15 03:00:00,0.0003195901,8.076035e-05,0.000108917506,0.00015331674,0.000380675,0.00012499864
2018-02-15 04:00:00,0.00018520717,0.000113276146,0.0005181357,0.00044932408,0.00037528854,0.00043259287
2018-02-15 05:00:00,7.1745315e-05,0.00033975218,0.000491607,0.00022290715,0.00041590843,0.00029672356
2018-02-15 06:00:00,0.00049531355,0.00046780295,0.00033935587,0.00032361853,0.00038374626,6.2820625e-05
2018-02-15 07:00:00,0.00024847244,6.0990526e-05,0.00011653732,6.0061655e-05,0.00042403422,0.0004021398
2018-02-15 08:00:00,0.00025928102,4.334087e-05,7.744509e-05,0.0005730212,0.0005789681,0.00022796718
2018-02-15 09:00:00,0.00023765155,0.00017117414,0.00041661062,0.0003819886,0.00014842898,8.999717e-05
2018-02-15 10:00:00,9.236932e-05,0.0005293088,0.000574714,0.0002335255,9.7682816e-05,0.00015772316
2018-02-15 11:00:00,0.00065184385,0.00049174426,0.00035579118,5.0532857e-05,0.000163886,0.00027313904
2018-02-15 12:00:00,3.4977715e-05,0.00021566275,0.00042840108,0.00024673317,0.00012750167,0.00014244279
2018-02-15 13:00:00,0.00035546388,0.00049868145,0.0003973693,0.00014417729,0.00014624426,0.00032226703
2018-02-15 14:00:00,0.00043240437,0.00011373182,9.154526e-05,4.1967112e-05,0.00024412834,0.00016928952
2018-02-15 15:00:00,0.00021392171,0.00032854496,0.0003728347,4.1527826e-05,4.84093e-05,9.476669e-05
2018-02-15 16:00:00,0.00027109086,0.00020078004,9.065263e-05,4.5551194e-05,5.6610494e-05,0.000137631
2018-02-15 17:00:00,5.4214484e-05,0.0002860989,0.0002953815,0.0002188279,0.000108146276,0.00020463168
2018-02-15 18:00:00,0.0004286523,0.0003633769,0.00020606257,6.499033e-05,0.00010337461,0.00011060201
2018-02-15 19:00:00,3.5084813e-05,5.5470762e-05,0.00021662182,0.00014290395,0.00011491927,0.00013269817
2018-02-15 20:00:00,6.7121124e-05,0.00023550897,0.00017160676,8.693048e-05,0.00015261455,0.00015801935
2018-02-15 21:00:00,0.00023756339,0.00011427619,7.93657e-05,7.309476e-05,0.00011910037,6.3489315e-05
2018-02-15 22:00:00,0.00010104059,0.00014950802,0.000106258885,6.108814e-05,8.861132e-05,5.924761e-05
2018-02-15 23:00:00,4.203602e-05,2.9210823e-05,4.8031154e-05,3.1060932e-05,3.6420366e-05,0.00014076282
2018-02-16 00:00:00,5.296508e-05,9.21467e-05,3.5545432e-05,6.0155035e-05,0.00016210982,0.00033977814
2018-02-16 01:00:00,6.15639e-05,4.2603322e-05,6.380346e-05,9.471434e-05,0.00036536023,0.00017993673
2018-02-16 02:00:00,7.0451046e-05,2.3883935e-05,0.00011178103,0.00027618685,0.00014538647,7.9794445e-05
2018-02-16 03:00:00,8.446996e-05,0.00017281644,0.00041960456,0.0002244069,0.000120261546,5.1795003e-05
2018-02-16 04:00:00,0.00014589085,0.00043681837,0.00018099364,9.081218e-05,2.905609e-05,0.00023757445
2018-02-16 05:00:00,0.00033723583,8.969291e-05,2.4349916e-05,0.00011894402,0.0003573707,0.00020279261
2018-02-16 06:00:00,0.0002835397,0.0002393364,0.00030225454,0.0004819284,0.0003918974,9.2705595e-05
2018-02-16 07:00:00,0.00011339316,0.00011355175,0.00042650552,0.00020826516,7.150672e-05,0.00020049965
2018-02-16 08:00:00,0.00012833918,0.00047241157,0.00022859186,0.00012601739,0.000128927,0.00016694746
2018-02-16 09:00:00,0.0003643517,0.0001565151,0.00017745142,3.248712e-05,0.00017100539,0.0003275469
2018-02-16 10:00:00,0.0001254723,0.0005204663,0.00021953504,8.154659e-05,0.00019332899,0.00026498665
2018-02-16 11:00:00,0.00048158827,0.00013029328,4.1273735e-05,0.00024906502,0.0003988918,0.00022427886
2018-02-16 12:00:00,0.00033428808,0.00040402426,0.0006047468,0.0005233039,0.0004837995,0.00055674283
2018-02-16 13:00:00,0.00013295839,0.0003867795,0.0005534015,0.00036149073,0.00033210576,0.00021318988
2018-02-16 14:00:00,0.00037023085,0.00048152145,0.00027866714,0.00025239965,0.00022401595,2.9503524e-05
2018-02-16 15:00:00,0.00026579332,4.7687765e-05,8.4838866e-05,9.593793e-05,0.00023904174,0.0002629955
2018-02-16 16:00:00,0.00033526268,0.00023590922,0.00034130286,0.0003117642,0.00052763463,0.0004370851
2018-02-16 17:00:00,6.209349e-05,0.00010907881,0.00030785162,0.0002557505,0.00028579065,0.00049189886
2018-02-16 18:00:00,8.179659e-05,0.0002734971,0.00030220297,0.00030789993,0.0004124683,0.00051797176
2018-02-16 19:00:00,0.00020291205,0.00031337302,0.0001913287,0.0002341251,0.00042271178,0.00052722584
2018-02-16 20:00:00,6.539699e-05,8.952716e-05,0.00017801269,0.0002228901,0.00043988883,0.00037142468
2018-02-16 21:00:00,4.446691e-05,0.00016412171,0.0002966946,0.00044297447,0.00037818484,0.00037313686
2018-02-18 22:00:00,0.00020975272,0.00033027862,0.00043669197,0.00030160963,0.00050021615,0.00028984708
2018-02-18 23:00:00,0.00017688303,0.00027101923,0.00033871387,0.00028436419,0.00027871144,0.00030479179
2018-02-19 00:00:00,0.00019610688,0.0002837708,0.00020336304,0.00012999332,0.00026773752,3.98483e-05
2018-02-19 01:00:00,7.177092e-05,4.5536683e-05,3.293865e-05,3.9609786e-05,0.0001710754,0.00013973928
2018-02-19 02:00:00,2.6887496e-05,6.420201e-05,4.3350243e-05,0.0002091099,0.00019633149,0.0002605106
2018-02-19 03:00:00,6.751658e-05,5.6347326e-05,0.00025137738,0.00019641468,0.00027236174,0.00023220805
2018-02-19 04:00:00,0.00014091241,0.00018704902,0.00017216858,0.00023979711,0.00016813894,0.0001754867
2018-02-19 05:00:00,0.0004400427,0.00024292391,0.0004313567,0.0001866566,0.00024551185,0.0003305936
2018-02-19 06:00:00,7.526858e-05,0.00010023142,3.0249455e-05,2.6856398e-05,9.253659e-05,0.00032378678
2018-02-19 07:00:00,0.00015810014,5.949755e-05,5.368252e-05,0.00011674893,0.00028517513,0.0001223784
2018-02-19 08:00:00,9.719225e-05,6.638666e-05,3.8371054e-05,0.00026766144,3.670148e-05,0.00014894606
2018-02-19 09:00:00,4.4594897e-05,0.00011809273,0.00031531075,6.638978e-05,0.000114419345,5.107944e-05
2018-02-19 10:00:00,0.00015282704,0.00032480757,9.6647826e-05,5.616998e-05,6.177678e-05,8.397967e-05
2018-02-19 11:00:00,0.00032206767,3.2717202e-05,0.00013069899,6.330423e-05,0.00014483854,0.00024982428
2018-02-19 12:00:00,0.00031000935,0.00055027864,0.00041997002,0.00034628285,0.00048728278,0.00049991027
2018-02-19 13:00:00,0.00028238934,6.629219e-05,0.00019894962,0.00019378022,0.00025480383,0.00026548697
2018-02-19 14:00:00,0.00022369472,3.0223264e-05,9.891112e-05,8.3296756e-05,0.00018301516,8.6109045e-05
2018-02-19 15:00:00,0.00017357408,0.0002533542,0.00023273299,0.00023735664,0.00024486528,0.00027246296
2018-02-19 16:00:00,0.000120771765,0.00011137778,0.00023507651,0.0001301946,0.00021203246,0.0002699988
2018-02-19 17:00:00,3.9831804e-05,0.000107908585,0.00010719002,0.00011501044,0.000184371,4.696209e-05
2018-02-19 18:00:00,0.00018501884,9.823048e-05,0.00010923057,0.00016633075,4.4392546e-05,0.00015446702
2018-02-19 19:00:00,5.0670886e-05,3.5313842e-05,0.00012724286,6.6049484e-05,3.1869575e-05,3.520062e-05
2018-02-19 20:00:00,5.772177e-05,0.0002027293,5.49503e-05,5.415649e-05,3.132541e-05,4.0812007e-05
2018-02-19 21:00:00,0.00020686949,4.9720824e-05,5.9727987e-05,2.5192994e-05,4.0033094e-05,0.00014190128
2018-02-19 22:00:00,0.00028709648,0.00010029744,0.00012370528,9.508682e-05,6.0811723e-05,0.00016861132
2018-02-19 23:00:00,0.00012814374,5.9776634e-05,4.9037273e-05,0.0001853952,0.0004000341,0.00027943598
2018-02-20 00:00:00,7.7891e-05,3.3979308e-05,0.00013495912,0.00015436094,0.0003689181,0.00029260563
2018-02-20 01:00:00,3.713314e-05,0.00018013983,0.00022023576,0.0002767873,0.0003464682,0.00029986992
2018-02-20 02:00:00,0.00021430019,0.0002052803,0.00039946788,0.0002909918,0.00041387515,0.0002861909
2018-02-20 03:00:00,0.00017346293,0.0002014176,0.00022451658,0.00014541489,0.0001281509,0.00037672953
2018-02-20 04:00:00,7.2153416e-05,4.2325835e-05,8.9743175e-05,2.0412446e-05,0.00025285527,0.0003331172
2018-02-20 05:00:00,3.8830338e-05,5.7390047e-05,5.6083063e-05,0.00045794272,0.0002523848,0.00027641663
2018-02-20 06:00:00,8.179959e-05,3.5927656e-05,0.00049229444,0.00027867305,0.00030015988,0.0002785023
2018-02-20 07:00:00,0.00012577938,0.00043089845,0.00028654732,0.00015999311,0.0003133604,0.00060301827
2018-02-20 08:00:00,0.0008309478,0.00037588188,0.00038104388,0.0002580191,0.00064814964,0.0005798727
2018-02-20 09:00:00,0.00017756743,0.00012492889,8.518695e-05,0.00016814505,0.00011582161,0.00015835828
2018-02-20 10:00:00,4.5183133e-05,5.355052e-05,0.00026868196,0.00017080942,0.00021657837,0.00014490089
2018-02-20 11:00:00,7.181036e-05,0.00039236626,0.00019273201,0.00020567274,0.00013910398,9.449292e-05
2018-02-20 12:00:00,0.00042819383,0.00014537471,0.00025599424,0.00012245907,6.005798e-05,0.00012595861
2018-02-20 13:00:00,0.00017855884,7.4623604e-05,0.00018685893,0.00021161782,0.0001383649,0.000117208074
2018-02-20 14:00:00,8.48727e-05,6.601168e-05,0.00012968417,4.530471e-05,2.25975e-05,0.00013939636
2018-02-20 15:00:00,0.00014030539,0.00026750573,0.00014082468,8.160338e-05,0.00018074586,0.00020195275
2018-02-20 16:00:00,0.000107357075,2.8886097e-05,6.104002e-05,5.3577067e-05,4.1351126e-05,2.9563591e-05
2018-02-20 17:00:00,0.00014821126,0.00012147551,3.4284254e-05,3.7286234e-05,9.565202e-05,6.9119786e-05
2018-02-20 18:00:00,5.9890226e-05,7.6569566e-05,7.837647e-05,3.7844322e-05,6.2273364e-05,3.1180534e-05
2018-02-20 19:00:00,0.000106344436,9.1755166e-05,5.8495203e-05,6.62534e-05,4.049769e-05,0.00022334879
2018-02-20 20:00:00,4.4302073e-05,5.5961413e-05,3.8451006e-05,8.8348745e-05,0.00037753864,0.0003355004
2018-02-20 21:00:00,5.973622e-05,3.5984696e-05,5.4706044e-05,0.00025471585,0.0004692479,0.00033234496
2018-02-20 22:00:00,3.858181e-05,3.718892e-05,0.00029976037,0.00030812042,0.00027847785,0.00027619844
2018-02-20 23:00:00,6.905768e-05,0.00044271478,0.00062548084,0.00024315147,0.0002766752,0.0002273892
2018-02-21 00:00:00,0.00053849164,0.0004630599,0.00030102508,0.0002680327,0.00018434014,0.00020166778
2018-02-21 01:00:00,0.00018245007,7.5183285e-05,4.4118082e-05,6.735782e-05,9.858934e-05,0.00018649234
2018-02-21 02:00:00,0.00025289677,9.439553e-05,0.00025311348,0.00017490493,0.0002960422,0.00036706153
2018-02-21 03:00:00,4.422895e-05,6.512553e-05,5.9163573e-05,0.000118846605,0.00027020412,0.00021736065
2018-02-21 04:00:00,9.4747375e-05,7.675034e-05,0.00020296681,0.00024339827,0.0003091388,0.0002962791
2018-02-21 05:00:00,3.1813397e-05,9.169053e-05,0.00024560673,0.0001665485,0.0005075954,0.0002723313
2018-02-21 06:00:00,0.00016312988,0.00034579748,0.00030626223,0.00036070903,0.00040186697,0.00079232105
2018-02-21 07:00:00,0.00025345478,0.000106049025,0.00029416138,0.00027162605,0.00076363515,0.00045617533
2018-02-21 08:00:00,7.345171e-05,0.00017743187,0.00012959051,0.0005389796,0.00035086388,0.00054563704
2018-02-21 09:00:00,0.0002499489,0.00025593294,0.00071323133,0.00032248205,0.0005428123,0.00048685292
2018-02-21 10:00:00,3.433965e-05,0.00052169146,0.00016682806,0.00081948476,0.000591043,0.0007023376
2018-02-21 11:00:00,0.0008503699,0.00034132408,0.0007492695,0.0006035974,0.00095761876,0.00090781506
2018-02-21 12:00:00,0.000344196,0.000873574,0.0012891822,0.0010098465,0.0017309993,0.0016930127
2018-02-21 13:00:00,0.0012605992,0.0011464262,0.0009449983,0.0010142138,0.0013484163,0.0013289569
2018-02-21 14:00:00,0.00017249769,0.00021371838,0.0002367723,0.00030572372,0.0010894313,0.00049926765
2018-02-21 15:00:00,0.00037930714,0.00042835926,0.0005766139,0.0006893603,0.00059730053,0.0006462069
2018-02-21 16:00:00,0.000109053355,0.00029808076,0.00057041936,0.0002810318,0.0005104641,0.00054252247
2018-02-21 17:00:00,0.00018457898,0.00058845594,0.00031471174,0.00027103402,0.0006256998,0.0003146535
2018-02-21 18:00:00,0.0005587295,0.00011727001,0.0002119136,0.00038264072,0.00017833315,0.00029468612
2018-02-21 19:00:00,0.00029438126,0.00012280318,7.834087e-05,0.00011724923,4.5775792e-05,7.24456e-05
2018-02-21 20:00:00,0.00011860162,0.00030182741,7.9729994e-05,0.00017082802,0.00015792513,0.00010822704
2018-02-21 21:00:00,0.00030165687,3.2517073e-05,0.00011166763,2.6756561e-05,8.131813e-05,5.0962994e-05
2018-02-21 22:00:00,0.00027201397,0.000115449344,0.00015394363,8.5169515e-05,0.00012713419,6.5376225e-05
2018-02-21 23:00:00,0.00017085025,7.9746496e-05,8.8411776e-05,4.373354e-05,0.00018792842,0.00015443811
2018-02-22 00:00:00,5.337757e-05,4.3166125e-05,8.0318954e-05,3.510122e-05,6.645191e-05,0.00046642756
2018-02-22 01:00:00,2.4995144e-05,4.414934e-05,8.890934e-05,0.000119953125,0.00047125536,0.00040342548
2018-02-22 02:00:00,4.4507982e-05,0.000107766224,0.00013807187,0.0005043235,0.0004752841,0.00030875535
2018-02-22 03:00:00,0.00020260016,0.00010861817,0.0006057378,0.0004461382,0.00036135013,0.00026824462
2018-02-22 04:00:00,6.4704735e-05,0.0003963344,0.00035703377,0.00020558236,0.00016249028,6.10393e-05
2018-02-22 05:00:00,0.0006716203,0.00036389477,0.00024242885,0.00013445927,6.4111475e-05,8.460959e-05
2018-02-22 06:00:00,0.0001402002,0.00013355675,0.00028783825,0.0003080071,0.0002753603,0.00025450042
2018-02-22 07:00:00,9.222621e-05,0.00017182983,0.00030081748,0.00016473701,0.00027435427,7.594936e-05
2018-02-22 08:00:00,0.00016649198,0.0002011467,0.00016455639,0.0001433275,0.00015266828,8.279474e-05
2018-02-22 09:00:00,0.00021935091,8.7955e-05,0.00011695714,0.0001422164,5.5691282e-05,4.2710908e-05
2018-02-22 10:00:00,7.870199e-05,5.343413e-05,0.00036300666,6.4230495e-05,0.00014366166,4.2589454e-05
2018-02-22 11:00:00,5.0314437e-05,0.0003318641,5.1016286e-05,3.1577005e-05,6.466014e-05,0.00016755973
2018-02-22 12:00:00,0.0004432286,4.8391423e-05,0.00013184301,2.7452807e-05,0.00023629698,0.00040506452
2018-02-22 13:00:00,0.00027445907,0.00023954999,0.0003055116,6.380189e-05,0.00012362584,8.152148e-05
2018-02-22 14:00:00,0.00010216671,9.24643e-05,0.00020270093,0.0004032025,0.0003376543,0.00023437102
2018-02-22 15:00:00,0.00019997139,0.00016418852,0.00040889182,0.00018196316,0.00019479693,0.0002175819
2018-02-22 16:00:00,0.0004049407,0.00041637802,0.00047230924,0.0003954786,0.00035053608,0.0003995958
2018-02-22 17:00:00,0.00035374775,0.00024006833,0.00015552236,8.714779e-05,9.942592e-05,0.00010674783
2018-02-22 18:00:00,8.1004604e-05,7.404671e-05,0.00012369711,7.1328555e-05,4.6625595e-05,6.642222e-05
2018-02-22 19:00:00,4.8812988e-05,7.227974e-05,5.0281462e-05,2.0888134e-05,0.00010128684,0.00042262478
2018-02-22 20:00:00,4.860995e-05,2.8230217e-05,4.1730407e-05,0.00012623059,0.0004197283,0.0003029039
2018-02-22 21:00:00,6.540374e-05,4.997651e-05,0.00020097881,0.0004523742,0.0004515411,0.00055957
2018-02-22 22:00:00,6.808241e-05,0.00016171687,0.0005737942,0.0003496521,0.00060801714,0.00046692215
2018-02-22 23:00:00,0.00011546995,0.00043430508,0.00043812755,0.00045265647,0.000593114,0.00031451898
2018-02-23 00:00:00,0.00044001275,0.0004029055,0.0005649057,0.0004085007,0.00029070888,0.00016237564
2018-02-23 01:00:00,3.6890404e-05,0.00014227045,0.00013156924,2.1731636e-05,0.00012337686,7.272323e-05
2018-02-23 02:00:00,0.00018248596,0.00012277844,4.2408064e-05,0.00011616245,9.3741546e-05,0.00015565881
2018-02-23 03:00:00,3.1276642e-05,0.00012835182,0.00031631684,0.00014485895,0.00026568607,0.0006828311
2018-02-23 04:00:00,0.00019518801,0.00022702747,0.00015470153,0.00022827923,0.0008050465,0.0008107807
2018-02-23 05:00:00,0.00017220576,7.420748e-05,0.00017588289,0.0005152672,0.0005867643,0.00051225914
2018-02-23 06:00:00,0.00010382852,4.4512475e-05,0.0005710794,0.00050190656,0.0006900235,0.00073358027
2018-02-23 07:00:00,0.00011712075,0.0006158067,0.0007174772,0.00067998073,0.00095648563,0.0007828896
2018-02-23 08:00:00,0.0007520636,0.00078636035,0.000648067,0.0005341002,0.000835161,0.0008365261
2018-02-23 09:00:00,9.539688e-05,0.00024768044,0.00039576206,0.000536118,0.00033336625,0.00035324314
2018-02-23 10:00:00,0.00017829213,0.0005032362,0.00040653293,0.00029433199,0.00042412177,0.00053650205
2018-02-23 11:00:00,0.00033209482,0.00047492687,0.00033475115,0.00032248182,0.00047910027,0.00072468043
2018-02-23 12:00:00,0.00015162019,7.498994e-05,0.00018521203,0.000105687686,0.00050408056,0.0003855287
2018-02-23 13:00:00,8.157436e-05,4.8737355e-05,6.488372e-05,0.00028970878,0.000320643,0.00043037618
2018-02-23 14:00:00,0.0001271867,0.00013779534,0.0005087946,0.00033223146,0.000669059,0.0005025733
2018-02-23 15:00:00,3.7073114e-05,0.00040348852,0.0003268229,0.00028170107,0.0003548192,0.00027993892
2018-02-23 16:00:00,0.00064874755,0.00035104042,0.0005102238,0.0002883062,0.00028003566,0.0003488545
2018-02-23 17:00:00,0.00010555546,8.983056e-05,6.706759e-05,3.6151392e-05,3.4171277e-05,0.00010696743
2018-02-23 18:00:00,0.00018902462,0.000119455945,3.6126334e-05,5.1865423e-05,7.8859164e-05,0.00020979531
2018-02-23 19:00:00,5.936066e-05,0.000107169886,6.7788504e-05,0.00016034664,0.0004595365,0.00019677244
2018-02-23 20:00:00,0.00013015029,8.188468e-05,0.00015933013,0.00024796234,0.00014095668,0.0001512526
2018-02-23 21:00:00,5.09873e-05,0.000108097665,0.00024276102,0.00011087706,7.1967384e-05,3.4680874e-05
2018-02-25 22:00:00,0.00024494823,0.0003203598,0.00017069909,7.6970864e-05,4.417011e-05,5.2566415e-05
2018-02-25 23:00:00,0.00024582076,3.7044974e-05,5.961601e-05,9.509913e-05,0.00014618051,8.3568004e-05
2018-02-26 00:00:00,0.00020073453,0.00025990113,0.00018035232,0.0002370951,0.0002507411,0.00022613839
2018-02-26 01:00:00,7.056545e-05,0.00015662092,0.00023481327,7.356573e-05,0.0001252667,0.0002654999
2018-02-26 02:00:00,0.00011242814,0.00019268693,9.6909556e-05,9.9291516e-05,0.00032499564,0.00011548393
2018-02-26 03:00:00,0.000113046255,3.5420697e-05,7.432411e-05,0.00017782577,8.453094e-05,8.8352026e-05
2018-02-26 04:00:00,0.00012886531,4.36999e-05,0.00016106732,3.597309e-05,0.00013430919,0.0001353039
2018-02-26 05:00:00,6.602262e-05,0.0002804437,6.53596e-05,0.0001042848,8.154998e-05,0.00013512635
2018-02-26 06:00:00,0.00031802707,4.4131975e-05,0.0001854193,9.097469e-05,6.614108e-05,0.00036687727
2018-02-26 07:00:00,0.0002772547,0.00039346353,0.0003174016,0.000102777514,0.00031464794,0.00033147095
2018-02-26 08:00:00,0.00024083357,0.00020019631,6.344534e-05,0.0004273489,0.00045549282,0.00016074894
2018-02-26 09:00:00,4.741119e-05,0.00022871437,0.0007669842,0.0004946138,0.00040357784,0.00021271914
2018-02-26 10:00:00,0.0002660243,0.0008452833,0.0008393374,0.0003151368,0.00025339818,0.00012900714
2018-02-26 11:00:00,0.00067317556,0.00039532848,0.00015349269,2.266699e-05,0.00010225611,2.8578434e-05
2018-02-26 12:00:00,5.3576412e-05,0.00034797352,0.0005175522,0.00035005933,0.0005245031,0.00045828923
2018-02-26 13:00:00,0.0004292776,0.0004958261,0.0005509957,0.00042520338,0.00035938717,0.00031856538
2018-02-26 14:00:00,0.00023044275,0.0002647538,0.00016084556,0.00011889524,0.0001113123,0.00010648124
2018-02-26 15:00:00,8.6440195e-05,3.8794147e-05,2.724298e-05,3.7476188e-05,4.9785245e-05,4.5091932e-05
2018-02-26 16:00:00,6.611167e-05,8.215625e-05,9.834782e-05,8.880324e-05,0.00010679228,0.00015870332
2018-02-26 17:00:00,4.4381974e-05,6.246477e-05,6.0924853e-05,3.7247817e-05,0.00010660201,4.6342007e-05
2018-02-26 18:00:00,3.5395075e-05,4.541437e-05,4.663635e-05,7.695569e-05,3.990122e-05,0.00019056094
2018-02-26 19:00:00,3.5654895e-05,3.374842e-05,6.751671e-05,2.5726049e-05,0.00018068083,0.00025046457
2018-02-26 20:00:00,3.2885477e-05,7.199195e-05,4.1494666e-05,0.0001122102,0.00026294822,0.00022666667
2018-02-26 21:00:00,0.00010412548,3.1905012e-05,0.00016733249,0.00022175253,0.00022584914,0.00023796993
2018-02-26 22:00:00,0.0001356017,0.000103991326,0.0002111386,0.00012020763,0.00014177777,0.00015041462
2018-02-26 23:00:00,0.00023777728,0.00037953613,0.000267715,0.00019285564,0.0002759292,0.00030946147
2018-02-27 00:00:00,0.00018749866,0.00015250739,0.00012763891,0.000118997996,0.0002869711,0.0003453299
2018-02-27 01:00:00,4.0146384e-05,3.9005685e-05,4.16038e-05,0.000104608385,0.000232699,0.00028322838
2018-02-27 02:00:00,4.627476e-05,3.6966398e-05,0.00011786038,0.00022031383,0.0003637476,0.00048656273
2018-02-27 03:00:00,5.815533e-05,0.00015474246,0.00047197912,0.0002483248,0.00045441935,0.00060771813
2018-02-27 04:00:00,0.000107620865,0.00042737767,0.00029685273,0.0005659212,0.00045117878,0.00040566747
2018-02-27 05:00:00,0.0003311928,0.00024104831,0.00038434152,0.00036677654,0.00036729267,0.00041579493
2018-02-27 06:00:00,3.4679277e-05,0.00022319178,0.00023445088,0.00011127919,0.0001448467,0.0004146688
2018-02-27 07:00:00,0.00026417468,0.0003467299,0.00013765109,0.00011774452,0.00042840478,0.00014245807
2018-02-27 08:00:00,8.116242e-05,5.542357e-05,4.4308737e-05,0.00019775167,4.1985797e-05,5.4074837e-05
2018-02-27 09:00:00,0.00016187075,9.183808e-05,0.0001877264,6.789912e-05,3.7050457e-05,0.00013270049
2018-02-27 10:00:00,5.294963e-05,0.00034684036,6.3154825e-05,0.00010305277,3.171339e-05,4.71294e-05
2018-02-27 11:00:00,0.0003497799,3.5708363e-05,9.461998e-05,3.0436364e-05,5.326466e-05,7.000274e-05
2018-02-27 12:00:00,0.00036208154,0.00020506335,0.00031561835,0.0001708197,0.00019561882,9.747527e-05
2018-02-27 13:00:00,9.108505e-05,4.916877e-05,4.5824487e-05,8.8182926e-05,0.00014752848,0.0001303898
2018-02-27 14:00:00,0.00017848781,5.7056724e-05,3.0402907e-05,8.3083105e-05,7.052428e-05,8.668865e-05
2018-02-27 15:00:00,8.2998e-05,0.00012399841,0.00020625275,0.00016854063,0.00018889329,0.00010629003
2018-02-27 16:00:00,0.000111759604,0.00014997674,0.00011545578,0.00011634238,9.855137e-05,0.00012344265
2018-02-27 17:00:00,0.00011975187,6.1271145e-05,5.610792e-05,7.089246e-05,7.943583e-05,8.20664e-05
2018-02-27 18:00:00,3.7817405e-05,2.4463247e-05,4.1904485e-05,3.105011e-05,3.3222746e-05,3.6120255e-05
2018-02-27 19:00:00,4.227228e-05,3.0464362e-05,3.338249e-05,2.4801775e-05,3.795482e-05,3.6902773e-05
2018-02-27 20:00:00,3.9592822e-05,3.183224e-05,2.8310797e-05,1.8707686e-05,4.385543e-05,7.7229524e-05
2018-02-27 21:00:00,3.3445824e-05,3.259734e-05,4.185254e-05,3.124599e-05,7.4006515e-05,0.00019087864
2018-02-27 22:00:00,3.7110185e-05,4.7875314e-05,3.9881827e-05,5.4023476e-05,0.00011416193,0.00010020977
2018-02-27 23:00:00,6.397392e-05,3.392204e-05,5.745293e-05,9.606041e-05,0.00011386251,3.050108e-05
2018-02-28 00:00:00,5.8745965e-05,0.00011595305,0.00022163268,0.00020516165,3.6991172e-05,0.0002725028
2018-02-28 01:00:00,6.1347375e-05,0.0001822099,0.00016552075,2.4476089e-05,0.00017458285,0.00016296178
2018-02-28 02:00:00,0.00016039054,0.000109277804,6.897895e-05,0.00014071385,0.00015206348,2.7296071e-05
2018-02-28 03:00:00,2.6666294e-05,0.0001917932,9.891458e-05,7.7751705e-05,0.00011162159,7.634397e-05
2018-02-28 04:00:00,0.0002556708,0.00011192628,9.598923e-05,0.000100055855,6.137107e-05,9.635222e-05
2018-02-28 05:00:00,0.00041239464,0.00031884192,5.0960374e-05,0.000121868565,0.0002656855,0.00031649353
2018-02-28 06:00:00,4.5105084e-05,0.00030591784,0.000140154,2.7161846e-05,0.00014223917,6.953409e-05
2018-02-28 07:00:00,0.00031053016,0.00016260358,3.970388e-05,0.00011476956,5.852007e-05,7.523986e-05
2018-02-28 08:00:00,0.00013361537,0.0001717924,0.00035083524,0.00018095587,0.00016992068,0.00016057913
2018-02-28 09:00:00,0.00026668375,0.00026386272,0.00012452812,5.985061e-05,8.465712e-05,0.00017207276
2018-02-28 10:00:00,0.00021018264,8.120155e-05,6.927738e-05,4.6352066e-05,2.840354e-05,0.00012926977
2018-02-28 11:00:00,0.00031971544,0.00025764416,0.00014157245,0.00014679391,0.000158912,0.00024908083
2018-02-28 12:00:00,7.003481e-05,3.12045e-05,6.053481e-05,4.2345193e-05,2.9300327e-05,0.00019481423
2018-02-28 13:00:00,9.211374e-05,0.0001349508,6.4380576e-05,4.405422e-05,0.00029831484,0.00037820596
2018-02-28 14:00:00,8.6532455e-05,0.000113090995,4.7590336e-05,0.00017673241,0.0003334732,0.0005035624
2018-02-28 15:00:00,0.0002887529,7.266493e-05,0.00014420779,0.0002993965,0.0003328991,0.0005375649
2018-02-28 16:00:00,9.967255e-05,0.000348559,0.0004844905,0.00063116243,0.0005166566,0.00045178217
2018-02-28 17:00:00,0.00036805603,0.00043961473,0.0005298937,0.000509383,0.00046315245,0.0006658445
2018-02-28 18:00:00,0.00024345542,0.00030055817,0.00031272115,0.00027057884,0.00041286947,0.00034717142
2018-02-28 19:00:00,0.00012853454,0.00019358595,0.00016204346,0.00024699757,0.00012736324,0.00014705467
2018-02-28 20:00:00,0.00014836085,3.480681e-05,0.00015005106,4.491691e-05,6.173435e-05,8.071793e-05
2018-02-28 21:00:00,0.00010282909,4.6691654e-05,8.0098675e-05,3.6616286e-05,3.8155657e-05,3.750228e-05
2018-02-28 22:00:00,0.00015524746,3.966937e-05,4.7020432e-05,3.689183e-05,8.555395e-05,4.0915194e-05
2018-02-28 23:00:00,0.00014637156,0.0001388711,6.1991006e-05,2.2929557e-05,5.3298034e-05,8.6775406e-05
2018-03-01 00:00:00,3.9793777e-05,4.4922414e-05,7.330704e-05,6.721032e-05,0.00017371708,6.7833775e-05
2018-03-01 01:00:00,5.9343758e-05,9.5749805e-05,9.03774e-05,0.00021398581,9.4794115e-05,5.575637e-05
2018-03-01 02:00:00,8.001259e-05,3.6419016e-05,0.00015520181,3.7026442e-05,0.00010620682,0.00017309214
2018-03-01 03:00:00,4.9822884e-05,9.880636e-05,4.0835603e-05,7.47076e-05,0.00024296268,0.00016837171
2018-03-01 04:00:00,0.00017493502,3.826926e-05,0.00012253737,0.00019177684,0.00021613998,0.00011689644
2018-03-01 05:00:00,0.00012375064,0.00026106575,0.00034611687,0.00016269827,0.00017714016,5.6052253e-05
2018-03-01 06:00:00,0.00020498571,0.00032928618,0.00022071257,0.000108288186,6.240564e-05,0.0005560025
2018-03-01 07:00:00,0.00019588017,8.771631e-05,4.538768e-05,0.00019957342,0.00031274487,0.00044748018
2018-03-01 08:00:00,9.649027e-05,0.00012622068,0.0003703156,0.00027587314,0.00032442252,0.0003093737
2018-03-01 09:00:00,7.5491305e-05,0.0003577411,0.00028757163,0.000357359,0.00044003277,0.00030720988
2018-03-01 10:00:00,0.00034363006,0.00039681612,0.000689574,0.00036602508,0.00040837133,0.00039531765
2018-03-01 11:00:00,0.00082801457,0.0008834245,0.0007547573,0.0005651835,0.0007174942,0.00068674923
2018-03-01 12:00:00,0.000322419,0.00016205558,0.00017582762,0.0002521546,0.00013736448,0.00020877266
2018-03-01 13:00:00,0.00013005824,4.7905363e-05,9.9980105e-05,4.8022423e-05,5.148327e-05,5.4961878e-05
2018-03-01 14:00:00,7.232094e-05,0.00020968576,5.069732e-05,9.368138e-05,3.5118548e-05,0.000100891564
2018-03-01 15:00:00,0.00022995741,2.5262829e-05,8.385642e-05,2.7708009e-05,3.926837e-05,5.263909e-05
2018-03-01 16:00:00,0.00031537726,0.0001029251,0.000105719795,8.6518834e-05,7.301658e-05,8.801727e-05
2018-03-01 17:00:00,0.00014962014,3.6177436e-05,8.9480396e-05,7.397594e-05,3.6468155e-05,4.9866052e-05
2018-03-01 18:00:00,0.00012328207,5.6691697e-05,4.4711604e-05,0.00010008408,4.888864e-05,8.588131e-05
2018-03-01 19:00:00,6.1283914e-05,5.123785e-05,3.834989e-05,2.3970895e-05,2.8065706e-05,0.00010748555
2018-03-01 20:00:00,4.5979916e-05,6.637654e-05,3.761691e-05,7.2565286e-05,0.00018967151,0.00024050081
2018-03-01 21:00:00,9.538498e-05,4.5571887e-05,7.321441e-05,0.00020015195,0.0003236407,0.00031831904
2018-03-01 22:00:00,3.4208082e-05,3.176315e-05,0.00013712706,0.0002204194,0.00025184086,0.00033450665
2018-03-01 23:00:00,5.0395407e-05,0.00017123306,0.0002251415,0.00026145464,0.0002705323,0.00041198207
2018-03-02 00:00:00,0.00019189261,0.00024079079,0.00029193057,0.0001875454,0.00036669357,0.00037057276
2018-03-02 01:00:00,0.00013436828,0.00013017296,0.00016724253,0.00029986916,0.00014576897,5.423211e-05
2018-03-02 02:00:00,7.565733e-05,6.364045e-05,0.00016731261,0.000102984224,0.00013596682,3.8952272e-05
2018-03-02 03:00:00,5.2266376e-05,0.00014852647,6.84025e-05,0.00014469893,7.8977566e-05,3.1884112e-05
2018-03-02 04:00:00,0.00015170607,0.00010207941,0.00019838737,4.898953e-05,3.7576843e-05,4.729694e-05
2018-03-02 05:00:00,6.6207394e-05,0.00035656194,0.00015822663,7.0542126e-05,0.0001574035,5.4041353e-05
2018-03-02 06:00:00,0.0003935552,0.00019792844,9.11923e-05,0.0001244986,5.388368e-05,6.390851e-05
2018-03-02 07:00:00,0.00016833277,0.00024781845,0.00012651405,0.0002788213,0.00029960737,0.0001379409
2018-03-02 08:00:00,0.00011157811,3.9336934e-05,0.00010426722,8.581925e-05,4.1258318e-05,9.123209e-05
2018-03-02 09:00:00,0.0001113287,6.298248e-05,6.231775e-05,3.664535e-05,4.087281e-05,5.9135877e-05
2018-03-02 10:00:00,0.00016128758,0.00013928399,5.952332e-05,0.00010270778,0.0001318927,2.9044315e-05
2018-03-02 11:00:00,4.2388274e-05,8.065882e-05,4.3825166e-05,3.912639e-05,9.84887e-05,5.22442e-05
2018-03-02 12:00:00,0.00013218992,3.628087e-05,4.23844e-05,7.8404686e-05,5.073259e-05,2.6696003e-05
2018-03-02 13:00:00,9.088488e-05,9.3656585e-05,4.842013e-05,9.9643534e-05,7.9826255e-05,0.0001243633
2018-03-02 14:00:00,4.3581233e-05,9.3927694e-05,8.40734e-05,4.531301e-05,5.7530768e-05,9.35192e-05
2018-03-02 15:00:00,0.00021207343,5.211753e-05,4.3933225e-05,4.163609e-05,7.1419294e-05,0.00013949044
2018-03-02 16:00:00,0.0002248203,0.00012885901,0.00013073483,0.00012949269,0.0003123965,0.00018914936
2018-03-02 17:00:00,5.351366e-05,3.2477896e-05,4.773535e-05,7.872646e-05,0.00010263966,8.252258e-05
2018-03-02 18:00:00,3.943455e-05,5.457207e-05,0.00010317694,8.3526844e-05,7.53063e-05,3.311011e-05
2018-03-02 19:00:00,4.2848897e-05,0.00010157196,0.00012228473,4.897903e-05,6.190715e-05,0.00024850218
2018-03-02 20:00:00,0.0001021501,7.162861e-05,3.4207762e-05,4.3271655e-05,0.00022125886,0.00020706537
2018-03-02 21:00:00,3.796595e-05,4.6422996e-05,0.0001864327,0.00035727498,0.00027726174,0.00026882708
2018-03-04 22:00:00,4.503992e-05,0.00014890754,0.00046482345,0.0001878978,0.00036184074,0.00045160163
2018-03-04 23:00:00,0.00014774644,0.00037246261,0.00026011324,0.00023357182,0.00039143887,0.00047107597
2018-03-05 00:00:00,0.0003567426,0.00015752904,0.00020078546,0.00035971365,0.00045681652,0.00024393304
2018-03-05 01:00:00,8.809737e-05,3.4751105e-05,0.0001419886,0.00019696367,6.817061e-05,4.204488e-05
2018-03-05 02:00:00,5.714601e-05,0.00028016753,0.00029256265,9.7020544e-05,9.919458e-05,0.00040806292
2018-03-05 03:00:00,0.0003352663,0.00029928217,0.000100596,7.310317e-05,0.00035585207,0.0003423697
2018-03-05 04:00:00,6.553051e-05,0.00013311185,0.0001191003,0.00016242081,0.00019916349,9.113412e-05
2018-03-05 05:00:00,0.00022968088,0.00014350475,0.00018625092,0.00013037588,6.126265e-05,0.0001420557
2018-03-05 06:00:00,3.3945973e-05,0.00036884245,0.00038332437,0.00018048949,3.9902425e-05,0.000179865
2018-03-05 07:00:00,0.00041172127,0.00034987,0.00019917917,3.2426913e-05,0.00017064004,0.000146501
2018-03-05 08:00:00,4.7020127e-05,0.00011623388,0.00038518914,0.00042918732,0.00060703786,0.00058544916
2018-03-05 09:00:00,0.0001993219,0.00033262046,0.0005306579,0.00041122446,0.00060998497,0.0006969507
2018-03-05 10:00:00,0.00027979605,0.00044793385,0.00045795648,0.0004952861,0.00046573597,0.00029049424
2018-03-05 11:00:00,0.0003482354,0.00020616582,0.0003353011,0.0002614263,0.00016438849,0.00017931956
2018-03-05 12:00:00,3.5341407e-05,0.0002636908,0.00012943383,3.4341563e-05,6.53488e-05,7.186527e-05
2018-03-05 13:00:00,0.00021892796,9.8433564e-05,5.9990663e-05,6.8917514e-05,9.711697e-05,9.4523435e-05
2018-03-05 14:00:00,0.0001314431,0.000261248,0.0003013775,0.00020305059,0.000335032,0.0002757796
2018-03-05 15:00:00,0.00028207016,0.00019771662,0.00017809695,0.0001523869,0.0002362979,0.00019166304
2018-03-05 16:00:00,5.469876e-05,5.3666823e-05,6.898953e-05,5.508006e-05,7.136763e-05,6.0473227e-05
2018-03-05 17:00:00,4.841157e-05,5.643514e-05,7.440619e-05,4.0079958e-05,6.3554886e-05,0.00025478506
2018-03-05 18:00:00,4.4282242e-05,5.9427e-05,4.0472376e-05,3.6926933e-05,0.0002409113,0.00027466594
2018-03-05 19:00:00,3.8113856e-05,4.5438806e-05,4.5085962e-05,0.00017462796,0.00027003675,0.00020686061
2018-03-05 20:00:00,5.609262e-05,3.7335325e-05,0.0002644726,0.00021785192,0.00020752857,0.000113719514
2018-03-05 21:00:00,8.062723e-05,0.00032031318,0.0002739484,0.00021167107,0.00010181174,0.00014447643
2018-03-05 22:00:00,0.00027394752,0.00028346188,0.00030201022,9.671888e-05,9.264294e-05,0.000113419665
2018-03-05 23:00:00,4.9771723e-05,8.344685e-05,0.000121846504,0.00012043313,9.18163e-05,6.7077504e-05
2018-03-06 00:00:00,4.2018757e-05,0.00018859333,0.00015042874,7.895843e-05,0.00010402223,6.6571294e-05
2018-03-06 01:00:00,0.00027549392,0.00019375069,0.00012177328,0.00012543598,8.207838e-05,4.8054888e-05
2018-03-06 02:00:00,3.832248e-05,4.0512492e-05,5.1510167e-05,0.00017742554,0.00012001937,7.8670884e-05
2018-03-06 03:00:00,7.565612e-05,3.708889e-05,0.0002447784,7.0894166e-05,0.000111624286,5.4796925e-05
2018-03-06 04:00:00,4.6883113e-05,0.00021770032,0.000104416344,3.4011366e-05,2.744923e-05,0.000110943394
2018-03-06 05:00:00,0.00024449665,5.9157064e-05,7.7542434e-05,3.035248e-05,0.0001282902,0.0001352253
2018-03-06 06:00:00,0.00014343685,0.00013814557,0.00019390364,0.00032569055,0.00034303794,0.00042367948
2018-03-06 07:00:00,4.5543165e-05,0.0001262205,0.0002822332,0.00019815096,0.00044257485,0.00066572666
2018-03-06 08:00:00,5.7088073e-05,0.00015382287,0.00018045782,0.0005862093,0.00064608303,0.0009824474
2018-03-06 09:00:00,0.00019938381,0.00014932586,0.00046465624,0.000789566,0.0011134095,0.0008895874
2018-03-06 10:00:00,3.645563e-05,0.0005077437,0.0006811756,0.0008920558,0.0008572022,0.0007474211
2018-03-06 11:00:00,0.00061785127,0.00059673947,0.0009923222,0.00078261446,0.0007369825,0.0007650815
2018-03-06 12:00:00,0.00020831445,0.0007413647,0.0008023105,0.00048670417,0.00056378613,0.00049955084
2018-03-06 13:00:00,0.0006410276,0.0005438401,0.0003438044,0.0003351954,0.00047339045,0.00042220432
2018-03-06 14:00:00,4.1135747e-05,0.000116440584,6.3684965e-05,3.6976322e-05,9.7296775e-05,9.1459835e-05
2018-03-06 15:00:00,0.00015304102,6.0120412e-05,6.536158e-05,0.00012739311,0.00012759559,5.990281e-05
2018-03-06 16:00:00,7.220983e-05,0.00015321748,0.00022274716,0.00024428274,0.00014263325,0.00019767844
2018-03-06 17:00:00,0.00013371052,0.00015532154,0.00014800034,0.000105352345,0.0002277762,0.00015925114
2018-03-06 18:00:00,0.00013861664,9.278031e-05,4.369333e-05,0.0001404709,6.1446226e-05,9.2500544e-05
2018-03-06 19:00:00,5.338101e-05,7.5850454e-05,6.620737e-05,2.3957002e-05,3.2566124e-05,0.00017338892
2018-03-06 20:00:00,8.204855e-05,7.187774e-05,3.725948e-05,4.2660922e-05,0.00019286819,8.838239e-05
2018-03-06 21:00:00,0.00019325403,7.233571e-05,7.153457e-05,0.00020984118,0.00015255761,0.00014181322
2018-03-06 22:00:00,0.00014198742,6.605723e-05,0.00011362346,3.5477093e-05,3.6285877e-05,4.547471e-05
2018-03-06 23:00:00,3.8260354e-05,0.00024210416,0.00016503785,0.00010439224,8.9239096e-05,7.819461e-05
2018-03-07 00:00:00,0.00023374197,9.04124e-05,6.723066e-05,2.8031936e-05,8.260697e-05,8.480189e-05
2018-03-07 01:00:00,0.00013560193,0.00013187595,0.00017920295,0.00021799964,9.236603e-05,8.38571e-05
2018-03-07 02:00:00,4.6821548e-05,5.3834054e-05,0.0001889957,3.3724395e-05,0.00018909946,3.9316572e-05
2018-03-07 03:00:00,7.056502e-05,0.00019880231,3.868689e-05,0.00020483305,7.454128e-05,6.6651046e-05
2018-03-07 04:00:00,0.00021179656,6.172214e-05,0.00029504744,5.7107052e-05,0.00010819139,9.898521e-05
2018-03-07 05:00:00,0.0001667178,0.0003810387,0.00022119246,0.00018341307,0.00025215215,0.00019920025
2018-03-07 06:00:00,0.00026831235,5.5999695e-05,4.6534613e-05,6.268661e-05,5.692843e-05,7.6416996e-05
2018-03-07 07:00:00,0.00023255916,0.00012333597,0.00011155987,8.041786e-05,0.00011052524,4.9355673e-05
2018-03-07 08:00:00,3.9518094e-05,3.845141e-05,5.04525e-05,3.921804e-05,0.00015260182,0.00031335786
2018-03-07 09:00:00,4.7114954e-05,3.7696922e-05,3.704965e-05,0.0001881233,0.00025036902,0.00012346916
2018-03-07 10:00:00,3.0396433e-05,3.2279124e-05,9.4975294e-05,0.00019666956,0.00012440297,0.000116791394
2018-03-07 11:00:00,2.8017454e-05,0.00013946505,0.00032530853,0.00011319845,0.00012486134,8.0760234e-05
2018-03-07 12:00:00,0.00015081513,0.00044890557,0.00010409233,0.00014165467,0.00011394835,0.00020878042
2018-03-07 13:00:00,0.00018510988,4.088676e-05,2.9441873e-05,3.566648e-05,5.731749e-05,0.000106135034
2018-03-07 14:00:00,0.0003098436,0.00022149191,0.00018418279,8.3780025e-05,4.880707e-05,6.631363e-05
2018-03-07 15:00:00,4.526453e-05,3.343377e-05,7.8779995e-05,0.00011661838,0.00023218863,0.00017904934
2018-03-07 16:00:00,4.1991814e-05,0.00010823514,0.00011798081,0.0001753616,0.00026599772,0.00020407002
2018-03-07 17:00:00,0.0001495768,0.00014262673,0.00021174664,0.00025202052,0.00022400547,0.00017416065
2018-03-07 18:00:00,9.115835e-05,0.0001848932,0.00016240361,0.00018521669,0.0002114415,0.00015831912
2018-03-07 19:00:00,0.0001214689,0.000120542194,0.00011142985,0.000117482115,0.00013671668,0.00012684322
2018-03-07 20:00:00,3.75198e-05,3.052993e-05,6.441817e-05,3.079597e-05,4.6576395e-05,3.5966925e-05
2018-03-07 21:00:00,4.193628e-05,6.433179e-05,3.1305906e-05,5.5352117e-05,4.7386056e-05,4.0371724e-05
2018-03-07 22:00:00,3.6976424e-05,2.9827474e-05,6.1090104e-05,5.1252657e-05,4.7325993e-05,3.1958112e-05
2018-03-07 23:00:00,7.1894916e-05,3.8564554e-05,8.5022424e-05,5.029973e-05,6.859435e-05,0.00011822715
2018-03-08 00:00:00,4.1131665e-05,6.4993554e-05,3.4627814e-05,2.6321157e-05,0.00016937313,8.063236e-05
2018-03-08 01:00:00,0.00014349165,6.438615e-05,4.9847866e-05,0.00016468244,0.00014141617,8.487324e-05
2018-03-08 02:00:00,4.1120406e-05,4.0982457e-05,0.00013701215,4.884102e-05,4.140024e-05,0.00014357275
2018-03-08 03:00:00,3.8343864e-05,0.00015524524,0.00010151595,3.0064044e-05,0.00016165216,5.6424444e-05
2018-03-08 04:00:00,0.00021975712,0.00014422977,7.3425515e-05,9.824501e-05,5.674819e-05,9.711481e-05
2018-03-08 05:00:00,7.9593185e-05,0.00014765239,0.00025010257,0.00020766638,0.00025440808,0.00034614786
2018-03-08 06:00:00,8.5137784e-05,0.00030483745,0.00022396016,0.00022266913,0.00043217506,0.00016916606
2018-03-08 07:00:00,0.00025419318,0.00013647483,0.00012640437,0.0002491308,0.00012606746,0.00027179855
2018-03-08 08:00:00,0.000103402155,6.878082e-05,0.00020076965,5.5443033e-05,0.00015923318,4.8559596e-05
2018-03-08 09:00:00,5.788193e-05,0.0002889928,4.1009283e-05,0.0001848669,0.00011247479,0.00026778597
2018-03-08 10:00:00,0.0003881722,3.3384393e-05,0.00014771138,7.315165e-05,0.00045609815,0.0003138148
2018-03-08 11:00:00,0.00042136948,8.077286e-05,0.00012719541,0.0006331578,0.0006633883,0.00029112826
2018-03-08 12:00:00,0.00027907247,0.00010021279,0.00033410345,0.00028368324,0.00010975372,0.0008890807
2018-03-08 13:00:00,9.43744e-05,0.00053353986,0.00057790795,0.00023916496,0.0008370112,0.00090099755
2018-03-08 14:00:00,0.0006967645,0.00049952214,0.00020953016,0.00085665425,0.0010525166,0.0010006201
2018-03-08 15:00:00,5.6336394e-05,0.00026664272,0.00053011556,0.00060722686,0.0006231803,0.00096480316
2018-03-08 16:00:00,0.00027374685,0.0006895421,0.0006929756,0.0006015997,0.00080749474,0.0006171279
2018-03-08 17:00:00,0.0010228271,0.0009950366,0.00079502387,0.0008757201,0.0008621656,0.00082669005
2018-03-08 18:00:00,0.000116193674,0.00010862317,0.00023392134,0.0001311183,0.00020782865,0.00022628173
2018-03-08 19:00:00,4.5572215e-05,0.00012277963,0.00010854841,0.00012292837,0.00012149136,0.00012611493
2018-03-08 20:00:00,0.0001261332,0.000105576946,0.00012058089,7.345318e-05,0.000102566446,0.00021497221
2018-03-08 21:00:00,8.697371e-05,3.834247e-05,4.2834214e-05,1.9494604e-05,7.523195e-05,3.9402898e-05
2018-03-08 22:00:00,5.2724823e-05,7.312544e-05,5.5539753e-05,8.899785e-05,0.000102546954,5.5861226e-05
2018-03-08 23:00:00,4.545181e-05,3.2428725e-05,9.960349e-05,4.4996123e-05,8.3301544e-05,0.000117394775
2018-03-09 00:00:00,3.9362945e-05,7.5744785e-05,6.6883964e-05,4.1698757e-05,0.00015154168,0.00010370577
2018-03-09 01:00:00,0.00013936353,6.374578e-05,5.8828016e-05,0.00010234383,0.00014166818,2.8929557e-05
2018-03-09 02:00:00,6.8169305e-05,3.8543563e-05,0.00021319723,0.00017623432,7.8579906e-05,7.023103e-05
2018-03-09 03:00:00,3.292667e-05,0.00020590863,0.00020104884,5.9762962e-05,2.7724867e-05,0.00012438804
2018-03-09 04:00:00,0.00027153007,0.0002676959,6.9326095e-05,4.8043385e-05,0.00014546496,0.0002680576
2018-03-09 05:00:00,3.1069336e-05,0.00018027738,0.00012106787,0.00033912706,0.00040527282,0.0005216622
2018-03-09 06:00:00,0.00028656123,0.00012320056,0.00030099982,0.00047086322,0.0004385115,0.0004602371
2018-03-09 07:00:00,4.845032e-05,0.00022320279,0.00041804634,0.0003585704,0.00033511876,0.00036603186
2018-03-09 08:00:00,0.00036501916,0.000494646,0.00052099646,0.0003259738,0.00038780048,0.00037259705
2018-03-09 09:00:00,0.00023502503,0.0003311223,0.00021015147,0.00027467258,0.00016305219,0.00020378834
2018-03-09 10:00:00,8.0161095e-05,6.270556e-05,9.745663e-05,3.881319e-05,0.0001440313,8.595878e-05
2018-03-09 11:00:00,2.7385862e-05,8.214846e-05,4.9959333e-05,4.490616e-05,3.718774e-05,0.00016727747
2018-03-09 12:00:00,6.85648e-05,3.6572197e-05,9.7158234e-05,3.273579e-05,0.0001695018,0.00023281087
2018-03-09 13:00:00,9.4561154e-05,3.268595e-05,4.263914e-05,0.000114226765,0.00017742508,0.00014606978
2018-03-09 14:00:00,0.00010434311,5.7631496e-05,0.0001643624,0.000289973,0.0002028894,8.154303e-05
2018-03-09 15:00:00,4.5825953e-05,0.00011457474,0.00023816619,0.0002105234,3.489619e-05,0.00029619384
2018-03-09 16:00:00,0.00022241256,0.00026692628,0.0003490626,5.1507708e-05,0.00031079174,6.027368e-05
2018-03-09 17:00:00,0.00019226848,0.00011144582,0.0001030727,0.00020056426,5.0387513e-05,9.668392e-05
2018-03-09 18:00:00,3.1798758e-05,0.00020371449,0.00023000983,0.00015288596,3.336471e-05,2.9516948e-05
2018-03-09 19:00:00,0.000321639,0.00019590206,0.00012622421,3.262182e-05,3.6987738e-05,0.00012329088
2018-03-09 20:00:00,0.00064948545,4.470976e-05,0.00029108115,0.00013779014,7.698854e-05,0.00011047838
2018-03-09 21:00:00,0.00046254502,0.00014739689,0.00024656233,0.00033443046,0.00026299365,0.00025903565
2018-03-11 21:00:00,0.00027980583,0.00014556023,7.387703e-05,9.068991e-05,6.639809e-05,2.9550343e-05
2018-03-11 22:00:00,5.83249e-05,0.000121681325,9.868753e-05,0.00011098059,0.0001469031,0.00051343814
2018-03-11 23:00:00,0.00018188983,6.67271e-05,0.00013116197,0.00012773556,0.00052821374,0.0003807219
2018-03-12 00:00:00,0.00010201247,2.6102865e-05,4.39812e-05,0.00026736775,0.00043530783,3.508938e-05
2018-03-12 01:00:00,0.00010207244,0.00013294193,0.0004772436,0.0004786818,5.5612454e-05,8.1035665e-05
2018-03-12 02:00:00,7.396413e-05,0.00042448114,0.00052277424,4.6445093e-05,3.4755856e-05,8.865258e-05
2018-03-12 03:00:00,0.0005219804,0.00039737104,6.879648e-05,3.7031255e-05,5.8316808e-05,0.000119189644
2018-03-12 04:00:00,0.000118462856,0.00047669193,0.0004352629,0.00024620144,0.0001329573,9.0464964e-05
2018-03-12 05:00:00,0.00070772885,0.0005777136,0.0003592008,0.00018281057,0.00015411644,0.0002829669
2018-03-12 06:00:00,5.127146e-05,0.00016790166,0.0003067208,0.00031831244,0.00024643523,4.2360687e-05
2018-03-12 07:00:00,0.00017098717,0.00030069973,0.00041517123,0.0001609116,4.33716e-05,6.999311e-05
2018-03-12 08:00:00,0.00017856777,0.00018684997,9.8209384e-05,7.6305645e-05,0.00017751768,0.00014691157
2018-03-12 09:00:00,0.00011184103,9.364105e-05,0.0002627195,0.0002875177,0.00028499856,0.00028581196
2018-03-12 10:00:00,0.00022510716,0.000359614,0.00037488146,0.00026127833,0.0006371279,0.00033052563
2018-03-12 11:00:00,0.00034480513,0.00031348862,0.00033720152,0.00027125387,0.00014885297,0.00019446101
2018-03-12 12:00:00,7.575179e-05,9.396571e-05,0.00015128174,2.9290177e-05,3.3752443e-05,0.00015411915
2018-03-12 13:00:00,3.4305194e-05,0.00011599227,6.0152885e-05,4.0755258e-05,9.667923e-05,8.5101914e-05
2018-03-12 14:00:00,0.00010334722,6.701955e-05,9.041953e-05,9.1887865e-05,6.0027876e-05,3.9901406e-05
2018-03-12 15:00:00,0.00018627479,0.00012870792,6.85838e-05,3.3845765e-05,3.552343e-05,4.5499757e-05
2018-03-12 16:00:00,2.9795965e-05,0.00019337721,0.00014018959,0.00010173162,0.00012834779,0.0003620829
2018-03-12 17:00:00,0.00023798733,0.00012559589,0.0001239215,0.00014529198,0.0003620176,0.00024904186
2018-03-12 18:00:00,9.6153846e-05,7.321562e-05,4.158216e-05,0.00013766134,0.00021465911,0.00013839631
2018-03-12 19:00:00,3.3277105e-05,3.6222034e-05,0.00021133994,0.00021175158,0.00024673645,0.00018052985
2018-03-12 20:00:00,4.3262844e-05,0.00022371594,0.00038417862,0.00021360377,0.00020055019,0.00015213357
2018-03-12 21:00:00,0.0002816893,0.00029060553,0.00020489407,0.00014063684,9.776082e-05,0.00011221758
2018-03-12 22:00:00,0.000119785764,3.6393467e-05,3.667625e-05,6.299482e-05,3.274285e-05,0.00012035951
2018-03-12 23:00:00,9.522154e-05,0.000113123,0.0001030308,9.266632e-05,0.00019589647,0.0001925768
2018-03-13 00:00:00,3.768412e-05,4.946638e-05,3.979678e-05,0.0001204779,0.00023457699,0.00015220467
2018-03-13 01:00:00,6.564731e-05,2.5391195e-05,0.00014401572,0.00018830398,0.00013702441,0.00010567917
2018-03-13 02:00:00,5.498287e-05,0.00014415849,0.00022422693,8.6498156e-05,4.160826e-05,3.8183487e-05
2018-03-13 03:00:00,0.00017538754,0.000227476,0.0001388046,7.408297e-05,2.9360854e-05,0.0005131293
2018-03-13 04:00:00,0.00013986492,4.1641677e-05,8.232937e-05,9.6196054e-05,0.0006734217,0.0008139784
2018-03-13 05:00:00,0.00012350317,0.0001858319,0.0001562742,0.0006752201,0.00091484084,0.0007688106
2018-03-13 06:00:00,0.00012162127,9.780602e-05,0.00053761515,0.0007499026,0.00075064285,0.0005578279
2018-03-13 07:00:00,6.7220484e-05,0.0007657552,0.0007221121,0.00055523054,0.00054621167,0.00063901785
2018-03-13 08:00:00,0.0008278881,0.00084949174,0.00065683783,0.00068242545,0.0006797367,0.0005596643
2018-03-13 09:00:00,0.00023257184,0.00015238291,4.549078e-05,2.7631168e-05,0.00020501313,6.487323e-05
2018-03-13 10:00:00,5.194254e-05,0.00019552959,0.00015260393,8.792606e-05,0.00016831081,6.366473e-05
2018-03-13 11:00:00,0.00025872522,0.00011157082,8.8382825e-05,0.00015134312,4.448638e-05,3.2311877e-05
2018-03-13 12:00:00,5.595716e-05,0.00024815032,4.296725e-05,9.191641e-05,0.00012483369,7.402363e-05
2018-03-13 13:00:00,0.0003473516,6.0021644e-05,0.0001266395,6.999874e-05,8.85889e-05,5.664608e-05
2018-03-13 14:00:00,0.00029988546,0.00015651181,0.00014682618,0.00011606937,0.0001803988,5.8697526e-05
2018-03-13 15:00:00,0.00021576906,0.00016990316,0.00013353374,9.791039e-05,0.00025344887,0.00022425353
2018-03-13 16:00:00,2.6036829e-05,4.2182368e-05,5.123674e-05,0.00013709566,0.0001395689,0.00013526942
2018-03-13 17:00:00,3.7339534e-05,5.66674e-05,0.00017143159,0.00010897806,0.00015413295,7.1932795e-05
2018-03-13 18:00:00,3.0677224e-05,0.00028046427,0.00016352333,0.00012741116,0.00014882104,0.00015434802
2018-03-13 19:00:00,0.00037504596,0.00014958301,0.00017764508,0.00011142768,0.00014733264,0.00015230411
2018-03-13 20:00:00,0.00010238273,5.9934257e-05,0.000106060594,6.077472e-05,4.225987e-05,5.767294e-05
2018-03-13 21:00:00,6.12254e-05,6.125894e-05,5.3695672e-05,3.5094385e-05,3.3932196e-05,5.157158e-05
2018-03-13 22:00:00,9.511232e-05,3.741513e-05,3.4195033e-05,3.4123663e-05,3.9583305e-05,6.487866e-05
2018-03-13 23:00:00,5.963251e-05,6.809878e-05,3.9655697e-05,6.105087e-05,0.00011657276,7.809942e-05
2018-03-14 00:00:00,4.4431206e-05,4.061843e-05,4.1295567e-05,9.7464566e-05,9.780202e-05,9.248987e-05
2018-03-14 01:00:00,7.792665e-05,3.598737e-05,7.709306e-05,0.00012526404,0.00014315367,4.0163028e-05
2018-03-14 02:00:00,7.859863e-05,0.00013209564,9.879751e-05,5.9851267e-05,0.00011323414,0.00027369146
2018-03-14 03:00:00,0.00012833273,0.00014376212,0.00017506664,3.1582913e-05,0.00015516739,0.00013918037
2018-03-14 04:00:00,0.00027929226,0.00025507357,3.5015004e-05,9.368706e-05,0.00015028115,8.239247e-05
2018-03-14 05:00:00,5.0188846e-05,0.00022313414,0.0003666698,2.62948e-05,0.00011862519,6.3840474e-05
2018-03-14 06:00:00,0.00026286827,0.0003164379,6.028856e-05,5.4528104e-05,5.78846e-05,3.266639e-05
2018-03-14 07:00:00,0.00026292252,0.0001809471,0.00010181408,0.00013198207,0.0001485539,0.00027848742
2018-03-14 08:00:00,0.00046231961,0.00018285525,0.00031920816,0.0003305594,0.000377194,0.00045874977
2018-03-14 09:00:00,0.00013405317,9.557194e-05,4.8035818e-05,6.600561e-05,0.00015676998,0.00010458605
2018-03-14 10:00:00,7.077923e-05,0.00013848265,0.00020787216,0.00024575752,0.00021422876,0.00010281013
2018-03-14 11:00:00,9.117777e-05,0.00017372682,0.0003034781,0.00014086305,8.829618e-05,0.00010092454
2018-03-14 12:00:00,0.00012340193,0.00018015371,0.000116466625,3.07539e-05,6.890032e-05,4.6318837e-05
2018-03-14 13:00:00,0.00014165512,4.885087e-05,8.313223e-05,3.232571e-05,0.0001098944,5.8942212e-05
2018-03-14 14:00:00,9.31693e-05,0.00016737277,0.00012851195,0.00021054751,8.721475e-05,0.00012873927
2018-03-14 15:00:00,0.00014346615,5.029383e-05,0.00015115012,7.033349e-05,9.9155244e-05,0.00015370057
2018-03-14 16:00:00,7.026342e-05,6.167481e-05,3.576784e-05,3.0729458e-05,4.21232e-05,3.6464546e-05
2018-03-14 17:00:00,0.00011167128,7.194423e-05,8.00044e-05,5.88089e-05,4.6651672e-05,7.278961e-05
2018-03-14 18:00:00,7.40428e-05,3.8088e-05,3.5708563e-05,6.467836e-05,0.00014724865,0.00015595384
2018-03-14 19:00:00,4.1144005e-05,4.934326e-05,5.2476153e-05,0.000119246426,0.00010875267,4.0587478e-05
2018-03-14 20:00:00,5.2585823e-05,3.6419824e-05,9.890338e-05,9.912139e-05,4.5412955e-05,5.831343e-05
2018-03-14 21:00:00,9.515959e-05,0.00021762215,0.00014298494,7.654726e-05,8.431233e-05,9.0655914e-05
2018-03-14 22:00:00,0.00016045244,6.841684e-05,2.6871141e-05,5.0611532e-05,6.802911e-05,0.000118508935
2018-03-14 23:00:00,5.4396656e-05,9.903134e-05,8.207461e-05,4.4189186e-05,4.8985814e-05,9.409276e-05
2018-03-15 00:00:00,0.00010185769,6.193952e-05,4.08982e-05,6.0574086e-05,0.00011768406,9.098314e-05
2018-03-15 01:00:00,3.0668194e-05,4.4084e-05,0.00013192477,4.738769e-05,0.0001976629,0.00025389696
2018-03-15 02:00:00,5.8470054e-05,0.00014483693,8.214869e-05,0.00013359124,0.00029941023,0.00024754097
2018-03-15 03:00:00,0.00013197992,0.00011445818,0.00016042458,0.00019509463,0.0003293558,0.00023251823
2018-03-15 04:00:00,0.0002657854,7.230123e-05,0.00023563934,0.00020790673,0.00025526216,0.00018587628
2018-03-15 05:00:00,0.00030183574,0.00051313837,0.00047800588,0.0003572535,4.5842506e-05,0.00013851376
2018-03-15 06:00:00,0.00013406703,0.00026031226,0.00019658134,0.00018029184,0.00010352472,0.00039358682
2018-03-15 07:00:00,6.386783e-05,7.8817444e-05,0.00037071525,0.00014623677,0.0003433345,0.00065491017
2018-03-15 08:00:00,2.8340784e-05,0.0004268484,0.00037527672,0.00026467745,0.00053807057,0.0006739806
2018-03-15 09:00:00,0.00065302517,0.00027882808,0.0003814271,0.00036941352,0.00060456904,0.0006639394
2018-03-15 10:00:00,0.00013587014,0.00071644183,0.0012453664,0.0008491433,0.0012615327,0.00091073907
2018-03-15 11:00:00,0.0009166207,0.00092621794,0.0009629027,0.000879993,0.0010606501,0.0013857007
2018-03-15 12:00:00,0.00032633689,0.0005357024,0.0004171525,0.00031830993,0.00036345853,0.0003412487
2018-03-15 13:00:00,0.00020674447,0.00010501049,0.00019967632,0.0002210163,0.00015969212,0.00018212321
2018-03-15 14:00:00,9.808698e-05,2.4841474e-05,0.00012514925,2.0523927e-05,6.054903e-05,3.4040506e-05
2018-03-15 15:00:00,8.151344e-05,0.00020315133,8.27674e-05,0.00011430796,0.000108667205,0.00010344143
2018-03-15 16:00:00,0.0001656995,4.8018774e-05,7.548297e-05,3.6707836e-05,9.7147335e-05,6.1029452e-05
2018-03-15 17:00:00,0.00018044116,8.229345e-05,0.00012779872,2.6976382e-05,5.2520714e-05,7.099498e-05
2018-03-15 18:00:00,6.054346e-05,3.9745133e-05,8.577787e-05,5.4399727e-05,0.00015944647,2.6402704e-05
2018-03-15 19:00:00,8.512717e-05,4.809831e-05,3.9375715e-05,0.00013426278,3.6415684e-05,4.1653006e-05
2018-03-15 20:00:00,0.00013654634,5.5104203e-05,0.00022093471,4.089804e-05,3.03265e-05,3.9803046e-05
2018-03-15 21:00:00,6.373128e-05,0.00011676663,4.5707136e-05,4.2099236e-05,7.625109e-05,8.1360515e-05
2018-03-15 22:00:00,0.0002242476,3.6592148e-05,4.2582855e-05,4.096138e-05,7.811671e-05,0.00012054643
2018-03-15 23:00:00,0.0002533523,0.00011385492,0.00024496886,0.00016818284,0.0003968751,0.00020427536
2018-03-16 00:00:00,3.687343e-05,4.2997013e-05,7.875057e-05,8.382323e-05,8.6583874e-05,6.030781e-05
2018-03-16 01:00:00,5.51884e-05,5.4855223e-05,0.00015040785,6.332041e-05,7.737658e-05,0.00010706857
2018-03-16 02:00:00,4.432681e-05,0.00015469058,4.9545317e-05,0.00011261241,0.00017135106,0.00022442565
2018-03-16 03:00:00,0.000113345326,5.0072e-05,0.00013378805,0.00017672406,0.00021291293,0.00014396403
2018-03-16 04:00:00,6.209917e-05,0.000186355,0.00031929003,0.0003326945,0.00039005224,0.00024619463
2018-03-16 05:00:00,0.0002280531,0.0002818067,0.00031437754,0.0001412372,0.00034371112,0.00018591688
2018-03-16 06:00:00,6.4727574e-05,0.00017699818,0.00013844097,0.00011244144,0.00017094908,6.944064e-05
2018-03-16 07:00:00,0.0001666028,5.1967323e-05,8.667747e-05,7.7932425e-05,0.000112718284,0.0001808776
2018-03-16 08:00:00,8.03932e-05,2.9011e-05,4.731772e-05,0.00020706613,0.00029148394,0.0003344381
2018-03-16 09:00:00,5.981543e-05,9.818904e-05,0.00019563313,0.00017649734,0.00027118518,0.00023552788
2018-03-16 10:00:00,4.696842e-05,0.0002051482,0.0004519831,0.0002728887,0.00035786058,0.00016638255
2018-03-16 11:00:00,0.00032762514,0.00044555136,0.00044652857,0.00024411677,0.0002534505,0.00023455766
2018-03-16 12:00:00,0.00013363505,0.00018657354,5.2790958e-05,2.579858e-05,4.1028394e-05,7.827601e-05
2018-03-16 13:00:00,8.4692205e-05,4.751205e-05,8.1640836e-05,5.555271e-05,0.00016025816,0.00018830672
2018-03-16 14:00:00,0.00014638985,0.00014057882,0.0001118332,0.00016315136,0.00027407514,0.00015061689
2018-03-16 15:00:00,9.756438e-05,5.545597e-05,0.00013647073,0.00014941633,0.00013442535,8.559238e-05
2018-03-16 16:00:00,5.3976648e-05,8.302425e-05,0.00016198902,5.7626577e-05,2.7314993e-05,4.8709742e-05
2018-03-16 17:00:00,0.00015132825,0.00013298956,9.81874e-05,7.089658e-05,9.0163034e-05,6.521036e-05
2018-03-16 18:00:00,7.147718e-05,3.2522894e-05,6.704504e-05,2.8269174e-05,6.0813087e-05,0.0001013979
2018-03-16 19:00:00,0.00011711301,0.0001005534,8.828762e-05,8.040453e-05,0.00013307443,0.00018572918
2018-03-16 20:00:00,4.5093228e-05,2.7577113e-05,4.8640013e-05,8.840958e-05,0.0001686925,0.00018247735
2018-03-18 21:00:00,4.0683062e-05,3.4438137e-05,0.00010684,0.00012721356,0.00016367585,0.00017725841
2018-03-18 22:00:00,7.88048e-05,0.00012814428,0.00019290663,0.00016455322,0.00021851527,0.00013840657
2018-03-18 23:00:00,0.00013900042,0.00014674116,0.00012986388,0.00010513246,0.00010368022,0.00013619718
2018-03-19 00:00:00,0.00010779036,0.0001218993,0.00011321124,3.0378686e-05,9.0661146e-05,0.0001419643
2018-03-19 01:00:00,4.0059735e-05,3.5179353e-05,3.177544e-05,3.3167395e-05,0.00018617208,9.99252e-05
2018-03-19 02:00:00,5.981401e-05,6.7698886e-05,3.0687235e-05,0.00011695607,0.00014111212,0.00016155928
2018-03-19 03:00:00,9.291828e-05,4.1730043e-05,0.00015564618,0.00010317915,0.00019863174,0.00015190628
2018-03-19 04:00:00,5.6829216e-05,0.0002742585,0.0002275491,8.162994e-05,0.00012420485,0.00025051768
2018-03-19 05:00:00,0.00027095355,0.00012532163,0.00015001302,0.00015055467,0.00039070385,0.00023586623
2018-03-19 06:00:00,7.643575e-05,0.0002503445,0.00036243774,0.00048249657,0.00044548087,0.00036866928
2018-03-19 07:00:00,0.00042765192,0.00035730939,0.0005667021,0.00029076077,0.00028781226,0.00012130783
2018-03-19 08:00:00,3.3865126e-05,0.00029308564,0.00015637891,4.811157e-05,0.00010159508,7.5072916e-05
2018-03-19 09:00:00,0.00041724418,0.000109333836,7.560134e-05,8.3861036e-05,8.347889e-05,0.00010105425
2018-03-19 10:00:00,0.00018396549,0.0002863659,0.0004144678,0.00028700737,0.00033955474,0.0003405898
2018-03-19 11:00:00,0.00010694399,0.00032931234,0.00023883302,0.00020844616,0.00039435443,0.00038503227
2018-03-19 12:00:00,0.00027916124,0.00012492192,0.00019002108,0.00022726697,0.00035261307,0.0003863592
2018-03-19 13:00:00,6.2345716e-05,4.397069e-05,0.0001195657,0.00015279745,0.00022046825,0.00015343969
2018-03-19 14:00:00,3.9621093e-05,0.000107914224,0.00028732326,0.00024066625,0.00018223964,0.00019811922
2018-03-19 15:00:00,0.00019832533,0.0002907753,0.0002674821,0.00013969741,0.0001948204,0.00017797403
2018-03-19 16:00:00,0.00015950704,0.00014656679,7.172815e-05,3.548623e-05,5.9988764e-05,8.921013e-05
2018-03-19 17:00:00,4.507317e-05,4.958442e-05,5.154007e-05,5.5700497e-05,3.2683754e-05,4.8821523e-05
2018-03-19 18:00:00,0.0001148485,0.00010327054,6.628188e-05,3.3993365e-05,3.9917286e-05,4.3462667e-05
2018-03-19 19:00:00,3.3863707e-05,3.714242e-05,7.071732e-05,7.546392e-05,8.624851e-05,4.1768224e-05
2018-03-19 20:00:00,2.3912915e-05,8.335611e-05,9.805781e-05,4.9615217e-05,3.838377e-05,5.1713698e-05
2018-03-19 21:00:00,0.00010600414,9.101125e-05,7.728695e-05,2.339449e-05,4.170716e-05,7.2485236e-05
2018-03-19 22:00:00,4.336864e-05,3.8503735e-05,6.553147e-05,8.109509e-05,0.00012559483,0.00011140334
2018-03-19 23:00:00,4.0361963e-05,0.00011539807,0.00011103619,0.00014002022,0.0001528614,0.00012706718
2018-03-20 00:00:00,9.652308e-05,8.164517e-05,0.00019770069,0.00011939605,0.00016088526,0.00018709102
2018-03-20 01:00:00,4.1667136e-05,0.00012067838,8.865002e-05,6.929548e-05,0.00015896106,2.532393e-05
2018-03-20 02:00:00,0.00010509631,7.264411e-05,7.1161594e-05,0.00016921709,3.1811283e-05,4.653557e-05
2018-03-20 03:00:00,3.4824818e-05,3.147418e-05,9.602109e-05,5.2282194e-05,5.095806e-05,4.879853e-05
2018-03-20 04:00:00,4.440691e-05,0.0001334579,8.049297e-05,2.5578785e-05,4.7061054e-05,7.339194e-05
2018-03-20 05:00:00,0.00017870855,9.215852e-05,3.6807374e-05,2.0032378e-05,0.00010348165,0.00036685288
2018-03-20 06:00:00,0.00022573912,0.00013709659,0.00015244562,0.00014948247,0.0005885931,0.0005186025
2018-03-20 07:00:00,9.1545524e-05,5.5527216e-05,6.87061e-05,0.0003930871,0.00046891658,0.00034856444
2018-03-20 08:00:00,4.2812582e-05,9.8181496e-05,0.00040376766,0.0003977412,0.00052054465,0.00082471187
2018-03-20 09:00:00,0.0001464039,0.000533886,0.00056845986,0.0005285874,0.0006789503,0.0007281955
2018-03-20 10:00:00,0.00048612247,0.00047598692,0.00051787973,0.00067994994,0.00081551855,0.00059417554
2018-03-20 11:00:00,9.6706484e-05,0.0001384763,0.00043297122,0.00032339452,0.00023016064,0.00028748938
2018-03-20 12:00:00,0.00013404754,0.00044864294,0.0004627609,0.00023052057,0.00034266882,0.00016046998
2018-03-20 13:00:00,0.0003523977,0.00039462573,0.00027251802,0.00023655687,0.00012240293,0.00014283814
2018-03-20 14:00:00,6.3940344e-05,8.5777e-05,5.085727e-05,0.00014103722,0.00010949515,7.187153e-05
2018-03-20 15:00:00,0.0001932603,6.646549e-05,0.00019567498,0.00015218857,9.7721946e-05,0.00010338839
2018-03-20 16:00:00,0.00012745774,0.000105248255,4.0557126e-05,2.5004789e-05,3.7598245e-05,3.2161788e-05
2018-03-20 17:00:00,0.00030050808,0.00014219875,9.567315e-05,6.796031e-05,8.428225e-05,5.8500365e-05
2018-03-20 18:00:00,7.726497e-05,0.00010581498,9.76131e-05,7.714592e-05,0.00010417726,0.00018319015
2018-03-20 19:00:00,9.320415e-05,8.051558e-05,7.0498165e-05,6.962527e-05,0.00017245316,0.00026117673
2018-03-20 20:00:00,4.399555e-05,3.0490432e-05,3.933934e-05,8.826568e-05,0.0001784962,0.0001483281
2018-03-20 21:00:00,3.649848e-05,3.381676e-05,0.00013754432,0.00016596036,0.00014989046,0.00016683784
2018-03-20 22:00:00,5.9231956e-05,0.00016143784,0.00022105245,0.00011126131,0.00014694815,0.00012792772
2018-03-20 23:00:00,0.0001421558,0.00024852972,0.00015249109,0.0001491288,0.00011454767,7.31218e-05
2018-03-21 00:00:00,0.00011903323,3.9439306e-05,7.687346e-05,2.6230042e-05,5.0656898e-05,0.00021579007
2018-03-21 01:00:00,8.007193e-05,3.0843436e-05,8.427587e-05,0.0001242069,0.00027217992,0.0003592535
2018-03-21 02:00:00,9.9417884e-05,3.0486211e-05,8.866891e-05,0.0001898345,0.0002629977,0.0004860452
2018-03-21 03:00:00,8.574885e-05,0.00011301728,0.00028466503,0.00026452148,0.0003922621,0.00042718073
2018-03-21 04:00:00,0.0001231891,0.0002521449,0.00039156337,0.0003242874,0.00024838492,0.00027772647
2018-03-21 05:00:00,0.00023395887,0.0002997323,0.0004688142,0.00019559065,0.00022213392,0.00051549583
2018-03-21 06:00:00,0.0002806567,0.0002717948,0.00019947525,0.00010410246,0.00033601507,0.00036567062
2018-03-21 07:00:00,0.0001356608,2.7898433e-05,8.378525e-05,0.000113549664,0.0001923095,0.0001660374
2018-03-21 08:00:00,0.00013078924,0.00017691491,8.299164e-05,0.000120793804,6.8119276e-05,6.608414e-05
2018-03-21 09:00:00,0.00013962387,0.00015666986,0.00018948552,0.00017373922,0.00016638442,9.6910066e-05
2018-03-21 10:00:00,0.00030971735,0.0002471047,0.00026548834,0.00022443902,0.00015292203,7.627361e-05
2018-03-21 11:00:00,9.743637e-05,2.3982378e-05,2.8292025e-05,5.1247614e-05,0.00014237694,0.00015012911
2018-03-21 12:00:00,0.000106720334,6.941537e-05,0.00015162265,0.0001635497,0.00024072269,0.00017674317
2018-03-21 13:00:00,4.8460322e-05,6.011454e-05,0.00016463561,0.00017328397,9.078254e-05,3.924564e-05
2018-03-21 14:00:00,8.952291e-05,0.00022431636,0.00021718175,0.000113700255,7.483794e-05,5.6136992e-05
2018-03-21 15:00:00,0.00013654867,0.0001347771,5.5510405e-05,2.5912694e-05,3.1730793e-05,3.4909386e-05
2018-03-21 16:00:00,2.3930494e-05,5.9708447e-05,0.00014936642,0.00011218148,9.489308e-05,3.4857236e-05
2018-03-21 17:00:00,8.517895e-05,0.00017158421,0.00010518143,8.512522e-05,3.9829614e-05,5.440335e-05
2018-03-21 18:00:00,0.00010177189,4.838557e-05,5.3174543e-05,3.8154885e-05,0.00012374268,6.3282394e-05
2018-03-21 19:00:00,4.05346e-05,3.751794e-05,0.000106970416,8.498114e-05,0.00012348841,0.00014480973
2018-03-21 20:00:00,4.8348535e-05,0.00011537977,0.00020945625,0.00010408415,0.0001322883,0.00012262499
2018-03-21 21:00:00,0.00014732066,0.0002242691,9.905421e-05,8.9522946e-05,0.00011563059,0.000150887
2018-03-21 22:00:00,0.0001634938,4.039239e-05,8.364674e-05,4.9673443e-05,9.196103e-05,4.563855e-05
2018-03-21 23:00:00,0.000118612035,4.225242e-05,3.547549e-05,2.297123e-05,0.00011318173,0.00020627328
2018-03-22 00:00:00,9.6363285e-05,6.487453e-05,8.5514e-05,4.046436e-05,0.00013137903,9.4119394e-05
2018-03-22 01:00:00,3.6017645e-05,4.8166945e-05,7.997491e-05,0.00015213917,0.00012449508,0.000112178415
2018-03-22 02:00:00,5.8291935e-05,7.291354e-05,0.00017319388,0.00013506382,0.00016593446,0.00019463207
2018-03-22 03:00:00,0.00013923891,0.00030058238,0.00017118116,0.00021741264,0.00028600555,0.00025977078
2018-03-22 04:00:00,0.00012841876,7.928476e-05,0.00013159138,9.810939e-05,0.00014569348,0.00032732924
2018-03-22 05:00:00,5.258684e-05,5.529569e-05,0.00010799507,4.598646e-05,0.00023470842,0.00030175678
2018-03-22 06:00:00,7.428613e-05,0.00013515756,8.5139516e-05,0.00021122888,0.00042742328,0.00039687802
2018-03-22 07:00:00,8.938548e-05,5.130211e-05,0.00022964271,0.0002176582,0.00046618748,0.00030125564
2018-03-22 08:00:00,6.653802e-05,0.00022303667,0.00027270234,0.00033187852,0.00020744024,0.00038439737
2018-03-22 09:00:00,0.00020732344,0.00024863135,0.00031440172,0.0002532672,0.0007141922,0.0005813447
2018-03-22 10:00:00,0.0002545503,0.00025468503,8.435087e-05,0.0003094187,0.0004098158,0.00017581081
2018-03-22 11:00:00,0.00011751525,8.744839e-05,0.00027195812,0.0003349167,6.912242e-05,0.00041203946
2018-03-22 12:00:00,0.00023024842,0.0001746726,0.00025358185,3.1118503e-05,0.00035138108,0.0003499942
2018-03-22 13:00:00,0.00034070428,0.00033445124,0.00011502413,0.00047409238,0.00066231913,0.0003892505
2018-03-22 14:00:00,6.5055334e-05,0.0002176792,0.0002270219,0.0001833024,0.00030883864,0.00016133681
2018-03-22 15:00:00,0.00027452738,0.0001986887,0.00021157066,0.00018433781,0.00015081241,0.00014981143
2018-03-22 16:00:00,0.00067642704,0.00048283735,0.00040618377,0.00031366682,0.00034385335,0.00037759592
2018-03-22 17:00:00,3.596289e-05,3.2768203e-05,5.370405e-05,3.7125003e-05,4.914534e-05,4.1469848e-05
2018-03-22 18:00:00,5.2271647e-05,7.2936564e-05,7.260715e-05,3.413722e-05,3.440092e-05,3.249709e-05
2018-03-22 19:00:00,5.800634e-05,6.0309896e-05,5.0943454e-05,2.677042e-05,3.2240427e-05,4.8078113e-05
2018-03-22 20:00:00,4.2142314e-05,4.5284152e-05,3.9997223e-05,5.318856e-05,3.0758e-05,3.99378e-05
2018-03-22 21:00:00,3.91495e-05,5.9841248e-05,8.9822366e-05,2.8147671e-05,4.5303284e-05,4.725118e-05
2018-03-22 22:00:00,5.4052114e-05,6.0686227e-05,3.5660214e-05,2.2758051e-05,6.735407e-05,6.337795e-05
2018-03-22 23:00:00,5.4647488e-05,3.8421982e-05,9.772613e-05,9.814398e-05,9.228871e-05,0.00016963972
2018-03-23 00:00:00,0.00012617453,8.1903716e-05,0.00015060458,8.877847e-05,0.00017091891,0.00019427482
2018-03-23 01:00:00,6.7967936e-05,5.9319926e-05,7.4997675e-05,0.00016700725,0.00015013607,0.0001420182
2018-03-23 02:00:00,5.6560428e-05,6.4324995e-05,0.00014594806,9.736735e-05,0.00010480105,0.00019702864
2018-03-23 03:00:00,5.806031e-05,0.000107560074,0.00013858441,6.4771724e-05,0.0001535547,0.00017771669
2018-03-23 04:00:00,0.00012866793,9.027348e-05,8.822585e-05,0.00010128145,0.00017732469,0.0002280205
2018-03-23 05:00:00,2.6548178e-05,3.7330177e-05,6.751374e-05,7.617645e-05,9.526992e-05,9.272683e-05
2018-03-23 06:00:00,3.05185e-05,6.3622676e-05,0.00013071505,0.00011116266,0.00013031503,0.00040589258
2018-03-23 07:00:00,9.593332e-05,0.000116465235,0.00012127827,0.00012526689,0.00042641294,0.00047013877
2018-03-23 08:00:00,5.805844e-05,7.182266e-05,0.00015803042,0.00039313658,0.0008748544,0.00046046334
2018-03-23 09:00:00,6.4776774e-05,0.0002534725,0.0006439681,0.0007419533,0.00046895896,0.00040747528
2018-03-23 10:00:00,0.00035491772,0.0006092306,0.0009283128,0.0005899223,0.00042475277,0.00037436426
2018-03-23 11:00:00,0.000375156,0.0007113003,0.0003167947,0.00022563465,0.00025704404,0.00032240836
2018-03-23 12:00:00,0.00039262365,5.3736498e-05,6.796501e-05,6.751449e-05,2.9203462e-05,4.3573058e-05
2018-03-23 13:00:00,0.00031955188,0.00040085375,0.00031527947,0.00027259308,0.0003043677,0.00028124455
2018-03-23 14:00:00,0.00028140855,0.00014813918,6.125921e-05,5.4061242e-05,9.0417256e-05,8.580282e-05
2018-03-23 15:00:00,4.581719e-05,0.00012525303,6.7166315e-05,6.736788e-05,6.195094e-05,6.6989254e-05
2018-03-23 16:00:00,8.565433e-05,5.5440396e-05,5.2905943e-05,2.6852633e-05,7.053548e-05,0.000102742364
2018-03-23 17:00:00,4.955945e-05,4.8594637e-05,5.496461e-05,2.7403505e-05,4.625534e-05,0.00014552624
2018-03-23 18:00:00,3.7703525e-05,4.8737056e-05,3.5454428e-05,5.9147165e-05,0.00021901703,0.00017927837
2018-03-23 19:00:00,4.7951977e-05,5.092774e-05,6.5046304e-05,0.0001420505,0.00023744583,0.00014914805
2018-03-23 20:00:00,8.489846e-05,0.0001036001,0.00023677453,0.00024723427,0.00023302675,0.00015629633
2018-03-25 21:00:00,6.6496636e-05,0.00020904222,0.00023285043,0.00017063087,0.00014137164,0.00018142564
2018-03-25 22:00:00,0.00013340189,0.00015943561,0.00011093927,0.0001096699,0.00015902916,0.00023970426
2018-03-25 23:00:00,4.0889296e-05,3.8496397e-05,3.8402282e-05,4.6679743e-05,0.00014661787,6.440732e-05
2018-03-26 00:00:00,4.8960108e-05,5.7456327e-05,4.9595725e-05,9.505736e-05,5.3783715e-05,4.0693612e-05
2018-03-26 01:00:00,3.714294e-05,6.495255e-05,9.893961e-05,6.330122e-05,6.982734e-05,8.255743e-05
2018-03-26 02:00:00,0.00011234307,0.00013903019,7.7022e-05,8.573059e-05,0.000100863595,9.291153e-05
2018-03-26 03:00:00,9.213321e-05,3.099734e-05,3.2365027e-05,0.00011927864,0.00017680744,0.00022216958
2018-03-26 04:00:00,7.946499e-05,7.729307e-05,0.00023500416,0.00023173973,0.00032549375,0.00026566975
2018-03-26 05:00:00,4.0054518e-05,0.0002132263,0.00024713564,0.00023921691,0.00021820866,0.0004693092
2018-03-26 06:00:00,0.0002331347,0.00022999031,0.00031098642,0.00017473087,0.0003778752,0.0006582646
2018-03-26 07:00:00,5.617447e-05,0.00018551052,9.299963e-05,0.00021008622,0.0003953423,0.00037271238
2018-03-26 08:00:00,0.00023494188,7.67269e-05,0.00025164423,0.00043258345,0.0005275976,0.0006451335
2018-03-26 09:00:00,0.00012202449,0.00012188097,0.00027046222,0.00031865077,0.00039665788,0.0002798057
2018-03-26 10:00:00,0.00026898342,0.00050776673,0.00049604854,0.00061806844,0.00063606806,0.00088686345
2018-03-26 11:00:00,0.00017430846,0.00027702784,0.00033472624,0.00036079012,0.0005821939,0.00048751375
2018-03-26 12:00:00,0.00018154655,0.00014945926,0.00028315766,0.00032604815,0.0005734203,0.0002729131
2018-03-26 13:00:00,9.047957e-05,0.00014338765,0.0003340409,0.00032177175,0.00014414541,9.805952e-05
2018-03-26 14:00:00,0.00010695677,0.0002753828,0.00040918868,0.00012435511,5.8686113e-05,7.881231e-05
2018-03-26 15:00:00,0.00025435555,0.00027137258,9.503178e-05,3.0251727e-05,3.528879e-05,3.7387144e-05
2018-03-26 16:00:00,0.00016729588,0.00011602503,0.00014136278,9.5912255e-05,0.0001855604,0.00012718629
2018-03-26 17:00:00,0.00028354322,0.00027437674,0.00029076394,0.00026696606,0.0003583997,0.00021518987
2018-03-26 18:00:00,0.00014724769,0.00012643514,9.226694e-05,4.8157304e-05,2.8810064e-05,5.5759876e-05
2018-03-26 19:00:00,3.4596025e-05,3.0670053e-05,6.511189e-05,9.01732e-05,0.00013945052,0.00017050756
2018-03-26 20:00:00,3.9295006e-05,4.400786e-05,0.00010481139,0.00013519885,0.0001659745,0.000119715136
2018-03-26 21:00:00,4.7046513e-05,9.7876415e-05,0.00012322258,0.00012689609,0.00010445982,6.0747105e-05
2018-03-26 22:00:00,0.0001091477,0.00017254752,0.00012276716,9.173823e-05,4.3627173e-05,4.8838272e-05
2018-03-26 23:00:00,8.968615e-05,6.340682e-05,7.440791e-05,3.4122622e-05,9.145928e-05,6.830665e-05
2018-03-27 00:00:00,3.3020468e-05,2.8059101e-05,0.00010964448,9.558033e-05,2.0492425e-05,4.4799745e-05
2018-03-27 01:00:00,2.711045e-05,0.00011344076,0.00010633825,1.9285435e-05,5.0260624e-05,3.8753085e-05
2018-03-27 02:00:00,0.00012910212,0.00011158788,4.4385444e-05,4.2102154e-05,4.0640454e-05,0.0002289131
2018-03-27 03:00:00,6.0651204e-05,9.631105e-05,0.00013056069,8.540126e-05,0.00026608835,0.0002185074
2018-03-27 04:00:00,0.00022909933,0.00018236726,0.00014252852,0.00020449326,0.00040860666,0.00049408624
2018-03-27 05:00:00,0.00010287675,2.9435907e-05,0.00027741445,0.00035759938,0.0007490337,0.0007485301
2018-03-27 06:00:00,6.0724913e-05,0.00037162294,0.0006137207,0.0003901274,0.00091757905,0.0008959161
2018-03-27 07:00:00,0.00050436705,0.0004179239,0.0007697238,0.0007306606,0.00073699735,0.000644268
2018-03-27 08:00:00,8.855078e-05,0.00032145908,0.00037171453,0.00060548465,0.00066956424,0.0006193033
2018-03-27 09:00:00,0.00030866833,0.00041302355,0.0005674989,0.0004670342,0.00049193366,0.0008042669
2018-03-27 10:00:00,0.00024088718,0.00031531413,0.0003160652,0.00026014342,0.00054238806,0.00032268866
2018-03-27 11:00:00,0.00026338725,0.00013641697,0.0002714005,0.00026161957,0.00032966744,0.00036942467
2018-03-27 12:00:00,5.6732682e-05,2.6650687e-05,0.00021896981,8.3244384e-05,0.00024203704,0.00029783198
2018-03-27 13:00:00,4.6065383e-05,0.0002412886,0.00014801265,0.0003048674,0.0004367791,0.00045791626
2018-03-27 14:00:00,0.0002381048,0.0001300926,0.00030444152,0.00036842062,0.00037188386,0.00030523553
2018-03-27 15:00:00,0.000107516236,5.9233214e-05,0.00013665533,0.00016145081,0.00013232559,0.0001187211
2018-03-27 16:00:00,0.00018273633,0.00018455474,0.00033377952,0.00016482659,0.00021726858,0.00014609395
2018-03-27 17:00:00,0.00011060017,0.0002124943,0.00010105244,8.4714986e-05,7.091956e-05,6.701067e-05
2018-03-27 18:00:00,0.00015017585,5.5127108e-05,4.617387e-05,2.5337915e-05,0.00012287522,0.00014300588
2018-03-27 19:00:00,0.00010956578,7.0628914e-05,0.000114776856,0.00014508524,0.00021776352,0.0002051774
2018-03-27 20:00:00,5.2214666e-05,6.82706e-05,0.00020332047,0.00016539058,0.00012819098,0.0002274111
2018-03-27 21:00:00,5.6082314e-05,0.00020355642,0.00015799783,0.00010061945,0.00017669737,0.0002033106
2018-03-27 22:00:00,0.00018237355,0.0001677287,0.00011784035,0.00015167319,0.00018344034,0.00012081783
2018-03-27 23:00:00,3.8455655e-05,3.6512753e-05,8.649043e-05,3.7071317e-05,6.8039066e-05,0.00015634521
2018-03-28 00:00:00,4.3222197e-05,9.343176e-05,5.5602668e-05,3.7933332e-05,0.000115823714,0.00032309894
2018-03-28 01:00:00,0.00012966347,8.502531e-05,9.392641e-05,0.000126862,0.00019826941,0.00020647404
2018-03-28 02:00:00,5.7195437e-05,3.1430176e-05,8.86844e-05,0.00018363954,0.00016243277,0.00020603761
2018-03-28 03:00:00,3.837348e-05,9.1696114e-05,0.00025533323,0.00023593183,0.00022949702,0.00025061038
2018-03-28 04:00:00,0.0001574201,0.00022400069,0.00020047845,0.0001636091,0.00027299015,0.00010813812
2018-03-28 05:00:00,0.00019330706,0.000117055104,0.00012557408,0.000118532334,6.058467e-05,0.00017190045
2018-03-28 06:00:00,3.8179307e-05,2.8100605e-05,7.825667e-05,5.2523577e-05,4.7153015e-05,8.343448e-05
2018-03-28 07:00:00,3.489361e-05,4.389035e-05,5.356045e-05,3.680842e-05,0.00012166577,8.0501035e-05
2018-03-28 08:00:00,5.37565e-05,6.440538e-05,5.938347e-05,0.00010110768,0.00011215215,0.00014585891
2018-03-28 09:00:00,0.00010880969,4.083143e-05,0.00010399623,3.8215632e-05,0.00016387695,0.00025331503
2018-03-28 10:00:00,0.00024691407,0.0002316081,0.00016959744,9.849604e-05,0.00014122728,3.296705e-05
2018-03-28 11:00:00,0.000112847905,6.12589e-05,0.00025966222,0.00020784028,0.00013287047,0.0006234107
2018-03-28 12:00:00,4.847974e-05,0.00020114038,0.00033481457,0.0001576795,0.0004466115,0.0005249141
2018-03-28 13:00:00,0.00028459035,0.00037257973,0.00016011886,0.00032212172,0.0005797416,0.00060587405
2018-03-28 14:00:00,8.6472326e-05,9.0674774e-05,0.0008721995,0.00072040793,0.0009609949,0.0007168481
2018-03-28 15:00:00,0.0002840389,0.0010378719,0.0014705436,0.0007494805,0.00096048735,0.0007897893
2018-03-28 16:00:00,0.0012094609,0.001000676,0.0011216621,0.00093530107,0.00075921643,0.0007666591
2018-03-28 17:00:00,0.00029639277,9.4793846e-05,0.00012508924,0.00011742479,0.00018914203,0.00033872225
2018-03-28 18:00:00,0.00023587978,8.667614e-05,5.3032443e-05,2.3392033e-05,0.00029680747,0.00015742076
2018-03-28 19:00:00,5.7612087e-05,0.00011227052,0.00017718098,0.00028523424,0.00033718333,0.00027165186
2018-03-28 20:00:00,7.6658274e-05,0.00010499207,0.0004162267,0.000353384,0.00021546811,0.00024570932
2018-03-28 21:00:00,7.45458e-05,0.00040422214,0.00026605543,0.00016608514,0.0002589698,0.00016171388
2018-03-28 22:00:00,0.0004121158,0.00019494959,0.0001837642,0.00011831118,0.00021154952,3.9441835e-05
2018-03-28 23:00:00,7.0779046e-05,0.00012727483,7.976874e-05,0.0001155773,0.000278303,0.00017374719
2018-03-29 00:00:00,8.439141e-05,4.441901e-05,6.0084316e-05,0.0001495332,0.00010933814,9.373652e-05
2018-03-29 01:00:00,8.265885e-05,2.9048259e-05,0.00019014435,8.298151e-05,0.00017883495,4.029876e-05
2018-03-29 02:00:00,5.6178593e-05,0.00026768027,8.8989895e-05,9.044209e-05,7.8872865e-05,0.00023176649
2018-03-29 03:00:00,0.00030586272,0.000118522796,0.00017763616,5.9443595e-05,0.0004147624,0.00058420305
2018-03-29 04:00:00,0.00014137712,0.00029531476,0.00018420255,0.00011880757,0.00037953042,0.00029468155
2018-03-29 05:00:00,0.0003733889,5.80646e-05,0.00020172783,0.00038071044,0.00035107884,0.00041234528
2018-03-29 06:00:00,0.00029880585,0.0006124992,0.0009288709,0.00058227166,0.0007177443,0.0005019242
2018-03-29 07:00:00,0.0004608798,0.00052133965,0.00035635792,0.0005032105,0.00048354134,0.00053021323
2018-03-29 08:00:00,0.0002860914,0.00014839669,0.00029763984,0.000107864646,0.0002450558,0.00027751084
2018-03-29 09:00:00,0.00013392759,6.740839e-05,7.3849056e-05,0.00010050899,9.9089055e-05,0.00013112984
2018-03-29 10:00:00,0.00018385341,4.8967915e-05,0.00020614924,8.657955e-05,0.000234573,0.00018593618
2018-03-29 11:00:00,0.00018316874,5.9073718e-05,4.683808e-05,8.145394e-05,0.0001503618,7.582157e-05
2018-03-29 12:00:00,0.00023081612,0.00019100857,0.00020354912,0.00015120674,0.00019825206,5.192345e-05
2018-03-29 13:00:00,3.7604197e-05,5.2809028e-05,7.934031e-05,3.5312958e-05,0.00010146455,9.286953e-05
2018-03-29 14:00:00,5.8397905e-05,0.00010147642,5.585356e-05,5.350232e-05,0.00010348851,6.4941814e-05
2018-03-29 15:00:00,5.1238232e-05,3.0304383e-05,0.0001860833,7.811004e-05,3.7793576e-05,0.000151097
2018-03-29 16:00:00,8.803475e-05,0.000220013,4.504906e-05,2.212185e-05,0.00016988063,0.0002364834
